2.671436e-04 2.564968e-04 1.000000e+07 0.000000e+00 1.036822e-29 -1.195562e+01
2.683769e-04 2.576810e-04 9.954045e+06 0.000000e+00 1.076533e-29 -1.194346e+01
2.696159e-04 2.588706e-04 9.908301e+06 0.000000e+00 1.117766e-29 -1.193130e+01
2.708607e-04 2.600658e-04 9.862768e+06 0.000000e+00 1.160577e-29 -1.191914e+01
2.721112e-04 2.612664e-04 9.817444e+06 0.000000e+00 1.205028e-29 -1.190697e+01
2.733674e-04 2.624726e-04 9.772328e+06 0.000000e+00 1.251182e-29 -1.189481e+01
2.746295e-04 2.636844e-04 9.727419e+06 0.000000e+00 1.299103e-29 -1.188265e+01
2.758974e-04 2.649017e-04 9.682717e+06 0.000000e+00 1.348860e-29 -1.187049e+01
2.771711e-04 2.661247e-04 9.638220e+06 0.000000e+00 1.400523e-29 -1.185832e+01
2.784507e-04 2.673533e-04 9.593928e+06 0.000000e+00 1.454164e-29 -1.184616e+01
2.797362e-04 2.685876e-04 9.549839e+06 0.000000e+00 1.509860e-29 -1.183400e+01
2.810277e-04 2.698276e-04 9.505953e+06 0.000000e+00 1.567689e-29 -1.182184e+01
2.823251e-04 2.710733e-04 9.462268e+06 0.000000e+00 1.627733e-29 -1.180968e+01
2.836286e-04 2.723248e-04 9.418784e+06 0.000000e+00 1.690076e-29 -1.179751e+01
2.849380e-04 2.735820e-04 9.375500e+06 0.000000e+00 1.754808e-29 -1.178535e+01
2.862535e-04 2.748451e-04 9.332415e+06 0.000000e+00 1.822018e-29 -1.177319e+01
2.875750e-04 2.761140e-04 9.289528e+06 0.000000e+00 1.891803e-29 -1.176103e+01
2.889027e-04 2.773887e-04 9.246838e+06 0.000000e+00 1.964261e-29 -1.174886e+01
2.902364e-04 2.786693e-04 9.204345e+06 0.000000e+00 2.039494e-29 -1.173670e+01
2.915764e-04 2.799559e-04 9.162046e+06 0.000000e+00 2.117608e-29 -1.172454e+01
2.929225e-04 2.812484e-04 9.119942e+06 0.000000e+00 2.198715e-29 -1.171238e+01
2.942748e-04 2.825468e-04 9.078032e+06 0.000000e+00 2.282927e-29 -1.170021e+01
2.956334e-04 2.838512e-04 9.036314e+06 0.000000e+00 2.370366e-29 -1.168805e+01
2.969983e-04 2.851617e-04 8.994787e+06 0.000000e+00 2.461153e-29 -1.167589e+01
2.983694e-04 2.864782e-04 8.953452e+06 0.000000e+00 2.555417e-29 -1.166373e+01
2.997469e-04 2.878008e-04 8.912306e+06 0.000000e+00 2.653292e-29 -1.165156e+01
3.011308e-04 2.891295e-04 8.871350e+06 0.000000e+00 2.754915e-29 -1.163940e+01
3.025210e-04 2.904643e-04 8.830582e+06 0.000000e+00 2.860431e-29 -1.162724e+01
3.039177e-04 2.918053e-04 8.790001e+06 0.000000e+00 2.969988e-29 -1.161508e+01
3.053208e-04 2.931525e-04 8.749607e+06 0.000000e+00 3.083741e-29 -1.160291e+01
3.067303e-04 2.945059e-04 8.709398e+06 0.000000e+00 3.201851e-29 -1.159075e+01
3.081464e-04 2.958656e-04 8.669374e+06 0.000000e+00 3.324485e-29 -1.157859e+01
3.095691e-04 2.972315e-04 8.629534e+06 0.000000e+00 3.451816e-29 -1.156643e+01
3.109983e-04 2.986037e-04 8.589877e+06 0.000000e+00 3.584023e-29 -1.155426e+01
3.124340e-04 2.999823e-04 8.550402e+06 0.000000e+00 3.721294e-29 -1.154210e+01
3.138765e-04 3.013672e-04 8.511109e+06 0.000000e+00 3.863823e-29 -1.152994e+01
3.153255e-04 3.027585e-04 8.471996e+06 0.000000e+00 4.011811e-29 -1.151778e+01
3.167813e-04 3.041563e-04 8.433064e+06 0.000000e+00 4.165467e-29 -1.150561e+01
3.182438e-04 3.055605e-04 8.394309e+06 0.000000e+00 4.325008e-29 -1.149345e+01
3.197130e-04 3.069712e-04 8.355734e+06 0.000000e+00 4.490660e-29 -1.148129e+01
3.211891e-04 3.083884e-04 8.317335e+06 0.000000e+00 4.662656e-29 -1.146913e+01
3.226719e-04 3.098121e-04 8.279113e+06 0.000000e+00 4.841240e-29 -1.145697e+01
3.241616e-04 3.112424e-04 8.241066e+06 0.000000e+00 5.026663e-29 -1.144480e+01
3.256581e-04 3.126794e-04 8.203194e+06 0.000000e+00 5.219189e-29 -1.143264e+01
3.271616e-04 3.141229e-04 8.165497e+06 0.000000e+00 5.419088e-29 -1.142048e+01
3.286720e-04 3.155731e-04 8.127972e+06 0.000000e+00 5.626644e-29 -1.140832e+01
3.301894e-04 3.170300e-04 8.090620e+06 0.000000e+00 5.842149e-29 -1.139615e+01
3.317138e-04 3.184937e-04 8.053440e+06 0.000000e+00 6.065909e-29 -1.138399e+01
3.332452e-04 3.199641e-04 8.016430e+06 0.000000e+00 6.298238e-29 -1.137183e+01
3.347837e-04 3.214413e-04 7.979591e+06 0.000000e+00 6.539466e-29 -1.135967e+01
3.363293e-04 3.229253e-04 7.942921e+06 0.000000e+00 6.789934e-29 -1.134750e+01
3.378821e-04 3.244161e-04 7.906419e+06 0.000000e+00 7.049994e-29 -1.133534e+01
3.394420e-04 3.259138e-04 7.870086e+06 0.000000e+00 7.320015e-29 -1.132318e+01
3.410091e-04 3.274185e-04 7.833919e+06 0.000000e+00 7.600378e-29 -1.131102e+01
3.425834e-04 3.289301e-04 7.797918e+06 0.000000e+00 7.891479e-29 -1.129885e+01
3.441650e-04 3.304487e-04 7.762083e+06 0.000000e+00 8.193729e-29 -1.128669e+01
3.457539e-04 3.319743e-04 7.726412e+06 0.000000e+00 8.507556e-29 -1.127453e+01
3.473502e-04 3.335069e-04 7.690906e+06 0.000000e+00 8.833403e-29 -1.126237e+01
3.489538e-04 3.350466e-04 7.655562e+06 0.000000e+00 9.171730e-29 -1.125020e+01
3.505648e-04 3.365934e-04 7.620381e+06 0.000000e+00 9.523015e-29 -1.123804e+01
3.521833e-04 3.381474e-04 7.585362e+06 0.000000e+00 9.887754e-29 -1.122588e+01
3.538092e-04 3.397085e-04 7.550503e+06 0.000000e+00 1.026646e-28 -1.121372e+01
3.554427e-04 3.412768e-04 7.515805e+06 0.000000e+00 1.065968e-28 -1.120155e+01
3.570836e-04 3.428524e-04 7.481266e+06 0.000000e+00 1.106795e-28 -1.118939e+01
3.587322e-04 3.444353e-04 7.446886e+06 0.000000e+00 1.149187e-28 -1.117723e+01
3.603884e-04 3.460254e-04 7.412664e+06 0.000000e+00 1.193201e-28 -1.116507e+01
3.620522e-04 3.476229e-04 7.378600e+06 0.000000e+00 1.238902e-28 -1.115291e+01
3.637237e-04 3.492278e-04 7.344691e+06 0.000000e+00 1.286353e-28 -1.114074e+01
3.654029e-04 3.508401e-04 7.310939e+06 0.000000e+00 1.335621e-28 -1.112858e+01
3.670898e-04 3.524598e-04 7.277342e+06 0.000000e+00 1.386777e-28 -1.111642e+01
3.687846e-04 3.540870e-04 7.243899e+06 0.000000e+00 1.439892e-28 -1.110426e+01
3.704872e-04 3.557218e-04 7.210610e+06 0.000000e+00 1.495041e-28 -1.109209e+01
3.721976e-04 3.573640e-04 7.177473e+06 0.000000e+00 1.552302e-28 -1.107993e+01
3.739159e-04 3.590139e-04 7.144489e+06 0.000000e+00 1.611756e-28 -1.106777e+01
3.756422e-04 3.606713e-04 7.111657e+06 0.000000e+00 1.673488e-28 -1.105561e+01
3.773764e-04 3.623365e-04 7.078975e+06 0.000000e+00 1.737584e-28 -1.104344e+01
3.791187e-04 3.640093e-04 7.046444e+06 0.000000e+00 1.804135e-28 -1.103128e+01
3.808689e-04 3.656898e-04 7.014062e+06 0.000000e+00 1.873235e-28 -1.101912e+01
3.826273e-04 3.673781e-04 6.981829e+06 0.000000e+00 1.944981e-28 -1.100696e+01
3.843938e-04 3.690742e-04 6.949744e+06 0.000000e+00 2.019476e-28 -1.099479e+01
3.861684e-04 3.707781e-04 6.917807e+06 0.000000e+00 2.096823e-28 -1.098263e+01
3.879512e-04 3.724898e-04 6.886016e+06 0.000000e+00 2.177133e-28 -1.097047e+01
3.897423e-04 3.742095e-04 6.854372e+06 0.000000e+00 2.260519e-28 -1.095831e+01
3.915416e-04 3.759371e-04 6.822873e+06 0.000000e+00 2.347099e-28 -1.094614e+01
3.933493e-04 3.776727e-04 6.791518e+06 0.000000e+00 2.436995e-28 -1.093398e+01
3.951653e-04 3.794164e-04 6.760308e+06 0.000000e+00 2.530334e-28 -1.092182e+01
3.969896e-04 3.811680e-04 6.729241e+06 0.000000e+00 2.627248e-28 -1.090966e+01
3.988224e-04 3.829278e-04 6.698317e+06 0.000000e+00 2.727874e-28 -1.089749e+01
4.006637e-04 3.846956e-04 6.667535e+06 0.000000e+00 2.832353e-28 -1.088533e+01
4.025134e-04 3.864717e-04 6.636894e+06 0.000000e+00 2.940835e-28 -1.087317e+01
4.043717e-04 3.882559e-04 6.606395e+06 0.000000e+00 3.053471e-28 -1.086101e+01
4.062386e-04 3.900484e-04 6.576035e+06 0.000000e+00 3.170422e-28 -1.084885e+01
4.081141e-04 3.918491e-04 6.545815e+06 0.000000e+00 3.291851e-28 -1.083668e+01
4.099982e-04 3.936582e-04 6.515734e+06 0.000000e+00 3.417932e-28 -1.082452e+01
4.118910e-04 3.954756e-04 6.485791e+06 0.000000e+00 3.548842e-28 -1.081236e+01
4.137926e-04 3.973014e-04 6.455986e+06 0.000000e+00 3.684765e-28 -1.080020e+01
4.157030e-04 3.991356e-04 6.426317e+06 0.000000e+00 3.825895e-28 -1.078803e+01
4.176222e-04 4.009783e-04 6.396785e+06 0.000000e+00 3.972429e-28 -1.077587e+01
4.195502e-04 4.028295e-04 6.367389e+06 0.000000e+00 4.124577e-28 -1.076371e+01
4.214872e-04 4.046892e-04 6.338128e+06 0.000000e+00 4.282551e-28 -1.075155e+01
4.234330e-04 4.065576e-04 6.309001e+06 0.000000e+00 4.446576e-28 -1.073938e+01
4.253879e-04 4.084345e-04 6.280008e+06 0.000000e+00 4.616884e-28 -1.072722e+01
4.273518e-04 4.103202e-04 6.251149e+06 0.000000e+00 4.793714e-28 -1.071506e+01
4.293248e-04 4.122145e-04 6.222422e+06 0.000000e+00 4.977317e-28 -1.070290e+01
4.313068e-04 4.141176e-04 6.193827e+06 0.000000e+00 5.167953e-28 -1.069073e+01
4.332981e-04 4.160294e-04 6.165363e+06 0.000000e+00 5.365889e-28 -1.067857e+01
4.352985e-04 4.179501e-04 6.137030e+06 0.000000e+00 5.571407e-28 -1.066641e+01
4.373081e-04 4.198797e-04 6.108828e+06 0.000000e+00 5.784797e-28 -1.065425e+01
4.393271e-04 4.218182e-04 6.080755e+06 0.000000e+00 6.006359e-28 -1.064208e+01
4.413553e-04 4.237656e-04 6.052811e+06 0.000000e+00 6.236407e-28 -1.062992e+01
4.433929e-04 4.257220e-04 6.024995e+06 0.000000e+00 6.475266e-28 -1.061776e+01
4.454399e-04 4.276874e-04 5.997307e+06 0.000000e+00 6.723274e-28 -1.060560e+01
4.474964e-04 4.296619e-04 5.969747e+06 0.000000e+00 6.980781e-28 -1.059343e+01
4.495624e-04 4.316456e-04 5.942313e+06 0.000000e+00 7.248150e-28 -1.058127e+01
4.516379e-04 4.336384e-04 5.915005e+06 0.000000e+00 7.525760e-28 -1.056911e+01
4.537230e-04 4.356403e-04 5.887823e+06 0.000000e+00 7.814003e-28 -1.055695e+01
4.558177e-04 4.376516e-04 5.860766e+06 0.000000e+00 8.113285e-28 -1.054479e+01
4.579220e-04 4.396721e-04 5.833833e+06 0.000000e+00 8.424030e-28 -1.053262e+01
4.600361e-04 4.417019e-04 5.807023e+06 0.000000e+00 8.746677e-28 -1.052046e+01
4.621600e-04 4.437411e-04 5.780337e+06 0.000000e+00 9.081682e-28 -1.050830e+01
4.642937e-04 4.457898e-04 5.753774e+06 0.000000e+00 9.429517e-28 -1.049614e+01
4.664372e-04 4.478479e-04 5.727333e+06 0.000000e+00 9.790675e-28 -1.048397e+01
4.685906e-04 4.499154e-04 5.701013e+06 0.000000e+00 1.016567e-27 -1.047181e+01
4.707539e-04 4.519926e-04 5.674814e+06 0.000000e+00 1.055502e-27 -1.045965e+01
4.729273e-04 4.540793e-04 5.648736e+06 0.000000e+00 1.095928e-27 -1.044749e+01
4.751106e-04 4.561757e-04 5.622777e+06 0.000000e+00 1.137903e-27 -1.043532e+01
4.773041e-04 4.582817e-04 5.596938e+06 0.000000e+00 1.181486e-27 -1.042316e+01
4.795077e-04 4.603974e-04 5.571217e+06 0.000000e+00 1.226738e-27 -1.041100e+01
4.817214e-04 4.625230e-04 5.545615e+06 0.000000e+00 1.273723e-27 -1.039884e+01
4.839454e-04 4.646583e-04 5.520130e+06 0.000000e+00 1.322507e-27 -1.038667e+01
4.861796e-04 4.668035e-04 5.494762e+06 0.000000e+00 1.373160e-27 -1.037451e+01
4.884242e-04 4.689586e-04 5.469511e+06 0.000000e+00 1.425753e-27 -1.036235e+01
4.906791e-04 4.711237e-04 5.444376e+06 0.000000e+00 1.480361e-27 -1.035019e+01
4.929444e-04 4.732987e-04 5.419357e+06 0.000000e+00 1.537060e-27 -1.033802e+01
4.952202e-04 4.754838e-04 5.394452e+06 0.000000e+00 1.595930e-27 -1.032586e+01
4.975065e-04 4.776790e-04 5.369662e+06 0.000000e+00 1.657055e-27 -1.031370e+01
4.998033e-04 4.798843e-04 5.344986e+06 0.000000e+00 1.720522e-27 -1.030154e+01
5.021108e-04 4.820998e-04 5.320423e+06 0.000000e+00 1.786419e-27 -1.028938e+01
5.044289e-04 4.843255e-04 5.295974e+06 0.000000e+00 1.854840e-27 -1.027721e+01
5.067577e-04 4.865615e-04 5.271636e+06 0.000000e+00 1.925882e-27 -1.026505e+01
5.090973e-04 4.888078e-04 5.247410e+06 0.000000e+00 1.999645e-27 -1.025289e+01
5.114476e-04 4.910645e-04 5.223296e+06 0.000000e+00 2.076233e-27 -1.024073e+01
5.138088e-04 4.933316e-04 5.199293e+06 0.000000e+00 2.155754e-27 -1.022856e+01
5.161809e-04 4.956092e-04 5.175399e+06 0.000000e+00 2.238321e-27 -1.021640e+01
5.185640e-04 4.978973e-04 5.151616e+06 0.000000e+00 2.324050e-27 -1.020424e+01
5.209581e-04 5.001959e-04 5.127942e+06 0.000000e+00 2.413063e-27 -1.019208e+01
5.233632e-04 5.025052e-04 5.104377e+06 0.000000e+00 2.505485e-27 -1.017991e+01
5.257794e-04 5.048251e-04 5.080920e+06 0.000000e+00 2.601447e-27 -1.016775e+01
5.282068e-04 5.071557e-04 5.057570e+06 0.000000e+00 2.701084e-27 -1.015559e+01
5.306453e-04 5.094971e-04 5.034329e+06 0.000000e+00 2.804538e-27 -1.014343e+01
5.330952e-04 5.118493e-04 5.011193e+06 0.000000e+00 2.911953e-27 -1.013126e+01
5.355563e-04 5.142124e-04 4.988165e+06 0.000000e+00 3.023483e-27 -1.011910e+01
5.380288e-04 5.165864e-04 4.965242e+06 0.000000e+00 3.139285e-27 -1.010694e+01
5.405128e-04 5.189713e-04 4.942424e+06 0.000000e+00 3.259522e-27 -1.009478e+01
5.430082e-04 5.213673e-04 4.919711e+06 0.000000e+00 3.384363e-27 -1.008261e+01
5.455151e-04 5.237743e-04 4.897103e+06 0.000000e+00 3.513987e-27 -1.007045e+01
5.480336e-04 5.261924e-04 4.874598e+06 0.000000e+00 3.648575e-27 -1.005829e+01
5.505637e-04 5.286217e-04 4.852197e+06 0.000000e+00 3.788318e-27 -1.004613e+01
5.531055e-04 5.310622e-04 4.829899e+06 0.000000e+00 3.933413e-27 -1.003397e+01
5.556590e-04 5.335139e-04 4.807704e+06 0.000000e+00 4.084066e-27 -1.002180e+01
5.582243e-04 5.359770e-04 4.785610e+06 0.000000e+00 4.240488e-27 -1.000964e+01
5.608015e-04 5.384515e-04 4.763618e+06 0.000000e+00 4.402902e-27 -9.997478e+00
5.633905e-04 5.409374e-04 4.741727e+06 0.000000e+00 4.571536e-27 -9.985316e+00
5.659916e-04 5.434347e-04 4.719937e+06 0.000000e+00 4.746629e-27 -9.973154e+00
5.686046e-04 5.459436e-04 4.698246e+06 0.000000e+00 4.928428e-27 -9.960991e+00
5.712297e-04 5.484641e-04 4.676656e+06 0.000000e+00 5.117190e-27 -9.948829e+00
5.738669e-04 5.509962e-04 4.655164e+06 0.000000e+00 5.313182e-27 -9.936666e+00
5.765163e-04 5.535400e-04 4.633772e+06 0.000000e+00 5.516680e-27 -9.924504e+00
5.791779e-04 5.560955e-04 4.612477e+06 0.000000e+00 5.727973e-27 -9.912342e+00
5.818518e-04 5.586629e-04 4.591281e+06 0.000000e+00 5.947358e-27 -9.900179e+00
5.845380e-04 5.612421e-04 4.570182e+06 0.000000e+00 6.175146e-27 -9.888017e+00
5.872367e-04 5.638332e-04 4.549180e+06 0.000000e+00 6.411658e-27 -9.875855e+00
5.899478e-04 5.664362e-04 4.528274e+06 0.000000e+00 6.657229e-27 -9.863692e+00
5.926714e-04 5.690513e-04 4.507465e+06 0.000000e+00 6.912205e-27 -9.851530e+00
5.954076e-04 5.716785e-04 4.486751e+06 0.000000e+00 7.176947e-27 -9.839368e+00
5.981564e-04 5.743177e-04 4.466132e+06 0.000000e+00 7.451828e-27 -9.827205e+00
6.009179e-04 5.769692e-04 4.445608e+06 0.000000e+00 7.737238e-27 -9.815043e+00
6.036922e-04 5.796329e-04 4.425178e+06 0.000000e+00 8.033579e-27 -9.802881e+00
6.064793e-04 5.823089e-04 4.404843e+06 0.000000e+00 8.341270e-27 -9.790718e+00
6.092792e-04 5.849973e-04 4.384600e+06 0.000000e+00 8.660746e-27 -9.778556e+00
6.120921e-04 5.876980e-04 4.364451e+06 0.000000e+00 8.992458e-27 -9.766393e+00
6.149179e-04 5.904113e-04 4.344395e+06 0.000000e+00 9.336875e-27 -9.754231e+00
6.177568e-04 5.931370e-04 4.324430e+06 0.000000e+00 9.694483e-27 -9.742069e+00
6.206088e-04 5.958754e-04 4.304557e+06 0.000000e+00 1.006579e-26 -9.729906e+00
6.234740e-04 5.986264e-04 4.284776e+06 0.000000e+00 1.045131e-26 -9.717744e+00
6.263524e-04 6.013901e-04 4.265085e+06 0.000000e+00 1.085161e-26 -9.705582e+00
6.292441e-04 6.041665e-04 4.245485e+06 0.000000e+00 1.126723e-26 -9.693419e+00
6.321492e-04 6.069558e-04 4.225975e+06 0.000000e+00 1.169877e-26 -9.681257e+00
6.350676e-04 6.097579e-04 4.206555e+06 0.000000e+00 1.214684e-26 -9.669095e+00
6.379995e-04 6.125730e-04 4.187224e+06 0.000000e+00 1.261207e-26 -9.656932e+00
6.409450e-04 6.154011e-04 4.167982e+06 0.000000e+00 1.309512e-26 -9.644770e+00
6.439041e-04 6.182423e-04 4.148828e+06 0.000000e+00 1.359667e-26 -9.632608e+00
6.468768e-04 6.210965e-04 4.129762e+06 0.000000e+00 1.411743e-26 -9.620445e+00
6.498632e-04 6.239639e-04 4.110784e+06 0.000000e+00 1.465814e-26 -9.608283e+00
6.528635e-04 6.268446e-04 4.091893e+06 0.000000e+00 1.521955e-26 -9.596121e+00
6.558775e-04 6.297386e-04 4.073089e+06 0.000000e+00 1.580247e-26 -9.583958e+00
6.589055e-04 6.326459e-04 4.054372e+06 0.000000e+00 1.640772e-26 -9.571796e+00
6.619475e-04 6.355667e-04 4.035740e+06 0.000000e+00 1.703614e-26 -9.559634e+00
6.650035e-04 6.385009e-04 4.017194e+06 0.000000e+00 1.768863e-26 -9.547471e+00
6.680737e-04 6.414487e-04 3.998733e+06 0.000000e+00 1.836612e-26 -9.535309e+00
6.711580e-04 6.444101e-04 3.980357e+06 0.000000e+00 1.906955e-26 -9.523147e+00
6.742565e-04 6.473851e-04 3.962066e+06 0.000000e+00 1.979993e-26 -9.510984e+00
6.773694e-04 6.503739e-04 3.943858e+06 0.000000e+00 2.055827e-26 -9.498822e+00
6.804966e-04 6.533765e-04 3.925734e+06 0.000000e+00 2.134567e-26 -9.486660e+00
6.836383e-04 6.563930e-04 3.907694e+06 0.000000e+00 2.216322e-26 -9.474497e+00
6.867944e-04 6.594234e-04 3.889736e+06 0.000000e+00 2.301208e-26 -9.462335e+00
6.899652e-04 6.624678e-04 3.871861e+06 0.000000e+00 2.389346e-26 -9.450173e+00
6.931505e-04 6.655262e-04 3.854068e+06 0.000000e+00 2.480859e-26 -9.438010e+00
6.963506e-04 6.685987e-04 3.836357e+06 0.000000e+00 2.575877e-26 -9.425848e+00
6.995655e-04 6.716855e-04 3.818727e+06 0.000000e+00 2.674534e-26 -9.413686e+00
7.027952e-04 6.747865e-04 3.801179e+06 0.000000e+00 2.776970e-26 -9.401523e+00
7.060398e-04 6.779018e-04 3.783710e+06 0.000000e+00 2.883330e-26 -9.389361e+00
7.092993e-04 6.810315e-04 3.766323e+06 0.000000e+00 2.993763e-26 -9.377199e+00
7.125740e-04 6.841756e-04 3.749015e+06 0.000000e+00 3.108425e-26 -9.365036e+00
7.158637e-04 6.873342e-04 3.731786e+06 0.000000e+00 3.227480e-26 -9.352874e+00
7.191687e-04 6.905075e-04 3.714637e+06 0.000000e+00 3.351094e-26 -9.340712e+00
7.224889e-04 6.936954e-04 3.697567e+06 0.000000e+00 3.479442e-26 -9.328549e+00
7.258244e-04 6.968980e-04 3.680575e+06 0.000000e+00 3.612707e-26 -9.316387e+00
7.291753e-04 7.001153e-04 3.663661e+06 0.000000e+00 3.751075e-26 -9.304225e+00
7.325417e-04 7.033476e-04 3.646825e+06 0.000000e+00 3.894743e-26 -9.292062e+00
7.359237e-04 7.065948e-04 3.630066e+06 0.000000e+00 4.043914e-26 -9.279900e+00
7.393212e-04 7.098569e-04 3.613384e+06 0.000000e+00 4.198797e-26 -9.267738e+00
7.427344e-04 7.131341e-04 3.596779e+06 0.000000e+00 4.359613e-26 -9.255575e+00
7.461634e-04 7.164265e-04 3.580250e+06 0.000000e+00 4.526588e-26 -9.243413e+00
7.496083e-04 7.197340e-04 3.563798e+06 0.000000e+00 4.699959e-26 -9.231251e+00
7.530690e-04 7.230568e-04 3.547420e+06 0.000000e+00 4.879969e-26 -9.219088e+00
7.565457e-04 7.263950e-04 3.531118e+06 0.000000e+00 5.066874e-26 -9.206926e+00
7.600384e-04 7.297486e-04 3.514891e+06 0.000000e+00 5.260938e-26 -9.194764e+00
7.635473e-04 7.331176e-04 3.498739e+06 0.000000e+00 5.462434e-26 -9.182601e+00
7.670724e-04 7.365022e-04 3.482661e+06 0.000000e+00 5.671648e-26 -9.170439e+00
7.706138e-04 7.399024e-04 3.466656e+06 0.000000e+00 5.888874e-26 -9.158277e+00
7.741715e-04 7.433184e-04 3.450726e+06 0.000000e+00 6.114420e-26 -9.146114e+00
7.777456e-04 7.467501e-04 3.434868e+06 0.000000e+00 6.348605e-26 -9.133952e+00
7.813362e-04 7.501976e-04 3.419083e+06 0.000000e+00 6.591760e-26 -9.121790e+00
7.849434e-04 7.536611e-04 3.403371e+06 0.000000e+00 6.844227e-26 -9.109628e+00
7.885673e-04 7.571405e-04 3.387731e+06 0.000000e+00 7.106363e-26 -9.097465e+00
7.922079e-04 7.606360e-04 3.372163e+06 0.000000e+00 7.378540e-26 -9.085303e+00
7.958653e-04 7.641477e-04 3.356667e+06 0.000000e+00 7.661141e-26 -9.073141e+00
7.995396e-04 7.676755e-04 3.341241e+06 0.000000e+00 7.954565e-26 -9.060978e+00
8.032308e-04 7.712197e-04 3.325887e+06 0.000000e+00 8.259228e-26 -9.048816e+00
8.069391e-04 7.747802e-04 3.310603e+06 0.000000e+00 8.575560e-26 -9.036654e+00
8.106645e-04 7.783572e-04 3.295389e+06 0.000000e+00 8.904007e-26 -9.024491e+00
8.144071e-04 7.819506e-04 3.280246e+06 0.000000e+00 9.245033e-26 -9.012329e+00
8.181670e-04 7.855607e-04 3.265171e+06 0.000000e+00 9.599121e-26 -9.000167e+00
8.219443e-04 7.891874e-04 3.250167e+06 0.000000e+00 9.966771e-26 -8.988005e+00
8.257389e-04 7.928309e-04 3.235231e+06 0.000000e+00 1.034850e-25 -8.975842e+00
8.295511e-04 7.964912e-04 3.220363e+06 0.000000e+00 1.074485e-25 -8.963680e+00
8.333809e-04 8.001683e-04 3.205564e+06 0.000000e+00 1.115638e-25 -8.951518e+00
8.372284e-04 8.038625e-04 3.190834e+06 0.000000e+00 1.158368e-25 -8.939355e+00
8.410937e-04 8.075737e-04 3.176170e+06 0.000000e+00 1.202734e-25 -8.927193e+00
8.449768e-04 8.113021e-04 3.161574e+06 0.000000e+00 1.248799e-25 -8.915031e+00
8.488778e-04 8.150476e-04 3.147046e+06 0.000000e+00 1.296628e-25 -8.902869e+00
8.527968e-04 8.188105e-04 3.132584e+06 0.000000e+00 1.346289e-25 -8.890706e+00
8.567339e-04 8.225907e-04 3.118188e+06 0.000000e+00 1.397853e-25 -8.878544e+00
8.606892e-04 8.263884e-04 3.103859e+06 0.000000e+00 1.451391e-25 -8.866382e+00
8.646628e-04 8.302036e-04 3.089595e+06 0.000000e+00 1.506979e-25 -8.854219e+00
8.686547e-04 8.340364e-04 3.075397e+06 0.000000e+00 1.564697e-25 -8.842057e+00
8.726650e-04 8.378870e-04 3.061265e+06 0.000000e+00 1.624625e-25 -8.829895e+00
8.766939e-04 8.417553e-04 3.047197e+06 0.000000e+00 1.686849e-25 -8.817733e+00
8.807413e-04 8.456414e-04 3.033194e+06 0.000000e+00 1.751456e-25 -8.805570e+00
8.848074e-04 8.495455e-04 3.019255e+06 0.000000e+00 1.818537e-25 -8.793408e+00
8.888923e-04 8.534676e-04 3.005380e+06 0.000000e+00 1.888187e-25 -8.781246e+00
8.929961e-04 8.574079e-04 2.991569e+06 0.000000e+00 1.960505e-25 -8.769084e+00
8.971188e-04 8.613663e-04 2.977822e+06 0.000000e+00 2.035593e-25 -8.756921e+00
9.012606e-04 8.653430e-04 2.964137e+06 0.000000e+00 2.113557e-25 -8.744759e+00
9.054214e-04 8.693381e-04 2.950516e+06 0.000000e+00 2.194507e-25 -8.732597e+00
9.096015e-04 8.733516e-04 2.936957e+06 0.000000e+00 2.278557e-25 -8.720434e+00
9.138009e-04 8.773836e-04 2.923461e+06 0.000000e+00 2.365826e-25 -8.708272e+00
9.180196e-04 8.814342e-04 2.910026e+06 0.000000e+00 2.456437e-25 -8.696110e+00
9.222579e-04 8.855036e-04 2.896653e+06 0.000000e+00 2.550519e-25 -8.683948e+00
9.265157e-04 8.895917e-04 2.883342e+06 0.000000e+00 2.648205e-25 -8.671785e+00
9.307931e-04 8.936987e-04 2.870092e+06 0.000000e+00 2.749632e-25 -8.659623e+00
9.350903e-04 8.978247e-04 2.856903e+06 0.000000e+00 2.854943e-25 -8.647461e+00
9.394074e-04 9.019697e-04 2.843774e+06 0.000000e+00 2.964288e-25 -8.635299e+00
9.437444e-04 9.061339e-04 2.830706e+06 0.000000e+00 3.077820e-25 -8.623136e+00
9.481014e-04 9.103172e-04 2.817698e+06 0.000000e+00 3.195701e-25 -8.610974e+00
9.524785e-04 9.145199e-04 2.804749e+06 0.000000e+00 3.318097e-25 -8.598812e+00
9.568758e-04 9.187420e-04 2.791860e+06 0.000000e+00 3.445181e-25 -8.586650e+00
9.612934e-04 9.229836e-04 2.779030e+06 0.000000e+00 3.577131e-25 -8.574487e+00
9.657314e-04 9.272448e-04 2.766260e+06 0.000000e+00 3.714136e-25 -8.562325e+00
9.701899e-04 9.315256e-04 2.753548e+06 0.000000e+00 3.856388e-25 -8.550163e+00
9.746690e-04 9.358263e-04 2.740894e+06 0.000000e+00 4.004088e-25 -8.538001e+00
9.791688e-04 9.401467e-04 2.728299e+06 0.000000e+00 4.157445e-25 -8.525838e+00
9.836893e-04 9.444871e-04 2.715761e+06 0.000000e+00 4.316675e-25 -8.513676e+00
9.882308e-04 9.488476e-04 2.703281e+06 0.000000e+00 4.482004e-25 -8.501514e+00
9.927931e-04 9.532282e-04 2.690858e+06 0.000000e+00 4.653665e-25 -8.489352e+00
9.973766e-04 9.576290e-04 2.678493e+06 0.000000e+00 4.831901e-25 -8.477190e+00
1.001981e-03 9.620501e-04 2.666184e+06 0.000000e+00 5.016963e-25 -8.465027e+00
1.006607e-03 9.664916e-04 2.653932e+06 0.000000e+00 5.209113e-25 -8.452865e+00
1.011254e-03 9.709536e-04 2.641736e+06 0.000000e+00 5.408622e-25 -8.440703e+00
1.015923e-03 9.754363e-04 2.629596e+06 0.000000e+00 5.615772e-25 -8.428541e+00
1.020613e-03 9.799396e-04 2.617512e+06 0.000000e+00 5.830856e-25 -8.416378e+00
1.025325e-03 9.844637e-04 2.605484e+06 0.000000e+00 6.054178e-25 -8.404216e+00
1.030059e-03 9.890088e-04 2.593511e+06 0.000000e+00 6.286053e-25 -8.392054e+00
1.034814e-03 9.935748e-04 2.581592e+06 0.000000e+00 6.526809e-25 -8.379892e+00
1.039592e-03 9.981618e-04 2.569729e+06 0.000000e+00 6.776785e-25 -8.367730e+00
1.044391e-03 1.002770e-03 2.557920e+06 0.000000e+00 7.036336e-25 -8.355567e+00
1.049213e-03 1.007400e-03 2.546166e+06 0.000000e+00 7.305827e-25 -8.343405e+00
1.054057e-03 1.012051e-03 2.534465e+06 0.000000e+00 7.585640e-25 -8.331243e+00
1.058923e-03 1.016723e-03 2.522818e+06 0.000000e+00 7.876169e-25 -8.319081e+00
1.063812e-03 1.021417e-03 2.511225e+06 0.000000e+00 8.177826e-25 -8.306919e+00
1.068723e-03 1.026132e-03 2.499685e+06 0.000000e+00 8.491036e-25 -8.294756e+00
1.073657e-03 1.030870e-03 2.488198e+06 0.000000e+00 8.816242e-25 -8.282594e+00
1.078614e-03 1.035629e-03 2.476764e+06 0.000000e+00 9.153903e-25 -8.270432e+00
1.083593e-03 1.040410e-03 2.465382e+06 0.000000e+00 9.504497e-25 -8.258270e+00
1.088596e-03 1.045214e-03 2.454053e+06 0.000000e+00 9.868518e-25 -8.246108e+00
1.093622e-03 1.050039e-03 2.442775e+06 0.000000e+00 1.024648e-24 -8.233945e+00
1.098671e-03 1.054887e-03 2.431550e+06 0.000000e+00 1.063892e-24 -8.221783e+00
1.103743e-03 1.059757e-03 2.420376e+06 0.000000e+00 1.104639e-24 -8.209621e+00
1.108839e-03 1.064650e-03 2.409254e+06 0.000000e+00 1.146946e-24 -8.197459e+00
1.113958e-03 1.069565e-03 2.398182e+06 0.000000e+00 1.190874e-24 -8.185297e+00
1.119101e-03 1.074503e-03 2.387162e+06 0.000000e+00 1.236484e-24 -8.173135e+00
1.124267e-03 1.079463e-03 2.376192e+06 0.000000e+00 1.283842e-24 -8.160972e+00
1.129458e-03 1.084447e-03 2.365272e+06 0.000000e+00 1.333012e-24 -8.148810e+00
1.134672e-03 1.089454e-03 2.354403e+06 0.000000e+00 1.384066e-24 -8.136648e+00
1.139911e-03 1.094483e-03 2.343584e+06 0.000000e+00 1.437076e-24 -8.124486e+00
1.145173e-03 1.099536e-03 2.332814e+06 0.000000e+00 1.492116e-24 -8.112324e+00
1.150460e-03 1.104613e-03 2.322094e+06 0.000000e+00 1.549263e-24 -8.100162e+00
1.155771e-03 1.109712e-03 2.311423e+06 0.000000e+00 1.608600e-24 -8.087999e+00
1.161107e-03 1.114836e-03 2.300801e+06 0.000000e+00 1.670209e-24 -8.075837e+00
1.166468e-03 1.119983e-03 2.290228e+06 0.000000e+00 1.734177e-24 -8.063675e+00
1.171853e-03 1.125153e-03 2.279704e+06 0.000000e+00 1.800595e-24 -8.051513e+00
1.177263e-03 1.130348e-03 2.269228e+06 0.000000e+00 1.869558e-24 -8.039351e+00
1.182698e-03 1.135566e-03 2.258800e+06 0.000000e+00 1.941161e-24 -8.027189e+00
1.188158e-03 1.140809e-03 2.248420e+06 0.000000e+00 2.015507e-24 -8.015026e+00
1.193644e-03 1.146076e-03 2.238088e+06 0.000000e+00 2.092700e-24 -8.002864e+00
1.199155e-03 1.151367e-03 2.227803e+06 0.000000e+00 2.172850e-24 -7.990702e+00
1.204691e-03 1.156682e-03 2.217566e+06 0.000000e+00 2.256069e-24 -7.978540e+00
1.210252e-03 1.162023e-03 2.207375e+06 0.000000e+00 2.342476e-24 -7.966378e+00
1.215840e-03 1.167387e-03 2.197231e+06 0.000000e+00 2.432192e-24 -7.954216e+00
1.221453e-03 1.172777e-03 2.187134e+06 0.000000e+00 2.525344e-24 -7.942054e+00
1.227092e-03 1.178191e-03 2.177084e+06 0.000000e+00 2.622063e-24 -7.929892e+00
1.232757e-03 1.183631e-03 2.167079e+06 0.000000e+00 2.722487e-24 -7.917729e+00
1.238449e-03 1.189095e-03 2.157121e+06 0.000000e+00 2.826757e-24 -7.905567e+00
1.244166e-03 1.194585e-03 2.147208e+06 0.000000e+00 2.935021e-24 -7.893405e+00
1.249910e-03 1.200100e-03 2.137341e+06 0.000000e+00 3.047431e-24 -7.881243e+00
1.255681e-03 1.205641e-03 2.127519e+06 0.000000e+00 3.164146e-24 -7.869081e+00
1.261478e-03 1.211207e-03 2.117743e+06 0.000000e+00 3.285331e-24 -7.856919e+00
1.267302e-03 1.216799e-03 2.108011e+06 0.000000e+00 3.411157e-24 -7.844757e+00
1.273152e-03 1.222416e-03 2.098324e+06 0.000000e+00 3.541803e-24 -7.832595e+00
1.279030e-03 1.228060e-03 2.088681e+06 0.000000e+00 3.677452e-24 -7.820433e+00
1.284935e-03 1.233729e-03 2.079083e+06 0.000000e+00 3.818296e-24 -7.808270e+00
1.290867e-03 1.239425e-03 2.069529e+06 0.000000e+00 3.964535e-24 -7.796108e+00
1.296827e-03 1.245147e-03 2.060019e+06 0.000000e+00 4.116374e-24 -7.783946e+00
1.302814e-03 1.250896e-03 2.050553e+06 0.000000e+00 4.274029e-24 -7.771784e+00
1.308829e-03 1.256671e-03 2.041130e+06 0.000000e+00 4.437722e-24 -7.759622e+00
1.314871e-03 1.262473e-03 2.031750e+06 0.000000e+00 4.607684e-24 -7.747460e+00
1.320941e-03 1.268301e-03 2.022414e+06 0.000000e+00 4.784155e-24 -7.735298e+00
1.327040e-03 1.274157e-03 2.013120e+06 0.000000e+00 4.967385e-24 -7.723136e+00
1.333166e-03 1.280039e-03 2.003869e+06 0.000000e+00 5.157632e-24 -7.710974e+00
1.339321e-03 1.285949e-03 1.994661e+06 0.000000e+00 5.355166e-24 -7.698812e+00
1.345505e-03 1.291886e-03 1.985495e+06 0.000000e+00 5.560265e-24 -7.686650e+00
1.351716e-03 1.297850e-03 1.976371e+06 0.000000e+00 5.773219e-24 -7.674488e+00
1.357957e-03 1.303842e-03 1.967289e+06 0.000000e+00 5.994329e-24 -7.662326e+00
1.364226e-03 1.309861e-03 1.958248e+06 0.000000e+00 6.223908e-24 -7.650163e+00
1.370524e-03 1.315909e-03 1.949250e+06 0.000000e+00 6.462278e-24 -7.638001e+00
1.376852e-03 1.321984e-03 1.940292e+06 0.000000e+00 6.709779e-24 -7.625839e+00
1.383208e-03 1.328087e-03 1.931376e+06 0.000000e+00 6.966758e-24 -7.613677e+00
1.389594e-03 1.334219e-03 1.922501e+06 0.000000e+00 7.233579e-24 -7.601515e+00
1.396009e-03 1.340379e-03 1.913666e+06 0.000000e+00 7.510619e-24 -7.589353e+00
1.402454e-03 1.346567e-03 1.904873e+06 0.000000e+00 7.798269e-24 -7.577191e+00
1.408929e-03 1.352783e-03 1.896119e+06 0.000000e+00 8.096936e-24 -7.565029e+00
1.415434e-03 1.359029e-03 1.887406e+06 0.000000e+00 8.407042e-24 -7.552867e+00
1.421968e-03 1.365303e-03 1.878733e+06 0.000000e+00 8.729024e-24 -7.540705e+00
1.428533e-03 1.371607e-03 1.870100e+06 0.000000e+00 9.063337e-24 -7.528543e+00
1.435128e-03 1.377939e-03 1.861506e+06 0.000000e+00 9.410455e-24 -7.516381e+00
1.441754e-03 1.384301e-03 1.852952e+06 0.000000e+00 9.770866e-24 -7.504219e+00
1.448410e-03 1.390692e-03 1.844437e+06 0.000000e+00 1.014508e-23 -7.492057e+00
1.455097e-03 1.397112e-03 1.835961e+06 0.000000e+00 1.053363e-23 -7.479895e+00
1.461815e-03 1.403562e-03 1.827525e+06 0.000000e+00 1.093705e-23 -7.467733e+00
1.468564e-03 1.410042e-03 1.819127e+06 0.000000e+00 1.135593e-23 -7.455571e+00
1.475344e-03 1.416552e-03 1.810767e+06 0.000000e+00 1.179085e-23 -7.443409e+00
1.482155e-03 1.423092e-03 1.802446e+06 0.000000e+00 1.224243e-23 -7.431247e+00
1.488998e-03 1.429662e-03 1.794164e+06 0.000000e+00 1.271130e-23 -7.419085e+00
1.495872e-03 1.436262e-03 1.785919e+06 0.000000e+00 1.319813e-23 -7.406923e+00
1.502778e-03 1.442893e-03 1.777712e+06 0.000000e+00 1.370360e-23 -7.394761e+00
1.509716e-03 1.449555e-03 1.769543e+06 0.000000e+00 1.422844e-23 -7.382599e+00
1.516686e-03 1.456247e-03 1.761412e+06 0.000000e+00 1.477337e-23 -7.370437e+00
1.523688e-03 1.462970e-03 1.753318e+06 0.000000e+00 1.533917e-23 -7.358275e+00
1.530722e-03 1.469724e-03 1.745261e+06 0.000000e+00 1.592664e-23 -7.346113e+00
1.537789e-03 1.476510e-03 1.737241e+06 0.000000e+00 1.653661e-23 -7.333952e+00
1.544889e-03 1.483326e-03 1.729258e+06 0.000000e+00 1.716995e-23 -7.321790e+00
1.552021e-03 1.490175e-03 1.721311e+06 0.000000e+00 1.782753e-23 -7.309628e+00
1.559186e-03 1.497054e-03 1.713402e+06 0.000000e+00 1.851030e-23 -7.297466e+00
1.566384e-03 1.503966e-03 1.705528e+06 0.000000e+00 1.921922e-23 -7.285304e+00
1.573616e-03 1.510909e-03 1.697691e+06 0.000000e+00 1.995530e-23 -7.273142e+00
1.580881e-03 1.517885e-03 1.689890e+06 0.000000e+00 2.071956e-23 -7.260980e+00
1.588179e-03 1.524893e-03 1.682124e+06 0.000000e+00 2.151309e-23 -7.248818e+00
1.595512e-03 1.531933e-03 1.674394e+06 0.000000e+00 2.233701e-23 -7.236656e+00
1.602878e-03 1.539005e-03 1.666700e+06 0.000000e+00 2.319248e-23 -7.224494e+00
1.610278e-03 1.546110e-03 1.659041e+06 0.000000e+00 2.408072e-23 -7.212332e+00
1.617712e-03 1.553249e-03 1.651418e+06 0.000000e+00 2.500298e-23 -7.200170e+00
1.625180e-03 1.560420e-03 1.643829e+06 0.000000e+00 2.596056e-23 -7.188008e+00
1.632683e-03 1.567624e-03 1.636275e+06 0.000000e+00 2.695481e-23 -7.175847e+00
1.640221e-03 1.574861e-03 1.628756e+06 0.000000e+00 2.798713e-23 -7.163685e+00
1.647793e-03 1.582132e-03 1.621272e+06 0.000000e+00 2.905900e-23 -7.151523e+00
1.655401e-03 1.589436e-03 1.613822e+06 0.000000e+00 3.017191e-23 -7.139361e+00
1.663043e-03 1.596774e-03 1.606406e+06 0.000000e+00 3.132745e-23 -7.127199e+00
1.670721e-03 1.604146e-03 1.599024e+06 0.000000e+00 3.252724e-23 -7.115037e+00
1.678434e-03 1.611552e-03 1.591676e+06 0.000000e+00 3.377298e-23 -7.102875e+00
1.686183e-03 1.618992e-03 1.584362e+06 0.000000e+00 3.506643e-23 -7.090714e+00
1.693968e-03 1.626467e-03 1.577082e+06 0.000000e+00 3.640941e-23 -7.078552e+00
1.701788e-03 1.633976e-03 1.569835e+06 0.000000e+00 3.780383e-23 -7.066390e+00
1.709645e-03 1.641520e-03 1.562621e+06 0.000000e+00 3.925165e-23 -7.054228e+00
1.717538e-03 1.649098e-03 1.555441e+06 0.000000e+00 4.075492e-23 -7.042066e+00
1.725467e-03 1.656712e-03 1.548293e+06 0.000000e+00 4.231576e-23 -7.029904e+00
1.733433e-03 1.664360e-03 1.541179e+06 0.000000e+00 4.393638e-23 -7.017743e+00
1.741436e-03 1.672044e-03 1.534097e+06 0.000000e+00 4.561906e-23 -7.005581e+00
1.749476e-03 1.679764e-03 1.527047e+06 0.000000e+00 4.736618e-23 -6.993419e+00
1.757553e-03 1.687519e-03 1.520030e+06 0.000000e+00 4.918022e-23 -6.981257e+00
1.765667e-03 1.695310e-03 1.513045e+06 0.000000e+00 5.106372e-23 -6.969095e+00
1.773818e-03 1.703137e-03 1.506093e+06 0.000000e+00 5.301936e-23 -6.956934e+00
1.782008e-03 1.711000e-03 1.499172e+06 0.000000e+00 5.504990e-23 -6.944772e+00
1.790235e-03 1.718899e-03 1.492283e+06 0.000000e+00 5.715820e-23 -6.932610e+00
1.798500e-03 1.726835e-03 1.485426e+06 0.000000e+00 5.934724e-23 -6.920448e+00
1.806803e-03 1.734807e-03 1.478600e+06 0.000000e+00 6.162012e-23 -6.908286e+00
1.815144e-03 1.742816e-03 1.471806e+06 0.000000e+00 6.398004e-23 -6.896125e+00
1.823524e-03 1.750863e-03 1.465042e+06 0.000000e+00 6.643034e-23 -6.883963e+00
1.831943e-03 1.758946e-03 1.458310e+06 0.000000e+00 6.897448e-23 -6.871801e+00
1.840401e-03 1.767067e-03 1.451609e+06 0.000000e+00 7.161605e-23 -6.859639e+00
1.848897e-03 1.775225e-03 1.444939e+06 0.000000e+00 7.435879e-23 -6.847478e+00
1.857433e-03 1.783421e-03 1.438299e+06 0.000000e+00 7.720656e-23 -6.835316e+00
1.866008e-03 1.791654e-03 1.431690e+06 0.000000e+00 8.016340e-23 -6.823154e+00
1.874623e-03 1.799926e-03 1.425111e+06 0.000000e+00 8.323347e-23 -6.810993e+00
1.883278e-03 1.808236e-03 1.418563e+06 0.000000e+00 8.642112e-23 -6.798831e+00
1.891972e-03 1.816584e-03 1.412044e+06 0.000000e+00 8.973085e-23 -6.786669e+00
1.900707e-03 1.824971e-03 1.405556e+06 0.000000e+00 9.316732e-23 -6.774508e+00
1.909482e-03 1.833397e-03 1.399097e+06 0.000000e+00 9.673541e-23 -6.762346e+00
1.918298e-03 1.841861e-03 1.392668e+06 0.000000e+00 1.004401e-22 -6.750184e+00
1.927154e-03 1.850365e-03 1.386269e+06 0.000000e+00 1.042867e-22 -6.738022e+00
1.936051e-03 1.858907e-03 1.379899e+06 0.000000e+00 1.082807e-22 -6.725861e+00
1.944989e-03 1.867489e-03 1.373558e+06 0.000000e+00 1.124275e-22 -6.713699e+00
1.953969e-03 1.876111e-03 1.367246e+06 0.000000e+00 1.167332e-22 -6.701537e+00
1.962990e-03 1.884773e-03 1.360964e+06 0.000000e+00 1.212038e-22 -6.689376e+00
1.972052e-03 1.893475e-03 1.354710e+06 0.000000e+00 1.258456e-22 -6.677214e+00
1.981156e-03 1.902216e-03 1.348485e+06 0.000000e+00 1.306651e-22 -6.665053e+00
1.990303e-03 1.910999e-03 1.342289e+06 0.000000e+00 1.356692e-22 -6.652891e+00
1.999492e-03 1.919821e-03 1.336121e+06 0.000000e+00 1.408650e-22 -6.640729e+00
2.008723e-03 1.928685e-03 1.329981e+06 0.000000e+00 1.462597e-22 -6.628568e+00
2.017996e-03 1.937589e-03 1.323870e+06 0.000000e+00 1.518611e-22 -6.616406e+00
2.027313e-03 1.946534e-03 1.317787e+06 0.000000e+00 1.576769e-22 -6.604245e+00
2.036672e-03 1.955521e-03 1.311731e+06 0.000000e+00 1.637155e-22 -6.592083e+00
2.046075e-03 1.964550e-03 1.305704e+06 0.000000e+00 1.699853e-22 -6.579921e+00
2.055521e-03 1.973619e-03 1.299704e+06 0.000000e+00 1.764952e-22 -6.567760e+00
2.065011e-03 1.982731e-03 1.293732e+06 0.000000e+00 1.832545e-22 -6.555598e+00
2.074545e-03 1.991885e-03 1.287787e+06 0.000000e+00 1.902726e-22 -6.543437e+00
2.084122e-03 2.001081e-03 1.281870e+06 0.000000e+00 1.975594e-22 -6.531275e+00
2.093744e-03 2.010320e-03 1.275980e+06 0.000000e+00 2.051253e-22 -6.519114e+00
2.103410e-03 2.019601e-03 1.270117e+06 0.000000e+00 2.129810e-22 -6.506952e+00
2.113121e-03 2.028925e-03 1.264280e+06 0.000000e+00 2.211375e-22 -6.494791e+00
2.122877e-03 2.038293e-03 1.258471e+06 0.000000e+00 2.296063e-22 -6.482629e+00
2.132677e-03 2.047703e-03 1.252688e+06 0.000000e+00 2.383995e-22 -6.470468e+00
2.142523e-03 2.057157e-03 1.246932e+06 0.000000e+00 2.475294e-22 -6.458306e+00
2.152415e-03 2.066654e-03 1.241203e+06 0.000000e+00 2.570090e-22 -6.446145e+00
2.162352e-03 2.076196e-03 1.235499e+06 0.000000e+00 2.668515e-22 -6.433983e+00
2.172335e-03 2.085781e-03 1.229822e+06 0.000000e+00 2.770710e-22 -6.421822e+00
2.182364e-03 2.095411e-03 1.224171e+06 0.000000e+00 2.876819e-22 -6.409660e+00
2.192439e-03 2.105085e-03 1.218546e+06 0.000000e+00 2.986991e-22 -6.397499e+00
2.202561e-03 2.114804e-03 1.212947e+06 0.000000e+00 3.101382e-22 -6.385337e+00
2.212730e-03 2.124567e-03 1.207373e+06 0.000000e+00 3.220154e-22 -6.373176e+00
2.222945e-03 2.134376e-03 1.201826e+06 0.000000e+00 3.343474e-22 -6.361015e+00
2.233208e-03 2.144230e-03 1.196303e+06 0.000000e+00 3.471517e-22 -6.348853e+00
2.243518e-03 2.154130e-03 1.190806e+06 0.000000e+00 3.604463e-22 -6.336692e+00
2.253876e-03 2.164075e-03 1.185335e+06 0.000000e+00 3.742500e-22 -6.324530e+00
2.264281e-03 2.174066e-03 1.179888e+06 0.000000e+00 3.885824e-22 -6.312369e+00
2.274735e-03 2.184103e-03 1.174467e+06 0.000000e+00 4.034636e-22 -6.300208e+00
2.285237e-03 2.194187e-03 1.169070e+06 0.000000e+00 4.189147e-22 -6.288046e+00
2.295787e-03 2.204317e-03 1.163698e+06 0.000000e+00 4.349574e-22 -6.275885e+00
2.306386e-03 2.214494e-03 1.158351e+06 0.000000e+00 4.516146e-22 -6.263724e+00
2.317034e-03 2.224718e-03 1.153029e+06 0.000000e+00 4.689096e-22 -6.251562e+00
2.327731e-03 2.234989e-03 1.147731e+06 0.000000e+00 4.868669e-22 -6.239401e+00
2.338477e-03 2.245308e-03 1.142457e+06 0.000000e+00 5.055119e-22 -6.227240e+00
2.349274e-03 2.255674e-03 1.137207e+06 -4.441127e-16 5.248709e-22 -6.215078e+00
2.360119e-03 2.266088e-03 1.131982e+06 -4.441129e-16 5.449712e-22 -6.202917e+00
2.371015e-03 2.276550e-03 1.126781e+06 -4.441132e-16 5.658413e-22 -6.190756e+00
2.381962e-03 2.287061e-03 1.121603e+06 -4.441134e-16 5.875106e-22 -6.178594e+00
2.392959e-03 2.297620e-03 1.116450e+06 -4.441136e-16 6.100096e-22 -6.166433e+00
2.404006e-03 2.308228e-03 1.111320e+06 -4.441138e-16 6.333703e-22 -6.154272e+00
2.415105e-03 2.318884e-03 1.106213e+06 -4.441141e-16 6.576255e-22 -6.142111e+00
2.426255e-03 2.329590e-03 1.101131e+06 -8.882286e-16 6.828096e-22 -6.129949e+00
2.437456e-03 2.340346e-03 1.096071e+06 -8.882290e-16 7.089581e-22 -6.117788e+00
2.448709e-03 2.351151e-03 1.091035e+06 -1.776459e-15 7.361079e-22 -6.105627e+00
2.460014e-03 2.362006e-03 1.086022e+06 -2.220575e-15 7.642974e-22 -6.093466e+00
2.471371e-03 2.372911e-03 1.081032e+06 -2.664691e-15 7.935664e-22 -6.081305e+00
2.482781e-03 2.383866e-03 1.076064e+06 -3.552924e-15 8.239562e-22 -6.069144e+00
2.494243e-03 2.394872e-03 1.071120e+06 -4.885273e-15 8.555097e-22 -6.056982e+00
2.505758e-03 2.405929e-03 1.066198e+06 -6.217624e-15 8.882715e-22 -6.044821e+00
2.517327e-03 2.417037e-03 1.061300e+06 -7.994092e-15 9.222879e-22 -6.032660e+00
2.528948e-03 2.428196e-03 1.056423e+06 -1.021468e-14 9.576069e-22 -6.020499e+00
2.540624e-03 2.439406e-03 1.051569e+06 -1.287938e-14 9.942784e-22 -6.008338e+00
2.552353e-03 2.450669e-03 1.046737e+06 -1.687645e-14 1.032354e-21 -5.996177e+00
2.564137e-03 2.461983e-03 1.041928e+06 -2.176174e-14 1.071888e-21 -5.984016e+00
2.575975e-03 2.473350e-03 1.037140e+06 -2.797940e-14 1.112936e-21 -5.971855e+00
2.587867e-03 2.484769e-03 1.032375e+06 -3.552942e-14 1.155555e-21 -5.959694e+00
2.599815e-03 2.496241e-03 1.027631e+06 -4.574416e-14 1.199807e-21 -5.947533e+00
2.611817e-03 2.507766e-03 1.022910e+06 -5.773538e-14 1.245753e-21 -5.935372e+00
2.623875e-03 2.519344e-03 1.018210e+06 -7.327956e-14 1.293458e-21 -5.923211e+00
2.635989e-03 2.530975e-03 1.013531e+06 -9.282084e-14 1.342991e-21 -5.911049e+00
2.648159e-03 2.542660e-03 1.008874e+06 -1.176916e-13 1.394420e-21 -5.898889e+00
2.660384e-03 2.554399e-03 1.004239e+06 -1.483359e-13 1.447818e-21 -5.886728e+00
2.672667e-03 2.566193e-03 9.996247e+05 -1.865303e-13 1.503261e-21 -5.874567e+00
2.685006e-03 2.578040e-03 9.950317e+05 -2.344953e-13 1.560828e-21 -5.862406e+00
2.697401e-03 2.589943e-03 9.904599e+05 -2.940076e-13 1.620598e-21 -5.850245e+00
2.709855e-03 2.601900e-03 9.859090e+05 -3.677318e-13 1.682657e-21 -5.838084e+00
2.722365e-03 2.613913e-03 9.813791e+05 -4.592209e-13 1.747093e-21 -5.825923e+00
2.734934e-03 2.625981e-03 9.768700e+05 -5.720280e-13 1.813996e-21 -5.813762e+00
2.747560e-03 2.638105e-03 9.723816e+05 -7.110384e-13 1.883461e-21 -5.801601e+00
2.760245e-03 2.650285e-03 9.679138e+05 -8.820257e-13 1.955586e-21 -5.789440e+00
2.772988e-03 2.662521e-03 9.634666e+05 -1.091652e-12 2.030473e-21 -5.777279e+00
2.785790e-03 2.674814e-03 9.590398e+05 -1.349244e-12 2.108227e-21 -5.765119e+00
2.798651e-03 2.687163e-03 9.546333e+05 -1.663683e-12 2.188959e-21 -5.752958e+00
2.811572e-03 2.699569e-03 9.502472e+05 -2.047407e-12 2.272782e-21 -5.740797e+00
2.824552e-03 2.712033e-03 9.458811e+05 -2.515070e-12 2.359815e-21 -5.728636e+00
2.837592e-03 2.724554e-03 9.415352e+05 -3.083550e-12 2.450180e-21 -5.716475e+00
2.850693e-03 2.737133e-03 9.372092e+05 -3.773277e-12 2.544006e-21 -5.704315e+00
2.863853e-03 2.749770e-03 9.329031e+05 -4.608233e-12 2.641424e-21 -5.692154e+00
2.877075e-03 2.762465e-03 9.286168e+05 -5.617731e-12 2.742573e-21 -5.679993e+00
2.890358e-03 2.775219e-03 9.243502e+05 -6.835526e-12 2.847595e-21 -5.667832e+00
2.903702e-03 2.788032e-03 9.201032e+05 -8.302477e-12 2.956638e-21 -5.655672e+00
2.917107e-03 2.800904e-03 9.158757e+05 -1.006522e-11 3.069856e-21 -5.643511e+00
2.930575e-03 2.813836e-03 9.116677e+05 -1.218015e-11 3.187410e-21 -5.631350e+00
2.944104e-03 2.826827e-03 9.074790e+05 -1.471301e-11 3.309465e-21 -5.619190e+00
2.957696e-03 2.839878e-03 9.033096e+05 -1.774108e-11 3.436194e-21 -5.607029e+00
2.971351e-03 2.852990e-03 8.991593e+05 -2.135495e-11 3.567775e-21 -5.594868e+00
2.985069e-03 2.866162e-03 8.950281e+05 -2.565990e-11 3.704394e-21 -5.582708e+00
2.998850e-03 2.879395e-03 8.909159e+05 -3.077938e-11 3.846245e-21 -5.570547e+00
3.012695e-03 2.892689e-03 8.868226e+05 -3.685729e-11 3.993527e-21 -5.558387e+00
3.026604e-03 2.906044e-03 8.827481e+05 -4.406020e-11 4.146448e-21 -5.546226e+00
3.040577e-03 2.919461e-03 8.786923e+05 -5.258217e-11 4.305226e-21 -5.534066e+00
3.054614e-03 2.932940e-03 8.746552e+05 -6.264752e-11 4.470082e-21 -5.521905e+00
3.068717e-03 2.946481e-03 8.706366e+05 -7.451648e-11 4.641251e-21 -5.509745e+00
3.082884e-03 2.960085e-03 8.666365e+05 -8.848931e-11 4.818974e-21 -5.497584e+00
3.097117e-03 2.973751e-03 8.626548e+05 -1.049107e-10 5.003502e-21 -5.485424e+00
3.111415e-03 2.987481e-03 8.586914e+05 -1.241802e-10 5.195096e-21 -5.473263e+00
3.125780e-03 3.001274e-03 8.547462e+05 -1.467546e-10 5.394025e-21 -5.461103e+00
3.140211e-03 3.015130e-03 8.508191e+05 -1.731584e-10 5.600572e-21 -5.448943e+00
3.154708e-03 3.029051e-03 8.469101e+05 -2.039928e-10 5.815027e-21 -5.436782e+00
3.169273e-03 3.043036e-03 8.430191e+05 -2.399451e-10 6.037693e-21 -5.424622e+00
3.183904e-03 3.057086e-03 8.391459e+05 -2.817994e-10 6.268885e-21 -5.412461e+00
3.198603e-03 3.071200e-03 8.352906e+05 -3.304500e-10 6.508929e-21 -5.400301e+00
3.213370e-03 3.085380e-03 8.314530e+05 -3.869143e-10 6.758164e-21 -5.388141e+00
3.228206e-03 3.099625e-03 8.276330e+05 -4.523480e-10 7.016942e-21 -5.375981e+00
3.243109e-03 3.113935e-03 8.238306e+05 -5.280627e-10 7.285629e-21 -5.363820e+00
3.258082e-03 3.128312e-03 8.200456e+05 -6.155444e-10 7.564603e-21 -5.351660e+00
3.273123e-03 3.142756e-03 8.162781e+05 -7.164729e-10 7.854258e-21 -5.339500e+00
3.288235e-03 3.157265e-03 8.125278e+05 -8.327455e-10 8.155004e-21 -5.327340e+00
3.303415e-03 3.171842e-03 8.087948e+05 -9.665010e-10 8.467265e-21 -5.315179e+00
3.318666e-03 3.186487e-03 8.050790e+05 -1.120148e-09 8.791482e-21 -5.303019e+00
3.333988e-03 3.201199e-03 8.013803e+05 -1.296395e-09 9.128113e-21 -5.290859e+00
3.349380e-03 3.215978e-03 7.976985e+05 -1.498280e-09 9.477632e-21 -5.278699e+00
3.364843e-03 3.230826e-03 7.940337e+05 -1.729213e-09 9.840533e-21 -5.266539e+00
3.380377e-03 3.245743e-03 7.903857e+05 -1.993006e-09 1.021733e-20 -5.254379e+00
3.395984e-03 3.260729e-03 7.867545e+05 -2.293922e-09 1.060855e-20 -5.242219e+00
3.411662e-03 3.275783e-03 7.831400e+05 -2.636720e-09 1.101475e-20 -5.230059e+00
3.427413e-03 3.290908e-03 7.795421e+05 -3.026704e-09 1.143651e-20 -5.217899e+00
3.443236e-03 3.306102e-03 7.759607e+05 -3.469775e-09 1.187441e-20 -5.205739e+00
3.459132e-03 3.321366e-03 7.723958e+05 -3.972495e-09 1.232908e-20 -5.193579e+00
3.475102e-03 3.336700e-03 7.688473e+05 -4.542145e-09 1.280115e-20 -5.181419e+00
3.491146e-03 3.352106e-03 7.653151e+05 -5.186798e-09 1.329130e-20 -5.169259e+00
3.507263e-03 3.367583e-03 7.617991e+05 -5.915388e-09 1.380022e-20 -5.157099e+00
3.523455e-03 3.383131e-03 7.582993e+05 -6.737791e-09 1.432862e-20 -5.144939e+00
3.539722e-03 3.398751e-03 7.548156e+05 -7.664911e-09 1.487725e-20 -5.132779e+00
3.556064e-03 3.414443e-03 7.513479e+05 -8.708768e-09 1.544689e-20 -5.120620e+00
3.572482e-03 3.430207e-03 7.478962e+05 -9.882599e-09 1.603833e-20 -5.108460e+00
3.588975e-03 3.446044e-03 7.444603e+05 -1.120096e-08 1.665242e-20 -5.096300e+00
3.605544e-03 3.461955e-03 7.410402e+05 -1.267982e-08 1.729002e-20 -5.084140e+00
3.622190e-03 3.477939e-03 7.376358e+05 -1.433672e-08 1.795203e-20 -5.071980e+00
3.638912e-03 3.493996e-03 7.342471e+05 -1.619087e-08 1.863939e-20 -5.059821e+00
3.655712e-03 3.510128e-03 7.308739e+05 -1.826325e-08 1.935306e-20 -5.047661e+00
3.672590e-03 3.526334e-03 7.275163e+05 -2.057682e-08 2.009406e-20 -5.035501e+00
3.689545e-03 3.542616e-03 7.241741e+05 -2.315663e-08 2.086342e-20 -5.023342e+00
3.706578e-03 3.558972e-03 7.208473e+05 -2.602995e-08 2.166224e-20 -5.011182e+00
3.723691e-03 3.575404e-03 7.175357e+05 -2.922650e-08 2.249164e-20 -4.999023e+00
3.740882e-03 3.591912e-03 7.142394e+05 -3.277858e-08 2.335279e-20 -4.986863e+00
3.758152e-03 3.608495e-03 7.109582e+05 -3.672125e-08 2.424692e-20 -4.974704e+00
3.775503e-03 3.625156e-03 7.076922e+05 -4.109254e-08 2.517527e-20 -4.962544e+00
3.792933e-03 3.641893e-03 7.044411e+05 -4.593364e-08 2.613917e-20 -4.950385e+00
3.810444e-03 3.658708e-03 7.012050e+05 -5.128912e-08 2.713997e-20 -4.938225e+00
3.828036e-03 3.675601e-03 6.979837e+05 -5.720715e-08 2.817908e-20 -4.926066e+00
3.845709e-03 3.692571e-03 6.947773e+05 -6.373970e-08 2.925797e-20 -4.913906e+00
3.863463e-03 3.709620e-03 6.915856e+05 -7.094282e-08 3.037817e-20 -4.901747e+00
3.881300e-03 3.726747e-03 6.884086e+05 -7.887684e-08 3.154125e-20 -4.889588e+00
3.899219e-03 3.743954e-03 6.852461e+05 -8.760666e-08 3.274885e-20 -4.877428e+00
3.917220e-03 3.761240e-03 6.820983e+05 -9.720201e-08 3.400269e-20 -4.865269e+00
3.935305e-03 3.778606e-03 6.789648e+05 -1.077377e-07 3.530453e-20 -4.853110e+00
3.953473e-03 3.796052e-03 6.758458e+05 -1.192939e-07 3.665621e-20 -4.840951e+00
3.971725e-03 3.813578e-03 6.727412e+05 -1.319565e-07 3.805963e-20 -4.828792e+00
3.990062e-03 3.831186e-03 6.696508e+05 -1.458173e-07 3.951678e-20 -4.816632e+00
4.008482e-03 3.848875e-03 6.665746e+05 -1.609743e-07 4.102971e-20 -4.804473e+00
4.026989e-03 3.866645e-03 6.635126e+05 -1.775321e-07 4.260056e-20 -4.792314e+00
4.045580e-03 3.884498e-03 6.604646e+05 -1.956023e-07 4.423154e-20 -4.780155e+00
4.064257e-03 3.902433e-03 6.574306e+05 -2.153037e-07 4.592496e-20 -4.767996e+00
4.083021e-03 3.920451e-03 6.544106e+05 -2.367623e-07 4.768320e-20 -4.755837e+00
4.101871e-03 3.938552e-03 6.514045e+05 -2.601124e-07 4.950876e-20 -4.743678e+00
4.120808e-03 3.956736e-03 6.484122e+05 -2.854961e-07 5.140419e-20 -4.731519e+00
4.139833e-03 3.975005e-03 6.454337e+05 -3.130643e-07 5.337219e-20 -4.719360e+00
4.158945e-03 3.993358e-03 6.424688e+05 -3.429767e-07 5.541552e-20 -4.707201e+00
4.178146e-03 4.011796e-03 6.395176e+05 -3.754020e-07 5.753707e-20 -4.695042e+00
4.197435e-03 4.030319e-03 6.365800e+05 -4.105186e-07 5.973983e-20 -4.682884e+00
4.216813e-03 4.048927e-03 6.336559e+05 -4.485148e-07 6.202691e-20 -4.670725e+00
4.236281e-03 4.067621e-03 6.307452e+05 -4.895889e-07 6.440155e-20 -4.658566e+00
4.255839e-03 4.086402e-03 6.278478e+05 -5.339498e-07 6.686708e-20 -4.646407e+00
4.275487e-03 4.105269e-03 6.249639e+05 -5.818173e-07 6.942699e-20 -4.634248e+00
4.295226e-03 4.124224e-03 6.220931e+05 -6.334222e-07 7.208489e-20 -4.622090e+00
4.315056e-03 4.143266e-03 6.192356e+05 -6.890068e-07 7.484453e-20 -4.609931e+00
4.334977e-03 4.162396e-03 6.163912e+05 -7.488251e-07 7.770980e-20 -4.597772e+00
4.354990e-03 4.181614e-03 6.135599e+05 -8.131432e-07 8.068476e-20 -4.585614e+00
4.375096e-03 4.200921e-03 6.107416e+05 -8.822394e-07 8.377358e-20 -4.573455e+00
4.395295e-03 4.220317e-03 6.079363e+05 -9.564045e-07 8.698064e-20 -4.561297e+00
4.415586e-03 4.239803e-03 6.051438e+05 -1.035942e-06 9.031046e-20 -4.549138e+00
4.435972e-03 4.259379e-03 6.023642e+05 -1.121169e-06 9.376774e-20 -4.536980e+00
4.456452e-03 4.279045e-03 5.995974e+05 -1.212414e-06 9.735735e-20 -4.524821e+00
4.477026e-03 4.298802e-03 5.968433e+05 -1.310022e-06 1.010844e-19 -4.512663e+00
4.497695e-03 4.318650e-03 5.941019e+05 -1.414347e-06 1.049540e-19 -4.500505e+00
4.518459e-03 4.338589e-03 5.913731e+05 -1.525762e-06 1.089718e-19 -4.488346e+00
4.539320e-03 4.358621e-03 5.886568e+05 -1.644649e-06 1.131434e-19 -4.476188e+00
4.560277e-03 4.378746e-03 5.859530e+05 -1.771406e-06 1.174746e-19 -4.464030e+00
4.581330e-03 4.398963e-03 5.832617e+05 -1.906445e-06 1.219716e-19 -4.451871e+00
4.602481e-03 4.419273e-03 5.805827e+05 -2.050192e-06 1.266407e-19 -4.439713e+00
4.623729e-03 4.439678e-03 5.779160e+05 -2.203084e-06 1.314886e-19 -4.427555e+00
4.645076e-03 4.460176e-03 5.752617e+05 -2.365575e-06 1.365219e-19 -4.415397e+00
4.666521e-03 4.480770e-03 5.726195e+05 -2.538131e-06 1.417480e-19 -4.403239e+00
4.688065e-03 4.501458e-03 5.699894e+05 -2.721233e-06 1.471740e-19 -4.391080e+00
4.709708e-03 4.522242e-03 5.673715e+05 -2.915372e-06 1.528077e-19 -4.378922e+00
4.731452e-03 4.543122e-03 5.647656e+05 -3.121056e-06 1.586571e-19 -4.366764e+00
4.753295e-03 4.564098e-03 5.621717e+05 -3.338804e-06 1.647303e-19 -4.354606e+00
4.775240e-03 4.585171e-03 5.595897e+05 -3.569145e-06 1.710360e-19 -4.342448e+00
4.797286e-03 4.606341e-03 5.570196e+05 -3.812624e-06 1.775829e-19 -4.330290e+00
4.819434e-03 4.627609e-03 5.544613e+05 -4.069796e-06 1.843805e-19 -4.318132e+00
4.841683e-03 4.648976e-03 5.519148e+05 -4.341227e-06 1.914382e-19 -4.305975e+00
4.864036e-03 4.670441e-03 5.493800e+05 -4.627492e-06 1.987659e-19 -4.293817e+00
4.886492e-03 4.692005e-03 5.468568e+05 -4.929180e-06 2.063742e-19 -4.281659e+00
4.909052e-03 4.713668e-03 5.443453e+05 -5.246885e-06 2.142736e-19 -4.269501e+00
4.931715e-03 4.735432e-03 5.418453e+05 -5.581213e-06 2.224753e-19 -4.257343e+00
4.954484e-03 4.757296e-03 5.393568e+05 -5.932776e-06 2.309908e-19 -4.245186e+00
4.977357e-03 4.779261e-03 5.368798e+05 -6.302193e-06 2.398323e-19 -4.233028e+00
5.000336e-03 4.801327e-03 5.344141e+05 -6.690092e-06 2.490121e-19 -4.220870e+00
5.023421e-03 4.823496e-03 5.319598e+05 -7.097103e-06 2.585432e-19 -4.208713e+00
5.046613e-03 4.845766e-03 5.295168e+05 -7.523861e-06 2.684390e-19 -4.196555e+00
5.069912e-03 4.868140e-03 5.270850e+05 -7.971007e-06 2.787135e-19 -4.184397e+00
5.093318e-03 4.890616e-03 5.246644e+05 -8.439180e-06 2.893811e-19 -4.172240e+00
5.116832e-03 4.913197e-03 5.222550e+05 -8.929024e-06 3.004570e-19 -4.160082e+00
5.140455e-03 4.935881e-03 5.198566e+05 -9.441180e-06 3.119567e-19 -4.147925e+00
5.164187e-03 4.958671e-03 5.174693e+05 -9.976290e-06 3.238965e-19 -4.135768e+00
5.188029e-03 4.981565e-03 5.150929e+05 -1.053499e-05 3.362931e-19 -4.123610e+00
5.211981e-03 5.004565e-03 5.127275e+05 -1.111792e-05 3.491640e-19 -4.111453e+00
5.236043e-03 5.027672e-03 5.103730e+05 -1.172569e-05 3.625274e-19 -4.099296e+00
5.260216e-03 5.050885e-03 5.080293e+05 -1.235895e-05 3.764022e-19 -4.087138e+00
5.284501e-03 5.074205e-03 5.056964e+05 -1.301829e-05 3.908078e-19 -4.074981e+00
5.308898e-03 5.097633e-03 5.033742e+05 -1.370431e-05 4.057646e-19 -4.062824e+00
5.333408e-03 5.121169e-03 5.010627e+05 -1.441762e-05 4.212937e-19 -4.050667e+00
5.358031e-03 5.144813e-03 4.987618e+05 -1.515878e-05 4.374170e-19 -4.038510e+00
5.382767e-03 5.168567e-03 4.964716e+05 -1.592837e-05 4.541571e-19 -4.026353e+00
5.407618e-03 5.192430e-03 4.941918e+05 -1.672691e-05 4.715377e-19 -4.014196e+00
5.432583e-03 5.216403e-03 4.919226e+05 -1.755494e-05 4.895832e-19 -4.002039e+00
5.457664e-03 5.240487e-03 4.896638e+05 -1.841296e-05 5.083192e-19 -3.989882e+00
5.482861e-03 5.264682e-03 4.874154e+05 -1.930146e-05 5.277720e-19 -3.977725e+00
5.508173e-03 5.288989e-03 4.851774e+05 -2.022088e-05 5.479689e-19 -3.965568e+00
5.533603e-03 5.313408e-03 4.829496e+05 -2.117167e-05 5.689385e-19 -3.953411e+00
5.559150e-03 5.337940e-03 4.807321e+05 -2.215422e-05 5.907104e-19 -3.941255e+00
5.584815e-03 5.362584e-03 4.785248e+05 -2.316891e-05 6.133151e-19 -3.929098e+00
5.610599e-03 5.387343e-03 4.763277e+05 -2.421606e-05 6.367846e-19 -3.916941e+00
5.636501e-03 5.412216e-03 4.741407e+05 -2.529600e-05 6.611518e-19 -3.904785e+00
5.662523e-03 5.437203e-03 4.719638e+05 -2.640897e-05 6.864512e-19 -3.892628e+00
5.688666e-03 5.462306e-03 4.697968e+05 -2.755521e-05 7.127184e-19 -3.880472e+00
5.714928e-03 5.487524e-03 4.676399e+05 -2.873491e-05 7.399903e-19 -3.868315e+00
5.741313e-03 5.512859e-03 4.654929e+05 -2.994821e-05 7.683054e-19 -3.856159e+00
5.767819e-03 5.538311e-03 4.633558e+05 -3.119520e-05 7.977036e-19 -3.844003e+00
5.794447e-03 5.563880e-03 4.612285e+05 -3.247593e-05 8.282262e-19 -3.831847e+00
5.821198e-03 5.589567e-03 4.591110e+05 -3.379040e-05 8.599163e-19 -3.819691e+00
5.848073e-03 5.615373e-03 4.570032e+05 -3.513857e-05 8.928185e-19 -3.807535e+00
5.875072e-03 5.641297e-03 4.549052e+05 -3.652032e-05 9.269792e-19 -3.795379e+00
5.902196e-03 5.667341e-03 4.528168e+05 -3.793549e-05 9.624464e-19 -3.783223e+00
5.929444e-03 5.693506e-03 4.507380e+05 -3.938387e-05 9.992701e-19 -3.771067e+00
5.956819e-03 5.719791e-03 4.486688e+05 -4.086516e-05 1.037502e-18 -3.758911e+00
5.984320e-03 5.746197e-03 4.466092e+05 -4.237902e-05 1.077196e-18 -3.746756e+00
6.011948e-03 5.772725e-03 4.445590e+05 -4.392505e-05 1.118408e-18 -3.734600e+00
6.039703e-03 5.799375e-03 4.425183e+05 -4.550277e-05 1.161197e-18 -3.722445e+00
6.067587e-03 5.826148e-03 4.404869e+05 -4.711164e-05 1.205621e-18 -3.710289e+00
6.095599e-03 5.853045e-03 4.384649e+05 -4.875104e-05 1.251745e-18 -3.698134e+00
6.123741e-03 5.880065e-03 4.364523e+05 -5.042029e-05 1.299632e-18 -3.685979e+00
6.152012e-03 5.907211e-03 4.344489e+05 -5.211862e-05 1.349351e-18 -3.673824e+00
6.180414e-03 5.934481e-03 4.324547e+05 -5.384521e-05 1.400970e-18 -3.661669e+00
6.208948e-03 5.961877e-03 4.304697e+05 -5.559914e-05 1.454564e-18 -3.649514e+00
6.237613e-03 5.989400e-03 4.284939e+05 -5.737941e-05 1.510207e-18 -3.637360e+00
6.266410e-03 6.017049e-03 4.265271e+05 -5.918495e-05 1.567977e-18 -3.625205e+00
6.295340e-03 6.044826e-03 4.245694e+05 -6.101460e-05 1.627956e-18 -3.613050e+00
6.324404e-03 6.072731e-03 4.226208e+05 -6.286713e-05 1.690229e-18 -3.600896e+00
6.353602e-03 6.100765e-03 4.206811e+05 -6.474122e-05 1.754882e-18 -3.588742e+00
6.382935e-03 6.128927e-03 4.187503e+05 -6.663544e-05 1.822008e-18 -3.576588e+00
6.412403e-03 6.157220e-03 4.168285e+05 -6.854830e-05 1.891700e-18 -3.564434e+00
6.442007e-03 6.185643e-03 4.149155e+05 -7.047821e-05 1.964056e-18 -3.552280e+00
6.471748e-03 6.214197e-03 4.130113e+05 -7.242349e-05 2.039178e-18 -3.540126e+00
6.501626e-03 6.242883e-03 4.111159e+05 -7.438237e-05 2.117173e-18 -3.527973e+00
6.531642e-03 6.271701e-03 4.092292e+05 -7.635299e-05 2.198149e-18 -3.515819e+00
6.561797e-03 6.300652e-03 4.073512e+05 -7.833340e-05 2.282220e-18 -3.503666e+00
6.592091e-03 6.329736e-03 4.054818e+05 -8.032154e-05 2.369506e-18 -3.491513e+00
6.622525e-03 6.358954e-03 4.036211e+05 -8.231527e-05 2.460128e-18 -3.479360e+00
6.653099e-03 6.388307e-03 4.017689e+05 -8.431236e-05 2.554214e-18 -3.467207e+00
6.683815e-03 6.417796e-03 3.999253e+05 -8.631046e-05 2.651896e-18 -3.455054e+00
6.714672e-03 6.447420e-03 3.980902e+05 -8.830716e-05 2.753313e-18 -3.442902e+00
6.745672e-03 6.477181e-03 3.962635e+05 -9.029992e-05 2.858606e-18 -3.430749e+00
6.776815e-03 6.507079e-03 3.944452e+05 -9.228612e-05 2.967923e-18 -3.418597e+00
6.808101e-03 6.537115e-03 3.926354e+05 -9.426305e-05 3.081419e-18 -3.406445e+00
6.839532e-03 6.567289e-03 3.908338e+05 -9.622788e-05 3.199252e-18 -3.394293e+00
6.871108e-03 6.597602e-03 3.890406e+05 -9.817771e-05 3.321589e-18 -3.382142e+00
6.902830e-03 6.628055e-03 3.872556e+05 -1.001095e-04 3.448602e-18 -3.369990e+00
6.934699e-03 6.658649e-03 3.854788e+05 -1.020202e-04 3.580469e-18 -3.357839e+00
6.966714e-03 6.689383e-03 3.837103e+05 -1.039066e-04 3.717375e-18 -3.345688e+00
6.998878e-03 6.720260e-03 3.819498e+05 -1.057654e-04 3.859514e-18 -3.333537e+00
7.031189e-03 6.751278e-03 3.801975e+05 -1.075932e-04 4.007084e-18 -3.321386e+00
7.063650e-03 6.782440e-03 3.784533e+05 -1.093865e-04 4.160294e-18 -3.309236e+00
7.096261e-03 6.813745e-03 3.767171e+05 -1.111418e-04 4.319359e-18 -3.297085e+00
7.129023e-03 6.845194e-03 3.749889e+05 -1.128554e-04 4.484502e-18 -3.284935e+00
7.161935e-03 6.876789e-03 3.732686e+05 -1.145235e-04 4.655955e-18 -3.272785e+00
7.195000e-03 6.908529e-03 3.715563e+05 -1.161422e-04 4.833960e-18 -3.260636e+00
7.228217e-03 6.940415e-03 3.698519e+05 -1.177078e-04 5.018767e-18 -3.248486e+00
7.261588e-03 6.972448e-03 3.681553e+05 -1.192160e-04 5.210635e-18 -3.236337e+00
7.295113e-03 7.004630e-03 3.664666e+05 -1.206629e-04 5.409834e-18 -3.224188e+00
7.328792e-03 7.036959e-03 3.647856e+05 -1.220442e-04 5.616645e-18 -3.212039e+00
7.362627e-03 7.069437e-03 3.631123e+05 -1.233556e-04 5.831356e-18 -3.199890e+00
7.396618e-03 7.102066e-03 3.614468e+05 -1.245928e-04 6.054272e-18 -3.187742e+00
7.430766e-03 7.134844e-03 3.597890e+05 -1.257514e-04 6.285704e-18 -3.175594e+00
7.465072e-03 7.167774e-03 3.581388e+05 -1.268269e-04 6.525978e-18 -3.163446e+00
7.499536e-03 7.200856e-03 3.564961e+05 -1.278146e-04 6.775431e-18 -3.151298e+00
7.534159e-03 7.234090e-03 3.548611e+05 -1.287099e-04 7.034415e-18 -3.139151e+00
7.568942e-03 7.267477e-03 3.532336e+05 -1.295080e-04 7.303293e-18 -3.127004e+00
7.603886e-03 7.301018e-03 3.516135e+05 -1.302042e-04 7.582442e-18 -3.114857e+00
7.638991e-03 7.334714e-03 3.500010e+05 -1.307936e-04 7.872255e-18 -3.102710e+00
7.674258e-03 7.368566e-03 3.483958e+05 -1.312712e-04 8.173140e-18 -3.090564e+00
7.709688e-03 7.402573e-03 3.467981e+05 -1.316321e-04 8.485518e-18 -3.078417e+00
7.745281e-03 7.436738e-03 3.452077e+05 -1.318712e-04 8.809829e-18 -3.066271e+00
7.781039e-03 7.471060e-03 3.436247e+05 -1.319834e-04 9.146529e-18 -3.054126e+00
7.816962e-03 7.505540e-03 3.420489e+05 -1.319635e-04 9.496089e-18 -3.041980e+00
7.853051e-03 7.540179e-03 3.404804e+05 -1.318063e-04 9.859002e-18 -3.029835e+00
7.889306e-03 7.574978e-03 3.389191e+05 -1.315065e-04 1.023578e-17 -3.017690e+00
7.925729e-03 7.609938e-03 3.373650e+05 -1.310588e-04 1.062694e-17 -3.005545e+00
7.962320e-03 7.645059e-03 3.358180e+05 -1.304578e-04 1.103305e-17 -2.993401e+00
7.999079e-03 7.680342e-03 3.342782e+05 -1.296981e-04 1.145467e-17 -2.981256e+00
8.036009e-03 7.715788e-03 3.327455e+05 -1.287744e-04 1.189239e-17 -2.969112e+00
8.073109e-03 7.751397e-03 3.312198e+05 -1.276810e-04 1.234683e-17 -2.956969e+00
8.110380e-03 7.787171e-03 3.297011e+05 -1.264125e-04 1.281863e-17 -2.944825e+00
8.147823e-03 7.823110e-03 3.281895e+05 -1.249634e-04 1.330845e-17 -2.932682e+00
8.185440e-03 7.859214e-03 3.266847e+05 -1.233281e-04 1.381697e-17 -2.920539e+00
8.223229e-03 7.895485e-03 3.251870e+05 -1.215009e-04 1.434491e-17 -2.908396e+00
8.261194e-03 7.931924e-03 3.236961e+05 -1.194763e-04 1.489302e-17 -2.896254e+00
8.299333e-03 7.968531e-03 3.222121e+05 -1.172487e-04 1.546206e-17 -2.884112e+00
8.337649e-03 8.005307e-03 3.207349e+05 -1.148124e-04 1.605283e-17 -2.871970e+00
8.376141e-03 8.042253e-03 3.192645e+05 -1.121617e-04 1.666616e-17 -2.859828e+00
8.414812e-03 8.079369e-03 3.178008e+05 -1.092909e-04 1.730292e-17 -2.847687e+00
8.453661e-03 8.116656e-03 3.163439e+05 -1.061945e-04 1.796399e-17 -2.835545e+00
8.492689e-03 8.154116e-03 3.148937e+05 -1.028668e-04 1.865030e-17 -2.823405e+00
8.531897e-03 8.191749e-03 3.134502e+05 -9.930194e-05 1.936282e-17 -2.811264e+00
8.571286e-03 8.229555e-03 3.120133e+05 -9.549441e-05 2.010256e-17 -2.799123e+00
8.610858e-03 8.267536e-03 3.105831e+05 -9.143851e-05 2.087054e-17 -2.786983e+00
8.650611e-03 8.305693e-03 3.091594e+05 -8.712860e-05 2.166784e-17 -2.774843e+00
8.690549e-03 8.344026e-03 3.077422e+05 -8.255903e-05 2.249559e-17 -2.762704e+00
8.730671e-03 8.382536e-03 3.063316e+05 -7.772418e-05 2.335495e-17 -2.750564e+00
8.770978e-03 8.421224e-03 3.049275e+05 -7.261846e-05 2.424712e-17 -2.738425e+00
8.811471e-03 8.460090e-03 3.035298e+05 -6.723627e-05 2.517335e-17 -2.726286e+00
8.852151e-03 8.499136e-03 3.021386e+05 -6.157208e-05 2.613495e-17 -2.714147e+00
8.893019e-03 8.538363e-03 3.007537e+05 -5.562035e-05 2.713327e-17 -2.702009e+00
8.934075e-03 8.577771e-03 2.993753e+05 -4.937559e-05 2.816971e-17 -2.689871e+00
8.975321e-03 8.617361e-03 2.980031e+05 -4.283234e-05 2.924572e-17 -2.677733e+00
9.016758e-03 8.657134e-03 2.966373e+05 -3.598519e-05 3.036282e-17 -2.665595e+00
9.058386e-03 8.697091e-03 2.952778e+05 -2.882874e-05 3.152256e-17 -2.653457e+00
9.100206e-03 8.737233e-03 2.939245e+05 -2.135767e-05 3.272659e-17 -2.641320e+00
9.142219e-03 8.777560e-03 2.925774e+05 -1.356667e-05 3.397658e-17 -2.629183e+00
9.184426e-03 8.818074e-03 2.912365e+05 -5.450509e-06 3.527430e-17 -2.617046e+00
9.226828e-03 8.858775e-03 2.899018e+05 2.996006e-06 3.662156e-17 -2.604909e+00
9.269425e-03 8.899664e-03 2.885732e+05 1.177801e-05 3.802027e-17 -2.592773e+00
9.312220e-03 8.940742e-03 2.872507e+05 2.090059e-05 3.947237e-17 -2.580636e+00
9.355211e-03 8.982011e-03 2.859344e+05 3.036876e-05 4.097991e-17 -2.568500e+00
9.398402e-03 9.023470e-03 2.846240e+05 4.018749e-05 4.254500e-17 -2.556365e+00
9.441792e-03 9.065121e-03 2.833197e+05 5.036166e-05 4.416984e-17 -2.544229e+00
9.485382e-03 9.106965e-03 2.820214e+05 6.089612e-05 4.585672e-17 -2.532093e+00
9.529173e-03 9.149002e-03 2.807290e+05 7.179560e-05 4.760799e-17 -2.519958e+00
9.573166e-03 9.191234e-03 2.794426e+05 8.306482e-05 4.942612e-17 -2.507823e+00
9.617363e-03 9.233661e-03 2.781621e+05 9.470837e-05 5.131366e-17 -2.495688e+00
9.661764e-03 9.276285e-03 2.768875e+05 1.067308e-04 5.327325e-17 -2.483554e+00
9.706369e-03 9.319106e-03 2.756187e+05 1.191366e-04 5.530766e-17 -2.471419e+00
9.751181e-03 9.362126e-03 2.743558e+05 1.319300e-04 5.741972e-17 -2.459285e+00
9.796199e-03 9.405344e-03 2.730987e+05 1.451155e-04 5.961241e-17 -2.447151e+00
9.841425e-03 9.448762e-03 2.718473e+05 1.586972e-04 6.188880e-17 -2.435017e+00
9.886861e-03 9.492382e-03 2.706017e+05 1.726793e-04 6.425209e-17 -2.422883e+00
9.932505e-03 9.536203e-03 2.693618e+05 1.870657e-04 6.670559e-17 -2.410749e+00
9.978361e-03 9.580228e-03 2.681276e+05 2.018605e-04 6.925274e-17 -2.398616e+00
1.002443e-02 9.624456e-03 2.668991e+05 2.170674e-04 7.189712e-17 -2.386482e+00
1.007071e-02 9.668889e-03 2.656763e+05 2.326903e-04 7.464245e-17 -2.374349e+00
1.011720e-02 9.713528e-03 2.644590e+05 2.487329e-04 7.749256e-17 -2.362216e+00
1.016391e-02 9.758374e-03 2.632474e+05 2.651986e-04 8.045146e-17 -2.350083e+00
1.021083e-02 9.803427e-03 2.620413e+05 2.820910e-04 8.352330e-17 -2.337950e+00
1.025797e-02 9.848690e-03 2.608407e+05 2.994134e-04 8.671240e-17 -2.325817e+00
1.030533e-02 9.894161e-03 2.596457e+05 3.171691e-04 9.002321e-17 -2.313685e+00
1.035291e-02 9.939844e-03 2.584561e+05 3.353614e-04 9.346040e-17 -2.301553e+00
1.040071e-02 9.985738e-03 2.572721e+05 3.539931e-04 9.702877e-17 -2.289420e+00
1.044872e-02 1.003185e-02 2.560934e+05 3.730674e-04 1.007333e-16 -2.277288e+00
1.049696e-02 1.007817e-02 2.549202e+05 3.925871e-04 1.045793e-16 -2.265156e+00
1.054542e-02 1.012470e-02 2.537524e+05 4.125549e-04 1.085720e-16 -2.253024e+00
1.059411e-02 1.017145e-02 2.525899e+05 4.329735e-04 1.127172e-16 -2.240892e+00
1.064302e-02 1.021842e-02 2.514328e+05 4.538453e-04 1.170205e-16 -2.228761e+00
1.069215e-02 1.026561e-02 2.502810e+05 4.751730e-04 1.214880e-16 -2.216629e+00
1.074152e-02 1.031301e-02 2.491344e+05 4.969587e-04 1.261261e-16 -2.204498e+00
1.079111e-02 1.036063e-02 2.479932e+05 5.192046e-04 1.309411e-16 -2.192366e+00
1.084093e-02 1.040848e-02 2.468572e+05 5.419130e-04 1.359399e-16 -2.180235e+00
1.089098e-02 1.045654e-02 2.457264e+05 5.650857e-04 1.411295e-16 -2.168104e+00
1.094126e-02 1.050483e-02 2.446008e+05 5.887246e-04 1.465171e-16 -2.155972e+00
1.099177e-02 1.055335e-02 2.434804e+05 6.128315e-04 1.521103e-16 -2.143841e+00
1.104252e-02 1.060209e-02 2.423651e+05 6.374081e-04 1.579170e-16 -2.131710e+00
1.109350e-02 1.065105e-02 2.412549e+05 6.624559e-04 1.639452e-16 -2.119580e+00
1.114471e-02 1.070024e-02 2.401499e+05 6.879763e-04 1.702034e-16 -2.107449e+00
1.119616e-02 1.074966e-02 2.390499e+05 7.139706e-04 1.767004e-16 -2.095318e+00
1.124785e-02 1.079931e-02 2.379550e+05 7.404401e-04 1.834454e-16 -2.083187e+00
1.129978e-02 1.084919e-02 2.368651e+05 7.673857e-04 1.904477e-16 -2.071057e+00
1.135195e-02 1.089930e-02 2.357802e+05 7.948086e-04 1.977171e-16 -2.058926e+00
1.140436e-02 1.094964e-02 2.347003e+05 8.227096e-04 2.052639e-16 -2.046796e+00
1.145701e-02 1.100022e-02 2.336254e+05 8.510893e-04 2.130987e-16 -2.034665e+00
1.150990e-02 1.105103e-02 2.325554e+05 8.799485e-04 2.212324e-16 -2.022535e+00
1.156304e-02 1.110207e-02 2.314903e+05 9.092875e-04 2.296763e-16 -2.010405e+00
1.161642e-02 1.115336e-02 2.304302e+05 9.391064e-04 2.384419e-16 -1.998275e+00
1.167005e-02 1.120488e-02 2.293750e+05 9.694053e-04 2.475415e-16 -1.986146e+00
1.172393e-02 1.125664e-02 2.283247e+05 1.000185e-03 2.569879e-16 -1.974017e+00
1.177806e-02 1.130864e-02 2.272792e+05 1.031445e-03 2.667943e-16 -1.961889e+00
1.183243e-02 1.136088e-02 2.262386e+05 1.063186e-03 2.769745e-16 -1.949761e+00
1.188706e-02 1.141337e-02 2.252028e+05 1.095407e-03 2.875428e-16 -1.937634e+00
1.194194e-02 1.146610e-02 2.241717e+05 1.128109e-03 2.985142e-16 -1.925506e+00
1.199707e-02 1.151907e-02 2.231454e+05 1.161292e-03 3.099040e-16 -1.913379e+00
1.205246e-02 1.157229e-02 2.221237e+05 1.194954e-03 3.217283e-16 -1.901251e+00
1.210810e-02 1.162576e-02 2.211068e+05 1.229095e-03 3.340036e-16 -1.889123e+00
1.216400e-02 1.167947e-02 2.200945e+05 1.263716e-03 3.467474e-16 -1.876995e+00
1.222016e-02 1.173343e-02 2.190868e+05 1.298814e-03 3.599774e-16 -1.864867e+00
1.227657e-02 1.178765e-02 2.180838e+05 1.334389e-03 3.737123e-16 -1.852738e+00
1.233325e-02 1.184211e-02 2.170853e+05 1.370441e-03 3.879715e-16 -1.840609e+00
1.239019e-02 1.189683e-02 2.160914e+05 1.406968e-03 4.027749e-16 -1.828479e+00
1.244739e-02 1.195180e-02 2.151020e+05 1.443968e-03 4.181433e-16 -1.816350e+00
1.250486e-02 1.200702e-02 2.141172e+05 1.481441e-03 4.340984e-16 -1.804219e+00
1.256259e-02 1.206251e-02 2.131368e+05 1.519385e-03 4.506626e-16 -1.792089e+00
1.262059e-02 1.211824e-02 2.121609e+05 1.557799e-03 4.678590e-16 -1.779958e+00
1.267885e-02 1.217424e-02 2.111895e+05 1.596681e-03 4.857119e-16 -1.767826e+00
1.273739e-02 1.223050e-02 2.102225e+05 1.636028e-03 5.042462e-16 -1.755694e+00
1.279619e-02 1.228702e-02 2.092599e+05 1.675841e-03 5.234880e-16 -1.743562e+00
1.285527e-02 1.234380e-02 2.083017e+05 1.716115e-03 5.434642e-16 -1.731429e+00
1.291462e-02 1.240084e-02 2.073479e+05 1.756851e-03 5.642027e-16 -1.719297e+00
1.297424e-02 1.245815e-02 2.063985e+05 1.798044e-03 5.857325e-16 -1.707163e+00
1.303414e-02 1.251572e-02 2.054534e+05 1.839693e-03 6.080838e-16 -1.695030e+00
1.309432e-02 1.257356e-02 2.045127e+05 1.881796e-03 6.312878e-16 -1.682896e+00
1.315477e-02 1.263167e-02 2.035763e+05 1.924351e-03 6.553767e-16 -1.670763e+00
1.321550e-02 1.269005e-02 2.026442e+05 1.967354e-03 6.803843e-16 -1.658629e+00
1.327651e-02 1.274870e-02 2.017163e+05 2.010804e-03 7.063452e-16 -1.646495e+00
1.333781e-02 1.280762e-02 2.007928e+05 2.054697e-03 7.332956e-16 -1.634362e+00
1.339938e-02 1.286681e-02 1.998736e+05 2.099031e-03 7.612729e-16 -1.622229e+00
1.346124e-02 1.292628e-02 1.989586e+05 2.143804e-03 7.903160e-16 -1.610096e+00
1.352339e-02 1.298603e-02 1.980478e+05 2.189012e-03 8.204650e-16 -1.597963e+00
1.358582e-02 1.304605e-02 1.971413e+05 2.234652e-03 8.517617e-16 -1.585832e+00
1.364855e-02 1.310635e-02 1.962391e+05 2.280721e-03 8.842492e-16 -1.573700e+00
1.371156e-02 1.316693e-02 1.953410e+05 2.327218e-03 9.179724e-16 -1.561570e+00
1.377486e-02 1.322779e-02 1.944472e+05 2.374137e-03 9.529778e-16 -1.549441e+00
1.383846e-02 1.328893e-02 1.935575e+05 2.421477e-03 9.893133e-16 -1.537313e+00
1.390234e-02 1.335036e-02 1.926721e+05 2.469233e-03 1.027029e-15 -1.525186e+00
1.396653e-02 1.341207e-02 1.917908e+05 2.517404e-03 1.066176e-15 -1.513061e+00
1.403101e-02 1.347406e-02 1.909138e+05 2.565985e-03 1.106809e-15 -1.500938e+00
1.409578e-02 1.353635e-02 1.900408e+05 2.614974e-03 1.148982e-15 -1.488816e+00
1.416086e-02 1.359892e-02 1.891721e+05 2.664366e-03 1.192753e-15 -1.476696e+00
1.422624e-02 1.366179e-02 1.883075e+05 2.714160e-03 1.238182e-15 -1.464579e+00
1.429191e-02 1.372494e-02 1.874471e+05 2.764351e-03 1.285330e-15 -1.452464e+00
1.435790e-02 1.378839e-02 1.865908e+05 2.814936e-03 1.334260e-15 -1.440351e+00
1.442418e-02 1.385214e-02 1.857386e+05 2.865912e-03 1.385040e-15 -1.428242e+00
1.449078e-02 1.391618e-02 1.848906e+05 2.917275e-03 1.437736e-15 -1.416136e+00
1.455767e-02 1.398051e-02 1.840467e+05 2.969023e-03 1.492421e-15 -1.404032e+00
1.462488e-02 1.404515e-02 1.832068e+05 3.021151e-03 1.549173e-15 -1.391931e+00
1.469240e-02 1.411009e-02 1.823710e+05 3.073656e-03 1.608073e-15 -1.379832e+00
1.476023e-02 1.417533e-02 1.815391e+05 3.126535e-03 1.669200e-15 -1.367735e+00
1.482838e-02 1.424087e-02 1.807111e+05 3.179783e-03 1.732638e-15 -1.355639e+00
1.489684e-02 1.430672e-02 1.798871e+05 3.233397e-03 1.798476e-15 -1.343545e+00
1.496561e-02 1.437287e-02 1.790670e+05 3.287373e-03 1.866801e-15 -1.331453e+00
1.503470e-02 1.443934e-02 1.782507e+05 3.341708e-03 1.937710e-15 -1.319363e+00
1.510411e-02 1.450611e-02 1.774384e+05 3.396397e-03 2.011299e-15 -1.307274e+00
1.517384e-02 1.457319e-02 1.766298e+05 3.451437e-03 2.087668e-15 -1.295188e+00
1.524390e-02 1.464059e-02 1.758251e+05 3.506823e-03 2.166923e-15 -1.283103e+00
1.531427e-02 1.470830e-02 1.750243e+05 3.562552e-03 2.249171e-15 -1.271019e+00
1.538498e-02 1.477633e-02 1.742272e+05 3.618620e-03 2.334527e-15 -1.258937e+00
1.545600e-02 1.484467e-02 1.734338e+05 3.675022e-03 2.423106e-15 -1.246857e+00
1.552736e-02 1.491333e-02 1.726442e+05 3.731755e-03 2.515030e-15 -1.234779e+00
1.559905e-02 1.498232e-02 1.718584e+05 3.788815e-03 2.610425e-15 -1.222702e+00
1.567106e-02 1.505162e-02 1.710762e+05 3.846197e-03 2.709422e-15 -1.210626e+00
1.574341e-02 1.512125e-02 1.702978e+05 3.903897e-03 2.812156e-15 -1.198552e+00
1.581609e-02 1.519120e-02 1.695230e+05 3.961911e-03 2.918767e-15 -1.186480e+00
1.588911e-02 1.526148e-02 1.687518e+05 4.020235e-03 3.029401e-15 -1.174409e+00
1.596247e-02 1.533209e-02 1.679843e+05 4.078865e-03 3.144210e-15 -1.162339e+00
1.603616e-02 1.540303e-02 1.672204e+05 4.137796e-03 3.263351e-15 -1.150271e+00
1.611020e-02 1.547430e-02 1.664601e+05 4.197024e-03 3.386986e-15 -1.138204e+00
1.618457e-02 1.554590e-02 1.657034e+05 4.256545e-03 3.515285e-15 -1.126139e+00
1.625929e-02 1.561784e-02 1.649502e+05 4.316355e-03 3.648422e-15 -1.114075e+00
1.633436e-02 1.569012e-02 1.642006e+05 4.376449e-03 3.786581e-15 -1.102013e+00
1.640977e-02 1.576273e-02 1.634544e+05 4.436822e-03 3.929949e-15 -1.089952e+00
1.648553e-02 1.583568e-02 1.627118e+05 4.497471e-03 4.078722e-15 -1.077892e+00
1.656164e-02 1.590897e-02 1.619727e+05 4.558391e-03 4.233103e-15 -1.065833e+00
1.663810e-02 1.598261e-02 1.612370e+05 4.619578e-03 4.393304e-15 -1.053776e+00
1.671491e-02 1.605659e-02 1.605048e+05 4.681027e-03 4.559542e-15 -1.041720e+00
1.679208e-02 1.613091e-02 1.597761e+05 4.742733e-03 4.732045e-15 -1.029665e+00
1.686960e-02 1.620559e-02 1.590507e+05 4.804693e-03 4.911048e-15 -1.017612e+00
1.694748e-02 1.628061e-02 1.583287e+05 4.866902e-03 5.096795e-15 -1.005559e+00
1.702573e-02 1.635599e-02 1.576101e+05 4.929355e-03 5.289539e-15 -9.935082e-01
1.710433e-02 1.643171e-02 1.568949e+05 4.992049e-03 5.489543e-15 -9.814582e-01
1.718329e-02 1.650780e-02 1.561830e+05 5.054977e-03 5.697080e-15 -9.694094e-01
1.726262e-02 1.658423e-02 1.554745e+05 5.118137e-03 5.912433e-15 -9.573618e-01
1.734232e-02 1.666103e-02 1.547692e+05 5.181523e-03 6.135895e-15 -9.453152e-01
1.742239e-02 1.673819e-02 1.540673e+05 5.245131e-03 6.367771e-15 -9.332698e-01
1.750282e-02 1.681570e-02 1.533686e+05 5.308956e-03 6.608375e-15 -9.212255e-01
1.758363e-02 1.689359e-02 1.526732e+05 5.372994e-03 6.858037e-15 -9.091823e-01
1.766480e-02 1.697183e-02 1.519810e+05 5.437240e-03 7.117096e-15 -8.971402e-01
1.774636e-02 1.705044e-02 1.512921e+05 5.501691e-03 7.385904e-15 -8.850991e-01
1.782829e-02 1.712943e-02 1.506064e+05 5.566340e-03 7.664827e-15 -8.730590e-01
1.791060e-02 1.720878e-02 1.499239e+05 5.631184e-03 7.954246e-15 -8.610200e-01
1.799328e-02 1.728850e-02 1.492445e+05 5.696219e-03 8.254553e-15 -8.489820e-01
1.807635e-02 1.736860e-02 1.485683e+05 5.761439e-03 8.566157e-15 -8.369450e-01
1.815981e-02 1.744907e-02 1.478953e+05 5.826840e-03 8.889481e-15 -8.249090e-01
1.824365e-02 1.752992e-02 1.472254e+05 5.892417e-03 9.224967e-15 -8.128740e-01
1.832787e-02 1.761115e-02 1.465586e+05 5.958167e-03 9.573069e-15 -8.008399e-01
1.841249e-02 1.769276e-02 1.458950e+05 6.024084e-03 9.934260e-15 -7.888068e-01
1.849749e-02 1.777475e-02 1.452344e+05 6.090164e-03 1.030903e-14 -7.767746e-01
1.858289e-02 1.785713e-02 1.445769e+05 6.156402e-03 1.069789e-14 -7.647434e-01
1.866868e-02 1.793989e-02 1.439224e+05 6.222794e-03 1.110137e-14 -7.527130e-01
1.875487e-02 1.802305e-02 1.432710e+05 6.289336e-03 1.152002e-14 -7.406836e-01
1.884145e-02 1.810659e-02 1.426226e+05 6.356022e-03 1.195440e-14 -7.286551e-01
1.892844e-02 1.819052e-02 1.419772e+05 6.422848e-03 1.240511e-14 -7.166274e-01
1.901583e-02 1.827485e-02 1.413348e+05 6.489810e-03 1.287275e-14 -7.046006e-01
1.910362e-02 1.835958e-02 1.406954e+05 6.556904e-03 1.335796e-14 -6.925747e-01
1.919181e-02 1.844470e-02 1.400590e+05 6.624124e-03 1.386140e-14 -6.805496e-01
1.928042e-02 1.853022e-02 1.394255e+05 6.691466e-03 1.438376e-14 -6.685253e-01
1.936943e-02 1.861614e-02 1.387949e+05 6.758926e-03 1.492573e-14 -6.565019e-01
1.945885e-02 1.870247e-02 1.381673e+05 6.826500e-03 1.548806e-14 -6.444793e-01
1.954869e-02 1.878920e-02 1.375426e+05 6.894182e-03 1.607151e-14 -6.324575e-01
1.963894e-02 1.887634e-02 1.369208e+05 6.961969e-03 1.667687e-14 -6.204365e-01
1.972961e-02 1.896389e-02 1.363018e+05 7.029855e-03 1.730496e-14 -6.084163e-01
1.982069e-02 1.905185e-02 1.356858e+05 7.097837e-03 1.795663e-14 -5.963969e-01
1.991220e-02 1.914022e-02 1.350725e+05 7.165910e-03 1.863277e-14 -5.843783e-01
2.000413e-02 1.922901e-02 1.344621e+05 7.234069e-03 1.933429e-14 -5.723604e-01
2.009648e-02 1.931821e-02 1.338546e+05 7.302311e-03 2.006214e-14 -5.603432e-01
2.018926e-02 1.940784e-02 1.332498e+05 7.370631e-03 2.081730e-14 -5.483268e-01
2.028247e-02 1.949788e-02 1.326479e+05 7.439023e-03 2.160081e-14 -5.363112e-01
2.037611e-02 1.958835e-02 1.320487e+05 7.507485e-03 2.241372e-14 -5.242962e-01
2.047018e-02 1.967924e-02 1.314523e+05 7.576012e-03 2.325712e-14 -5.122820e-01
2.056468e-02 1.977056e-02 1.308586e+05 7.644599e-03 2.413218e-14 -5.002685e-01
2.065962e-02 1.986231e-02 1.302677e+05 7.713242e-03 2.504006e-14 -4.882557e-01
2.075500e-02 1.995449e-02 1.296796e+05 7.781936e-03 2.598199e-14 -4.762436e-01
2.085082e-02 2.004710e-02 1.290941e+05 7.850678e-03 2.695926e-14 -4.642322e-01
2.094709e-02 2.014015e-02 1.285114e+05 7.919463e-03 2.797318e-14 -4.522214e-01
2.104379e-02 2.023364e-02 1.279313e+05 7.988287e-03 2.902512e-14 -4.402113e-01
2.114095e-02 2.032756e-02 1.273539e+05 8.057145e-03 3.011651e-14 -4.282019e-01
2.123855e-02 2.042193e-02 1.267792e+05 8.126033e-03 3.124882e-14 -4.161931e-01
2.133660e-02 2.051674e-02 1.262071e+05 8.194948e-03 3.242359e-14 -4.041850e-01
2.143511e-02 2.061200e-02 1.256376e+05 8.263884e-03 3.364240e-14 -3.921776e-01
2.153407e-02 2.070770e-02 1.250708e+05 8.332838e-03 3.490690e-14 -3.801707e-01
2.163348e-02 2.080385e-02 1.245066e+05 8.401805e-03 3.621879e-14 -3.681645e-01
2.173336e-02 2.090046e-02 1.239450e+05 8.470781e-03 3.757986e-14 -3.561589e-01
2.183369e-02 2.099752e-02 1.233860e+05 8.539763e-03 3.899193e-14 -3.441539e-01
2.193449e-02 2.109503e-02 1.228296e+05 8.608745e-03 4.045693e-14 -3.321495e-01
2.203576e-02 2.119301e-02 1.222757e+05 8.677724e-03 4.197682e-14 -3.201457e-01
2.213749e-02 2.129144e-02 1.217243e+05 8.746696e-03 4.355365e-14 -3.081426e-01
2.223969e-02 2.139034e-02 1.211755e+05 8.815657e-03 4.518957e-14 -2.961400e-01
2.234237e-02 2.148970e-02 1.206293e+05 8.884602e-03 4.688676e-14 -2.841380e-01
2.244552e-02 2.158953e-02 1.200855e+05 8.953527e-03 4.864754e-14 -2.721365e-01
2.254914e-02 2.168983e-02 1.195443e+05 9.022429e-03 5.047427e-14 -2.601356e-01
2.265324e-02 2.179060e-02 1.190055e+05 9.091303e-03 5.236942e-14 -2.481353e-01
2.275783e-02 2.189185e-02 1.184692e+05 9.160145e-03 5.433554e-14 -2.361356e-01
2.286289e-02 2.199357e-02 1.179354e+05 9.228952e-03 5.637529e-14 -2.241364e-01
2.296845e-02 2.209577e-02 1.174040e+05 9.297719e-03 5.849142e-14 -2.121378e-01
2.307449e-02 2.219845e-02 1.168751e+05 9.366443e-03 6.068679e-14 -2.001397e-01
2.318101e-02 2.230161e-02 1.163486e+05 9.435119e-03 6.296434e-14 -1.881421e-01
2.328803e-02 2.240526e-02 1.158245e+05 9.503744e-03 6.532717e-14 -1.761451e-01
2.339555e-02 2.250939e-02 1.153028e+05 9.572313e-03 6.777844e-14 -1.641486e-01
2.350356e-02 2.261402e-02 1.147835e+05 9.640823e-03 7.032147e-14 -1.521526e-01
2.361207e-02 2.271914e-02 1.142666e+05 9.709270e-03 7.295968e-14 -1.401571e-01
2.372108e-02 2.282475e-02 1.137521e+05 9.777651e-03 7.569664e-14 -1.281622e-01
2.383059e-02 2.293086e-02 1.132399e+05 9.845960e-03 7.853601e-14 -1.161677e-01
2.394061e-02 2.303747e-02 1.127301e+05 9.914194e-03 8.148165e-14 -1.041738e-01
2.405114e-02 2.314457e-02 1.122226e+05 9.982351e-03 8.453750e-14 -9.218035e-02
2.416217e-02 2.325219e-02 1.117174e+05 1.005042e-02 8.770769e-14 -8.018740e-02
2.427372e-02 2.336031e-02 1.112146e+05 1.011841e-02 9.099648e-14 -6.819493e-02
2.438579e-02 2.346893e-02 1.107140e+05 1.018631e-02 9.440831e-14 -5.620295e-02
2.449837e-02 2.357807e-02 1.102158e+05 1.025412e-02 9.794777e-14 -4.421144e-02
2.461147e-02 2.368773e-02 1.097198e+05 1.032182e-02 1.016196e-13 -3.222041e-02
2.472510e-02 2.379789e-02 1.092261e+05 1.038943e-02 1.054288e-13 -2.022985e-02
2.483925e-02 2.390858e-02 1.087347e+05 1.045693e-02 1.093805e-13 -8.239758e-03
2.495392e-02 2.401979e-02 1.082455e+05 1.052433e-02 1.134799e-13 3.749874e-03
2.506913e-02 2.413152e-02 1.077586e+05 1.059161e-02 1.177327e-13 1.573905e-02
2.518486e-02 2.424377e-02 1.072739e+05 1.065878e-02 1.221444e-13 2.772777e-02
2.530114e-02 2.435656e-02 1.067914e+05 1.072582e-02 1.267212e-13 3.971605e-02
2.541794e-02 2.446987e-02 1.063111e+05 1.079275e-02 1.314690e-13 5.170388e-02
2.553529e-02 2.458372e-02 1.058330e+05 1.085955e-02 1.363944e-13 6.369127e-02
2.565318e-02 2.469810e-02 1.053571e+05 1.092622e-02 1.415038e-13 7.567822e-02
2.577161e-02 2.481302e-02 1.048834e+05 1.099275e-02 1.468043e-13 8.766475e-02
2.589059e-02 2.492849e-02 1.044118e+05 1.105915e-02 1.523029e-13 9.965084e-02
2.601012e-02 2.504449e-02 1.039424e+05 1.112541e-02 1.580070e-13 1.116365e-01
2.613021e-02 2.516104e-02 1.034751e+05 1.119153e-02 1.639243e-13 1.236218e-01
2.625084e-02 2.527814e-02 1.030100e+05 1.125749e-02 1.700628e-13 1.356066e-01
2.637203e-02 2.539579e-02 1.025470e+05 1.132331e-02 1.764306e-13 1.475910e-01
2.649379e-02 2.551400e-02 1.020861e+05 1.138897e-02 1.830364e-13 1.595750e-01
2.661610e-02 2.563276e-02 1.016273e+05 1.145448e-02 1.898890e-13 1.715587e-01
2.673898e-02 2.575208e-02 1.011706e+05 1.151982e-02 1.969977e-13 1.835419e-01
2.686243e-02 2.587196e-02 1.007160e+05 1.158500e-02 2.043719e-13 1.955247e-01
2.698644e-02 2.599240e-02 1.002635e+05 1.165001e-02 2.120217e-13 2.075071e-01
2.711103e-02 2.611341e-02 9.981298e+04 1.171485e-02 2.199572e-13 2.194892e-01
2.723619e-02 2.623499e-02 9.936457e+04 1.177952e-02 2.281891e-13 2.314708e-01
2.736194e-02 2.635714e-02 9.891820e+04 1.184401e-02 2.367285e-13 2.434521e-01
2.748826e-02 2.647987e-02 9.847386e+04 1.190831e-02 2.455869e-13 2.554330e-01
2.761516e-02 2.660318e-02 9.803155e+04 1.197244e-02 2.547761e-13 2.674135e-01
2.774266e-02 2.672706e-02 9.759126e+04 1.203637e-02 2.643086e-13 2.793936e-01
2.787074e-02 2.685153e-02 9.715297e+04 1.210011e-02 2.741969e-13 2.913734e-01
2.799941e-02 2.697658e-02 9.671668e+04 1.216366e-02 2.844546e-13 3.033528e-01
2.812867e-02 2.710223e-02 9.628238e+04 1.222702e-02 2.950953e-13 3.153319e-01
2.825853e-02 2.722846e-02 9.585006e+04 1.229017e-02 3.061333e-13 3.273106e-01
2.838900e-02 2.735529e-02 9.541970e+04 1.235311e-02 3.175834e-13 3.392890e-01
2.852006e-02 2.748271e-02 9.499131e+04 1.241585e-02 3.294610e-13 3.512670e-01
2.865173e-02 2.761073e-02 9.456486e+04 1.247838e-02 3.417820e-13 3.632446e-01
2.878401e-02 2.773936e-02 9.414036e+04 1.254070e-02 3.545630e-13 3.752219e-01
2.891689e-02 2.786859e-02 9.371779e+04 1.260280e-02 3.678211e-13 3.871989e-01
2.905039e-02 2.799843e-02 9.329714e+04 1.266468e-02 3.815741e-13 3.991755e-01
2.918451e-02 2.812888e-02 9.287840e+04 1.272634e-02 3.958404e-13 4.111519e-01
2.931925e-02 2.825995e-02 9.246157e+04 1.278777e-02 4.106392e-13 4.231278e-01
2.945461e-02 2.839163e-02 9.204663e+04 1.284897e-02 4.259903e-13 4.351035e-01
2.959059e-02 2.852393e-02 9.163359e+04 1.290994e-02 4.419143e-13 4.470788e-01
2.972720e-02 2.865685e-02 9.122242e+04 1.297067e-02 4.584326e-13 4.590539e-01
2.986444e-02 2.879040e-02 9.081311e+04 1.303117e-02 4.755673e-13 4.710286e-01
3.000232e-02 2.892458e-02 9.040567e+04 1.309143e-02 4.933414e-13 4.830030e-01
3.014083e-02 2.905939e-02 9.000008e+04 1.315144e-02 5.117787e-13 4.949770e-01
3.027998e-02 2.919483e-02 8.959633e+04 1.321120e-02 5.309040e-13 5.069508e-01
3.041978e-02 2.933091e-02 8.919442e+04 1.327071e-02 5.507428e-13 5.189243e-01
3.056022e-02 2.946763e-02 8.879433e+04 1.332997e-02 5.713218e-13 5.308975e-01
3.070130e-02 2.960499e-02 8.839606e+04 1.338898e-02 5.926685e-13 5.428704e-01
3.084304e-02 2.974300e-02 8.799959e+04 1.344772e-02 6.148116e-13 5.548430e-01
3.098544e-02 2.988166e-02 8.760493e+04 1.350620e-02 6.377807e-13 5.668153e-01
3.112849e-02 3.002098e-02 8.721206e+04 1.356442e-02 6.616066e-13 5.787873e-01
3.127220e-02 3.016094e-02 8.682097e+04 1.362236e-02 6.863213e-13 5.907591e-01
3.141657e-02 3.030157e-02 8.643165e+04 1.368004e-02 7.119578e-13 6.027306e-01
3.156162e-02 3.044286e-02 8.604410e+04 1.373744e-02 7.385505e-13 6.147018e-01
3.170733e-02 3.058481e-02 8.565831e+04 1.379457e-02 7.661351e-13 6.266727e-01
3.185371e-02 3.072743e-02 8.527426e+04 1.385142e-02 7.947484e-13 6.386434e-01
3.200077e-02 3.087073e-02 8.489196e+04 1.390798e-02 8.244288e-13 6.506138e-01
3.214851e-02 3.101469e-02 8.451139e+04 1.396426e-02 8.552161e-13 6.625839e-01
3.229693e-02 3.115934e-02 8.413255e+04 1.402025e-02 8.871515e-13 6.745538e-01
3.244603e-02 3.130466e-02 8.375542e+04 1.407594e-02 9.202778e-13 6.865234e-01
3.259583e-02 3.145067e-02 8.338000e+04 1.413135e-02 9.546393e-13 6.984928e-01
3.274631e-02 3.159737e-02 8.300628e+04 1.418645e-02 9.902821e-13 7.104620e-01
3.289749e-02 3.174475e-02 8.263426e+04 1.424126e-02 1.027254e-12 7.224309e-01
3.304937e-02 3.189283e-02 8.226391e+04 1.429577e-02 1.065604e-12 7.343995e-01
3.320195e-02 3.204161e-02 8.189525e+04 1.434996e-02 1.105384e-12 7.463680e-01
3.335524e-02 3.219108e-02 8.152825e+04 1.440385e-02 1.146647e-12 7.583362e-01
3.350923e-02 3.234126e-02 8.116292e+04 1.445743e-02 1.189449e-12 7.703041e-01
3.366393e-02 3.249215e-02 8.079924e+04 1.451070e-02 1.233846e-12 7.822719e-01
3.381935e-02 3.264375e-02 8.043720e+04 1.456365e-02 1.279899e-12 7.942394e-01
3.397548e-02 3.279606e-02 8.007680e+04 1.461628e-02 1.327668e-12 8.062067e-01
3.413234e-02 3.294908e-02 7.971803e+04 1.466859e-02 1.377218e-12 8.181738e-01
3.428992e-02 3.310283e-02 7.936089e+04 1.472057e-02 1.428615e-12 8.301407e-01
3.444822e-02 3.325730e-02 7.900536e+04 1.477222e-02 1.481927e-12 8.421074e-01
3.460726e-02 3.341250e-02 7.865143e+04 1.482355e-02 1.537227e-12 8.540739e-01
3.476703e-02 3.356842e-02 7.829911e+04 1.487454e-02 1.594588e-12 8.660402e-01
3.492754e-02 3.372509e-02 7.794838e+04 1.492520e-02 1.654087e-12 8.780063e-01
3.508879e-02 3.388248e-02 7.759923e+04 1.497551e-02 1.715804e-12 8.899722e-01
3.525079e-02 3.404062e-02 7.725166e+04 1.502549e-02 1.779821e-12 9.019379e-01
3.541353e-02 3.419951e-02 7.690566e+04 1.507512e-02 1.846224e-12 9.139034e-01
3.557703e-02 3.435914e-02 7.656123e+04 1.512441e-02 1.915102e-12 9.258688e-01
3.574127e-02 3.451952e-02 7.621835e+04 1.517334e-02 1.986546e-12 9.378340e-01
3.590628e-02 3.468065e-02 7.587701e+04 1.522193e-02 2.060653e-12 9.497990e-01
3.607205e-02 3.484255e-02 7.553722e+04 1.527016e-02 2.137522e-12 9.617638e-01
3.623858e-02 3.500521e-02 7.519896e+04 1.531803e-02 2.217255e-12 9.737285e-01
3.640589e-02 3.516863e-02 7.486223e+04 1.536554e-02 2.299960e-12 9.856930e-01
3.657396e-02 3.533282e-02 7.452701e+04 1.541269e-02 2.385747e-12 9.976574e-01
3.674282e-02 3.549778e-02 7.419331e+04 1.545947e-02 2.474730e-12 1.009622e+00
3.691245e-02 3.566352e-02 7.386112e+04 1.550589e-02 2.567029e-12 1.021586e+00
3.708286e-02 3.583004e-02 7.353042e+04 1.555193e-02 2.662767e-12 1.033550e+00
3.725406e-02 3.599734e-02 7.320121e+04 1.559761e-02 2.762073e-12 1.045513e+00
3.742605e-02 3.616544e-02 7.287349e+04 1.564290e-02 2.865079e-12 1.057477e+00
3.759884e-02 3.633432e-02 7.254724e+04 1.568782e-02 2.971923e-12 1.069440e+00
3.777242e-02 3.650399e-02 7.222247e+04 1.573236e-02 3.082748e-12 1.081404e+00
3.794681e-02 3.667447e-02 7.189916e+04 1.577651e-02 3.197703e-12 1.093367e+00
3.812200e-02 3.684574e-02 7.157730e+04 1.582028e-02 3.316940e-12 1.105330e+00
3.829799e-02 3.701783e-02 7.125690e+04 1.586365e-02 3.440620e-12 1.117293e+00
3.847481e-02 3.719072e-02 7.093793e+04 1.590664e-02 3.568908e-12 1.129256e+00
3.865243e-02 3.736442e-02 7.062041e+04 1.594923e-02 3.701976e-12 1.141219e+00
3.883088e-02 3.753895e-02 7.030431e+04 1.599143e-02 3.840002e-12 1.153182e+00
3.901015e-02 3.771429e-02 6.998964e+04 1.603322e-02 3.983170e-12 1.165144e+00
3.919025e-02 3.789046e-02 6.967638e+04 1.607461e-02 4.131672e-12 1.177107e+00
3.937118e-02 3.806746e-02 6.936454e+04 1.611560e-02 4.285707e-12 1.189069e+00
3.955295e-02 3.824529e-02 6.905409e+04 1.615618e-02 4.445480e-12 1.201031e+00
3.973555e-02 3.842396e-02 6.874504e+04 1.619636e-02 4.611206e-12 1.212994e+00
3.991900e-02 3.860347e-02 6.843739e+04 1.623612e-02 4.783106e-12 1.224956e+00
4.010329e-02 3.878382e-02 6.813111e+04 1.627546e-02 4.961411e-12 1.236918e+00
4.028844e-02 3.896502e-02 6.782622e+04 1.631439e-02 5.146358e-12 1.248880e+00
4.047444e-02 3.914707e-02 6.752269e+04 1.635289e-02 5.338195e-12 1.260842e+00
4.066130e-02 3.932999e-02 6.722053e+04 1.639098e-02 5.537179e-12 1.272803e+00
4.084902e-02 3.951376e-02 6.691973e+04 1.642864e-02 5.743577e-12 1.284765e+00
4.103761e-02 3.969839e-02 6.662027e+04 1.646587e-02 5.957663e-12 1.296727e+00
4.122707e-02 3.988390e-02 6.632217e+04 1.650267e-02 6.179725e-12 1.308689e+00
4.141740e-02 4.007027e-02 6.602540e+04 1.653903e-02 6.410060e-12 1.320650e+00
4.160861e-02 4.025753e-02 6.572997e+04 1.657497e-02 6.648976e-12 1.332612e+00
4.180071e-02 4.044566e-02 6.543586e+04 1.661046e-02 6.896793e-12 1.344574e+00
4.199369e-02 4.063468e-02 6.514308e+04 1.664551e-02 7.153842e-12 1.356535e+00
4.218756e-02 4.082459e-02 6.485160e+04 1.668012e-02 7.420467e-12 1.368497e+00
4.238233e-02 4.101540e-02 6.456144e+04 1.671429e-02 7.697026e-12 1.380458e+00
4.257800e-02 4.120710e-02 6.427258e+04 1.674800e-02 7.983887e-12 1.392420e+00
4.277457e-02 4.139970e-02 6.398501e+04 1.678127e-02 8.281436e-12 1.404381e+00
4.297205e-02 4.159321e-02 6.369874e+04 1.681408e-02 8.590069e-12 1.416342e+00
4.317044e-02 4.178763e-02 6.341375e+04 1.684643e-02 8.910201e-12 1.428304e+00
4.336974e-02 4.198296e-02 6.313004e+04 1.687833e-02 9.242260e-12 1.440265e+00
4.356997e-02 4.217922e-02 6.284760e+04 1.690976e-02 9.586689e-12 1.452227e+00
4.377112e-02 4.237639e-02 6.256642e+04 1.694074e-02 9.943951e-12 1.464188e+00
4.397320e-02 4.257450e-02 6.228651e+04 1.697124e-02 1.031452e-11 1.476150e+00
4.417621e-02 4.277353e-02 6.200785e+04 1.700128e-02 1.069890e-11 1.488111e+00
4.438016e-02 4.297350e-02 6.173045e+04 1.703084e-02 1.109760e-11 1.500073e+00
4.458505e-02 4.317442e-02 6.145428e+04 1.705993e-02 1.151115e-11 1.512034e+00
4.479088e-02 4.337627e-02 6.117935e+04 1.708855e-02 1.194012e-11 1.523996e+00
4.499767e-02 4.357908e-02 6.090566e+04 1.711668e-02 1.238506e-11 1.535957e+00
4.520541e-02 4.378284e-02 6.063318e+04 1.714434e-02 1.284658e-11 1.547919e+00
4.541411e-02 4.398756e-02 6.036193e+04 1.717151e-02 1.332530e-11 1.559880e+00
4.562378e-02 4.419325e-02 6.009190e+04 1.719819e-02 1.382186e-11 1.571842e+00
4.583441e-02 4.439990e-02 5.982307e+04 1.722438e-02 1.433691e-11 1.583804e+00
4.604601e-02 4.460752e-02 5.955545e+04 1.725008e-02 1.487116e-11 1.595766e+00
4.625859e-02 4.481612e-02 5.928902e+04 1.727529e-02 1.542531e-11 1.607728e+00
4.647216e-02 4.502570e-02 5.902379e+04 1.730000e-02 1.600012e-11 1.619690e+00
4.668671e-02 4.523627e-02 5.875974e+04 1.732421e-02 1.659634e-11 1.631652e+00
4.690225e-02 4.544782e-02 5.849688e+04 1.734792e-02 1.721478e-11 1.643614e+00
4.711878e-02 4.566038e-02 5.823519e+04 1.737112e-02 1.785627e-11 1.655576e+00
4.733631e-02 4.587393e-02 5.797467e+04 1.739382e-02 1.852165e-11 1.667538e+00
4.755485e-02 4.608848e-02 5.771532e+04 1.741601e-02 1.921184e-11 1.679501e+00
4.777440e-02 4.630405e-02 5.745712e+04 1.743768e-02 1.992775e-11 1.691463e+00
4.799496e-02 4.652063e-02 5.720008e+04 1.745884e-02 2.067033e-11 1.703426e+00
4.821654e-02 4.673823e-02 5.694419e+04 1.747948e-02 2.144059e-11 1.715388e+00
4.843914e-02 4.695685e-02 5.668945e+04 1.749960e-02 2.223956e-11 1.727351e+00
4.866277e-02 4.717650e-02 5.643584e+04 1.751920e-02 2.306830e-11 1.739314e+00
4.888743e-02 4.739718e-02 5.618336e+04 1.753827e-02 2.392794e-11 1.751277e+00
4.911313e-02 4.761890e-02 5.593202e+04 1.755682e-02 2.481961e-11 1.763240e+00
4.933987e-02 4.784166e-02 5.568179e+04 1.757483e-02 2.574451e-11 1.775203e+00
4.956766e-02 4.806547e-02 5.543268e+04 1.759231e-02 2.670389e-11 1.787167e+00
4.979650e-02 4.829034e-02 5.518469e+04 1.760926e-02 2.769903e-11 1.799130e+00
5.002640e-02 4.851626e-02 5.493780e+04 1.762567e-02 2.873127e-11 1.811094e+00
5.025736e-02 4.874324e-02 5.469201e+04 1.764153e-02 2.980198e-11 1.823058e+00
5.048938e-02 4.897129e-02 5.444733e+04 1.765686e-02 3.091261e-11 1.835022e+00
5.072247e-02 4.920042e-02 5.420373e+04 1.767163e-02 3.206464e-11 1.846986e+00
5.095665e-02 4.943062e-02 5.396122e+04 1.768586e-02 3.325961e-11 1.858950e+00
5.119190e-02 4.966190e-02 5.371979e+04 1.769954e-02 3.449914e-11 1.870915e+00
5.142824e-02 4.989427e-02 5.347944e+04 1.771266e-02 3.578488e-11 1.882880e+00
5.166567e-02 5.012773e-02 5.324016e+04 1.772523e-02 3.711855e-11 1.894845e+00
5.190419e-02 5.036229e-02 5.300195e+04 1.773724e-02 3.850195e-11 1.906810e+00
5.214382e-02 5.059796e-02 5.276480e+04 1.774868e-02 3.993693e-11 1.918775e+00
5.238455e-02 5.083473e-02 5.252871e+04 1.775956e-02 4.142542e-11 1.930740e+00
5.262640e-02 5.107262e-02 5.229367e+04 1.776988e-02 4.296942e-11 1.942706e+00
5.286936e-02 5.131162e-02 5.205968e+04 1.777962e-02 4.457098e-11 1.954672e+00
5.311344e-02 5.155175e-02 5.182673e+04 1.778880e-02 4.623228e-11 1.966638e+00
5.335865e-02 5.179300e-02 5.159482e+04 1.779740e-02 4.795552e-11 1.978604e+00
5.360499e-02 5.203539e-02 5.136394e+04 1.780542e-02 4.974304e-11 1.990571e+00
5.385247e-02 5.227893e-02 5.113409e+04 1.781286e-02 5.159722e-11 2.002538e+00
5.410109e-02 5.252360e-02 5.090527e+04 1.781971e-02 5.352055e-11 2.014505e+00
5.435086e-02 5.276943e-02 5.067746e+04 1.782599e-02 5.551563e-11 2.026472e+00
5.460178e-02 5.301641e-02 5.045067e+04 1.783167e-02 5.758512e-11 2.038439e+00
5.485387e-02 5.326455e-02 5.022489e+04 1.783676e-02 5.973180e-11 2.050407e+00
5.510711e-02 5.351386e-02 5.000011e+04 1.784127e-02 6.195857e-11 2.062375e+00
5.536152e-02 5.376434e-02 4.977633e+04 1.784517e-02 6.426841e-11 2.074343e+00
5.561711e-02 5.401600e-02 4.955355e+04 1.784848e-02 6.666441e-11 2.086312e+00
5.587388e-02 5.426884e-02 4.933176e+04 1.785118e-02 6.914981e-11 2.098281e+00
5.613183e-02 5.452286e-02 4.911096e+04 1.785328e-02 7.172795e-11 2.110250e+00
5.639098e-02 5.477809e-02 4.889114e+04 1.785478e-02 7.440227e-11 2.122219e+00
5.665132e-02 5.503451e-02 4.867230e+04 1.785566e-02 7.717639e-11 2.134189e+00
5.691286e-02 5.529214e-02 4.845443e+04 1.785593e-02 8.005402e-11 2.146159e+00
5.717561e-02 5.555098e-02 4.823753e+04 1.785559e-02 8.303904e-11 2.158129e+00
5.743958e-02 5.581103e-02 4.802159e+04 1.785463e-02 8.613546e-11 2.170100e+00
5.770476e-02 5.607231e-02 4.780662e+04 1.785305e-02 8.934745e-11 2.182070e+00
5.797117e-02 5.633481e-02 4.759260e+04 1.785085e-02 9.267931e-11 2.194042e+00
5.823880e-02 5.659855e-02 4.737953e+04 1.784803e-02 9.613553e-11 2.206013e+00
5.850767e-02 5.686353e-02 4.716741e+04 1.784457e-02 9.972077e-11 2.217985e+00
5.877779e-02 5.712975e-02 4.695623e+04 1.784049e-02 1.034398e-10 2.229957e+00
5.904915e-02 5.739723e-02 4.674599e+04 1.783577e-02 1.072977e-10 2.241930e+00
5.932176e-02 5.766596e-02 4.653668e+04 1.783041e-02 1.112997e-10 2.253902e+00
5.959563e-02 5.793595e-02 4.632830e+04 1.782442e-02 1.154510e-10 2.265876e+00
5.987077e-02 5.820721e-02 4.612085e+04 1.781778e-02 1.197574e-10 2.277849e+00
6.014718e-02 5.847975e-02 4.591432e+04 1.781050e-02 1.242245e-10 2.289823e+00
6.042486e-02 5.875356e-02 4.570871e+04 1.780258e-02 1.288585e-10 2.301797e+00
6.070382e-02 5.902867e-02 4.550401e+04 1.779400e-02 1.336655e-10 2.313772e+00
6.098407e-02 5.930506e-02 4.530021e+04 1.778477e-02 1.386520e-10 2.325747e+00
6.126562e-02 5.958276e-02 4.509733e+04 1.777489e-02 1.438248e-10 2.337723e+00
6.154847e-02 5.986175e-02 4.489534e+04 1.776435e-02 1.491908e-10 2.349698e+00
6.183262e-02 6.014206e-02 4.469425e+04 1.775315e-02 1.547572e-10 2.361675e+00
6.211808e-02 6.042369e-02 4.449405e+04 1.774128e-02 1.605316e-10 2.373651e+00
6.240486e-02 6.070663e-02 4.429474e+04 1.772875e-02 1.665217e-10 2.385628e+00
6.269297e-02 6.099091e-02 4.409631e+04 1.771555e-02 1.727355e-10 2.397606e+00
6.298240e-02 6.127652e-02 4.389877e+04 1.770168e-02 1.791816e-10 2.409584e+00
6.327318e-02 6.156348e-02 4.370210e+04 1.768713e-02 1.858685e-10 2.421562e+00
6.356529e-02 6.185178e-02 4.350630e+04 1.767191e-02 1.928053e-10 2.433541e+00
6.385875e-02 6.214143e-02 4.331137e+04 1.765601e-02 2.000013e-10 2.445520e+00
6.415357e-02 6.243244e-02 4.311730e+04 1.763942e-02 2.074662e-10 2.457499e+00
6.444975e-02 6.272483e-02 4.292410e+04 1.762215e-02 2.152102e-10 2.469479e+00
6.474730e-02 6.301858e-02 4.273175e+04 1.760419e-02 2.232436e-10 2.481460e+00
6.504622e-02 6.331371e-02 4.254025e+04 1.758554e-02 2.315773e-10 2.493441e+00
6.534652e-02 6.361023e-02 4.234960e+04 1.756620e-02 2.402226e-10 2.505422e+00
6.564820e-02 6.390814e-02 4.215980e+04 1.754616e-02 2.491910e-10 2.517404e+00
6.595128e-02 6.420745e-02 4.197083e+04 1.752542e-02 2.584948e-10 2.529387e+00
6.625576e-02 6.450816e-02 4.178271e+04 1.750398e-02 2.681465e-10 2.541370e+00
6.656164e-02 6.481029e-02 4.159542e+04 1.748184e-02 2.781591e-10 2.553353e+00
6.686894e-02 6.511383e-02 4.140895e+04 1.745899e-02 2.885461e-10 2.565337e+00
6.717766e-02 6.541880e-02 4.122332e+04 1.743543e-02 2.993216e-10 2.577321e+00
6.748780e-02 6.572520e-02 4.103850e+04 1.741115e-02 3.105002e-10 2.589306e+00
6.779937e-02 6.603304e-02 4.085450e+04 1.738616e-02 3.220968e-10 2.601291e+00
6.811238e-02 6.634232e-02 4.067132e+04 1.736045e-02 3.341273e-10 2.613277e+00
6.842683e-02 6.665305e-02 4.048895e+04 1.733402e-02 3.466079e-10 2.625263e+00
6.874274e-02 6.696524e-02 4.030738e+04 1.730687e-02 3.595554e-10 2.637250e+00
6.906011e-02 6.727890e-02 4.012662e+04 1.727899e-02 3.729874e-10 2.649238e+00
6.937894e-02 6.759403e-02 3.994666e+04 1.725038e-02 3.869220e-10 2.661226e+00
6.969924e-02 6.791063e-02 3.976750e+04 1.722104e-02 4.013780e-10 2.673214e+00
7.002102e-02 6.822873e-02 3.958913e+04 1.719097e-02 4.163751e-10 2.685203e+00
7.034429e-02 6.854831e-02 3.941154e+04 1.716016e-02 4.319336e-10 2.697193e+00
7.066905e-02 6.886939e-02 3.923475e+04 1.712864e-02 4.480744e-10 2.709183e+00
7.099531e-02 6.919198e-02 3.905873e+04 1.709640e-02 4.648194e-10 2.721174e+00
7.132307e-02 6.951608e-02 3.888350e+04 1.706344e-02 4.821913e-10 2.733165e+00
7.165235e-02 6.984171e-02 3.870903e+04 1.702978e-02 5.002137e-10 2.745157e+00
7.198315e-02 7.016886e-02 3.853535e+04 1.699542e-02 5.189109e-10 2.757149e+00
7.231547e-02 7.049754e-02 3.836242e+04 1.696035e-02 5.383082e-10 2.769142e+00
7.264933e-02 7.082776e-02 3.819027e+04 1.692460e-02 5.584320e-10 2.781136e+00
7.298474e-02 7.115954e-02 3.801887e+04 1.688816e-02 5.793095e-10 2.793130e+00
7.332169e-02 7.149287e-02 3.784823e+04 1.685104e-02 6.009690e-10 2.805124e+00
7.366019e-02 7.182776e-02 3.767835e+04 1.681325e-02 6.234398e-10 2.817120e+00
7.400026e-02 7.216422e-02 3.750922e+04 1.677479e-02 6.467523e-10 2.829116e+00
7.434190e-02 7.250226e-02 3.734084e+04 1.673566e-02 6.709382e-10 2.841112e+00
7.468511e-02 7.284188e-02 3.717320e+04 1.669587e-02 6.960303e-10 2.853109e+00
7.502991e-02 7.318310e-02 3.700630e+04 1.665543e-02 7.220626e-10 2.865107e+00
7.537630e-02 7.352592e-02 3.684014e+04 1.661435e-02 7.490704e-10 2.877105e+00
7.572430e-02 7.387034e-02 3.667472e+04 1.657262e-02 7.770903e-10 2.889104e+00
7.607389e-02 7.421638e-02 3.651002e+04 1.653026e-02 8.061603e-10 2.901103e+00
7.642510e-02 7.456403e-02 3.634606e+04 1.648726e-02 8.363199e-10 2.913103e+00
7.677794e-02 7.491332e-02 3.618282e+04 1.644365e-02 8.676101e-10 2.925104e+00
7.713240e-02 7.526425e-02 3.602030e+04 1.639941e-02 9.000733e-10 2.937105e+00
7.748850e-02 7.561681e-02 3.585850e+04 1.635456e-02 9.337535e-10 2.949107e+00
7.784624e-02 7.597103e-02 3.569742e+04 1.630910e-02 9.686965e-10 2.961109e+00
7.820563e-02 7.632692e-02 3.553705e+04 1.626305e-02 1.004950e-09 2.973112e+00
7.856669e-02 7.668446e-02 3.537739e+04 1.621639e-02 1.042563e-09 2.985116e+00
7.892941e-02 7.704369e-02 3.521843e+04 1.616915e-02 1.081586e-09 2.997120e+00
7.929380e-02 7.740459e-02 3.506018e+04 1.612132e-02 1.122073e-09 3.009125e+00
7.965988e-02 7.776719e-02 3.490262e+04 1.607292e-02 1.164079e-09 3.021131e+00
8.002765e-02 7.813148e-02 3.474577e+04 1.602395e-02 1.207660e-09 3.033137e+00
8.039711e-02 7.849748e-02 3.458960e+04 1.597441e-02 1.252877e-09 3.045144e+00
8.076828e-02 7.886520e-02 3.443413e+04 1.592430e-02 1.299790e-09 3.057151e+00
8.114117e-02 7.923463e-02 3.427934e+04 1.587365e-02 1.348463e-09 3.069160e+00
8.151577e-02 7.960580e-02 3.412524e+04 1.582245e-02 1.398963e-09 3.081168e+00
8.189211e-02 7.997871e-02 3.397182e+04 1.577071e-02 1.451358e-09 3.093178e+00
8.227018e-02 8.035336e-02 3.381908e+04 1.571843e-02 1.505719e-09 3.105188e+00
8.265000e-02 8.072976e-02 3.366701e+04 1.566562e-02 1.562121e-09 3.117199e+00
8.303157e-02 8.110793e-02 3.351562e+04 1.561229e-02 1.620641e-09 3.129210e+00
8.341490e-02 8.148787e-02 3.336489e+04 1.555845e-02 1.681357e-09 3.141222e+00
8.380000e-02 8.186959e-02 3.321484e+04 1.550409e-02 1.744353e-09 3.153235e+00
8.418689e-02 8.225309e-02 3.306544e+04 1.544923e-02 1.809714e-09 3.165248e+00
8.457555e-02 8.263839e-02 3.291670e+04 1.539387e-02 1.877530e-09 3.177262e+00
8.496601e-02 8.302549e-02 3.276863e+04 1.533802e-02 1.947893e-09 3.189277e+00
8.535828e-02 8.341441e-02 3.262120e+04 1.528169e-02 2.020899e-09 3.201292e+00
8.575235e-02 8.380514e-02 3.247443e+04 1.522487e-02 2.096647e-09 3.213308e+00
8.614825e-02 8.419771e-02 3.232831e+04 1.516759e-02 2.175241e-09 3.225325e+00
8.654597e-02 8.459211e-02 3.218283e+04 1.510984e-02 2.256787e-09 3.237342e+00
8.694553e-02 8.498835e-02 3.203800e+04 1.505162e-02 2.341398e-09 3.249361e+00
8.734693e-02 8.538645e-02 3.189380e+04 1.499296e-02 2.429188e-09 3.261379e+00
8.775019e-02 8.578641e-02 3.175024e+04 1.493385e-02 2.520277e-09 3.273399e+00
8.815530e-02 8.618825e-02 3.160732e+04 1.487430e-02 2.614790e-09 3.285419e+00
8.856229e-02 8.659196e-02 3.146503e+04 1.481432e-02 2.712856e-09 3.297440e+00
8.897116e-02 8.699756e-02 3.132337e+04 1.475391e-02 2.814608e-09 3.309462e+00
8.938191e-02 8.740506e-02 3.118233e+04 1.469308e-02 2.920185e-09 3.321484e+00
8.979456e-02 8.781447e-02 3.104192e+04 1.463184e-02 3.029732e-09 3.333507e+00
9.020912e-02 8.822579e-02 3.090212e+04 1.457019e-02 3.143399e-09 3.345531e+00
9.062559e-02 8.863903e-02 3.076295e+04 1.450814e-02 3.261340e-09 3.357556e+00
9.104398e-02 8.905421e-02 3.062439e+04 1.444570e-02 3.383717e-09 3.369581e+00
9.146431e-02 8.947133e-02 3.048644e+04 1.438287e-02 3.510698e-09 3.381607e+00
9.188657e-02 8.989040e-02 3.034910e+04 1.431966e-02 3.642455e-09 3.393634e+00
9.231079e-02 9.031143e-02 3.021237e+04 1.425608e-02 3.779169e-09 3.405661e+00
9.273696e-02 9.073442e-02 3.007624e+04 1.419213e-02 3.921027e-09 3.417689e+00
9.316510e-02 9.115940e-02 2.994072e+04 1.412783e-02 4.068223e-09 3.429718e+00
9.359521e-02 9.158636e-02 2.980579e+04 1.406317e-02 4.220959e-09 3.441748e+00
9.402732e-02 9.201532e-02 2.967146e+04 1.399817e-02 4.379444e-09 3.453779e+00
9.446141e-02 9.244628e-02 2.953772e+04 1.393282e-02 4.543894e-09 3.465810e+00
9.489752e-02 9.287926e-02 2.940457e+04 1.386715e-02 4.714535e-09 3.477842e+00
9.533563e-02 9.331426e-02 2.927201e+04 1.380115e-02 4.891601e-09 3.489875e+00
9.577577e-02 9.375130e-02 2.914004e+04 1.373484e-02 5.075334e-09 3.501908e+00
9.621794e-02 9.419037e-02 2.900865e+04 1.366821e-02 5.265986e-09 3.513943e+00
9.666215e-02 9.463150e-02 2.887784e+04 1.360128e-02 5.463818e-09 3.525978e+00
9.710841e-02 9.507469e-02 2.874761e+04 1.353406e-02 5.669102e-09 3.538014e+00
9.755673e-02 9.551995e-02 2.861795e+04 1.346654e-02 5.882119e-09 3.550050e+00
9.800712e-02 9.596729e-02 2.848887e+04 1.339875e-02 6.103161e-09 3.562088e+00
9.845960e-02 9.641673e-02 2.836035e+04 1.333068e-02 6.332532e-09 3.574126e+00
9.891416e-02 9.686826e-02 2.823241e+04 1.326234e-02 6.570546e-09 3.586165e+00
9.937081e-02 9.732190e-02 2.810503e+04 1.319374e-02 6.817530e-09 3.598205e+00
9.982958e-02 9.777766e-02 2.797821e+04 1.312489e-02 7.073823e-09 3.610246e+00
1.002905e-01 9.823555e-02 2.785195e+04 1.305579e-02 7.339777e-09 3.622287e+00
1.007535e-01 9.869557e-02 2.772625e+04 1.298646e-02 7.615757e-09 3.634330e+00
1.012186e-01 9.915775e-02 2.760110e+04 1.291689e-02 7.902143e-09 3.646373e+00
1.016859e-01 9.962208e-02 2.747651e+04 1.284710e-02 8.199328e-09 3.658417e+00
1.021554e-01 1.000886e-01 2.735246e+04 1.277709e-02 8.507721e-09 3.670462e+00
1.026270e-01 1.005573e-01 2.722897e+04 1.270687e-02 8.827745e-09 3.682508e+00
1.031008e-01 1.010281e-01 2.710602e+04 1.263645e-02 9.159840e-09 3.694554e+00
1.035768e-01 1.015012e-01 2.698361e+04 1.256584e-02 9.504465e-09 3.706602e+00
1.040550e-01 1.019765e-01 2.686175e+04 1.249504e-02 9.862091e-09 3.718650e+00
1.045354e-01 1.024540e-01 2.674042e+04 1.242406e-02 1.023321e-08 3.730699e+00
1.050180e-01 1.029337e-01 2.661962e+04 1.235291e-02 1.061834e-08 3.742749e+00
1.055028e-01 1.034157e-01 2.649936e+04 1.228159e-02 1.101800e-08 3.754800e+00
1.059899e-01 1.038999e-01 2.637964e+04 1.221012e-02 1.143275e-08 3.766851e+00
1.064792e-01 1.043864e-01 2.626044e+04 1.213850e-02 1.186316e-08 3.778904e+00
1.069708e-01 1.048751e-01 2.614176e+04 1.206674e-02 1.230982e-08 3.790957e+00
1.074647e-01 1.053661e-01 2.602361e+04 1.199484e-02 1.277334e-08 3.803012e+00
1.079608e-01 1.058595e-01 2.590599e+04 1.192282e-02 1.325437e-08 3.815067e+00
1.084592e-01 1.063551e-01 2.578888e+04 1.185068e-02 1.375357e-08 3.827123e+00
1.089599e-01 1.068530e-01 2.567229e+04 1.177842e-02 1.427163e-08 3.839180e+00
1.094630e-01 1.073533e-01 2.555621e+04 1.170607e-02 1.480926e-08 3.851238e+00
1.099683e-01 1.078559e-01 2.544065e+04 1.163362e-02 1.536720e-08 3.863297e+00
1.104760e-01 1.083608e-01 2.532559e+04 1.156108e-02 1.594623e-08 3.875357e+00
1.109861e-01 1.088681e-01 2.521105e+04 1.148846e-02 1.654714e-08 3.887417e+00
1.114985e-01 1.093777e-01 2.509701e+04 1.141577e-02 1.717076e-08 3.899479e+00
1.120132e-01 1.098898e-01 2.498347e+04 1.134301e-02 1.781796e-08 3.911541e+00
1.125303e-01 1.104042e-01 2.487043e+04 1.127020e-02 1.848963e-08 3.923605e+00
1.130499e-01 1.109210e-01 2.475790e+04 1.119734e-02 1.918670e-08 3.935669e+00
1.135718e-01 1.114402e-01 2.464586e+04 1.112444e-02 1.991013e-08 3.947734e+00
1.140961e-01 1.119619e-01 2.453431e+04 1.105150e-02 2.066092e-08 3.959801e+00
1.146229e-01 1.124860e-01 2.442326e+04 1.097854e-02 2.144012e-08 3.971868e+00
1.151520e-01 1.130125e-01 2.431269e+04 1.090557e-02 2.224879e-08 3.983936e+00
1.156837e-01 1.135415e-01 2.420262e+04 1.083259e-02 2.308806e-08 3.996005e+00
1.162177e-01 1.140729e-01 2.409303e+04 1.075960e-02 2.395909e-08 4.008075e+00
1.167543e-01 1.146069e-01 2.398392e+04 1.068662e-02 2.486309e-08 4.020146e+00
1.172933e-01 1.151433e-01 2.387530e+04 1.061366e-02 2.580131e-08 4.032218e+00
1.178348e-01 1.156822e-01 2.376716e+04 1.054072e-02 2.677504e-08 4.044291e+00
1.183788e-01 1.162236e-01 2.365949e+04 1.046781e-02 2.778565e-08 4.056365e+00
1.189254e-01 1.167676e-01 2.355230e+04 1.039495e-02 2.883452e-08 4.068440e+00
1.194744e-01 1.173141e-01 2.344558e+04 1.032212e-02 2.992312e-08 4.080516e+00
1.200260e-01 1.178631e-01 2.333933e+04 1.024936e-02 3.105296e-08 4.092593e+00
1.205801e-01 1.184147e-01 2.323355e+04 1.017666e-02 3.222560e-08 4.104671e+00
1.211368e-01 1.189689e-01 2.312824e+04 1.010403e-02 3.344266e-08 4.116750e+00
1.216960e-01 1.195256e-01 2.302339e+04 1.003148e-02 3.470585e-08 4.128831e+00
1.222579e-01 1.200850e-01 2.291901e+04 9.959024e-03 3.601691e-08 4.140912e+00
1.228223e-01 1.206469e-01 2.281508e+04 9.886661e-03 3.737767e-08 4.152994e+00
1.233893e-01 1.212115e-01 2.271162e+04 9.814404e-03 3.879002e-08 4.165077e+00
1.239590e-01 1.217787e-01 2.260861e+04 9.742261e-03 4.025591e-08 4.177161e+00
1.245313e-01 1.223485e-01 2.250606e+04 9.670239e-03 4.177739e-08 4.189246e+00
1.251062e-01 1.229210e-01 2.240395e+04 9.598347e-03 4.335658e-08 4.201332e+00
1.256838e-01 1.234962e-01 2.230230e+04 9.526594e-03 4.499567e-08 4.213420e+00
1.262640e-01 1.240740e-01 2.220110e+04 9.454988e-03 4.669694e-08 4.225508e+00
1.268470e-01 1.246545e-01 2.210034e+04 9.383537e-03 4.846277e-08 4.237598e+00
1.274326e-01 1.252378e-01 2.200003e+04 9.312250e-03 5.029560e-08 4.249688e+00
1.280209e-01 1.258237e-01 2.190016e+04 9.241135e-03 5.219799e-08 4.261780e+00
1.286119e-01 1.264124e-01 2.180074e+04 9.170201e-03 5.417260e-08 4.273872e+00
1.292057e-01 1.270038e-01 2.170175e+04 9.099456e-03 5.622217e-08 4.285966e+00
1.298022e-01 1.275980e-01 2.160319e+04 9.028909e-03 5.834957e-08 4.298061e+00
1.304015e-01 1.281949e-01 2.150508e+04 8.958568e-03 6.055776e-08 4.310157e+00
1.310035e-01 1.287946e-01 2.140739e+04 8.888442e-03 6.284981e-08 4.322254e+00
1.316083e-01 1.293971e-01 2.131014e+04 8.818539e-03 6.522894e-08 4.334352e+00
1.322159e-01 1.300024e-01 2.121331e+04 8.748868e-03 6.769845e-08 4.346451e+00
1.328263e-01 1.306106e-01 2.111692e+04 8.679437e-03 7.026180e-08 4.358551e+00
1.334395e-01 1.312215e-01 2.102095e+04 8.610255e-03 7.292256e-08 4.370653e+00
1.340556e-01 1.318353e-01 2.092540e+04 8.541332e-03 7.568446e-08 4.382755e+00
1.346745e-01 1.324520e-01 2.083027e+04 8.472674e-03 7.855136e-08 4.394859e+00
1.352962e-01 1.330715e-01 2.073556e+04 8.404292e-03 8.152725e-08 4.406964e+00
1.359208e-01 1.336939e-01 2.064128e+04 8.336193e-03 8.461631e-08 4.419070e+00
1.365483e-01 1.343192e-01 2.054740e+04 8.268387e-03 8.782286e-08 4.431177e+00
1.371788e-01 1.349474e-01 2.045395e+04 8.200882e-03 9.115137e-08 4.443285e+00
1.378121e-01 1.355786e-01 2.036090e+04 8.133687e-03 9.460651e-08 4.455395e+00
1.384483e-01 1.362126e-01 2.026826e+04 8.066810e-03 9.819312e-08 4.467505e+00
1.390875e-01 1.368496e-01 2.017604e+04 8.000261e-03 1.019162e-07 4.479617e+00
1.397296e-01 1.374896e-01 2.008422e+04 7.934048e-03 1.057810e-07 4.491730e+00
1.403747e-01 1.381326e-01 1.999281e+04 7.868180e-03 1.097930e-07 4.503844e+00
1.410228e-01 1.387785e-01 1.990180e+04 7.802665e-03 1.139576e-07 4.515959e+00
1.416738e-01 1.394275e-01 1.981119e+04 7.737508e-03 1.182809e-07 4.528075e+00
1.423279e-01 1.400795e-01 1.972098e+04 7.672711e-03 1.227688e-07 4.540193e+00
1.429850e-01 1.407345e-01 1.963117e+04 7.608274e-03 1.274277e-07 4.552311e+00
1.436451e-01 1.413925e-01 1.954175e+04 7.544198e-03 1.322640e-07 4.564431e+00
1.443083e-01 1.420536e-01 1.945274e+04 7.480485e-03 1.372846e-07 4.576552e+00
1.449745e-01 1.427178e-01 1.936411e+04 7.417135e-03 1.424966e-07 4.588674e+00
1.456438e-01 1.433851e-01 1.927588e+04 7.354149e-03 1.479072e-07 4.600798e+00
1.463162e-01 1.440555e-01 1.918803e+04 7.291530e-03 1.535240e-07 4.612923e+00
1.469917e-01 1.447290e-01 1.910058e+04 7.229280e-03 1.593549e-07 4.625048e+00
1.476703e-01 1.454056e-01 1.901351e+04 7.167398e-03 1.654080e-07 4.637175e+00
1.483521e-01 1.460853e-01 1.892682e+04 7.105887e-03 1.716920e-07 4.649303e+00
1.490370e-01 1.467683e-01 1.884052e+04 7.044748e-03 1.782155e-07 4.661432e+00
1.497250e-01 1.474544e-01 1.875461e+04 6.983981e-03 1.849878e-07 4.673563e+00
1.504163e-01 1.481436e-01 1.866907e+04 6.923588e-03 1.920184e-07 4.685694e+00
1.511107e-01 1.488361e-01 1.858391e+04 6.863571e-03 1.993172e-07 4.697826e+00
1.518083e-01 1.495318e-01 1.849914e+04 6.803929e-03 2.068943e-07 4.709960e+00
1.525092e-01 1.502308e-01 1.841473e+04 6.744665e-03 2.147606e-07 4.722094e+00
1.532133e-01 1.509330e-01 1.833070e+04 6.685779e-03 2.229269e-07 4.734230e+00
1.539206e-01 1.516384e-01 1.824705e+04 6.627272e-03 2.314049e-07 4.746366e+00
1.546312e-01 1.523471e-01 1.816376e+04 6.569145e-03 2.402063e-07 4.758504e+00
1.553451e-01 1.530591e-01 1.808085e+04 6.511400e-03 2.493437e-07 4.770642e+00
1.560623e-01 1.537745e-01 1.799830e+04 6.454038e-03 2.588299e-07 4.782782e+00
1.567828e-01 1.544931e-01 1.791613e+04 6.397059e-03 2.686782e-07 4.794923e+00
1.575066e-01 1.552151e-01 1.783431e+04 6.340464e-03 2.789024e-07 4.807064e+00
1.582338e-01 1.559404e-01 1.775286e+04 6.284255e-03 2.895170e-07 4.819207e+00
1.589643e-01 1.566691e-01 1.767178e+04 6.228433e-03 3.005370e-07 4.831351e+00
1.596982e-01 1.574012e-01 1.759105e+04 6.172997e-03 3.119777e-07 4.843495e+00
1.604355e-01 1.581367e-01 1.751068e+04 6.117950e-03 3.238554e-07 4.855641e+00
1.611762e-01 1.588756e-01 1.743067e+04 6.063292e-03 3.361868e-07 4.867788e+00
1.619203e-01 1.596180e-01 1.735102e+04 6.009024e-03 3.489892e-07 4.879935e+00
1.626678e-01 1.603637e-01 1.727172e+04 5.955148e-03 3.622807e-07 4.892084e+00
1.634188e-01 1.611130e-01 1.719278e+04 5.901663e-03 3.760801e-07 4.904233e+00
1.641733e-01 1.618657e-01 1.711419e+04 5.848571e-03 3.904067e-07 4.916383e+00
1.649312e-01 1.626219e-01 1.703594e+04 5.795872e-03 4.052807e-07 4.928535e+00
1.656927e-01 1.633816e-01 1.695805e+04 5.743568e-03 4.207232e-07 4.940687e+00
1.664576e-01 1.641449e-01 1.688051e+04 5.691659e-03 4.367559e-07 4.952840e+00
1.672261e-01 1.649117e-01 1.680331e+04 5.640146e-03 4.534014e-07 4.964994e+00
1.679981e-01 1.656820e-01 1.672645e+04 5.589030e-03 4.706833e-07 4.977149e+00
1.687737e-01 1.664560e-01 1.664994e+04 5.538312e-03 4.886258e-07 4.989305e+00
1.695529e-01 1.672335e-01 1.657377e+04 5.487992e-03 5.072543e-07 5.001461e+00
1.703357e-01 1.680146e-01 1.649794e+04 5.438072e-03 5.265951e-07 5.013619e+00
1.711221e-01 1.687994e-01 1.642245e+04 5.388551e-03 5.466755e-07 5.025777e+00
1.719121e-01 1.695878e-01 1.634730e+04 5.339431e-03 5.675238e-07 5.037937e+00
1.727058e-01 1.703798e-01 1.627249e+04 5.290713e-03 5.891695e-07 5.050097e+00
1.735031e-01 1.711756e-01 1.619801e+04 5.242396e-03 6.116431e-07 5.062258e+00
1.743041e-01 1.719750e-01 1.612386e+04 5.194483e-03 6.349764e-07 5.074420e+00
1.751088e-01 1.727781e-01 1.605004e+04 5.146973e-03 6.592023e-07 5.086582e+00
1.759173e-01 1.735850e-01 1.597656e+04 5.099867e-03 6.843551e-07 5.098746e+00
1.767294e-01 1.743956e-01 1.590340e+04 5.053166e-03 7.104702e-07 5.110910e+00
1.775453e-01 1.752099e-01 1.583057e+04 5.006870e-03 7.375847e-07 5.123075e+00
1.783650e-01 1.760281e-01 1.575807e+04 4.960981e-03 7.657367e-07 5.135241e+00
1.791885e-01 1.768500e-01 1.568589e+04 4.915498e-03 7.949660e-07 5.147407e+00
1.800157e-01 1.776757e-01 1.561404e+04 4.870423e-03 8.253141e-07 5.159575e+00
1.808468e-01 1.785053e-01 1.554251e+04 4.825755e-03 8.568238e-07 5.171743e+00
1.816817e-01 1.793387e-01 1.547130e+04 4.781496e-03 8.895396e-07 5.183912e+00
1.825205e-01 1.801760e-01 1.540041e+04 4.737647e-03 9.235078e-07 5.196082e+00
1.833631e-01 1.810172e-01 1.532984e+04 4.694207e-03 9.587765e-07 5.208252e+00
1.842097e-01 1.818623e-01 1.525959e+04 4.651177e-03 9.953955e-07 5.220423e+00
1.850601e-01 1.827113e-01 1.518965e+04 4.608558e-03 1.033417e-06 5.232595e+00
1.859145e-01 1.835642e-01 1.512002e+04 4.566350e-03 1.072894e-06 5.244768e+00
1.867728e-01 1.844211e-01 1.505071e+04 4.524554e-03 1.113882e-06 5.256941e+00
1.876351e-01 1.852819e-01 1.498171e+04 4.483170e-03 1.156441e-06 5.269115e+00
1.885013e-01 1.861468e-01 1.491302e+04 4.442199e-03 1.200629e-06 5.281290e+00
1.893716e-01 1.870156e-01 1.484464e+04 4.401641e-03 1.246510e-06 5.293465e+00
1.902459e-01 1.878885e-01 1.477657e+04 4.361497e-03 1.294149e-06 5.305641e+00
1.911242e-01 1.887654e-01 1.470880e+04 4.321767e-03 1.343612e-06 5.317818e+00
1.920066e-01 1.896464e-01 1.464134e+04 4.282452e-03 1.394970e-06 5.329996e+00
1.928930e-01 1.905315e-01 1.457418e+04 4.243552e-03 1.448296e-06 5.342174e+00
1.937835e-01 1.914207e-01 1.450733e+04 4.205067e-03 1.503665e-06 5.354353e+00
1.946782e-01 1.923140e-01 1.444077e+04 4.166998e-03 1.561156e-06 5.366532e+00
1.955769e-01 1.932114e-01 1.437452e+04 4.129346e-03 1.620849e-06 5.378712e+00
1.964799e-01 1.941131e-01 1.430856e+04 4.092110e-03 1.682830e-06 5.390893e+00
1.973870e-01 1.950188e-01 1.424291e+04 4.055292e-03 1.747187e-06 5.403074e+00
1.982982e-01 1.959288e-01 1.417755e+04 4.018890e-03 1.814010e-06 5.415256e+00
1.992137e-01 1.968430e-01 1.411248e+04 3.982907e-03 1.883394e-06 5.427439e+00
2.001334e-01 1.977615e-01 1.404771e+04 3.947342e-03 1.955437e-06 5.439622e+00
2.010574e-01 1.986842e-01 1.398323e+04 3.912195e-03 2.030242e-06 5.451805e+00
2.019856e-01 1.996111e-01 1.391904e+04 3.877467e-03 2.107914e-06 5.463990e+00
2.029181e-01 2.005424e-01 1.385514e+04 3.843158e-03 2.188565e-06 5.476175e+00
2.038549e-01 2.014780e-01 1.379153e+04 3.809269e-03 2.272307e-06 5.488360e+00
2.047961e-01 2.024179e-01 1.372821e+04 3.775799e-03 2.359259e-06 5.500546e+00
2.057416e-01 2.033622e-01 1.366517e+04 3.742750e-03 2.449546e-06 5.512733e+00
2.066914e-01 2.043108e-01 1.360242e+04 3.710121e-03 2.543294e-06 5.524920e+00
2.076457e-01 2.052639e-01 1.353995e+04 3.677912e-03 2.640638e-06 5.537107e+00
2.086043e-01 2.062213e-01 1.347777e+04 3.646124e-03 2.741714e-06 5.549296e+00
2.095674e-01 2.071832e-01 1.341586e+04 3.614757e-03 2.846666e-06 5.561484e+00
2.105349e-01 2.081496e-01 1.335424e+04 3.583812e-03 2.955643e-06 5.573673e+00
2.115069e-01 2.091204e-01 1.329290e+04 3.553288e-03 3.068800e-06 5.585863e+00
2.124833e-01 2.100957e-01 1.323183e+04 3.523186e-03 3.186297e-06 5.598053e+00
2.134643e-01 2.110756e-01 1.317104e+04 3.493506e-03 3.308300e-06 5.610244e+00
2.144498e-01 2.120600e-01 1.311052e+04 3.464248e-03 3.434983e-06 5.622435e+00
2.154399e-01 2.130489e-01 1.305028e+04 3.435412e-03 3.566526e-06 5.634627e+00
2.164345e-01 2.140424e-01 1.299032e+04 3.406999e-03 3.703114e-06 5.646819e+00
2.174337e-01 2.150406e-01 1.293062e+04 3.379009e-03 3.844942e-06 5.659012e+00
2.184375e-01 2.160433e-01 1.287120e+04 3.351442e-03 3.992211e-06 5.671205e+00
2.194460e-01 2.170507e-01 1.281204e+04 3.324298e-03 4.145131e-06 5.683398e+00
2.204591e-01 2.180628e-01 1.275316e+04 3.297576e-03 4.303917e-06 5.695592e+00
2.214769e-01 2.190796e-01 1.269454e+04 3.271279e-03 4.468795e-06 5.707787e+00
2.224994e-01 2.201010e-01 1.263619e+04 3.245404e-03 4.639999e-06 5.719981e+00
2.235266e-01 2.211272e-01 1.257810e+04 3.219954e-03 4.817773e-06 5.732177e+00
2.245586e-01 2.221582e-01 1.252027e+04 3.194927e-03 5.002368e-06 5.744372e+00
2.255953e-01 2.231939e-01 1.246271e+04 3.170324e-03 5.194046e-06 5.756568e+00
2.266368e-01 2.242344e-01 1.240541e+04 3.146144e-03 5.393080e-06 5.768765e+00
2.276831e-01 2.252798e-01 1.234837e+04 3.122389e-03 5.599752e-06 5.780962e+00
2.287343e-01 2.263299e-01 1.229159e+04 3.099058e-03 5.814355e-06 5.793159e+00
2.297903e-01 2.273850e-01 1.223507e+04 3.076151e-03 6.037194e-06 5.805356e+00
2.308512e-01 2.284449e-01 1.217881e+04 3.053668e-03 6.268585e-06 5.817554e+00
2.319169e-01 2.295098e-01 1.212280e+04 3.031609e-03 6.508857e-06 5.829752e+00
2.329876e-01 2.305795e-01 1.206704e+04 3.009975e-03 6.758351e-06 5.841951e+00
2.340633e-01 2.316543e-01 1.201155e+04 2.988765e-03 7.017420e-06 5.854150e+00
2.351439e-01 2.327340e-01 1.195630e+04 2.967980e-03 7.286434e-06 5.866349e+00
2.362295e-01 2.338187e-01 1.190130e+04 2.947619e-03 7.565773e-06 5.878549e+00
2.373201e-01 2.349084e-01 1.184656e+04 2.927682e-03 7.855834e-06 5.890749e+00
2.384157e-01 2.360032e-01 1.179206e+04 2.908170e-03 8.157029e-06 5.902949e+00
2.395164e-01 2.371030e-01 1.173781e+04 2.889082e-03 8.469786e-06 5.915150e+00
2.406222e-01 2.382079e-01 1.168381e+04 2.870419e-03 8.794548e-06 5.927351e+00
2.417331e-01 2.393180e-01 1.163006e+04 2.852180e-03 9.131778e-06 5.939552e+00
2.428491e-01 2.404332e-01 1.157655e+04 2.834366e-03 9.481953e-06 5.951753e+00
2.439702e-01 2.415535e-01 1.152329e+04 2.816976e-03 9.845571e-06 5.963955e+00
2.450966e-01 2.426791e-01 1.147027e+04 2.800010e-03 1.022315e-05 5.976157e+00
2.462281e-01 2.438099e-01 1.141749e+04 2.783469e-03 1.061522e-05 5.988359e+00
2.473649e-01 2.449458e-01 1.136495e+04 2.767352e-03 1.102234e-05 6.000562e+00
2.485069e-01 2.460871e-01 1.131265e+04 2.751659e-03 1.144510e-05 6.012764e+00
2.496542e-01 2.472336e-01 1.126059e+04 2.736391e-03 1.188408e-05 6.024967e+00
2.508068e-01 2.483855e-01 1.120877e+04 2.721546e-03 1.233992e-05 6.037171e+00
2.519647e-01 2.495427e-01 1.115718e+04 2.707126e-03 1.281326e-05 6.049374e+00
2.531279e-01 2.507052e-01 1.110583e+04 2.693129e-03 1.330478e-05 6.061578e+00
2.542965e-01 2.518731e-01 1.105472e+04 2.679557e-03 1.381516e-05 6.073782e+00
2.554706e-01 2.530465e-01 1.100383e+04 2.666408e-03 1.434514e-05 6.085986e+00
2.566500e-01 2.542252e-01 1.095319e+04 2.653683e-03 1.489547e-05 6.098190e+00
2.578349e-01 2.554094e-01 1.090277e+04 2.641382e-03 1.546693e-05 6.110394e+00
2.590252e-01 2.565991e-01 1.085258e+04 2.629504e-03 1.606033e-05 6.122599e+00
2.602211e-01 2.577944e-01 1.080262e+04 2.618049e-03 1.667651e-05 6.134804e+00
2.614224e-01 2.589951e-01 1.075290e+04 2.607018e-03 1.731636e-05 6.147009e+00
2.626294e-01 2.602014e-01 1.070340e+04 2.596409e-03 1.798077e-05 6.159214e+00
2.638418e-01 2.614133e-01 1.065412e+04 2.586224e-03 1.867069e-05 6.171419e+00
2.650599e-01 2.626308e-01 1.060507e+04 2.576462e-03 1.938710e-05 6.183625e+00
2.662836e-01 2.638539e-01 1.055625e+04 2.567122e-03 2.013102e-05 6.195830e+00
2.675130e-01 2.650827e-01 1.050765e+04 2.558205e-03 2.090351e-05 6.208036e+00
2.687480e-01 2.663172e-01 1.045927e+04 2.549711e-03 2.170565e-05 6.220242e+00
2.699887e-01 2.675574e-01 1.041111e+04 2.541639e-03 2.253860e-05 6.232448e+00
2.712352e-01 2.688034e-01 1.036318e+04 2.533988e-03 2.340353e-05 6.244654e+00
2.724874e-01 2.700551e-01 1.031546e+04 2.526760e-03 2.430167e-05 6.256860e+00
2.737454e-01 2.713126e-01 1.026797e+04 2.519954e-03 2.523429e-05 6.269066e+00
2.750092e-01 2.725760e-01 1.022069e+04 2.513569e-03 2.620273e-05 6.281273e+00
2.762789e-01 2.738451e-01 1.017363e+04 2.507606e-03 2.720835e-05 6.293479e+00
2.775544e-01 2.751202e-01 1.012678e+04 2.502064e-03 2.825258e-05 6.305686e+00
2.788358e-01 2.764012e-01 1.008015e+04 2.496943e-03 2.933691e-05 6.317892e+00
2.801231e-01 2.776881e-01 1.003373e+04 2.492242e-03 3.046287e-05 6.330099e+00
2.814163e-01 2.789809e-01 9.987526e+03 2.487963e-03 3.163206e-05 6.342306e+00
2.827155e-01 2.802798e-01 9.941534e+03 2.484104e-03 3.284615e-05 6.354512e+00
2.840207e-01 2.815846e-01 9.895753e+03 2.480664e-03 3.410685e-05 6.366719e+00
2.853320e-01 2.828955e-01 9.850182e+03 2.477643e-03 3.541596e-05 6.378926e+00
2.866493e-01 2.842125e-01 9.804821e+03 2.475039e-03 3.677533e-05 6.391133e+00
2.879727e-01 2.855355e-01 9.759668e+03 2.472852e-03 3.818690e-05 6.403340e+00
2.893022e-01 2.868647e-01 9.714722e+03 2.471080e-03 3.965265e-05 6.415547e+00
2.906378e-01 2.882001e-01 9.669983e+03 2.469724e-03 4.117469e-05 6.427754e+00
2.919796e-01 2.895416e-01 9.625450e+03 2.468781e-03 4.275517e-05 6.439961e+00
2.933276e-01 2.908893e-01 9.581121e+03 2.468252e-03 4.439633e-05 6.452168e+00
2.946818e-01 2.922433e-01 9.536996e+03 2.468134e-03 4.610050e-05 6.464375e+00
2.960422e-01 2.936036e-01 9.493074e+03 2.468427e-03 4.787011e-05 6.476582e+00
2.974090e-01 2.949701e-01 9.449353e+03 2.469131e-03 4.970766e-05 6.488789e+00
2.987820e-01 2.963430e-01 9.405834e+03 2.470243e-03 5.161577e-05 6.500996e+00
3.001614e-01 2.977222e-01 9.362514e+03 2.471764e-03 5.359714e-05 6.513203e+00
3.015472e-01 2.991078e-01 9.319394e+03 2.473692e-03 5.565459e-05 6.525410e+00
3.029393e-01 3.004998e-01 9.276472e+03 2.476026e-03 5.779103e-05 6.537617e+00
3.043379e-01 3.018983e-01 9.233747e+03 2.478766e-03 6.000950e-05 6.549824e+00
3.057430e-01 3.033033e-01 9.191219e+03 2.481910e-03 6.231316e-05 6.562031e+00
3.071545e-01 3.047147e-01 9.148886e+03 2.485457e-03 6.470526e-05 6.574238e+00
3.085725e-01 3.061327e-01 9.106748e+03 2.489407e-03 6.718921e-05 6.586445e+00
3.099971e-01 3.075573e-01 9.064804e+03 2.493759e-03 6.976852e-05 6.598652e+00
3.114283e-01 3.089885e-01 9.023053e+03 2.498511e-03 7.244687e-05 6.610859e+00
3.128661e-01 3.104262e-01 8.981494e+03 2.503662e-03 7.522806e-05 6.623066e+00
3.143105e-01 3.118707e-01 8.940126e+03 2.509212e-03 7.811602e-05 6.635273e+00
3.157616e-01 3.133218e-01 8.898949e+03 2.515159e-03 8.111487e-05 6.647480e+00
3.172193e-01 3.147797e-01 8.857961e+03 2.521503e-03 8.422885e-05 6.659687e+00
3.186839e-01 3.162443e-01 8.817161e+03 2.528243e-03 8.746239e-05 6.671894e+00
3.201551e-01 3.177157e-01 8.776550e+03 2.535378e-03 9.082008e-05 6.684100e+00
3.216332e-01 3.191939e-01 8.736125e+03 2.542906e-03 9.430668e-05 6.696307e+00
3.231181e-01 3.206789e-01 8.695887e+03 2.550826e-03 9.792713e-05 6.708514e+00
3.246098e-01 3.221708e-01 8.655834e+03 2.559139e-03 1.016866e-04 6.720721e+00
3.261085e-01 3.236697e-01 8.615965e+03 2.567842e-03 1.055904e-04 6.732927e+00
3.276140e-01 3.251754e-01 8.576280e+03 2.576934e-03 1.096440e-04 6.745134e+00
3.291265e-01 3.266882e-01 8.536777e+03 2.586416e-03 1.138533e-04 6.757340e+00
3.306460e-01 3.282079e-01 8.497457e+03 2.596285e-03 1.182242e-04 6.769547e+00
3.321725e-01 3.297347e-01 8.458317e+03 2.606541e-03 1.227629e-04 6.781753e+00
3.337060e-01 3.312686e-01 8.419358e+03 2.617182e-03 1.274758e-04 6.793959e+00
3.352467e-01 3.328095e-01 8.380578e+03 2.628209e-03 1.323697e-04 6.806166e+00
3.367944e-01 3.343576e-01 8.341977e+03 2.639619e-03 1.374514e-04 6.818372e+00
3.383493e-01 3.359129e-01 8.303554e+03 2.651411e-03 1.427282e-04 6.830578e+00
3.399114e-01 3.374754e-01 8.265308e+03 2.663586e-03 1.482076e-04 6.842784e+00
3.414806e-01 3.390451e-01 8.227238e+03 2.676141e-03 1.538973e-04 6.854990e+00
3.430571e-01 3.406221e-01 8.189344e+03 2.689075e-03 1.598055e-04 6.867196e+00
3.446409e-01 3.422064e-01 8.151624e+03 2.702389e-03 1.659404e-04 6.879402e+00
3.462321e-01 3.437980e-01 8.114078e+03 2.716080e-03 1.723108e-04 6.891607e+00
3.478305e-01 3.453970e-01 8.076705e+03 2.730147e-03 1.789258e-04 6.903813e+00
3.494363e-01 3.470034e-01 8.039505e+03 2.744590e-03 1.857947e-04 6.916018e+00
3.510496e-01 3.486172e-01 8.002476e+03 2.759408e-03 1.929272e-04 6.928224e+00
3.526703e-01 3.502386e-01 7.965618e+03 2.774600e-03 2.003335e-04 6.940429e+00
3.542985e-01 3.518674e-01 7.928929e+03 2.790164e-03 2.080241e-04 6.952634e+00
3.559342e-01 3.535038e-01 7.892410e+03 2.806099e-03 2.160099e-04 6.964839e+00
3.575774e-01 3.551477e-01 7.856059e+03 2.822405e-03 2.243022e-04 6.977044e+00
3.592282e-01 3.567993e-01 7.819876e+03 2.839081e-03 2.329127e-04 6.989249e+00
3.608867e-01 3.584585e-01 7.783860e+03 2.856125e-03 2.418538e-04 7.001454e+00
3.625528e-01 3.601254e-01 7.748010e+03 2.873537e-03 2.511380e-04 7.013659e+00
3.642266e-01 3.618000e-01 7.712326e+03 2.891315e-03 2.607785e-04 7.025863e+00
3.659081e-01 3.634824e-01 7.676806e+03 2.909458e-03 2.707890e-04 7.038067e+00
3.675974e-01 3.651726e-01 7.641450e+03 2.927966e-03 2.811837e-04 7.050272e+00
3.692945e-01 3.668706e-01 7.606257e+03 2.946838e-03 2.919773e-04 7.062476e+00
3.709995e-01 3.685765e-01 7.571226e+03 2.966071e-03 3.031851e-04 7.074680e+00
3.727123e-01 3.702903e-01 7.536357e+03 2.985666e-03 3.148231e-04 7.086883e+00
3.744330e-01 3.720120e-01 7.501650e+03 3.005622e-03 3.269076e-04 7.099087e+00
3.761616e-01 3.737417e-01 7.467102e+03 3.025936e-03 3.394559e-04 7.111291e+00
3.778982e-01 3.754794e-01 7.432714e+03 3.046609e-03 3.524857e-04 7.123494e+00
3.796429e-01 3.772251e-01 7.398484e+03 3.067639e-03 3.660155e-04 7.135697e+00
3.813956e-01 3.789790e-01 7.364413e+03 3.089026e-03 3.800645e-04 7.147900e+00
3.831564e-01 3.807410e-01 7.330499e+03 3.110767e-03 3.946525e-04 7.160103e+00
3.849253e-01 3.825111e-01 7.296741e+03 3.132863e-03 4.098003e-04 7.172306e+00
3.867024e-01 3.842894e-01 7.263139e+03 3.155312e-03 4.255292e-04 7.184508e+00
3.884877e-01 3.860760e-01 7.229693e+03 3.178113e-03 4.418617e-04 7.196711e+00
3.902812e-01 3.878709e-01 7.196401e+03 3.201265e-03 4.588208e-04 7.208913e+00
3.920831e-01 3.896741e-01 7.163263e+03 3.224767e-03 4.764305e-04 7.221115e+00
3.938932e-01 3.914856e-01 7.130277e+03 3.248618e-03 4.947159e-04 7.233317e+00
3.957117e-01 3.933055e-01 7.097445e+03 3.272817e-03 5.137028e-04 7.245519e+00
3.975386e-01 3.951339e-01 7.064763e+03 3.297363e-03 5.334180e-04 7.257720e+00
3.993739e-01 3.969707e-01 7.032233e+03 3.322255e-03 5.538896e-04 7.269922e+00
4.012177e-01 3.988160e-01 6.999854e+03 3.347492e-03 5.751465e-04 7.282123e+00
4.030700e-01 4.006699e-01 6.967623e+03 3.373073e-03 5.972188e-04 7.294324e+00
4.049309e-01 4.025324e-01 6.935542e+03 3.398997e-03 6.201378e-04 7.306524e+00
4.068003e-01 4.044035e-01 6.903609e+03 3.425262e-03 6.439359e-04 7.318725e+00
4.086784e-01 4.062833e-01 6.871823e+03 3.451868e-03 6.686469e-04 7.330925e+00
4.105651e-01 4.081718e-01 6.840185e+03 3.478815e-03 6.943057e-04 7.343126e+00
4.124606e-01 4.100691e-01 6.808693e+03 3.506099e-03 7.209486e-04 7.355325e+00
4.143648e-01 4.119751e-01 6.777346e+03 3.533722e-03 7.486133e-04 7.367525e+00
4.162778e-01 4.138900e-01 6.746144e+03 3.561681e-03 7.773391e-04 7.379725e+00
4.181997e-01 4.158138e-01 6.715086e+03 3.589976e-03 8.071666e-04 7.391924e+00
4.201304e-01 4.177465e-01 6.684172e+03 3.618606e-03 8.381380e-04 7.404123e+00
4.220700e-01 4.196881e-01 6.653401e+03 3.647569e-03 8.702970e-04 7.416322e+00
4.240186e-01 4.216387e-01 6.622773e+03 3.676865e-03 9.036894e-04 7.428521e+00
4.259761e-01 4.235984e-01 6.592285e+03 3.706493e-03 9.383622e-04 7.440719e+00
4.279427e-01 4.255672e-01 6.561939e+03 3.736451e-03 9.743646e-04 7.452917e+00
4.299184e-01 4.275450e-01 6.531734e+03 3.766738e-03 1.011747e-03 7.465115e+00
4.319032e-01 4.295321e-01 6.501667e+03 3.797354e-03 1.050564e-03 7.477313e+00
4.338972e-01 4.315284e-01 6.471740e+03 3.828298e-03 1.090868e-03 7.489510e+00
4.359004e-01 4.335339e-01 6.441952e+03 3.859568e-03 1.132718e-03 7.501707e+00
4.379128e-01 4.355487e-01 6.412301e+03 3.891164e-03 1.176172e-03 7.513904e+00
4.399346e-01 4.375729e-01 6.382787e+03 3.923084e-03 1.221292e-03 7.526101e+00
4.419656e-01 4.396064e-01 6.353410e+03 3.955327e-03 1.268143e-03 7.538297e+00
4.440060e-01 4.416494e-01 6.324169e+03 3.987893e-03 1.316789e-03 7.550494e+00
4.460559e-01 4.437018e-01 6.295063e+03 4.020781e-03 1.367299e-03 7.562690e+00
4.481152e-01 4.457638e-01 6.266092e+03 4.053989e-03 1.419746e-03 7.574885e+00
4.501840e-01 4.478353e-01 6.237255e+03 4.087516e-03 1.474204e-03 7.587081e+00
4.522624e-01 4.499164e-01 6.208551e+03 4.121362e-03 1.530748e-03 7.599276e+00
4.543504e-01 4.520072e-01 6.179980e+03 4.155525e-03 1.589460e-03 7.611471e+00
4.564480e-01 4.541077e-01 6.151542e+03 4.190004e-03 1.650423e-03 7.623665e+00
4.585553e-01 4.562179e-01 6.123235e+03 4.224799e-03 1.713721e-03 7.635860e+00
4.606723e-01 4.583379e-01 6.095059e+03 4.259908e-03 1.779446e-03 7.648054e+00
4.627991e-01 4.604677e-01 6.067013e+03 4.295330e-03 1.847689e-03 7.660247e+00
4.649357e-01 4.626074e-01 6.039097e+03 4.331065e-03 1.918547e-03 7.672441e+00
4.670822e-01 4.647571e-01 6.011311e+03 4.367111e-03 1.992121e-03 7.684634e+00
4.692385e-01 4.669167e-01 5.983653e+03 4.403468e-03 2.068514e-03 7.696827e+00
4.714049e-01 4.690863e-01 5.956123e+03 4.440134e-03 2.147834e-03 7.709020e+00
4.735812e-01 4.712660e-01 5.928721e+03 4.477108e-03 2.230193e-03 7.721212e+00
4.757676e-01 4.734557e-01 5.901446e+03 4.514389e-03 2.315708e-03 7.733404e+00
4.779641e-01 4.756557e-01 5.874297e+03 4.551977e-03 2.404498e-03 7.745595e+00
4.801707e-01 4.778658e-01 5.847273e+03 4.589871e-03 2.496691e-03 7.757787e+00
4.823875e-01 4.800862e-01 5.820375e+03 4.628068e-03 2.592415e-03 7.769978e+00
4.846146e-01 4.823169e-01 5.793601e+03 4.666569e-03 2.691806e-03 7.782169e+00
4.868519e-01 4.845580e-01 5.766952e+03 4.705373e-03 2.795004e-03 7.794359e+00
4.890996e-01 4.868094e-01 5.740425e+03 4.744478e-03 2.902155e-03 7.806549e+00
4.913576e-01 4.890713e-01 5.714022e+03 4.783883e-03 3.013411e-03 7.818739e+00
4.936261e-01 4.913437e-01 5.687741e+03 4.823588e-03 3.128927e-03 7.830929e+00
4.959050e-01 4.936267e-01 5.661582e+03 4.863591e-03 3.248867e-03 7.843118e+00
4.981944e-01 4.959202e-01 5.635544e+03 4.903892e-03 3.373401e-03 7.855306e+00
5.004945e-01 4.982243e-01 5.609626e+03 4.944489e-03 3.502704e-03 7.867495e+00
5.028051e-01 5.005392e-01 5.583829e+03 4.985382e-03 3.636959e-03 7.879683e+00
5.051264e-01 5.028648e-01 5.558151e+03 5.026569e-03 3.776354e-03 7.891871e+00
5.074584e-01 5.052012e-01 5.532592e+03 5.068050e-03 3.921087e-03 7.904058e+00
5.098012e-01 5.075484e-01 5.507152e+03 5.109824e-03 4.071361e-03 7.916245e+00
5.121548e-01 5.099065e-01 5.481829e+03 5.151889e-03 4.227389e-03 7.928432e+00
5.145193e-01 5.122756e-01 5.456624e+03 5.194245e-03 4.389390e-03 7.940619e+00
5.168947e-01 5.146556e-01 5.431536e+03 5.236891e-03 4.557593e-03 7.952805e+00
5.192811e-01 5.170467e-01 5.406564e+03 5.279825e-03 4.732235e-03 7.964990e+00
5.216784e-01 5.194489e-01 5.381707e+03 5.323047e-03 4.913562e-03 7.977176e+00
5.240869e-01 5.218623e-01 5.356966e+03 5.366556e-03 5.101830e-03 7.989361e+00
5.265064e-01 5.242868e-01 5.332340e+03 5.410351e-03 5.297304e-03 8.001545e+00
5.289372e-01 5.267226e-01 5.307828e+03 5.454431e-03 5.500260e-03 8.013730e+00
5.313791e-01 5.291697e-01 5.283429e+03 5.498795e-03 5.710982e-03 8.025913e+00
5.338323e-01 5.316282e-01 5.259143e+03 5.543442e-03 5.929770e-03 8.038097e+00
5.362969e-01 5.340980e-01 5.234970e+03 5.588370e-03 6.156929e-03 8.050280e+00
5.387728e-01 5.365794e-01 5.210910e+03 5.633580e-03 6.392781e-03 8.062463e+00
5.412602e-01 5.390722e-01 5.186960e+03 5.679071e-03 6.637658e-03 8.074645e+00
5.437590e-01 5.415767e-01 5.163122e+03 5.724840e-03 6.891904e-03 8.086827e+00
5.462694e-01 5.440927e-01 5.139394e+03 5.770888e-03 7.155878e-03 8.099009e+00
5.487914e-01 5.466205e-01 5.115777e+03 5.817213e-03 7.429950e-03 8.111190e+00
5.513250e-01 5.491600e-01 5.092268e+03 5.863814e-03 7.714508e-03 8.123371e+00
5.538703e-01 5.517112e-01 5.068869e+03 5.910691e-03 8.009950e-03 8.135551e+00
5.564274e-01 5.542743e-01 5.045579e+03 5.957843e-03 8.316694e-03 8.147731e+00
5.589962e-01 5.568494e-01 5.022396e+03 6.005268e-03 8.635171e-03 8.159911e+00
5.615770e-01 5.594363e-01 4.999321e+03 6.052966e-03 8.965829e-03 8.172090e+00
5.641696e-01 5.620353e-01 4.976353e+03 6.100936e-03 9.309133e-03 8.184269e+00
5.667742e-01 5.646464e-01 4.953491e+03 6.149176e-03 9.665566e-03 8.196447e+00
5.693908e-01 5.672695e-01 4.930736e+03 6.197687e-03 1.003563e-02 8.208625e+00
5.720196e-01 5.699049e-01 4.908086e+03 6.246466e-03 1.041984e-02 8.220803e+00
5.746604e-01 5.725525e-01 4.885541e+03 6.295514e-03 1.081875e-02 8.232980e+00
5.773135e-01 5.752124e-01 4.863101e+03 6.344829e-03 1.123291e-02 8.245156e+00
5.799787e-01 5.778847e-01 4.840764e+03 6.394410e-03 1.166290e-02 8.257333e+00
5.826563e-01 5.805693e-01 4.818532e+03 6.444257e-03 1.210933e-02 8.269508e+00
5.853463e-01 5.832665e-01 4.796402e+03 6.494368e-03 1.257283e-02 8.281684e+00
5.880487e-01 5.859761e-01 4.774376e+03 6.544742e-03 1.305404e-02 8.293859e+00
5.907635e-01 5.886984e-01 4.752451e+03 6.595380e-03 1.355365e-02 8.306033e+00
5.934909e-01 5.914333e-01 4.730628e+03 6.646279e-03 1.407235e-02 8.318207e+00
5.962309e-01 5.941809e-01 4.708907e+03 6.697439e-03 1.461088e-02 8.330381e+00
5.989835e-01 5.969413e-01 4.687286e+03 6.748859e-03 1.516999e-02 8.342554e+00
6.017489e-01 5.997145e-01 4.665765e+03 6.800538e-03 1.575047e-02 8.354727e+00
6.045270e-01 6.025005e-01 4.644345e+03 6.852476e-03 1.635312e-02 8.366899e+00
6.073179e-01 6.052996e-01 4.623024e+03 6.904671e-03 1.697881e-02 8.379071e+00
6.101217e-01 6.081116e-01 4.601801e+03 6.957122e-03 1.762840e-02 8.391242e+00
6.129385e-01 6.109367e-01 4.580678e+03 7.009829e-03 1.830281e-02 8.403413e+00
6.157682e-01 6.137749e-01 4.559652e+03 7.062791e-03 1.900298e-02 8.415584e+00
6.186111e-01 6.166263e-01 4.538724e+03 7.116006e-03 1.972990e-02 8.427754e+00
6.214670e-01 6.194910e-01 4.517893e+03 7.169475e-03 2.048458e-02 8.439923e+00
6.243361e-01 6.223690e-01 4.497159e+03 7.223196e-03 2.126809e-02 8.452092e+00
6.272185e-01 6.252603e-01 4.476521e+03 7.277168e-03 2.208153e-02 8.464261e+00
6.301142e-01 6.281651e-01 4.455978e+03 7.331390e-03 2.292603e-02 8.476429e+00
6.330233e-01 6.310834e-01 4.435531e+03 7.385862e-03 2.380278e-02 8.488597e+00
6.359458e-01 6.340153e-01 4.415179e+03 7.440583e-03 2.471302e-02 8.500764e+00
6.388817e-01 6.369608e-01 4.394922e+03 7.495551e-03 2.565800e-02 8.512930e+00
6.418313e-01 6.399200e-01 4.374758e+03 7.550767e-03 2.663907e-02 8.525097e+00
6.447944e-01 6.428929e-01 4.354689e+03 7.606228e-03 2.765760e-02 8.537262e+00
6.477713e-01 6.458797e-01 4.334712e+03 7.661935e-03 2.871500e-02 8.549427e+00
6.507618e-01 6.488803e-01 4.314828e+03 7.717887e-03 2.981277e-02 8.561592e+00
6.537662e-01 6.518949e-01 4.295036e+03 7.774082e-03 3.095245e-02 8.573756e+00
6.567845e-01 6.549236e-01 4.275336e+03 7.830520e-03 3.213562e-02 8.585920e+00
6.598167e-01 6.579663e-01 4.255728e+03 7.887200e-03 3.336395e-02 8.598083e+00
6.628629e-01 6.610231e-01 4.236211e+03 7.944121e-03 3.463915e-02 8.610246e+00
6.659231e-01 6.640942e-01 4.216784e+03 8.001283e-03 3.596302e-02 8.622408e+00
6.689975e-01 6.671795e-01 4.197448e+03 8.058684e-03 3.733741e-02 8.634569e+00
6.720860e-01 6.702792e-01 4.178201e+03 8.116323e-03 3.876423e-02 8.646730e+00
6.751889e-01 6.733933e-01 4.159044e+03 8.174201e-03 4.024549e-02 8.658891e+00
6.783060e-01 6.765219e-01 4.139976e+03 8.232316e-03 4.178326e-02 8.671051e+00
6.814376e-01 6.796651e-01 4.120996e+03 8.290667e-03 4.337969e-02 8.683211e+00
6.845836e-01 6.828229e-01 4.102104e+03 8.349253e-03 4.503702e-02 8.695370e+00
6.877441e-01 6.859953e-01 4.083300e+03 8.408075e-03 4.675756e-02 8.707528e+00
6.909192e-01 6.891825e-01 4.064584e+03 8.467130e-03 4.854371e-02 8.719686e+00
6.941090e-01 6.923846e-01 4.045954e+03 8.526418e-03 5.039799e-02 8.731843e+00
6.973135e-01 6.956015e-01 4.027411e+03 8.585938e-03 5.232297e-02 8.744000e+00
7.005328e-01 6.988334e-01 4.008954e+03 8.645690e-03 5.432136e-02 8.756157e+00
7.037670e-01 7.020804e-01 3.990583e+03 8.705673e-03 5.639594e-02 8.768312e+00
7.070161e-01 7.053424e-01 3.972297e+03 8.765885e-03 5.854961e-02 8.780467e+00
7.102802e-01 7.086197e-01 3.954096e+03 8.826327e-03 6.078539e-02 8.792622e+00
7.135593e-01 7.119122e-01 3.935979e+03 8.886997e-03 6.310639e-02 8.804776e+00
7.168536e-01 7.152200e-01 3.917947e+03 8.947895e-03 6.551586e-02 8.816930e+00
7.201631e-01 7.185432e-01 3.899998e+03 9.009020e-03 6.801717e-02 8.829083e+00
7.234879e-01 7.218819e-01 3.882133e+03 9.070371e-03 7.061380e-02 8.841235e+00
7.268281e-01 7.252361e-01 3.864351e+03 9.131947e-03 7.330938e-02 8.853387e+00
7.301836e-01 7.286059e-01 3.846651e+03 9.193747e-03 7.610768e-02 8.865538e+00
7.335547e-01 7.319914e-01 3.829034e+03 9.255772e-03 7.901260e-02 8.877689e+00
7.369413e-01 7.353927e-01 3.811498e+03 9.318019e-03 8.202820e-02 8.889839e+00
7.403435e-01 7.388098e-01 3.794044e+03 9.380489e-03 8.515867e-02 8.901989e+00
7.437615e-01 7.422428e-01 3.776671e+03 9.443181e-03 8.840840e-02 8.914138e+00
7.471952e-01 7.456918e-01 3.759379e+03 9.506093e-03 9.178191e-02 8.926286e+00
7.506448e-01 7.491568e-01 3.742167e+03 9.569225e-03 9.528391e-02 8.938434e+00
7.541103e-01 7.526380e-01 3.725035e+03 9.632577e-03 9.891928e-02 8.950581e+00
7.575918e-01 7.561354e-01 3.707982e+03 9.696148e-03 1.026931e-01 8.962728e+00
7.610894e-01 7.596491e-01 3.691009e+03 9.759936e-03 1.066106e-01 8.974874e+00
7.646031e-01 7.631791e-01 3.674114e+03 9.823942e-03 1.106773e-01 8.987019e+00
7.681331e-01 7.667256e-01 3.657299e+03 9.888164e-03 1.148988e-01 8.999164e+00
7.716794e-01 7.702886e-01 3.640561e+03 9.952601e-03 1.192810e-01 9.011309e+00
7.752420e-01 7.738682e-01 3.623901e+03 1.001725e-02 1.238300e-01 9.023452e+00
7.788211e-01 7.774645e-01 3.607318e+03 1.008212e-02 1.285521e-01 9.035595e+00
7.824166e-01 7.810775e-01 3.590812e+03 1.014720e-02 1.334540e-01 9.047738e+00
7.860288e-01 7.847074e-01 3.574384e+03 1.021250e-02 1.385425e-01 9.059879e+00
7.896577e-01 7.883542e-01 3.558031e+03 1.027800e-02 1.438245e-01 9.072021e+00
7.933033e-01 7.920179e-01 3.541754e+03 1.034372e-02 1.493076e-01 9.084161e+00
7.969658e-01 7.956987e-01 3.525553e+03 1.040965e-02 1.549993e-01 9.096301e+00
8.006452e-01 7.993967e-01 3.509428e+03 1.047579e-02 1.609075e-01 9.108441e+00
8.043415e-01 8.031119e-01 3.493377e+03 1.054213e-02 1.670404e-01 9.120579e+00
8.080549e-01 8.068444e-01 3.477401e+03 1.060869e-02 1.734066e-01 9.132717e+00
8.117855e-01 8.105944e-01 3.461499e+03 1.067546e-02 1.800150e-01 9.144855e+00
8.155333e-01 8.143617e-01 3.445671e+03 1.074243e-02 1.868747e-01 9.156992e+00
8.192984e-01 8.181467e-01 3.429916e+03 1.080961e-02 1.939952e-01 9.169128e+00
8.230808e-01 8.219493e-01 3.414235e+03 1.087699e-02 2.013865e-01 9.181263e+00
8.268808e-01 8.257696e-01 3.398626e+03 1.094458e-02 2.090589e-01 9.193398e+00
8.306982e-01 8.296077e-01 3.383090e+03 1.101238e-02 2.170229e-01 9.205532e+00
8.345333e-01 8.334637e-01 3.367626e+03 1.108038e-02 2.252896e-01 9.217666e+00
8.383861e-01 8.373377e-01 3.352234e+03 1.114858e-02 2.338706e-01 9.229799e+00
8.422567e-01 8.412298e-01 3.336914e+03 1.121699e-02 2.427778e-01 9.241931e+00
8.461452e-01 8.451400e-01 3.321665e+03 1.128560e-02 2.520234e-01 9.254063e+00
8.500516e-01 8.490684e-01 3.306486e+03 1.135441e-02 2.616204e-01 9.266194e+00
8.539760e-01 8.530151e-01 3.291379e+03 1.142342e-02 2.715821e-01 9.278324e+00
8.579186e-01 8.569803e-01 3.276341e+03 1.149263e-02 2.819222e-01 9.290454e+00
8.618794e-01 8.609639e-01 3.261373e+03 1.156204e-02 2.926552e-01 9.302583e+00
8.658584e-01 8.649662e-01 3.246475e+03 1.163165e-02 3.037959e-01 9.314711e+00
8.698558e-01 8.689870e-01 3.231646e+03 1.170146e-02 3.153597e-01 9.326839e+00
8.738717e-01 8.730267e-01 3.216886e+03 1.177147e-02 3.273628e-01 9.338966e+00
8.779061e-01 8.770852e-01 3.202194e+03 1.184167e-02 3.398217e-01 9.351092e+00
8.819592e-01 8.811626e-01 3.187571e+03 1.191207e-02 3.527537e-01 9.363217e+00
8.860309e-01 8.852590e-01 3.173016e+03 1.198267e-02 3.661767e-01 9.375342e+00
8.901215e-01 8.893746e-01 3.158528e+03 1.205346e-02 3.801093e-01 9.387467e+00
8.942309e-01 8.935093e-01 3.144108e+03 1.212445e-02 3.945709e-01 9.399590e+00
8.983593e-01 8.976634e-01 3.129755e+03 1.219563e-02 4.095814e-01 9.411713e+00
9.025068e-01 9.018368e-01 3.115468e+03 1.226700e-02 4.251617e-01 9.423835e+00
9.066734e-01 9.060297e-01 3.101248e+03 1.233857e-02 4.413333e-01 9.435956e+00
9.108593e-01 9.102422e-01 3.087094e+03 1.241033e-02 4.581185e-01 9.448077e+00
9.150645e-01 9.144743e-01 3.073005e+03 1.248228e-02 4.755407e-01 9.460197e+00
9.192890e-01 9.187262e-01 3.058982e+03 1.255443e-02 4.936239e-01 9.472317e+00
9.235331e-01 9.229979e-01 3.045025e+03 1.262676e-02 5.123931e-01 9.484435e+00
9.277968e-01 9.272896e-01 3.031132e+03 1.269929e-02 5.318744e-01 9.496553e+00
9.320802e-01 9.316013e-01 3.017303e+03 1.277200e-02 5.520945e-01 9.508670e+00
9.363834e-01 9.359331e-01 3.003539e+03 1.284490e-02 5.730816e-01 9.520787e+00
9.407064e-01 9.402852e-01 2.989839e+03 1.291800e-02 5.957823e-01 9.533237e+00
9.450493e-01 9.446575e-01 2.976203e+03 1.299128e-02 6.196823e-01 9.545793e+00
9.494124e-01 9.490503e-01 2.962630e+03 1.306474e-02 6.445044e-01 9.558336e+00
9.537955e-01 9.534636e-01 2.949120e+03 1.313840e-02 6.702841e-01 9.570867e+00
9.581989e-01 9.578976e-01 2.935672e+03 1.321224e-02 6.970580e-01 9.583387e+00
9.626227e-01 9.623522e-01 2.922288e+03 1.328626e-02 7.248644e-01 9.595896e+00
9.670668e-01 9.668276e-01 2.908965e+03 1.336048e-02 7.537429e-01 9.608394e+00
9.715315e-01 9.713239e-01 2.895704e+03 1.343487e-02 7.837349e-01 9.620882e+00
9.760168e-01 9.758413e-01 2.882505e+03 1.350945e-02 8.148829e-01 9.633359e+00
9.805228e-01 9.803797e-01 2.869367e+03 1.358422e-02 8.472316e-01 9.645827e+00
9.850496e-01 9.849393e-01 2.856291e+03 1.365917e-02 8.808269e-01 9.658286e+00
9.895973e-01 9.895203e-01 2.843275e+03 1.373430e-02 9.157169e-01 9.670736e+00
9.941660e-01 9.941226e-01 2.830319e+03 1.380961e-02 9.519513e-01 9.683178e+00
9.987557e-01 9.987465e-01 2.817424e+03 1.388511e-02 9.895818e-01 9.695611e+00
1.003367e+00 1.003392e+00 2.804589e+03 1.396078e-02 1.028662e+00 9.708036e+00
1.007999e+00 1.008059e+00 2.791813e+03 1.403664e-02 1.069248e+00 9.720453e+00
1.012653e+00 1.012748e+00 2.779097e+03 1.411268e-02 1.111397e+00 9.732863e+00
1.017328e+00 1.017459e+00 2.766440e+03 1.418889e-02 1.155169e+00 9.745266e+00
1.022024e+00 1.022192e+00 2.753841e+03 1.426529e-02 1.200628e+00 9.757662e+00
1.026743e+00 1.026947e+00 2.741301e+03 1.434187e-02 1.247837e+00 9.770051e+00
1.031483e+00 1.031724e+00 2.728820e+03 1.441862e-02 1.296863e+00 9.782433e+00
1.036245e+00 1.036524e+00 2.716396e+03 1.449555e-02 1.347778e+00 9.794810e+00
1.041029e+00 1.041346e+00 2.704030e+03 1.457266e-02 1.400653e+00 9.807180e+00
1.045835e+00 1.046190e+00 2.691722e+03 1.464995e-02 1.455563e+00 9.819545e+00
1.050664e+00 1.051058e+00 2.679470e+03 1.472741e-02 1.512587e+00 9.831904e+00
1.055514e+00 1.055948e+00 2.667276e+03 1.480505e-02 1.571806e+00 9.844257e+00
1.060387e+00 1.060860e+00 2.655138e+03 1.488286e-02 1.633303e+00 9.856606e+00
1.065283e+00 1.065796e+00 2.643057e+03 1.496085e-02 1.697168e+00 9.868949e+00
1.070201e+00 1.070755e+00 2.631032e+03 1.503902e-02 1.763489e+00 9.881287e+00
1.075142e+00 1.075737e+00 2.619063e+03 1.511736e-02 1.832363e+00 9.893621e+00
1.080105e+00 1.080743e+00 2.607149e+03 1.519587e-02 1.903885e+00 9.905949e+00
1.085092e+00 1.085772e+00 2.595290e+03 1.527455e-02 1.978159e+00 9.918274e+00
1.090101e+00 1.090824e+00 2.583487e+03 1.535341e-02 2.055289e+00 9.930594e+00
1.095134e+00 1.095900e+00 2.571739e+03 1.543245e-02 2.135384e+00 9.942909e+00
1.100190e+00 1.101000e+00 2.560045e+03 1.551165e-02 2.218559e+00 9.955221e+00
1.105269e+00 1.106123e+00 2.548405e+03 1.559103e-02 2.304931e+00 9.967528e+00
1.110372e+00 1.111271e+00 2.536820e+03 1.567058e-02 2.394622e+00 9.979832e+00
1.115498e+00 1.116443e+00 2.525288e+03 1.575030e-02 2.487760e+00 9.992132e+00
1.120648e+00 1.121639e+00 2.513810e+03 1.583018e-02 2.584475e+00 1.000443e+01
1.125822e+00 1.126859e+00 2.502385e+03 1.591024e-02 2.684906e+00 1.001672e+01
1.131019e+00 1.132103e+00 2.491014e+03 1.599048e-02 2.789193e+00 1.002901e+01
1.136241e+00 1.137373e+00 2.479695e+03 1.607087e-02 2.897483e+00 1.004129e+01
1.141487e+00 1.142667e+00 2.468429e+03 1.615144e-02 3.009930e+00 1.005358e+01
1.146757e+00 1.147985e+00 2.457215e+03 1.623218e-02 3.126692e+00 1.006585e+01
1.152051e+00 1.153329e+00 2.446053e+03 1.631309e-02 3.247934e+00 1.007813e+01
1.157370e+00 1.158697e+00 2.434943e+03 1.639416e-02 3.373825e+00 1.009040e+01
1.162713e+00 1.164091e+00 2.423884e+03 1.647540e-02 3.504542e+00 1.010267e+01
1.168081e+00 1.169510e+00 2.412877e+03 1.655681e-02 3.640271e+00 1.011493e+01
1.173474e+00 1.174954e+00 2.401921e+03 1.663839e-02 3.781200e+00 1.012720e+01
1.178891e+00 1.180424e+00 2.391016e+03 1.672013e-02 3.927527e+00 1.013945e+01
1.184334e+00 1.185920e+00 2.380162e+03 1.680204e-02 4.079457e+00 1.015171e+01
1.189801e+00 1.191441e+00 2.369358e+03 1.688412e-02 4.237203e+00 1.016396e+01
1.195294e+00 1.196988e+00 2.358604e+03 1.696636e-02 4.400985e+00 1.017621e+01
1.200813e+00 1.202561e+00 2.347900e+03 1.704876e-02 4.571031e+00 1.018846e+01
1.206357e+00 1.208161e+00 2.337246e+03 1.713133e-02 4.747579e+00 1.020070e+01
1.211926e+00 1.213786e+00 2.326642e+03 1.721407e-02 4.930875e+00 1.021294e+01
1.217521e+00 1.219438e+00 2.316086e+03 1.729697e-02 5.121173e+00 1.022518e+01
1.223142e+00 1.225116e+00 2.305580e+03 1.738004e-02 5.318738e+00 1.023741e+01
1.228789e+00 1.230821e+00 2.295122e+03 1.746326e-02 5.523844e+00 1.024964e+01
1.234462e+00 1.236553e+00 2.284713e+03 1.754666e-02 5.736775e+00 1.026187e+01
1.240161e+00 1.242311e+00 2.274353e+03 1.763021e-02 5.957825e+00 1.027409e+01
1.245887e+00 1.248097e+00 2.264040e+03 1.771393e-02 6.187300e+00 1.028631e+01
1.251638e+00 1.253910e+00 2.253775e+03 1.779781e-02 6.425518e+00 1.029853e+01
1.257417e+00 1.259750e+00 2.243558e+03 1.788185e-02 6.672805e+00 1.031074e+01
1.263222e+00 1.265617e+00 2.233389e+03 1.796606e-02 6.929502e+00 1.032295e+01
1.269054e+00 1.271512e+00 2.223266e+03 1.805043e-02 7.195963e+00 1.033516e+01
1.274913e+00 1.277434e+00 2.213191e+03 1.813495e-02 7.472551e+00 1.034736e+01
1.280799e+00 1.283385e+00 2.203162e+03 1.821964e-02 7.759647e+00 1.035956e+01
1.286712e+00 1.289363e+00 2.193180e+03 1.830449e-02 8.057643e+00 1.037176e+01
1.292652e+00 1.295369e+00 2.183245e+03 1.838951e-02 8.366945e+00 1.038395e+01
1.298620e+00 1.301403e+00 2.173355e+03 1.847468e-02 8.687975e+00 1.039614e+01
1.304615e+00 1.307466e+00 2.163512e+03 1.856001e-02 9.021170e+00 1.040833e+01
1.310638e+00 1.313557e+00 2.153714e+03 1.864550e-02 9.366983e+00 1.042051e+01
1.316689e+00 1.319677e+00 2.143961e+03 1.873116e-02 9.725882e+00 1.043269e+01
1.322768e+00 1.325826e+00 2.134254e+03 1.881697e-02 1.009835e+01 1.044486e+01
1.328875e+00 1.332003e+00 2.124592e+03 1.890294e-02 1.048490e+01 1.045703e+01
1.335010e+00 1.338209e+00 2.114975e+03 1.898907e-02 1.088604e+01 1.046920e+01
1.341173e+00 1.344445e+00 2.105402e+03 1.907536e-02 1.130232e+01 1.048136e+01
1.347365e+00 1.350710e+00 2.095874e+03 1.916181e-02 1.173429e+01 1.049352e+01
1.353585e+00 1.357004e+00 2.086390e+03 1.924841e-02 1.218255e+01 1.050567e+01
1.359835e+00 1.363327e+00 2.076950e+03 1.933518e-02 1.264768e+01 1.051782e+01
1.366113e+00 1.369681e+00 2.067554e+03 1.942210e-02 1.313033e+01 1.052997e+01
1.372420e+00 1.376064e+00 2.058202e+03 1.950918e-02 1.363114e+01 1.054211e+01
1.378756e+00 1.382477e+00 2.048893e+03 1.959642e-02 1.415079e+01 1.055425e+01
1.385121e+00 1.388921e+00 2.039627e+03 1.968382e-02 1.468998e+01 1.056638e+01
1.391516e+00 1.395394e+00 2.030404e+03 1.977137e-02 1.524944e+01 1.057851e+01
1.397940e+00 1.401898e+00 2.021224e+03 1.985908e-02 1.582992e+01 1.059064e+01
1.404394e+00 1.408433e+00 2.012086e+03 1.994695e-02 1.643219e+01 1.060276e+01
1.410877e+00 1.414998e+00 2.002991e+03 2.003498e-02 1.705706e+01 1.061488e+01
1.417391e+00 1.421595e+00 1.993939e+03 2.012316e-02 1.770537e+01 1.062699e+01
1.423935e+00 1.428222e+00 1.984928e+03 2.021150e-02 1.837799e+01 1.063910e+01
1.430509e+00 1.434880e+00 1.975959e+03 2.029999e-02 1.907582e+01 1.065121e+01
1.437113e+00 1.441570e+00 1.967031e+03 2.038864e-02 1.979977e+01 1.066331e+01
1.443748e+00 1.448291e+00 1.958145e+03 2.047745e-02 2.055083e+01 1.067540e+01
1.450413e+00 1.455043e+00 1.949301e+03 2.056642e-02 2.132998e+01 1.068750e+01
1.457109e+00 1.461828e+00 1.940497e+03 2.065553e-02 2.213825e+01 1.069959e+01
1.463836e+00 1.468644e+00 1.931734e+03 2.074481e-02 2.297673e+01 1.071167e+01
1.470594e+00 1.475492e+00 1.923012e+03 2.083424e-02 2.384652e+01 1.072376e+01
1.477384e+00 1.482373e+00 1.914330e+03 2.092383e-02 2.474876e+01 1.073583e+01
1.484204e+00 1.489286e+00 1.905689e+03 2.101357e-02 2.568464e+01 1.074791e+01
1.491056e+00 1.496231e+00 1.897088e+03 2.110347e-02 2.665541e+01 1.075998e+01
1.497940e+00 1.503210e+00 1.888526e+03 2.119352e-02 2.766232e+01 1.077204e+01
1.504856e+00 1.510220e+00 1.880005e+03 2.128373e-02 2.870670e+01 1.078410e+01
1.511803e+00 1.517264e+00 1.871522e+03 2.137409e-02 2.978993e+01 1.079616e+01
1.518783e+00 1.524341e+00 1.863080e+03 2.146461e-02 3.091341e+01 1.080821e+01
1.525795e+00 1.531452e+00 1.854676e+03 2.155528e-02 3.207860e+01 1.082026e+01
1.532839e+00 1.538596e+00 1.846311e+03 2.164611e-02 3.328703e+01 1.083230e+01
1.539916e+00 1.545773e+00 1.837985e+03 2.173709e-02 3.454026e+01 1.084434e+01
1.547025e+00 1.552984e+00 1.829698e+03 2.182823e-02 3.583992e+01 1.085637e+01
1.554167e+00 1.560230e+00 1.821449e+03 2.191952e-02 3.718769e+01 1.086840e+01
1.561342e+00 1.567509e+00 1.813239e+03 2.201096e-02 3.858530e+01 1.088043e+01
1.568550e+00 1.574823e+00 1.805066e+03 2.210256e-02 4.003457e+01 1.089245e+01
1.575792e+00 1.582171e+00 1.796932e+03 2.219432e-02 4.153735e+01 1.090446e+01
1.583067e+00 1.589553e+00 1.788835e+03 2.228623e-02 4.309557e+01 1.091647e+01
1.590376e+00 1.596971e+00 1.780776e+03 2.237829e-02 4.471126e+01 1.092848e+01
1.597718e+00 1.604423e+00 1.772754e+03 2.247051e-02 4.638651e+01 1.094048e+01
1.605094e+00 1.611910e+00 1.764769e+03 2.256289e-02 4.812348e+01 1.095248e+01
1.612504e+00 1.619433e+00 1.756821e+03 2.265541e-02 4.992441e+01 1.096447e+01
1.619949e+00 1.626991e+00 1.748911e+03 2.274810e-02 5.179163e+01 1.097645e+01
1.627428e+00 1.634585e+00 1.741036e+03 2.284093e-02 5.372753e+01 1.098844e+01
1.634941e+00 1.642215e+00 1.733199e+03 2.293392e-02 5.573461e+01 1.100041e+01
1.642489e+00 1.649880e+00 1.725398e+03 2.302707e-02 5.781544e+01 1.101239e+01
1.650072e+00 1.657582e+00 1.717632e+03 2.312037e-02 5.997268e+01 1.102435e+01
1.657690e+00 1.665320e+00 1.709903e+03 2.321382e-02 6.220910e+01 1.103632e+01
1.665343e+00 1.673094e+00 1.702210e+03 2.330743e-02 6.452756e+01 1.104828e+01
1.673031e+00 1.680905e+00 1.694552e+03 2.340119e-02 6.693100e+01 1.106023e+01
1.680755e+00 1.688753e+00 1.686930e+03 2.349511e-02 6.942250e+01 1.107218e+01
1.688515e+00 1.696638e+00 1.679344e+03 2.358918e-02 7.200522e+01 1.108413e+01
1.696310e+00 1.704560e+00 1.671792e+03 2.368341e-02 7.468243e+01 1.109607e+01
1.704142e+00 1.712519e+00 1.664275e+03 2.377779e-02 7.745754e+01 1.110800e+01
1.712009e+00 1.720516e+00 1.656794e+03 2.387233e-02 8.033404e+01 1.111993e+01
1.719913e+00 1.728551e+00 1.649347e+03 2.396702e-02 8.331558e+01 1.113186e+01
1.727853e+00 1.736624e+00 1.641934e+03 2.406186e-02 8.640591e+01 1.114378e+01
1.735830e+00 1.744735e+00 1.634556e+03 2.415686e-02 8.960891e+01 1.115570e+01
1.743844e+00 1.752884e+00 1.627212e+03 2.425202e-02 9.292862e+01 1.116761e+01
1.751895e+00 1.761071e+00 1.619902e+03 2.434733e-02 9.636919e+01 1.117952e+01
1.759983e+00 1.769297e+00 1.612626e+03 2.444279e-02 9.993493e+01 1.119142e+01
1.768108e+00 1.777562e+00 1.605383e+03 2.453842e-02 1.036303e+02 1.120332e+01
1.776271e+00 1.785866e+00 1.598175e+03 2.463419e-02 1.074599e+02 1.121521e+01
1.784472e+00 1.794209e+00 1.590999e+03 2.473012e-02 1.114284e+02 1.122710e+01
1.792710e+00 1.802592e+00 1.583857e+03 2.482621e-02 1.155409e+02 1.123899e+01
1.800987e+00 1.811014e+00 1.576748e+03 2.492245e-02 1.198024e+02 1.125086e+01
1.809301e+00 1.819476e+00 1.569672e+03 2.501885e-02 1.242182e+02 1.126274e+01
1.817654e+00 1.827978e+00 1.562629e+03 2.511541e-02 1.287937e+02 1.127461e+01
1.826046e+00 1.836520e+00 1.555618e+03 2.521212e-02 1.335345e+02 1.128647e+01
1.834476e+00 1.845102e+00 1.548640e+03 2.530898e-02 1.384465e+02 1.129833e+01
1.842946e+00 1.853725e+00 1.541694e+03 2.540601e-02 1.435357e+02 1.131018e+01
1.851454e+00 1.862389e+00 1.534780e+03 2.550319e-02 1.488083e+02 1.132203e+01
1.860002e+00 1.871093e+00 1.527899e+03 2.560052e-02 1.542708e+02 1.133387e+01
1.868589e+00 1.879839e+00 1.521049e+03 2.569802e-02 1.599297e+02 1.134570e+01
1.877215e+00 1.888626e+00 1.514231e+03 2.579567e-02 1.657920e+02 1.135753e+01
1.885882e+00 1.897455e+00 1.507444e+03 2.589347e-02 1.718647e+02 1.136936e+01
1.894589e+00 1.906325e+00 1.500689e+03 2.599144e-02 1.781552e+02 1.138118e+01
1.903335e+00 1.915237e+00 1.493965e+03 2.608956e-02 1.846712e+02 1.139299e+01
1.912122e+00 1.924192e+00 1.487273e+03 2.618784e-02 1.914205e+02 1.140480e+01
1.920950e+00 1.933188e+00 1.480611e+03 2.628628e-02 1.984117e+02 1.141660e+01
1.929819e+00 1.942228e+00 1.473980e+03 2.638487e-02 2.056534e+02 1.142840e+01
1.938728e+00 1.951310e+00 1.467380e+03 2.648363e-02 2.131546e+02 1.144019e+01
1.947679e+00 1.960435e+00 1.460811e+03 2.658254e-02 2.209247e+02 1.145198e+01
1.956671e+00 1.969603e+00 1.454272e+03 2.668161e-02 2.289732e+02 1.146377e+01
1.965704e+00 1.978815e+00 1.447763e+03 2.678084e-02 2.373103e+02 1.147555e+01
1.974779e+00 1.988070e+00 1.441284e+03 2.688023e-02 2.459462e+02 1.148732e+01
1.983896e+00 1.997369e+00 1.434836e+03 2.697978e-02 2.548917e+02 1.149909e+01
1.993055e+00 2.006712e+00 1.428417e+03 2.707949e-02 2.641579e+02 1.151086e+01
2.002256e+00 2.016099e+00 1.422028e+03 2.717936e-02 2.737563e+02 1.152263e+01
2.011500e+00 2.025531e+00 1.415668e+03 2.727939e-02 2.836989e+02 1.153439e+01
2.020787e+00 2.035007e+00 1.409338e+03 2.737958e-02 2.939980e+02 1.154614e+01
2.030116e+00 2.044528e+00 1.403038e+03 2.747993e-02 3.046664e+02 1.155790e+01
2.039489e+00 2.054095e+00 1.396766e+03 2.758044e-02 3.157173e+02 1.156965e+01
2.048904e+00 2.063706e+00 1.390524e+03 2.768111e-02 3.271644e+02 1.158140e+01
2.058364e+00 2.073363e+00 1.384310e+03 2.778195e-02 3.390220e+02 1.159314e+01
2.067867e+00 2.083066e+00 1.378125e+03 2.788294e-02 3.513047e+02 1.160488e+01
2.077413e+00 2.092815e+00 1.371969e+03 2.798410e-02 3.640278e+02 1.161662e+01
2.087004e+00 2.102610e+00 1.365841e+03 2.808542e-02 3.772070e+02 1.162836e+01
2.096639e+00 2.112452e+00 1.359742e+03 2.818691e-02 3.908587e+02 1.164009e+01
2.106319e+00 2.122340e+00 1.353671e+03 2.828855e-02 4.049997e+02 1.165182e+01
2.116043e+00 2.132275e+00 1.347628e+03 2.839036e-02 4.196476e+02 1.166355e+01
2.125812e+00 2.142257e+00 1.341612e+03 2.849234e-02 4.348205e+02 1.167528e+01
2.135626e+00 2.152286e+00 1.335625e+03 2.859448e-02 4.505371e+02 1.168700e+01
2.145486e+00 2.162363e+00 1.329666e+03 2.869678e-02 4.668168e+02 1.169872e+01
2.155391e+00 2.172488e+00 1.323734e+03 2.879925e-02 4.836798e+02 1.171044e+01
2.165342e+00 2.182661e+00 1.317829e+03 2.890188e-02 5.011468e+02 1.172216e+01
2.175339e+00 2.192882e+00 1.311952e+03 2.900468e-02 5.192394e+02 1.173388e+01
2.185382e+00 2.203151e+00 1.306102e+03 2.910764e-02 5.379798e+02 1.174559e+01
2.195471e+00 2.213469e+00 1.300279e+03 2.921078e-02 5.573911e+02 1.175730e+01
2.205607e+00 2.223837e+00 1.294483e+03 2.931407e-02 5.774973e+02 1.176901e+01
2.215790e+00 2.234253e+00 1.288714e+03 2.941754e-02 5.983229e+02 1.178072e+01
2.226019e+00 2.244719e+00 1.282971e+03 2.952117e-02 6.198936e+02 1.179242e+01
2.236296e+00 2.255234e+00 1.277255e+03 2.962497e-02 6.422358e+02 1.180413e+01
2.246620e+00 2.265800e+00 1.271566e+03 2.972894e-02 6.653769e+02 1.181583e+01
2.256992e+00 2.276415e+00 1.265903e+03 2.983308e-02 6.893452e+02 1.182753e+01
2.267412e+00 2.287081e+00 1.260266e+03 2.993739e-02 7.141701e+02 1.183922e+01
2.277880e+00 2.297798e+00 1.254655e+03 3.004186e-02 7.398818e+02 1.185092e+01
2.288397e+00 2.308565e+00 1.249070e+03 3.014651e-02 7.665118e+02 1.186261e+01
2.298962e+00 2.319384e+00 1.243511e+03 3.025133e-02 7.940925e+02 1.187430e+01
2.309575e+00 2.330254e+00 1.237977e+03 3.035632e-02 8.226574e+02 1.188599e+01
2.320238e+00 2.341176e+00 1.232469e+03 3.046148e-02 8.522414e+02 1.189767e+01
2.330950e+00 2.352150e+00 1.226987e+03 3.056681e-02 8.828804e+02 1.190936e+01
2.341711e+00 2.363175e+00 1.221530e+03 3.067231e-02 9.146114e+02 1.192104e+01
2.352522e+00 2.374253e+00 1.216098e+03 3.077799e-02 9.474730e+02 1.193272e+01
2.363383e+00 2.385384e+00 1.210691e+03 3.088384e-02 9.815049e+02 1.194440e+01
2.374294e+00 2.396568e+00 1.205310e+03 3.098987e-02 1.016748e+03 1.195607e+01
2.385255e+00 2.407805e+00 1.199953e+03 3.109607e-02 1.053246e+03 1.196774e+01
2.396268e+00 2.419095e+00 1.194621e+03 3.120244e-02 1.091041e+03 1.197941e+01
2.407330e+00 2.430439e+00 1.189314e+03 3.130899e-02 1.130178e+03 1.199108e+01
2.418444e+00 2.441837e+00 1.184031e+03 3.141572e-02 1.170703e+03 1.200275e+01
2.429610e+00 2.453290e+00 1.178772e+03 3.152262e-02 1.212664e+03 1.201441e+01
2.440826e+00 2.464796e+00 1.173538e+03 3.162970e-02 1.256109e+03 1.202607e+01
2.452095e+00 2.476358e+00 1.168328e+03 3.173696e-02 1.301088e+03 1.203772e+01
2.463416e+00 2.487974e+00 1.163142e+03 3.184440e-02 1.347654e+03 1.204937e+01
2.474789e+00 2.499646e+00 1.157981e+03 3.195201e-02 1.395860e+03 1.206102e+01
2.486214e+00 2.511374e+00 1.152843e+03 3.205980e-02 1.445761e+03 1.207266e+01
2.497692e+00 2.523157e+00 1.147728e+03 3.216778e-02 1.497414e+03 1.208430e+01
2.509223e+00 2.534996e+00 1.142638e+03 3.227593e-02 1.550878e+03 1.209593e+01
2.520808e+00 2.546892e+00 1.137571e+03 3.238427e-02 1.606213e+03 1.210756e+01
2.532445e+00 2.558844e+00 1.132527e+03 3.249279e-02 1.663482e+03 1.211918e+01
2.544137e+00 2.570853e+00 1.127506e+03 3.260149e-02 1.722750e+03 1.213080e+01
2.555883e+00 2.582920e+00 1.122509e+03 3.271037e-02 1.784082e+03 1.214241e+01
2.567682e+00 2.595044e+00 1.117535e+03 3.281944e-02 1.847547e+03 1.215401e+01
2.579537e+00 2.607226e+00 1.112584e+03 3.292869e-02 1.913216e+03 1.216561e+01
2.591446e+00 2.619465e+00 1.107656e+03 3.303813e-02 1.981161e+03 1.217721e+01
2.603410e+00 2.631763e+00 1.102750e+03 3.314775e-02 2.051457e+03 1.218879e+01
2.615429e+00 2.644120e+00 1.097868e+03 3.325756e-02 2.124181e+03 1.220037e+01
2.627504e+00 2.656536e+00 1.093007e+03 3.336755e-02 2.199413e+03 1.221195e+01
2.639634e+00 2.669011e+00 1.088170e+03 3.347774e-02 2.277234e+03 1.222351e+01
2.651820e+00 2.681545e+00 1.083354e+03 3.358811e-02 2.357729e+03 1.223507e+01
2.664063e+00 2.694139e+00 1.078561e+03 3.369867e-02 2.440985e+03 1.224662e+01
2.676362e+00 2.706793e+00 1.073790e+03 3.380942e-02 2.527090e+03 1.225816e+01
2.688718e+00 2.719508e+00 1.069041e+03 3.392036e-02 2.616138e+03 1.226970e+01
2.701131e+00 2.732283e+00 1.064314e+03 3.403149e-02 2.708223e+03 1.228123e+01
2.713602e+00 2.745120e+00 1.059608e+03 3.414282e-02 2.803442e+03 1.229274e+01
2.726130e+00 2.758017e+00 1.054925e+03 3.425434e-02 2.901896e+03 1.230426e+01
2.738715e+00 2.770976e+00 1.050263e+03 3.436605e-02 3.003688e+03 1.231576e+01
2.751359e+00 2.783997e+00 1.045623e+03 3.447795e-02 3.108925e+03 1.232725e+01
2.764062e+00 2.797080e+00 1.041004e+03 3.459005e-02 3.217715e+03 1.233873e+01
2.776822e+00 2.810226e+00 1.036406e+03 3.470235e-02 3.330173e+03 1.235021e+01
2.789642e+00 2.823434e+00 1.031830e+03 3.481484e-02 3.446413e+03 1.236168e+01
2.802521e+00 2.836706e+00 1.027274e+03 3.492753e-02 3.566555e+03 1.237313e+01
2.815460e+00 2.850040e+00 1.022740e+03 3.504042e-02 3.690721e+03 1.238458e+01
2.828458e+00 2.863439e+00 1.018227e+03 3.515351e-02 3.819038e+03 1.239602e+01
2.841516e+00 2.876902e+00 1.013734e+03 3.526680e-02 3.951635e+03 1.240744e+01
2.854634e+00 2.890429e+00 1.009263e+03 3.538028e-02 4.088646e+03 1.241886e+01
2.867814e+00 2.904020e+00 1.004812e+03 3.549397e-02 4.230207e+03 1.243027e+01
2.881053e+00 2.917677e+00 1.000381e+03 3.560786e-02 4.376459e+03 1.244166e+01
2.894354e+00 2.931399e+00 9.959710e+02 3.572196e-02 4.527551e+03 1.245305e+01
2.907717e+00 2.945186e+00 9.915813e+02 3.583626e-02 4.683643e+03 1.246443e+01
2.921141e+00 2.959040e+00 9.872118e+02 3.595078e-02 4.844911e+03 1.247579e+01
2.934627e+00 2.972960e+00 9.828625e+02 3.606552e-02 5.011531e+03 1.248715e+01
2.948175e+00 2.986946e+00 9.785332e+02 3.618048e-02 5.183691e+03 1.249850e+01
2.961786e+00 3.000999e+00 9.742239e+02 3.629567e-02 5.361582e+03 1.250985e+01
2.975460e+00 3.015120e+00 9.699344e+02 3.641110e-02 5.545404e+03 1.252118e+01
2.989197e+00 3.029308e+00 9.656647e+02 3.652676e-02 5.735363e+03 1.253251e+01
3.002997e+00 3.043564e+00 9.614147e+02 3.664267e-02 5.931674e+03 1.254384e+01
3.016861e+00 3.057888e+00 9.571842e+02 3.675883e-02 6.134558e+03 1.255516e+01
3.030789e+00 3.072281e+00 9.529732e+02 3.687525e-02 6.344245e+03 1.256647e+01
3.044781e+00 3.086743e+00 9.487816e+02 3.699193e-02 6.560974e+03 1.257778e+01
3.058838e+00 3.101274e+00 9.446092e+02 3.710888e-02 6.784993e+03 1.258909e+01
3.072960e+00 3.115875e+00 9.404560e+02 3.722610e-02 7.016557e+03 1.260039e+01
3.087147e+00 3.130545e+00 9.363219e+02 3.734360e-02 7.255931e+03 1.261169e+01
3.101399e+00 3.145286e+00 9.322069e+02 3.746138e-02 7.503392e+03 1.262299e+01
3.115718e+00 3.160098e+00 9.281107e+02 3.757945e-02 7.759225e+03 1.263429e+01
3.130102e+00 3.174981e+00 9.240333e+02 3.769782e-02 8.023725e+03 1.264559e+01
3.144553e+00 3.189935e+00 9.199747e+02 3.781648e-02 8.297198e+03 1.265688e+01
3.159070e+00 3.204960e+00 9.159347e+02 3.793545e-02 8.579964e+03 1.266817e+01
3.173655e+00 3.220058e+00 9.119132e+02 3.805473e-02 8.872351e+03 1.267947e+01
3.188307e+00 3.235228e+00 9.079101e+02 3.817433e-02 9.174701e+03 1.269076e+01
3.203026e+00 3.250471e+00 9.039255e+02 3.829425e-02 9.487367e+03 1.270206e+01
3.217814e+00 3.265787e+00 8.999591e+02 3.841450e-02 9.810717e+03 1.271335e+01
3.232670e+00 3.281177e+00 8.960109e+02 3.853508e-02 1.014513e+04 1.272465e+01
3.247594e+00 3.296640e+00 8.920807e+02 3.865600e-02 1.049100e+04 1.273594e+01
3.262587e+00 3.312178e+00 8.881686e+02 3.877727e-02 1.084875e+04 1.274724e+01
3.277649e+00 3.327790e+00 8.842744e+02 3.889888e-02 1.121878e+04 1.275854e+01
3.292781e+00 3.343477e+00 8.803980e+02 3.902085e-02 1.160154e+04 1.276985e+01
3.307983e+00 3.359239e+00 8.765394e+02 3.914319e-02 1.199749e+04 1.278115e+01
3.323255e+00 3.375078e+00 8.726984e+02 3.926588e-02 1.240709e+04 1.279246e+01
3.338598e+00 3.390992e+00 8.688750e+02 3.938896e-02 1.283084e+04 1.280377e+01
3.354011e+00 3.406983e+00 8.650691e+02 3.951241e-02 1.326925e+04 1.281508e+01
3.369496e+00 3.423050e+00 8.612806e+02 3.963624e-02 1.372284e+04 1.282640e+01
3.385052e+00 3.439195e+00 8.575094e+02 3.976047e-02 1.419215e+04 1.283772e+01
3.400680e+00 3.455417e+00 8.537554e+02 3.988509e-02 1.467772e+04 1.284904e+01
3.416380e+00 3.471718e+00 8.500186e+02 4.001011e-02 1.518009e+04 1.286037e+01
3.432152e+00 3.488096e+00 8.462988e+02 4.013554e-02 1.569981e+04 1.287170e+01
3.447997e+00 3.504554e+00 8.425961e+02 4.026138e-02 1.623746e+04 1.288303e+01
3.463916e+00 3.521090e+00 8.389102e+02 4.038764e-02 1.679361e+04 1.289436e+01
3.479908e+00 3.537707e+00 8.352412e+02 4.051433e-02 1.736887e+04 1.290569e+01
3.495973e+00 3.554403e+00 8.315888e+02 4.064145e-02 1.796387e+04 1.291703e+01
3.512113e+00 3.571179e+00 8.279532e+02 4.076900e-02 1.857924e+04 1.292836e+01
3.528328e+00 3.588036e+00 8.243341e+02 4.089700e-02 1.921565e+04 1.293969e+01
3.544617e+00 3.604974e+00 8.207315e+02 4.102544e-02 1.987378e+04 1.295102e+01
3.560981e+00 3.621994e+00 8.171454e+02 4.115434e-02 2.055432e+04 1.296235e+01
3.577421e+00 3.639096e+00 8.135756e+02 4.128370e-02 2.125800e+04 1.297368e+01
3.593937e+00 3.656280e+00 8.100220e+02 4.141353e-02 2.198556e+04 1.298501e+01
3.610530e+00 3.673547e+00 8.064846e+02 4.154383e-02 2.273775e+04 1.299633e+01
3.627198e+00 3.690897e+00 8.029634e+02 4.167460e-02 2.351537e+04 1.300766e+01
3.643944e+00 3.708331e+00 7.994581e+02 4.180586e-02 2.431922e+04 1.301897e+01
3.660767e+00 3.725848e+00 7.959688e+02 4.193762e-02 2.515013e+04 1.303029e+01
3.677668e+00 3.743450e+00 7.924954e+02 4.206987e-02 2.600896e+04 1.304160e+01
3.694647e+00 3.761137e+00 7.890378e+02 4.220262e-02 2.689657e+04 1.305291e+01
3.711704e+00 3.778909e+00 7.855959e+02 4.233588e-02 2.781388e+04 1.306421e+01
3.728840e+00 3.796767e+00 7.821696e+02 4.246965e-02 2.876181e+04 1.307551e+01
3.746055e+00 3.814711e+00 7.787589e+02 4.260395e-02 2.974132e+04 1.308680e+01
3.763349e+00 3.832742e+00 7.753637e+02 4.273877e-02 3.075339e+04 1.309809e+01
3.780723e+00 3.850859e+00 7.719840e+02 4.287413e-02 3.179901e+04 1.310937e+01
3.798178e+00 3.869064e+00 7.686195e+02 4.301003e-02 3.287924e+04 1.312064e+01
3.815713e+00 3.887356e+00 7.652704e+02 4.314647e-02 3.399513e+04 1.313191e+01
3.833329e+00 3.905737e+00 7.619364e+02 4.328347e-02 3.514777e+04 1.314317e+01
3.851027e+00 3.924207e+00 7.586176e+02 4.342103e-02 3.633829e+04 1.315443e+01
3.868806e+00 3.942766e+00 7.553138e+02 4.355915e-02 3.756783e+04 1.316568e+01
3.886667e+00 3.961414e+00 7.520250e+02 4.369784e-02 3.883759e+04 1.317692e+01
3.904610e+00 3.980153e+00 7.487512e+02 4.383711e-02 4.014878e+04 1.318815e+01
3.922637e+00 3.998982e+00 7.454921e+02 4.397697e-02 4.150265e+04 1.319937e+01
3.940747e+00 4.017901e+00 7.422479e+02 4.411741e-02 4.290046e+04 1.321059e+01
3.958940e+00 4.036913e+00 7.390183e+02 4.425846e-02 4.434355e+04 1.322179e+01
3.977217e+00 4.056016e+00 7.358034e+02 4.440010e-02 4.583326e+04 1.323299e+01
3.995579e+00 4.075211e+00 7.326030e+02 4.454236e-02 4.737097e+04 1.324418e+01
4.014025e+00 4.094500e+00 7.294171e+02 4.468524e-02 4.895811e+04 1.325536e+01
4.032557e+00 4.113881e+00 7.262457e+02 4.482873e-02 5.059612e+04 1.326652e+01
4.051174e+00 4.133356e+00 7.230885e+02 4.497286e-02 5.228651e+04 1.327768e+01
4.069877e+00 4.152926e+00 7.199457e+02 4.511763e-02 5.403081e+04 1.328883e+01
4.088667e+00 4.172590e+00 7.168171e+02 4.526304e-02 5.583061e+04 1.329997e+01
4.107543e+00 4.192349e+00 7.137026e+02 4.540910e-02 5.768772e+04 1.331110e+01
4.126506e+00 4.212203e+00 7.106022e+02 4.555581e-02 5.960401e+04 1.332222e+01
4.145557e+00 4.232154e+00 7.075159e+02 4.570319e-02 6.158143e+04 1.333333e+01
4.164696e+00 4.252201e+00 7.044434e+02 4.585124e-02 6.362199e+04 1.334443e+01
4.183923e+00 4.272346e+00 7.013849e+02 4.599997e-02 6.572776e+04 1.335553e+01
4.203239e+00 4.292588e+00 6.983401e+02 4.614938e-02 6.790091e+04 1.336661e+01
4.222644e+00 4.312927e+00 6.953092e+02 4.629948e-02 7.014366e+04 1.337769e+01
4.242139e+00 4.333366e+00 6.922919e+02 4.645028e-02 7.245830e+04 1.338877e+01
4.261724e+00 4.353903e+00 6.892882e+02 4.660179e-02 7.484723e+04 1.339984e+01
4.281399e+00 4.374540e+00 6.862980e+02 4.675400e-02 7.731290e+04 1.341090e+01
4.301165e+00 4.395277e+00 6.833214e+02 4.690694e-02 7.985786e+04 1.342196e+01
4.321022e+00 4.416114e+00 6.803582e+02 4.706060e-02 8.248474e+04 1.343301e+01
4.340971e+00 4.437053e+00 6.774083e+02 4.721499e-02 8.519628e+04 1.344406e+01
4.361012e+00 4.458092e+00 6.744718e+02 4.737013e-02 8.799528e+04 1.345510e+01
4.381146e+00 4.479234e+00 6.715484e+02 4.752601e-02 9.088466e+04 1.346614e+01
4.401372e+00 4.500479e+00 6.686383e+02 4.768264e-02 9.386743e+04 1.347718e+01
4.421692e+00 4.521826e+00 6.657412e+02 4.784003e-02 9.694672e+04 1.348821e+01
4.442106e+00 4.543277e+00 6.628573e+02 4.799820e-02 1.001257e+05 1.349925e+01
4.462614e+00 4.564832e+00 6.599862e+02 4.815714e-02 1.034078e+05 1.351028e+01
4.483217e+00 4.586491e+00 6.571282e+02 4.831686e-02 1.067964e+05 1.352130e+01
4.503914e+00 4.608256e+00 6.542829e+02 4.847737e-02 1.102951e+05 1.353233e+01
4.524708e+00 4.630126e+00 6.514505e+02 4.863868e-02 1.139076e+05 1.354335e+01
4.545597e+00 4.652103e+00 6.486309e+02 4.880079e-02 1.176377e+05 1.355438e+01
4.566583e+00 4.674186e+00 6.458239e+02 4.896372e-02 1.214893e+05 1.356540e+01
4.587665e+00 4.696377e+00 6.430295e+02 4.912746e-02 1.254665e+05 1.357642e+01
4.608845e+00 4.718675e+00 6.402477e+02 4.929203e-02 1.295735e+05 1.358744e+01
4.630123e+00 4.741081e+00 6.374784e+02 4.945744e-02 1.338147e+05 1.359847e+01
4.651499e+00 4.763597e+00 6.347215e+02 4.962369e-02 1.381947e+05 1.360949e+01
4.672973e+00 4.786222e+00 6.319770e+02 4.979078e-02 1.427180e+05 1.362051e+01
4.694547e+00 4.808957e+00 6.292449e+02 4.995874e-02 1.473895e+05 1.363153e+01
4.716221e+00 4.831802e+00 6.265250e+02 5.012756e-02 1.522143e+05 1.364255e+01
4.737994e+00 4.854758e+00 6.238173e+02 5.029725e-02 1.571973e+05 1.365358e+01
4.759868e+00 4.877826e+00 6.211218e+02 5.046782e-02 1.623441e+05 1.366460e+01
4.781843e+00 4.901007e+00 6.184384e+02 5.063928e-02 1.676601e+05 1.367562e+01
4.803919e+00 4.924300e+00 6.157670e+02 5.081164e-02 1.731511e+05 1.368665e+01
4.826098e+00 4.947706e+00 6.131076e+02 5.098490e-02 1.788228e+05 1.369768e+01
4.848378e+00 4.971226e+00 6.104601e+02 5.115907e-02 1.846815e+05 1.370871e+01
4.870762e+00 4.994861e+00 6.078245e+02 5.133415e-02 1.907335e+05 1.371974e+01
4.893249e+00 5.018611e+00 6.052008e+02 5.151017e-02 1.969852e+05 1.373077e+01
4.915840e+00 5.042476e+00 6.025887e+02 5.168712e-02 2.034434e+05 1.374181e+01
4.938535e+00 5.066458e+00 5.999884e+02 5.186502e-02 2.101152e+05 1.375284e+01
4.961335e+00 5.090557e+00 5.973997e+02 5.204386e-02 2.170076e+05 1.376388e+01
4.984240e+00 5.114772e+00 5.948227e+02 5.222366e-02 2.241279e+05 1.377492e+01
5.007250e+00 5.139106e+00 5.922571e+02 5.240443e-02 2.314832e+05 1.378597e+01
5.030368e+00 5.163559e+00 5.897031e+02 5.258618e-02 2.390810e+05 1.379701e+01
5.053591e+00 5.188130e+00 5.871604e+02 5.276891e-02 2.469292e+05 1.380805e+01
5.076922e+00 5.212822e+00 5.846292e+02 5.295263e-02 2.550355e+05 1.381910e+01
5.100361e+00 5.237633e+00 5.821093e+02 5.313735e-02 2.634083e+05 1.383014e+01
5.123908e+00 5.262566e+00 5.796006e+02 5.332308e-02 2.720560e+05 1.384119e+01
5.147564e+00 5.287621e+00 5.771032e+02 5.350983e-02 2.809872e+05 1.385224e+01
5.171328e+00 5.312797e+00 5.746169e+02 5.369760e-02 2.902109e+05 1.386328e+01
5.195203e+00 5.338097e+00 5.721418e+02 5.388640e-02 2.997362e+05 1.387433e+01
5.219188e+00 5.363520e+00 5.696777e+02 5.407625e-02 3.095727e+05 1.388537e+01
5.243283e+00 5.389067e+00 5.672246e+02 5.426714e-02 3.197301e+05 1.389641e+01
5.267490e+00 5.414738e+00 5.647825e+02 5.445910e-02 3.302184e+05 1.390746e+01
5.291808e+00 5.440536e+00 5.623513e+02 5.465212e-02 3.410479e+05 1.391850e+01
5.316239e+00 5.466459e+00 5.599309e+02 5.484622e-02 3.522292e+05 1.392953e+01
5.340783e+00 5.492508e+00 5.575214e+02 5.504140e-02 3.637734e+05 1.394057e+01
5.365440e+00 5.518685e+00 5.551226e+02 5.523768e-02 3.756916e+05 1.395160e+01
5.390210e+00 5.544990e+00 5.527345e+02 5.543505e-02 3.879953e+05 1.396264e+01
5.415095e+00 5.571424e+00 5.503570e+02 5.563354e-02 4.006965e+05 1.397366e+01
5.440095e+00 5.597986e+00 5.479902e+02 5.583315e-02 4.138074e+05 1.398469e+01
5.465211e+00 5.624679e+00 5.456339e+02 5.603389e-02 4.273406e+05 1.399571e+01
5.490442e+00 5.651502e+00 5.432882e+02 5.623576e-02 4.413091e+05 1.400673e+01
5.515790e+00 5.678456e+00 5.409528e+02 5.643878e-02 4.557260e+05 1.401775e+01
5.541255e+00 5.705542e+00 5.386279e+02 5.664296e-02 4.706052e+05 1.402876e+01
5.566837e+00 5.732761e+00 5.363134e+02 5.684830e-02 4.859605e+05 1.403977e+01
5.592538e+00 5.760113e+00 5.340092e+02 5.705482e-02 5.018066e+05 1.405077e+01
5.618357e+00 5.787598e+00 5.317152e+02 5.726251e-02 5.181583e+05 1.406177e+01
5.644295e+00 5.815218e+00 5.294314e+02 5.747140e-02 5.350307e+05 1.407276e+01
5.670353e+00 5.842974e+00 5.271578e+02 5.768149e-02 5.524397e+05 1.408375e+01
5.696532e+00 5.870865e+00 5.248944e+02 5.789279e-02 5.704013e+05 1.409474e+01
5.722831e+00 5.898893e+00 5.226410e+02 5.810531e-02 5.889321e+05 1.410572e+01
5.749252e+00 5.927059e+00 5.203976e+02 5.831906e-02 6.080491e+05 1.411669e+01
5.775794e+00 5.955362e+00 5.181642e+02 5.853405e-02 6.277698e+05 1.412766e+01
5.802460e+00 5.983804e+00 5.159408e+02 5.875029e-02 6.481121e+05 1.413862e+01
5.829248e+00 6.012386e+00 5.137272e+02 5.896778e-02 6.690945e+05 1.414958e+01
5.856160e+00 6.041107e+00 5.115235e+02 5.918654e-02 6.907359e+05 1.416053e+01
5.883196e+00 6.069970e+00 5.093296e+02 5.940658e-02 7.130557e+05 1.417147e+01
5.910357e+00 6.098974e+00 5.071454e+02 5.962790e-02 7.360740e+05 1.418241e+01
5.937643e+00 6.128120e+00 5.049709e+02 5.985052e-02 7.598112e+05 1.419334e+01
5.965056e+00 6.157410e+00 5.028061e+02 6.007445e-02 7.842884e+05 1.420426e+01
5.992595e+00 6.186843e+00 5.006509e+02 6.029969e-02 8.095272e+05 1.421518e+01
6.020261e+00 6.216420e+00 4.985052e+02 6.052625e-02 8.355499e+05 1.422609e+01
6.048055e+00 6.246143e+00 4.963691e+02 6.075415e-02 8.623817e+05 1.423700e+01
6.075977e+00 6.276012e+00 4.942425e+02 6.098340e-02 8.900497e+05 1.424789e+01
6.104028e+00 6.306027e+00 4.921253e+02 6.121400e-02 9.185822e+05 1.425878e+01
6.132209e+00 6.336190e+00 4.900175e+02 6.144597e-02 9.480084e+05 1.426967e+01
6.160519e+00 6.366502e+00 4.879191e+02 6.167931e-02 9.783587e+05 1.428056e+01
6.188961e+00 6.396962e+00 4.858300e+02 6.191404e-02 1.009664e+06 1.429144e+01
6.217533e+00 6.427571e+00 4.837501e+02 6.215017e-02 1.041958e+06 1.430231e+01
6.246238e+00 6.458332e+00 4.816795e+02 6.238770e-02 1.075274e+06 1.431319e+01
6.275075e+00 6.489243e+00 4.796180e+02 6.262664e-02 1.109646e+06 1.432407e+01
6.304045e+00 6.520307e+00 4.775657e+02 6.286702e-02 1.145112e+06 1.433494e+01
6.333149e+00 6.551523e+00 4.755224e+02 6.310883e-02 1.181708e+06 1.434581e+01
6.362388e+00 6.582893e+00 4.734882e+02 6.335209e-02 1.219473e+06 1.435669e+01
6.391761e+00 6.614418e+00 4.714630e+02 6.359680e-02 1.258449e+06 1.436756e+01
6.421270e+00 6.646097e+00 4.694468e+02 6.384299e-02 1.298676e+06 1.437844e+01
6.450915e+00 6.677933e+00 4.674395e+02 6.409065e-02 1.340198e+06 1.438931e+01
6.480697e+00 6.709925e+00 4.654411e+02 6.433981e-02 1.383061e+06 1.440019e+01
6.510617e+00 6.742075e+00 4.634516e+02 6.459046e-02 1.427310e+06 1.441108e+01
6.540674e+00 6.774383e+00 4.614708e+02 6.484263e-02 1.472994e+06 1.442196e+01
6.570871e+00 6.806851e+00 4.594989e+02 6.509632e-02 1.520164e+06 1.443285e+01
6.601207e+00 6.839478e+00 4.575356e+02 6.535154e-02 1.568871e+06 1.444375e+01
6.631682e+00 6.872266e+00 4.555810e+02 6.560831e-02 1.619168e+06 1.445464e+01
6.662299e+00 6.905216e+00 4.536351e+02 6.586663e-02 1.671113e+06 1.446555e+01
6.693057e+00 6.938329e+00 4.516977e+02 6.612652e-02 1.724762e+06 1.447645e+01
6.723957e+00 6.971605e+00 4.497689e+02 6.638799e-02 1.780175e+06 1.448737e+01
6.754999e+00 7.005045e+00 4.478487e+02 6.665104e-02 1.837416e+06 1.449828e+01
6.786185e+00 7.038650e+00 4.459369e+02 6.691570e-02 1.896547e+06 1.450921e+01
6.817515e+00 7.072420e+00 4.440336e+02 6.718196e-02 1.957637e+06 1.452014e+01
6.848990e+00 7.106358e+00 4.421386e+02 6.744985e-02 2.020755e+06 1.453108e+01
6.880610e+00 7.140463e+00 4.402521e+02 6.771937e-02 2.085971e+06 1.454202e+01
6.912375e+00 7.174737e+00 4.383739e+02 6.799054e-02 2.153362e+06 1.455297e+01
6.944288e+00 7.209179e+00 4.365039e+02 6.826337e-02 2.223004e+06 1.456393e+01
6.976348e+00 7.243792e+00 4.346422e+02 6.853786e-02 2.294977e+06 1.457490e+01
7.008556e+00 7.278576e+00 4.327887e+02 6.881403e-02 2.369364e+06 1.458588e+01
7.040912e+00 7.313532e+00 4.309434e+02 6.909190e-02 2.446252e+06 1.459686e+01
7.073418e+00 7.348661e+00 4.291063e+02 6.937147e-02 2.525730e+06 1.460785e+01
7.106074e+00 7.383964e+00 4.272772e+02 6.965275e-02 2.607890e+06 1.461885e+01
7.138881e+00 7.419441e+00 4.254562e+02 6.993576e-02 2.692829e+06 1.462986e+01
7.171839e+00 7.455094e+00 4.236433e+02 7.022051e-02 2.780646e+06 1.464088e+01
7.204949e+00 7.490923e+00 4.218383e+02 7.050702e-02 2.871445e+06 1.465191e+01
7.238212e+00 7.526929e+00 4.200412e+02 7.079528e-02 2.965332e+06 1.466295e+01
7.271629e+00 7.563114e+00 4.182521e+02 7.108532e-02 3.062417e+06 1.467399e+01
7.305200e+00 7.599478e+00 4.164709e+02 7.137715e-02 3.162805e+06 1.468505e+01
7.338926e+00 7.636022e+00 4.146975e+02 7.167078e-02 3.266600e+06 1.469611e+01
7.372808e+00 7.672747e+00 4.129319e+02 7.196622e-02 3.373911e+06 1.470718e+01
7.406846e+00 7.709654e+00 4.111741e+02 7.226349e-02 3.484851e+06 1.471826e+01
7.441041e+00 7.746744e+00 4.094240e+02 7.256259e-02 3.599532e+06 1.472935e+01
7.475395e+00 7.784017e+00 4.076816e+02 7.286354e-02 3.718074e+06 1.474043e+01
7.509906e+00 7.821476e+00 4.059469e+02 7.316636e-02 3.840597e+06 1.475153e+01
7.544577e+00 7.859120e+00 4.042198e+02 7.347105e-02 3.967225e+06 1.476263e+01
7.579409e+00 7.896951e+00 4.025003e+02 7.377763e-02 4.098087e+06 1.477373e+01
7.614401e+00 7.934970e+00 4.007884e+02 7.408611e-02 4.233315e+06 1.478483e+01
7.649554e+00 7.973178e+00 3.990840e+02 7.439650e-02 4.373042e+06 1.479594e+01
7.684870e+00 8.011575e+00 3.973871e+02 7.470881e-02 4.517408e+06 1.480704e+01
7.720349e+00 8.050163e+00 3.956976e+02 7.502307e-02 4.666555e+06 1.481815e+01
7.755991e+00 8.088942e+00 3.940156e+02 7.533928e-02 4.820630e+06 1.482926e+01
7.791799e+00 8.127914e+00 3.923410e+02 7.565745e-02 4.979782e+06 1.484037e+01
7.827771e+00 8.167080e+00 3.906737e+02 7.597761e-02 5.144165e+06 1.485148e+01
7.863910e+00 8.206440e+00 3.890137e+02 7.629975e-02 5.313938e+06 1.486259e+01
7.900215e+00 8.245996e+00 3.873610e+02 7.662390e-02 5.489263e+06 1.487369e+01
7.936688e+00 8.285748e+00 3.857156e+02 7.695007e-02 5.670306e+06 1.488480e+01
7.973330e+00 8.325699e+00 3.840774e+02 7.727827e-02 5.857238e+06 1.489590e+01
8.010140e+00 8.365847e+00 3.824463e+02 7.760851e-02 6.050234e+06 1.490700e+01
8.047121e+00 8.406196e+00 3.808225e+02 7.794081e-02 6.249473e+06 1.491809e+01
8.084272e+00 8.446746e+00 3.792057e+02 7.827519e-02 6.455140e+06 1.492918e+01
8.121595e+00 8.487497e+00 3.775961e+02 7.861165e-02 6.667423e+06 1.494026e+01
8.159090e+00 8.528451e+00 3.759935e+02 7.895021e-02 6.886515e+06 1.495134e+01
8.196758e+00 8.569610e+00 3.743979e+02 7.929089e-02 7.112616e+06 1.496242e+01
8.234600e+00 8.610973e+00 3.728093e+02 7.963369e-02 7.345927e+06 1.497349e+01
8.272617e+00 8.652542e+00 3.712277e+02 7.997864e-02 7.586656e+06 1.498455e+01
8.310809e+00 8.694319e+00 3.696530e+02 8.032574e-02 7.835017e+06 1.499561e+01
8.349178e+00 8.736303e+00 3.680852e+02 8.067501e-02 8.091228e+06 1.500665e+01
8.387724e+00 8.778497e+00 3.665243e+02 8.102647e-02 8.355512e+06 1.501770e+01
8.426448e+00 8.820902e+00 3.649702e+02 8.138012e-02 8.628098e+06 1.502873e+01
8.465350e+00 8.863518e+00 3.634229e+02 8.173599e-02 8.909218e+06 1.503975e+01
8.504432e+00 8.906347e+00 3.618824e+02 8.209408e-02 9.199114e+06 1.505077e+01
8.543695e+00 8.949389e+00 3.603486e+02 8.245442e-02 9.498030e+06 1.506178e+01
8.583139e+00 8.992646e+00 3.588215e+02 8.281701e-02 9.806216e+06 1.507277e+01
8.622764e+00 9.036120e+00 3.573011e+02 8.318188e-02 1.012393e+07 1.508376e+01
8.662573e+00 9.079810e+00 3.557874e+02 8.354903e-02 1.045143e+07 1.509474e+01
8.702566e+00 9.123719e+00 3.542803e+02 8.391847e-02 1.078899e+07 1.510570e+01
8.742743e+00 9.167847e+00 3.527797e+02 8.429024e-02 1.113688e+07 1.511666e+01
8.783106e+00 9.212196e+00 3.512858e+02 8.466434e-02 1.149538e+07 1.512761e+01
8.823655e+00 9.256766e+00 3.497983e+02 8.504078e-02 1.186478e+07 1.513854e+01
8.864391e+00 9.301559e+00 3.483174e+02 8.541958e-02 1.224539e+07 1.514946e+01
8.905316e+00 9.346577e+00 3.468429e+02 8.580075e-02 1.263765e+07 1.516038e+01
8.946429e+00 9.391819e+00 3.453748e+02 8.618432e-02 1.304200e+07 1.517128e+01
8.987732e+00 9.437288e+00 3.439132e+02 8.657030e-02 1.345891e+07 1.518218e+01
9.029226e+00 9.482985e+00 3.424580e+02 8.695869e-02 1.388887e+07 1.519308e+01
9.070911e+00 9.528910e+00 3.410091e+02 8.734952e-02 1.433241e+07 1.520397e+01
9.112789e+00 9.575066e+00 3.395665e+02 8.774281e-02 1.479006e+07 1.521487e+01
9.154860e+00 9.621453e+00 3.381302e+02 8.813856e-02 1.526238e+07 1.522576e+01
9.197126e+00 9.668072e+00 3.367002e+02 8.853678e-02 1.574997e+07 1.523666e+01
9.239586e+00 9.714924e+00 3.352764e+02 8.893747e-02 1.625346e+07 1.524756e+01
9.282243e+00 9.762012e+00 3.338587e+02 8.934063e-02 1.677349e+07 1.525847e+01
9.325096e+00 9.809336e+00 3.324472e+02 8.974628e-02 1.731073e+07 1.526939e+01
9.368148e+00 9.856897e+00 3.310418e+02 9.015445e-02 1.786590e+07 1.528031e+01
9.411398e+00 9.904696e+00 3.296425e+02 9.056516e-02 1.843972e+07 1.529125e+01
9.454847e+00 9.952735e+00 3.282493e+02 9.097843e-02 1.903297e+07 1.530220e+01
9.498498e+00 1.000102e+01 3.268622e+02 9.139428e-02 1.964644e+07 1.531316e+01
9.542350e+00 1.004954e+01 3.254811e+02 9.181273e-02 2.028098e+07 1.532413e+01
9.586404e+00 1.009830e+01 3.241060e+02 9.223382e-02 2.093747e+07 1.533512e+01
9.630662e+00 1.014732e+01 3.227369e+02 9.265757e-02 2.161682e+07 1.534613e+01
9.675124e+00 1.019657e+01 3.213738e+02 9.308400e-02 2.231999e+07 1.535716e+01
9.719791e+00 1.024608e+01 3.200167e+02 9.351314e-02 2.304798e+07 1.536820e+01
9.764665e+00 1.029583e+01 3.186655e+02 9.394504e-02 2.380184e+07 1.537927e+01
9.809745e+00 1.034584e+01 3.173203e+02 9.437970e-02 2.458266e+07 1.539035e+01
9.855034e+00 1.039609e+01 3.159810e+02 9.481717e-02 2.539158e+07 1.540145e+01
9.900532e+00 1.044660e+01 3.146476e+02 9.525747e-02 2.622981e+07 1.541258e+01
9.946240e+00 1.049737e+01 3.133201e+02 9.570058e-02 2.709858e+07 1.542373e+01
9.992159e+00 1.054839e+01 3.119985e+02 9.614647e-02 2.799921e+07 1.543491e+01
1.003829e+01 1.059966e+01 3.106828e+02 9.659513e-02 2.893305e+07 1.544611e+01
1.008463e+01 1.065120e+01 3.093730e+02 9.704654e-02 2.990155e+07 1.545734e+01
1.013119e+01 1.070299e+01 3.080691e+02 9.750068e-02 3.090617e+07 1.546859e+01
1.017796e+01 1.075505e+01 3.067709e+02 9.795754e-02 3.194850e+07 1.547987e+01
1.022495e+01 1.080736e+01 3.054787e+02 9.841709e-02 3.303014e+07 1.549117e+01
1.027216e+01 1.085995e+01 3.041922e+02 9.887933e-02 3.415282e+07 1.550251e+01
1.031958e+01 1.091279e+01 3.029116e+02 9.934424e-02 3.531831e+07 1.551387e+01
1.036723e+01 1.096591e+01 3.016369e+02 9.981181e-02 3.652846e+07 1.552527e+01
1.041509e+01 1.101929e+01 3.003679e+02 1.002820e-01 3.778524e+07 1.553669e+01
1.046317e+01 1.107295e+01 2.991048e+02 1.007549e-01 3.909067e+07 1.554814e+01
1.051148e+01 1.112687e+01 2.978475e+02 1.012304e-01 4.044689e+07 1.555963e+01
1.056001e+01 1.118107e+01 2.965959e+02 1.017085e-01 4.185611e+07 1.557115e+01
1.060876e+01 1.123554e+01 2.953502e+02 1.021892e-01 4.332067e+07 1.558269e+01
1.065774e+01 1.129029e+01 2.941103e+02 1.026725e-01 4.484300e+07 1.559427e+01
1.070694e+01 1.134531e+01 2.928762e+02 1.031585e-01 4.642564e+07 1.560588e+01
1.075637e+01 1.140061e+01 2.916478e+02 1.036470e-01 4.807126e+07 1.561753e+01
1.080603e+01 1.145620e+01 2.904253e+02 1.041382e-01 4.978263e+07 1.562920e+01
1.085592e+01 1.151206e+01 2.892085e+02 1.046320e-01 5.156264e+07 1.564091e+01
1.090604e+01 1.156821e+01 2.879976e+02 1.051283e-01 5.341402e+07 1.565265e+01
1.095639e+01 1.162464e+01 2.867924e+02 1.056273e-01 5.533938e+07 1.566442e+01
1.100697e+01 1.168136e+01 2.855930e+02 1.061289e-01 5.734143e+07 1.567622e+01
1.105778e+01 1.173837e+01 2.843994e+02 1.066332e-01 5.942296e+07 1.568805e+01
1.110884e+01 1.179567e+01 2.832116e+02 1.071401e-01 6.158683e+07 1.569989e+01
1.116012e+01 1.185326e+01 2.820296e+02 1.076496e-01 6.383601e+07 1.571176e+01
1.121164e+01 1.191114e+01 2.808534e+02 1.081618e-01 6.617353e+07 1.572366e+01
1.126341e+01 1.196932e+01 2.796829e+02 1.086766e-01 6.860253e+07 1.573556e+01
1.131541e+01 1.202779e+01 2.785183e+02 1.091942e-01 7.112622e+07 1.574749e+01
1.136765e+01 1.208656e+01 2.773595e+02 1.097145e-01 7.374792e+07 1.575943e+01
1.142013e+01 1.214563e+01 2.762065e+02 1.102375e-01 7.647104e+07 1.577139e+01
1.147285e+01 1.220501e+01 2.750593e+02 1.107633e-01 7.929905e+07 1.578335e+01
1.152582e+01 1.226468e+01 2.739178e+02 1.112919e-01 8.223555e+07 1.579533e+01
1.157903e+01 1.232466e+01 2.727822e+02 1.118232e-01 8.528430e+07 1.580731e+01
1.163249e+01 1.238495e+01 2.716524e+02 1.123573e-01 8.844924e+07 1.581931e+01
1.168619e+01 1.244554e+01 2.705282e+02 1.128941e-01 9.173429e+07 1.583131e+01
1.174014e+01 1.250644e+01 2.694098e+02 1.134336e-01 9.514346e+07 1.584331e+01
1.179434e+01 1.256766e+01 2.682971e+02 1.139760e-01 9.868088e+07 1.585532e+01
1.184879e+01 1.262919e+01 2.671902e+02 1.145211e-01 1.023508e+08 1.586732e+01
1.190350e+01 1.269103e+01 2.660889e+02 1.150692e-01 1.061575e+08 1.587933e+01
1.195845e+01 1.275319e+01 2.649934e+02 1.156200e-01 1.101054e+08 1.589134e+01
1.201366e+01 1.281567e+01 2.639036e+02 1.161737e-01 1.141992e+08 1.590335e+01
1.206912e+01 1.287848e+01 2.628195e+02 1.167304e-01 1.184435e+08 1.591535e+01
1.212484e+01 1.294160e+01 2.617411e+02 1.172899e-01 1.228430e+08 1.592735e+01
1.218082e+01 1.300505e+01 2.606683e+02 1.178524e-01 1.274027e+08 1.593934e+01
1.223706e+01 1.306883e+01 2.596013e+02 1.184178e-01 1.321276e+08 1.595132e+01
1.229355e+01 1.313293e+01 2.585398e+02 1.189862e-01 1.370227e+08 1.596330e+01
1.235031e+01 1.319736e+01 2.574841e+02 1.195576e-01 1.420935e+08 1.597527e+01
1.240732e+01 1.326213e+01 2.564339e+02 1.201320e-01 1.473452e+08 1.598723e+01
1.246461e+01 1.332723e+01 2.553894e+02 1.207094e-01 1.527833e+08 1.599917e+01
1.252215e+01 1.339267e+01 2.543504e+02 1.212898e-01 1.584134e+08 1.601111e+01
1.257996e+01 1.345845e+01 2.533170e+02 1.218733e-01 1.642414e+08 1.602303e+01
1.263804e+01 1.352456e+01 2.522892e+02 1.224598e-01 1.702730e+08 1.603494e+01
1.269639e+01 1.359102e+01 2.512669e+02 1.230494e-01 1.765142e+08 1.604683e+01
1.275500e+01 1.365782e+01 2.502501e+02 1.236421e-01 1.829711e+08 1.605870e+01
1.281389e+01 1.372497e+01 2.492389e+02 1.242377e-01 1.896500e+08 1.607057e+01
1.287305e+01 1.379247e+01 2.482330e+02 1.248361e-01 1.965573e+08 1.608241e+01
1.293248e+01 1.386032e+01 2.472326e+02 1.254372e-01 2.036994e+08 1.609423e+01
1.299218e+01 1.392852e+01 2.462377e+02 1.260408e-01 2.110831e+08 1.610604e+01
1.305216e+01 1.399707e+01 2.452481e+02 1.266469e-01 2.187149e+08 1.611783e+01
1.311242e+01 1.406598e+01 2.442639e+02 1.272551e-01 2.266019e+08 1.612959e+01
1.317296e+01 1.413525e+01 2.432850e+02 1.278655e-01 2.347511e+08 1.614134e+01
1.323377e+01 1.420488e+01 2.423114e+02 1.284779e-01 2.431696e+08 1.615306e+01
1.329487e+01 1.427487e+01 2.413431e+02 1.290920e-01 2.518648e+08 1.616476e+01
1.335625e+01 1.434523e+01 2.403801e+02 1.297078e-01 2.608440e+08 1.617644e+01
1.341791e+01 1.441596e+01 2.394222e+02 1.303251e-01 2.701148e+08 1.618810e+01
1.347986e+01 1.448705e+01 2.384696e+02 1.309437e-01 2.796856e+08 1.619973e+01
1.354209e+01 1.455852e+01 2.375221e+02 1.315636e-01 2.895650e+08 1.621134e+01
1.360461e+01 1.463036e+01 2.365797e+02 1.321845e-01 2.997622e+08 1.622292e+01
1.366742e+01 1.470258e+01 2.356424e+02 1.328062e-01 3.102863e+08 1.623449e+01
1.373052e+01 1.477517e+01 2.347102e+02 1.334287e-01 3.211469e+08 1.624603e+01
1.379391e+01 1.484815e+01 2.337830e+02 1.340517e-01 3.323539e+08 1.625754e+01
1.385759e+01 1.492151e+01 2.328608e+02 1.346751e-01 3.439171e+08 1.626904e+01
1.392157e+01 1.499525e+01 2.319435e+02 1.352987e-01 3.558471e+08 1.628051e+01
1.398584e+01 1.506939e+01 2.310311e+02 1.359223e-01 3.681544e+08 1.629196e+01
1.405041e+01 1.514391e+01 2.301236e+02 1.365458e-01 3.808499e+08 1.630339e+01
1.411527e+01 1.521882e+01 2.292209e+02 1.371690e-01 3.939447e+08 1.631480e+01
1.418044e+01 1.529413e+01 2.283231e+02 1.377916e-01 4.074506e+08 1.632619e+01
1.424591e+01 1.536984e+01 2.274299e+02 1.384136e-01 4.213792e+08 1.633755e+01
1.431168e+01 1.544594e+01 2.265415e+02 1.390346e-01 4.357427e+08 1.634890e+01
1.437775e+01 1.552245e+01 2.256578e+02 1.396546e-01 4.505537e+08 1.636022e+01
1.444413e+01 1.559936e+01 2.247788e+02 1.402732e-01 4.658250e+08 1.637153e+01
1.451081e+01 1.567668e+01 2.239043e+02 1.408904e-01 4.815697e+08 1.638282e+01
1.457780e+01 1.575441e+01 2.230344e+02 1.415060e-01 4.978012e+08 1.639408e+01
1.464511e+01 1.583255e+01 2.221691e+02 1.421198e-01 5.145320e+08 1.640533e+01
1.471272e+01 1.591110e+01 2.213083e+02 1.427317e-01 5.317761e+08 1.641655e+01
1.478064e+01 1.599007e+01 2.204521e+02 1.433416e-01 5.495478e+08 1.642776e+01
1.484888e+01 1.606945e+01 2.196004e+02 1.439492e-01 5.678614e+08 1.643894e+01
1.491743e+01 1.614926e+01 2.187532e+02 1.445544e-01 5.867320e+08 1.645011e+01
1.498630e+01 1.622949e+01 2.179105e+02 1.451570e-01 6.061748e+08 1.646125e+01
1.505549e+01 1.631015e+01 2.170722e+02 1.457568e-01 6.262054e+08 1.647238e+01
1.512500e+01 1.639123e+01 2.162383e+02 1.463537e-01 6.468397e+08 1.648349e+01
1.519483e+01 1.647275e+01 2.154088e+02 1.469474e-01 6.680941e+08 1.649457e+01
1.526498e+01 1.655469e+01 2.145837e+02 1.475378e-01 6.899854e+08 1.650564e+01
1.533545e+01 1.663708e+01 2.137629e+02 1.481246e-01 7.125306e+08 1.651669e+01
1.540625e+01 1.671990e+01 2.129464e+02 1.487078e-01 7.357473e+08 1.652772e+01
1.547738e+01 1.680316e+01 2.121342e+02 1.492871e-01 7.596534e+08 1.653872e+01
1.554883e+01 1.688687e+01 2.113263e+02 1.498623e-01 7.842672e+08 1.654971e+01
1.562062e+01 1.697102e+01 2.105226e+02 1.504333e-01 8.096075e+08 1.656069e+01
1.569273e+01 1.705561e+01 2.097231e+02 1.509997e-01 8.356933e+08 1.657164e+01
1.576518e+01 1.714066e+01 2.089279e+02 1.515616e-01 8.625444e+08 1.658257e+01
1.583796e+01 1.722617e+01 2.081368e+02 1.521185e-01 8.901807e+08 1.659348e+01
1.591108e+01 1.731213e+01 2.073498e+02 1.526705e-01 9.186227e+08 1.660438e+01
1.598454e+01 1.739854e+01 2.065670e+02 1.532171e-01 9.478912e+08 1.661525e+01
1.605834e+01 1.748542e+01 2.057883e+02 1.537583e-01 9.780078e+08 1.662611e+01
1.613247e+01 1.757277e+01 2.050137e+02 1.542939e-01 1.008994e+09 1.663695e+01
1.620695e+01 1.766058e+01 2.042431e+02 1.548235e-01 1.040873e+09 1.664777e+01
1.628177e+01 1.774885e+01 2.034766e+02 1.553471e-01 1.073666e+09 1.665857e+01
1.635694e+01 1.783760e+01 2.027140e+02 1.558644e-01 1.107398e+09 1.666935e+01
1.643246e+01 1.792683e+01 2.019555e+02 1.563752e-01 1.142092e+09 1.668011e+01
1.650832e+01 1.801653e+01 2.012010e+02 1.568792e-01 1.177772e+09 1.669086e+01
1.658454e+01 1.810671e+01 2.004504e+02 1.573764e-01 1.214463e+09 1.670158e+01
1.666110e+01 1.819738e+01 1.997038e+02 1.578663e-01 1.252190e+09 1.671229e+01
1.673802e+01 1.828853e+01 1.989610e+02 1.583489e-01 1.290976e+09 1.672298e+01
1.681530e+01 1.838017e+01 1.982222e+02 1.588238e-01 1.330843e+09 1.673365e+01
1.689293e+01 1.847230e+01 1.974872e+02 1.592909e-01 1.371808e+09 1.674429e+01
1.697092e+01 1.856492e+01 1.967561e+02 1.597499e-01 1.413893e+09 1.675492e+01
1.704927e+01 1.865804e+01 1.960288e+02 1.602006e-01 1.457116e+09 1.676552e+01
1.712798e+01 1.875166e+01 1.953054e+02 1.606427e-01 1.501498e+09 1.677610e+01
1.720705e+01 1.884578e+01 1.945857e+02 1.610761e-01 1.547058e+09 1.678665e+01
1.728649e+01 1.894040e+01 1.938698e+02 1.615004e-01 1.593814e+09 1.679718e+01
1.736630e+01 1.903554e+01 1.931576e+02 1.619154e-01 1.641787e+09 1.680769e+01
1.744648e+01 1.913118e+01 1.924492e+02 1.623208e-01 1.690996e+09 1.681816e+01
1.752702e+01 1.922734e+01 1.917446e+02 1.627165e-01 1.741458e+09 1.682861e+01
1.760794e+01 1.932401e+01 1.910436e+02 1.631021e-01 1.793192e+09 1.683903e+01
1.768923e+01 1.942121e+01 1.903463e+02 1.634774e-01 1.846217e+09 1.684942e+01
1.777090e+01 1.951892e+01 1.896527e+02 1.638421e-01 1.900551e+09 1.685978e+01
1.785294e+01 1.961716e+01 1.889627e+02 1.641960e-01 1.956210e+09 1.687011e+01
1.793536e+01 1.971593e+01 1.882763e+02 1.645387e-01 2.013214e+09 1.688041e+01
1.801816e+01 1.981523e+01 1.875936e+02 1.648701e-01 2.071577e+09 1.689068e+01
1.810135e+01 1.991506e+01 1.869144e+02 1.651897e-01 2.131318e+09 1.690091e+01
1.818492e+01 2.001543e+01 1.862389e+02 1.654974e-01 2.192451e+09 1.691111e+01
1.826887e+01 2.011634e+01 1.855668e+02 1.657928e-01 2.254994e+09 1.692128e+01
1.835321e+01 2.021779e+01 1.848984e+02 1.660757e-01 2.318960e+09 1.693142e+01
1.843795e+01 2.031979e+01 1.842334e+02 1.663457e-01 2.384365e+09 1.694152e+01
1.852307e+01 2.042234e+01 1.835720e+02 1.666025e-01 2.451223e+09 1.695158e+01
1.860858e+01 2.052544e+01 1.829140e+02 1.668459e-01 2.519548e+09 1.696161e+01
1.869450e+01 2.062909e+01 1.822596e+02 1.670755e-01 2.589353e+09 1.697161e+01
1.878080e+01 2.073330e+01 1.816086e+02 1.672911e-01 2.660650e+09 1.698156e+01
1.886751e+01 2.083808e+01 1.809610e+02 1.674922e-01 2.733451e+09 1.699149e+01
1.895461e+01 2.094341e+01 1.803169e+02 1.676786e-01 2.807769e+09 1.700137e+01
1.904212e+01 2.104931e+01 1.796762e+02 1.678499e-01 2.883613e+09 1.701122e+01
1.913003e+01 2.115578e+01 1.790389e+02 1.680058e-01 2.960993e+09 1.702102e+01
1.921835e+01 2.126283e+01 1.784050e+02 1.681459e-01 3.039920e+09 1.703080e+01
1.930708e+01 2.137045e+01 1.777744e+02 1.682700e-01 3.120401e+09 1.704053e+01
1.939621e+01 2.147865e+01 1.771472e+02 1.683776e-01 3.202445e+09 1.705022e+01
1.948576e+01 2.158743e+01 1.765234e+02 1.684683e-01 3.286059e+09 1.705987e+01
1.957572e+01 2.169679e+01 1.759028e+02 1.685419e-01 3.371249e+09 1.706949e+01
1.966610e+01 2.180675e+01 1.752856e+02 1.685979e-01 3.458020e+09 1.707906e+01
1.975689e+01 2.191729e+01 1.746717e+02 1.686360e-01 3.546379e+09 1.708860e+01
1.984810e+01 2.202843e+01 1.740610e+02 1.686557e-01 3.636328e+09 1.709809e+01
1.993973e+01 2.214017e+01 1.734537e+02 1.686567e-01 3.727871e+09 1.710755e+01
2.003179e+01 2.225251e+01 1.728495e+02 1.686386e-01 3.821011e+09 1.711696e+01
2.012427e+01 2.236545e+01 1.722486e+02 1.686009e-01 3.915748e+09 1.712633e+01
2.021718e+01 2.247900e+01 1.716510e+02 1.685433e-01 4.012083e+09 1.713566e+01
2.031052e+01 2.259316e+01 1.710565e+02 1.684654e-01 4.110017e+09 1.714495e+01
2.040428e+01 2.270793e+01 1.704653e+02 1.683666e-01 4.209547e+09 1.715420e+01
2.049848e+01 2.282332e+01 1.698772e+02 1.682466e-01 4.310672e+09 1.716341e+01
2.059312e+01 2.293932e+01 1.692923e+02 1.681048e-01 4.413383e+09 1.717257e+01
2.068819e+01 2.305595e+01 1.687106e+02 1.679410e-01 4.517660e+09 1.718170e+01
2.078370e+01 2.317321e+01 1.681320e+02 1.677545e-01 4.623477e+09 1.719077e+01
2.087966e+01 2.329109e+01 1.675566e+02 1.675449e-01 4.730807e+09 1.719981e+01
2.097605e+01 2.340961e+01 1.669842e+02 1.673117e-01 4.839623e+09 1.720880e+01
2.107289e+01 2.352876e+01 1.664150e+02 1.670545e-01 4.949893e+09 1.721774e+01
2.117018e+01 2.364855e+01 1.658489e+02 1.667727e-01 5.061583e+09 1.722663e+01
2.126792e+01 2.376899e+01 1.652858e+02 1.664659e-01 5.174660e+09 1.723547e+01
2.136610e+01 2.389006e+01 1.647258e+02 1.661334e-01 5.289085e+09 1.724427e+01
2.146475e+01 2.401179e+01 1.641689e+02 1.657748e-01 5.404819e+09 1.725302e+01
2.156384e+01 2.413417e+01 1.636150e+02 1.653896e-01 5.521822e+09 1.726171e+01
2.166340e+01 2.425720e+01 1.630641e+02 1.649771e-01 5.640050e+09 1.727036e+01
2.176341e+01 2.438089e+01 1.625163e+02 1.645368e-01 5.759457e+09 1.727895e+01
2.186389e+01 2.450524e+01 1.619715e+02 1.640681e-01 5.879997e+09 1.728749e+01
2.196482e+01 2.463026e+01 1.614296e+02 1.635706e-01 6.001619e+09 1.729598e+01
2.206623e+01 2.475594e+01 1.608909e+02 1.630443e-01 6.124245e+09 1.730441e+01
2.216810e+01 2.488230e+01 1.603553e+02 1.624887e-01 6.247822e+09 1.731279e+01
2.227045e+01 2.500933e+01 1.598227e+02 1.619029e-01 6.372303e+09 1.732111e+01
2.237326e+01 2.513704e+01 1.592931e+02 1.612859e-01 6.497643e+09 1.732938e+01
2.247655e+01 2.526543e+01 1.587664e+02 1.606368e-01 6.623797e+09 1.733759e+01
2.258032e+01 2.539450e+01 1.582426e+02 1.599545e-01 6.750716e+09 1.734575e+01
2.268457e+01 2.552426e+01 1.577215e+02 1.592388e-01 6.878353e+09 1.735385e+01
2.278930e+01 2.565471e+01 1.572032e+02 1.584904e-01 7.006659e+09 1.736190e+01
2.289451e+01 2.578586e+01 1.566876e+02 1.577099e-01 7.135586e+09 1.736989e+01
2.300021e+01 2.591770e+01 1.561746e+02 1.568980e-01 7.265083e+09 1.737783e+01
2.310639e+01 2.605024e+01 1.556640e+02 1.560555e-01 7.395101e+09 1.738572e+01
2.321307e+01 2.618348e+01 1.551560e+02 1.551829e-01 7.525589e+09 1.739355e+01
2.332024e+01 2.631743e+01 1.546503e+02 1.542809e-01 7.656496e+09 1.740133e+01
2.342790e+01 2.645209e+01 1.541470e+02 1.533501e-01 7.787769e+09 1.740905e+01
2.353606e+01 2.658746e+01 1.536458e+02 1.523913e-01 7.919357e+09 1.741672e+01
2.364472e+01 2.672355e+01 1.531469e+02 1.514051e-01 8.051206e+09 1.742434e+01
2.375388e+01 2.686036e+01 1.526500e+02 1.503920e-01 8.183264e+09 1.743190e+01
2.386354e+01 2.699789e+01 1.521552e+02 1.493529e-01 8.315477e+09 1.743942e+01
2.397372e+01 2.713614e+01 1.516623e+02 1.482883e-01 8.447789e+09 1.744688e+01
2.408440e+01 2.727513e+01 1.511713e+02 1.471990e-01 8.580146e+09 1.745428e+01
2.419559e+01 2.741484e+01 1.506820e+02 1.460857e-01 8.712493e+09 1.746164e+01
2.430729e+01 2.755530e+01 1.501944e+02 1.449491e-01 8.844772e+09 1.746894e+01
2.441951e+01 2.769649e+01 1.497085e+02 1.437900e-01 8.976927e+09 1.747620e+01
2.453225e+01 2.783842e+01 1.492241e+02 1.426091e-01 9.108901e+09 1.748340e+01
2.464551e+01 2.798110e+01 1.487411e+02 1.414072e-01 9.240634e+09 1.749055e+01
2.475929e+01 2.812452e+01 1.482595e+02 1.401853e-01 9.372068e+09 1.749765e+01
2.487359e+01 2.826870e+01 1.477792e+02 1.389442e-01 9.503142e+09 1.750470e+01
2.498843e+01 2.841364e+01 1.473001e+02 1.376848e-01 9.633795e+09 1.751171e+01
2.510379e+01 2.855933e+01 1.468221e+02 1.364082e-01 9.763964e+09 1.751866e+01
2.521969e+01 2.870578e+01 1.463450e+02 1.351154e-01 9.893587e+09 1.752556e+01
2.533612e+01 2.885300e+01 1.458690e+02 1.338076e-01 1.002260e+10 1.753241e+01
2.545309e+01 2.900099e+01 1.453937e+02 1.324858e-01 1.015093e+10 1.753922e+01
2.557060e+01 2.914975e+01 1.449192e+02 1.311514e-01 1.027853e+10 1.754597e+01
2.568865e+01 2.929928e+01 1.444454e+02 1.298058e-01 1.040530e+10 1.755268e+01
2.580725e+01 2.944960e+01 1.439721e+02 1.284502e-01 1.053120e+10 1.755934e+01
2.592640e+01 2.960070e+01 1.434993e+02 1.270864e-01 1.065614e+10 1.756595e+01
2.604609e+01 2.975258e+01 1.430269e+02 1.257158e-01 1.078005e+10 1.757251e+01
2.616634e+01 2.990525e+01 1.425547e+02 1.243402e-01 1.090286e+10 1.757902e+01
2.628714e+01 3.005871e+01 1.420828e+02 1.229615e-01 1.102449e+10 1.758549e+01
2.640850e+01 3.021297e+01 1.416109e+02 1.215813e-01 1.114487e+10 1.759190e+01
2.653042e+01 3.036803e+01 1.411389e+02 1.202012e-01 1.126394e+10 1.759827e+01
2.665290e+01 3.052389e+01 1.406667e+02 1.188231e-01 1.138159e+10 1.760459e+01
2.677595e+01 3.068056e+01 1.401944e+02 1.174478e-01 1.149772e+10 1.761086e+01
2.689957e+01 3.083803e+01 1.397219e+02 1.160756e-01 1.161221e+10 1.761708e+01
2.702376e+01 3.099632e+01 1.392492e+02 1.147069e-01 1.172501e+10 1.762325e+01
2.714852e+01 3.115543e+01 1.387763e+02 1.133422e-01 1.183606e+10 1.762937e+01
2.727386e+01 3.131535e+01 1.383032e+02 1.119820e-01 1.194533e+10 1.763544e+01
2.739977e+01 3.147610e+01 1.378299e+02 1.106266e-01 1.205278e+10 1.764147e+01
2.752627e+01 3.163768e+01 1.373563e+02 1.092767e-01 1.215837e+10 1.764744e+01
2.765335e+01 3.180008e+01 1.368824e+02 1.079326e-01 1.226206e+10 1.765337e+01
2.778102e+01 3.196332e+01 1.364083e+02 1.065950e-01 1.236382e+10 1.765926e+01
2.790927e+01 3.212740e+01 1.359339e+02 1.052642e-01 1.246362e+10 1.766510e+01
2.803812e+01 3.229232e+01 1.354592e+02 1.039409e-01 1.256141e+10 1.767089e+01
2.816757e+01 3.245808e+01 1.349842e+02 1.026254e-01 1.265718e+10 1.767664e+01
2.829761e+01 3.262469e+01 1.345089e+02 1.013185e-01 1.275090e+10 1.768234e+01
2.842825e+01 3.279215e+01 1.340333e+02 1.000205e-01 1.284252e+10 1.768800e+01
2.855950e+01 3.296047e+01 1.335573e+02 9.873212e-02 1.293204e+10 1.769361e+01
2.869135e+01 3.312965e+01 1.330810e+02 9.745380e-02 1.301943e+10 1.769919e+01
2.882381e+01 3.329968e+01 1.326044e+02 9.618611e-02 1.310465e+10 1.770472e+01
2.895688e+01 3.347059e+01 1.321274e+02 9.492961e-02 1.318770e+10 1.771021e+01
2.909056e+01 3.364236e+01 1.316501e+02 9.368486e-02 1.326855e+10 1.771566e+01
2.922487e+01 3.381501e+01 1.311724e+02 9.245240e-02 1.334719e+10 1.772106e+01
2.935979e+01 3.398853e+01 1.306943e+02 9.123278e-02 1.342359e+10 1.772643e+01
2.949534e+01 3.416294e+01 1.302159e+02 9.002656e-02 1.349775e+10 1.773176e+01
2.963151e+01 3.433822e+01 1.297371e+02 8.883428e-02 1.356965e+10 1.773705e+01
2.976831e+01 3.451440e+01 1.292579e+02 8.765649e-02 1.363929e+10 1.774229e+01
2.990574e+01 3.469147e+01 1.287784e+02 8.649372e-02 1.370664e+10 1.774750e+01
3.004381e+01 3.486943e+01 1.282984e+02 8.534651e-02 1.377172e+10 1.775268e+01
3.018251e+01 3.504829e+01 1.278181e+02 8.421539e-02 1.383450e+10 1.775781e+01
3.032185e+01 3.522806e+01 1.273374e+02 8.310086e-02 1.389499e+10 1.776291e+01
3.046184e+01 3.540873e+01 1.268564e+02 8.200344e-02 1.395318e+10 1.776797e+01
3.060247e+01 3.559031e+01 1.263749e+02 8.092362e-02 1.400908e+10 1.777300e+01
3.074376e+01 3.577280e+01 1.258931e+02 7.986189e-02 1.406268e+10 1.777799e+01
3.088569e+01 3.595622e+01 1.254109e+02 7.881871e-02 1.411400e+10 1.778294e+01
3.102828e+01 3.614055e+01 1.249283e+02 7.779455e-02 1.416303e+10 1.778787e+01
3.117153e+01 3.632581e+01 1.244453e+02 7.678984e-02 1.420978e+10 1.779275e+01
3.131544e+01 3.651200e+01 1.239620e+02 7.580502e-02 1.425426e+10 1.779761e+01
3.146002e+01 3.669912e+01 1.234784e+02 7.484065e-02 1.429648e+10 1.780243e+01
3.160526e+01 3.688718e+01 1.229944e+02 7.389713e-02 1.433645e+10 1.780722e+01
3.175117e+01 3.707618e+01 1.225101e+02 7.297481e-02 1.437418e+10 1.781197e+01
3.189776e+01 3.726612e+01 1.220255e+02 7.207404e-02 1.440969e+10 1.781670e+01
3.204502e+01 3.745701e+01 1.215406e+02 7.119513e-02 1.444300e+10 1.782139e+01
3.219296e+01 3.764885e+01 1.210554e+02 7.033840e-02 1.447412e+10 1.782606e+01
3.234159e+01 3.784165e+01 1.205699e+02 6.950413e-02 1.450308e+10 1.783069e+01
3.249090e+01 3.803541e+01 1.200842e+02 6.869260e-02 1.452989e+10 1.783529e+01
3.264090e+01 3.823013e+01 1.195982e+02 6.790405e-02 1.455459e+10 1.783987e+01
3.279160e+01 3.842582e+01 1.191120e+02 6.713871e-02 1.457719e+10 1.784442e+01
3.294299e+01 3.862248e+01 1.186256e+02 6.639676e-02 1.459772e+10 1.784894e+01
3.309507e+01 3.882012e+01 1.181391e+02 6.567838e-02 1.461621e+10 1.785343e+01
3.324786e+01 3.901874e+01 1.176524e+02 6.498370e-02 1.463268e+10 1.785789e+01
3.340136e+01 3.921834e+01 1.171655e+02 6.431282e-02 1.464718e+10 1.786233e+01
3.355556e+01 3.941893e+01 1.166786e+02 6.366582e-02 1.465972e+10 1.786675e+01
3.371048e+01 3.962052e+01 1.161917e+02 6.304272e-02 1.467035e+10 1.787114e+01
3.386611e+01 3.982310e+01 1.157047e+02 6.244352e-02 1.467910e+10 1.787550e+01
3.402246e+01 4.002668e+01 1.152178e+02 6.186819e-02 1.468600e+10 1.787984e+01
3.417953e+01 4.023126e+01 1.147309e+02 6.131664e-02 1.469110e+10 1.788416e+01
3.433733e+01 4.043686e+01 1.142441e+02 6.078876e-02 1.469443e+10 1.788845e+01
3.449586e+01 4.064347e+01 1.137575e+02 6.028438e-02 1.469603e+10 1.789272e+01
3.465512e+01 4.085109e+01 1.132711e+02 5.980330e-02 1.469595e+10 1.789697e+01
3.481511e+01 4.105974e+01 1.127849e+02 5.934527e-02 1.469422e+10 1.790120e+01
3.497584e+01 4.126941e+01 1.122990e+02 5.891001e-02 1.469089e+10 1.790540e+01
3.513731e+01 4.148012e+01 1.118135e+02 5.849719e-02 1.468601e+10 1.790959e+01
3.529953e+01 4.169186e+01 1.113283e+02 5.810643e-02 1.467962e+10 1.791376e+01
3.546250e+01 4.190464e+01 1.108436e+02 5.773732e-02 1.467176e+10 1.791791e+01
3.562622e+01 4.211846e+01 1.103594e+02 5.738940e-02 1.466249e+10 1.792203e+01
3.579070e+01 4.233333e+01 1.098757e+02 5.706217e-02 1.465185e+10 1.792615e+01
3.595593e+01 4.254925e+01 1.093927e+02 5.675508e-02 1.463989e+10 1.793024e+01
3.612193e+01 4.276623e+01 1.089104e+02 5.646754e-02 1.462665e+10 1.793432e+01
3.628869e+01 4.298427e+01 1.084287e+02 5.619893e-02 1.461220e+10 1.793838e+01
3.645623e+01 4.320338e+01 1.079479e+02 5.594859e-02 1.459658e+10 1.794242e+01
3.662454e+01 4.342356e+01 1.074679e+02 5.571581e-02 1.457984e+10 1.794645e+01
3.679362e+01 4.364481e+01 1.069889e+02 5.549983e-02 1.456203e+10 1.795047e+01
3.696349e+01 4.386714e+01 1.065108e+02 5.529990e-02 1.454320e+10 1.795447e+01
3.713414e+01 4.409056e+01 1.060338e+02 5.511518e-02 1.452340e+10 1.795846e+01
3.730558e+01 4.431506e+01 1.055579e+02 5.494485e-02 1.450268e+10 1.796243e+01
3.747781e+01 4.454067e+01 1.050832e+02 5.478811e-02 1.448111e+10 1.796639e+01
3.765083e+01 4.476737e+01 1.046098e+02 5.464406e-02 1.445872e+10 1.797035e+01
3.782465e+01 4.499518e+01 1.041378e+02 5.451178e-02 1.443557e+10 1.797429e+01
3.799928e+01 4.522411e+01 1.036672e+02 5.439031e-02 1.441171e+10 1.797821e+01
3.817471e+01 4.545415e+01 1.031981e+02 5.427864e-02 1.438719e+10 1.798213e+01
3.835095e+01 4.568531e+01 1.027306e+02 5.417574e-02 1.436206e+10 1.798604e+01
3.852801e+01 4.591759e+01 1.022647e+02 5.408054e-02 1.433637e+10 1.798994e+01
3.870588e+01 4.615100e+01 1.018005e+02 5.399194e-02 1.431017e+10 1.799384e+01
3.888457e+01 4.638555e+01 1.013381e+02 5.390883e-02 1.428349e+10 1.799772e+01
3.906409e+01 4.662124e+01 1.008774e+02 5.383004e-02 1.425640e+10 1.800160e+01
3.924444e+01 4.685807e+01 1.004186e+02 5.375443e-02 1.422893e+10 1.800547e+01
3.942562e+01 4.709605e+01 9.996157e+01 5.368079e-02 1.420348e+10 1.800937e+01
3.960764e+01 4.733519e+01 9.950647e+01 5.360820e-02 1.420348e+10 1.801367e+01
3.979050e+01 4.757548e+01 9.905329e+01 5.353657e-02 1.420348e+10 1.801796e+01
3.997420e+01 4.781694e+01 9.860206e+01 5.346597e-02 1.420348e+10 1.802225e+01
4.015875e+01 4.805957e+01 9.815280e+01 5.339648e-02 1.420348e+10 1.802655e+01
4.034415e+01 4.830338e+01 9.770553e+01 5.332815e-02 1.420348e+10 1.803084e+01
4.053041e+01 4.854837e+01 9.726028e+01 5.326104e-02 1.420348e+10 1.803513e+01
4.071752e+01 4.879454e+01 9.681704e+01 5.319518e-02 1.420348e+10 1.803942e+01
4.090550e+01 4.904190e+01 9.637583e+01 5.313062e-02 1.420348e+10 1.804371e+01
4.109435e+01 4.929047e+01 9.593666e+01 5.306737e-02 1.420348e+10 1.804800e+01
4.128407e+01 4.954023e+01 9.549953e+01 5.300546e-02 1.420348e+10 1.805229e+01
4.147467e+01 4.979121e+01 9.506444e+01 5.294491e-02 1.420348e+10 1.805658e+01
4.166615e+01 5.004340e+01 9.463138e+01 5.288571e-02 1.420348e+10 1.806086e+01
4.185851e+01 5.029681e+01 9.420036e+01 5.282786e-02 1.420348e+10 1.806514e+01
4.205176e+01 5.055145e+01 9.377135e+01 5.277136e-02 1.420348e+10 1.806943e+01
4.224590e+01 5.080732e+01 9.334436e+01 5.271619e-02 1.420348e+10 1.807371e+01
4.244094e+01 5.106444e+01 9.291936e+01 5.266232e-02 1.420348e+10 1.807799e+01
4.263687e+01 5.132280e+01 9.249634e+01 5.260973e-02 1.420348e+10 1.808226e+01
4.283372e+01 5.158241e+01 9.207528e+01 5.255837e-02 1.420348e+10 1.808654e+01
4.303147e+01 5.184328e+01 9.165615e+01 5.250820e-02 1.420348e+10 1.809082e+01
4.323013e+01 5.210542e+01 9.123893e+01 5.245918e-02 1.420348e+10 1.809509e+01
4.342971e+01 5.236883e+01 9.082360e+01 5.241124e-02 1.420348e+10 1.809937e+01
4.363022e+01 5.263352e+01 9.041013e+01 5.236431e-02 1.420348e+10 1.810364e+01
4.383164e+01 5.289950e+01 8.999847e+01 5.231834e-02 1.420348e+10 1.810791e+01
4.403400e+01 5.316677e+01 8.958861e+01 5.227323e-02 1.420348e+10 1.811219e+01
4.423729e+01 5.343534e+01 8.918049e+01 5.222891e-02 1.420348e+10 1.811646e+01
4.444153e+01 5.370522e+01 8.877418e+01 5.218550e-02 1.420348e+10 1.812073e+01
4.464670e+01 5.397641e+01 8.836970e+01 5.214308e-02 1.420348e+10 1.812501e+01
4.485282e+01 5.424891e+01 8.796703e+01 5.210164e-02 1.420348e+10 1.812928e+01
4.505989e+01 5.452273e+01 8.756618e+01 5.206117e-02 1.420348e+10 1.813355e+01
4.526792e+01 5.479788e+01 8.716713e+01 5.202165e-02 1.420348e+10 1.813782e+01
4.547691e+01 5.507436e+01 8.676989e+01 5.198307e-02 1.420348e+10 1.814209e+01
4.568686e+01 5.535218e+01 8.637443e+01 5.194542e-02 1.420348e+10 1.814636e+01
4.589779e+01 5.563135e+01 8.598075e+01 5.190869e-02 1.420348e+10 1.815063e+01
4.610968e+01 5.591187e+01 8.558885e+01 5.187287e-02 1.420348e+10 1.815490e+01
4.632256e+01 5.619375e+01 8.519871e+01 5.183795e-02 1.420348e+10 1.815917e+01
4.653642e+01 5.647700e+01 8.481034e+01 5.180390e-02 1.420348e+10 1.816343e+01
4.675126e+01 5.676162e+01 8.442371e+01 5.177072e-02 1.420348e+10 1.816770e+01
4.696710e+01 5.704761e+01 8.403883e+01 5.173841e-02 1.420348e+10 1.817197e+01
4.718393e+01 5.733500e+01 8.365569e+01 5.170693e-02 1.420348e+10 1.817623e+01
4.740177e+01 5.762377e+01 8.327427e+01 5.167629e-02 1.420348e+10 1.818050e+01
4.762061e+01 5.791394e+01 8.289458e+01 5.164646e-02 1.420348e+10 1.818476e+01
4.784046e+01 5.820552e+01 8.251660e+01 5.161745e-02 1.420348e+10 1.818903e+01
4.806133e+01 5.849850e+01 8.214032e+01 5.158922e-02 1.420348e+10 1.819329e+01
4.828321e+01 5.879291e+01 8.176575e+01 5.156178e-02 1.420348e+10 1.819755e+01
4.850612e+01 5.908874e+01 8.139287e+01 5.153510e-02 1.420348e+10 1.820181e+01
4.873006e+01 5.938601e+01 8.102168e+01 5.150918e-02 1.420348e+10 1.820608e+01
4.895503e+01 5.968471e+01 8.065216e+01 5.148400e-02 1.420348e+10 1.821034e+01
4.918105e+01 5.998485e+01 8.028431e+01 5.145954e-02 1.420348e+10 1.821460e+01
4.940810e+01 6.028645e+01 7.991813e+01 5.143580e-02 1.420348e+10 1.821886e+01
4.963620e+01 6.058951e+01 7.955360e+01 5.141277e-02 1.420348e+10 1.822312e+01
4.986536e+01 6.089404e+01 7.919072e+01 5.139042e-02 1.420348e+10 1.822738e+01
5.009557e+01 6.120004e+01 7.882949e+01 5.136874e-02 1.420348e+10 1.823163e+01
5.032685e+01 6.150752e+01 7.846989e+01 5.134773e-02 1.420348e+10 1.823589e+01
5.055920e+01 6.181648e+01 7.811191e+01 5.132736e-02 1.420348e+10 1.824015e+01
5.079261e+01 6.212694e+01 7.775556e+01 5.130763e-02 1.420348e+10 1.824441e+01
5.102711e+01 6.243891e+01 7.740083e+01 5.128851e-02 1.420348e+10 1.824866e+01
5.126269e+01 6.275238e+01 7.704770e+01 5.127000e-02 1.420348e+10 1.825292e+01
5.149935e+01 6.306736e+01 7.669617e+01 5.125209e-02 1.420348e+10 1.825717e+01
5.173711e+01 6.338387e+01 7.634624e+01 5.123475e-02 1.420348e+10 1.826143e+01
5.197596e+01 6.370191e+01 7.599789e+01 5.121797e-02 1.420348e+10 1.826568e+01
5.221592e+01 6.402149e+01 7.565112e+01 5.120175e-02 1.420348e+10 1.826993e+01
5.245699e+01 6.434261e+01 7.530593e+01 5.118606e-02 1.420348e+10 1.827418e+01
5.269917e+01 6.466528e+01 7.496230e+01 5.117090e-02 1.420348e+10 1.827844e+01
5.294246e+01 6.498951e+01 7.462023e+01 5.115624e-02 1.420348e+10 1.828269e+01
5.318689e+01 6.531531e+01 7.427972e+01 5.114207e-02 1.420348e+10 1.828694e+01
5.343243e+01 6.564269e+01 7.394075e+01 5.112838e-02 1.420348e+10 1.829119e+01
5.367912e+01 6.597164e+01 7.360333e+01 5.111516e-02 1.420348e+10 1.829544e+01
5.392694e+01 6.630219e+01 7.326744e+01 5.110239e-02 1.420348e+10 1.829969e+01
5.417590e+01 6.663433e+01 7.293307e+01 5.109005e-02 1.420348e+10 1.830394e+01
5.442602e+01 6.696807e+01 7.260023e+01 5.107813e-02 1.420348e+10 1.830818e+01
5.467729e+01 6.730343e+01 7.226890e+01 5.106662e-02 1.420348e+10 1.831243e+01
5.492972e+01 6.764041e+01 7.193908e+01 5.105550e-02 1.420348e+10 1.831668e+01
5.518331e+01 6.797901e+01 7.161076e+01 5.104476e-02 1.420348e+10 1.832092e+01
5.543808e+01 6.831925e+01 7.128393e+01 5.103437e-02 1.420348e+10 1.832517e+01
5.569402e+01 6.866113e+01 7.095859e+01 5.102434e-02 1.420348e+10 1.832942e+01
5.595114e+01 6.900467e+01 7.063474e+01 5.101463e-02 1.420348e+10 1.833366e+01
5.620945e+01 6.934986e+01 7.031236e+01 5.100524e-02 1.420348e+10 1.833790e+01
5.646896e+01 6.969671e+01 6.999145e+01 5.099616e-02 1.420348e+10 1.834215e+01
5.672966e+01 7.004525e+01 6.967201e+01 5.098736e-02 1.420348e+10 1.834639e+01
5.699156e+01 7.039546e+01 6.935402e+01 5.097883e-02 1.420348e+10 1.835063e+01
5.725468e+01 7.074736e+01 6.903748e+01 5.097055e-02 1.420348e+10 1.835487e+01
5.751900e+01 7.110097e+01 6.872239e+01 5.096252e-02 1.420348e+10 1.835912e+01
5.778455e+01 7.145627e+01 6.840874e+01 5.095471e-02 1.420348e+10 1.836336e+01
5.805133e+01 7.181330e+01 6.809652e+01 5.094712e-02 1.420348e+10 1.836760e+01
5.831933e+01 7.217204e+01 6.778572e+01 5.093971e-02 1.420348e+10 1.837184e+01
5.858858e+01 7.253252e+01 6.747635e+01 5.093249e-02 1.420348e+10 1.837607e+01
5.885906e+01 7.289473e+01 6.716839e+01 5.092543e-02 1.420348e+10 1.838031e+01
5.913080e+01 7.325869e+01 6.686184e+01 5.091851e-02 1.420348e+10 1.838455e+01
5.940379e+01 7.362441e+01 6.655670e+01 5.091173e-02 1.420348e+10 1.838879e+01
5.967804e+01 7.399189e+01 6.625295e+01 5.090507e-02 1.420348e+10 1.839302e+01
5.995356e+01 7.436114e+01 6.595059e+01 5.089850e-02 1.420348e+10 1.839726e+01
6.023035e+01 7.473218e+01 6.564961e+01 5.089202e-02 1.420348e+10 1.840150e+01
6.050841e+01 7.510500e+01 6.535002e+01 5.088561e-02 1.420348e+10 1.840573e+01
6.078776e+01 7.547962e+01 6.505179e+01 5.087925e-02 1.420348e+10 1.840997e+01
6.106840e+01 7.585604e+01 6.475494e+01 5.087293e-02 1.420348e+10 1.841420e+01
6.135034e+01 7.623428e+01 6.445944e+01 5.086663e-02 1.420348e+10 1.841843e+01
6.163358e+01 7.661435e+01 6.416530e+01 5.086034e-02 1.420348e+10 1.842267e+01
6.191812e+01 7.699624e+01 6.387251e+01 5.085403e-02 1.420348e+10 1.842690e+01
6.220398e+01 7.737998e+01 6.358107e+01 5.084770e-02 1.420348e+10 1.843113e+01
6.249116e+01 7.776556e+01 6.329096e+01 5.084132e-02 1.420348e+10 1.843536e+01
6.277966e+01 7.815300e+01 6.300219e+01 5.083488e-02 1.420348e+10 1.843959e+01
6.306950e+01 7.854231e+01 6.271474e+01 5.082837e-02 1.420348e+10 1.844382e+01
6.336067e+01 7.893350e+01 6.242862e+01 5.082177e-02 1.420348e+10 1.844805e+01
6.365319e+01 7.932657e+01 6.214381e+01 5.081505e-02 1.420348e+10 1.845228e+01
6.394706e+01 7.972153e+01 6.186031e+01 5.080821e-02 1.420348e+10 1.845651e+01
6.424228e+01 8.011840e+01 6.157812e+01 5.080123e-02 1.420348e+10 1.846074e+01
6.453887e+01 8.051717e+01 6.129722e+01 5.079409e-02 1.420348e+10 1.846496e+01
6.483683e+01 8.091787e+01 6.101762e+01 5.078678e-02 1.420348e+10 1.846919e+01
6.513616e+01 8.132050e+01 6.073930e+01 5.077927e-02 1.420348e+10 1.847342e+01
6.543688e+01 8.172506e+01 6.046227e+01 5.077156e-02 1.420348e+10 1.847764e+01
6.573898e+01 8.213158e+01 6.018652e+01 5.076362e-02 1.420348e+10 1.848187e+01
6.604248e+01 8.254005e+01 5.991204e+01 5.075544e-02 1.420348e+10 1.848609e+01
6.634738e+01 8.295049e+01 5.963882e+01 5.074701e-02 1.420348e+10 1.849031e+01
6.665368e+01 8.336290e+01 5.936687e+01 5.073829e-02 1.420348e+10 1.849454e+01
6.696141e+01 8.377730e+01 5.909617e+01 5.072929e-02 1.420348e+10 1.849876e+01
6.727055e+01 8.419369e+01 5.882672e+01 5.071997e-02 1.420348e+10 1.850298e+01
6.758112e+01 8.461209e+01 5.855852e+01 5.071034e-02 1.420348e+10 1.850720e+01
6.789312e+01 8.503250e+01 5.829155e+01 5.070035e-02 1.420348e+10 1.851143e+01
6.820656e+01 8.545493e+01 5.802582e+01 5.069001e-02 1.420348e+10 1.851565e+01
6.852145e+01 8.587940e+01 5.776132e+01 5.067929e-02 1.420348e+10 1.851987e+01
6.883780e+01 8.630591e+01 5.749804e+01 5.066818e-02 1.420348e+10 1.852409e+01
6.915560e+01 8.673447e+01 5.723598e+01 5.065666e-02 1.420348e+10 1.852830e+01
6.947487e+01 8.716509e+01 5.697514e+01 5.064471e-02 1.420348e+10 1.853252e+01
6.979562e+01 8.759779e+01 5.671550e+01 5.063231e-02 1.420348e+10 1.853674e+01
7.011785e+01 8.803256e+01 5.645707e+01 5.061945e-02 1.420348e+10 1.854096e+01
7.044156e+01 8.846943e+01 5.619983e+01 5.060611e-02 1.420348e+10 1.854517e+01
7.076677e+01 8.890840e+01 5.594379e+01 5.059227e-02 1.420348e+10 1.854939e+01
7.109348e+01 8.934948e+01 5.568894e+01 5.057792e-02 1.420348e+10 1.855360e+01
7.142170e+01 8.979268e+01 5.543526e+01 5.056303e-02 1.420348e+10 1.855782e+01
7.175143e+01 9.023801e+01 5.518277e+01 5.054760e-02 1.420348e+10 1.856203e+01
7.208269e+01 9.068549e+01 5.493145e+01 5.053159e-02 1.420348e+10 1.856625e+01
7.241547e+01 9.113511e+01 5.468129e+01 5.051501e-02 1.420348e+10 1.857046e+01
7.274979e+01 9.158690e+01 5.443230e+01 5.049782e-02 1.420348e+10 1.857467e+01
7.308566e+01 9.204086e+01 5.418447e+01 5.048000e-02 1.420348e+10 1.857888e+01
7.342307e+01 9.249700e+01 5.393779e+01 5.046156e-02 1.420348e+10 1.858310e+01
7.376205e+01 9.295533e+01 5.369226e+01 5.044245e-02 1.420348e+10 1.858731e+01
7.410259e+01 9.341587e+01 5.344786e+01 5.042267e-02 1.420348e+10 1.859152e+01
7.444470e+01 9.387862e+01 5.320461e+01 5.040220e-02 1.420348e+10 1.859573e+01
7.478839e+01 9.434359e+01 5.296249e+01 5.038102e-02 1.420348e+10 1.859994e+01
7.513366e+01 9.481080e+01 5.272150e+01 5.035912e-02 1.420348e+10 1.860414e+01
7.548053e+01 9.528026e+01 5.248164e+01 5.033646e-02 1.420348e+10 1.860835e+01
7.582901e+01 9.575197e+01 5.224289e+01 5.031305e-02 1.420348e+10 1.861256e+01
7.617909e+01 9.622594e+01 5.200525e+01 5.028885e-02 1.420348e+10 1.861677e+01
7.653078e+01 9.670220e+01 5.176873e+01 5.026386e-02 1.420348e+10 1.862097e+01
7.688410e+01 9.718074e+01 5.153330e+01 5.023804e-02 1.420348e+10 1.862518e+01
7.723906e+01 9.766158e+01 5.129898e+01 5.021139e-02 1.420348e+10 1.862938e+01
7.759565e+01 9.814473e+01 5.106575e+01 5.018389e-02 1.420348e+10 1.863359e+01
7.795388e+01 9.863020e+01 5.083362e+01 5.015551e-02 1.420348e+10 1.863779e+01
7.831378e+01 9.911800e+01 5.060257e+01 5.012625e-02 1.420348e+10 1.864199e+01
7.867533e+01 9.960815e+01 5.037260e+01 5.009607e-02 1.420348e+10 1.864620e+01
7.903855e+01 1.001006e+02 5.014370e+01 5.006497e-02 1.420348e+10 1.865040e+01
7.940345e+01 1.005955e+02 4.991588e+01 5.003292e-02 1.420348e+10 1.865460e+01
7.977003e+01 1.010928e+02 4.968912e+01 4.999990e-02 1.420348e+10 1.865880e+01
8.013831e+01 1.015924e+02 4.946343e+01 4.996590e-02 1.420348e+10 1.866300e+01
8.050828e+01 1.020944e+02 4.923879e+01 4.993090e-02 1.420348e+10 1.866720e+01
8.087997e+01 1.025989e+02 4.901521e+01 4.989488e-02 1.420348e+10 1.867140e+01
8.125337e+01 1.031057e+02 4.879267e+01 4.985783e-02 1.420348e+10 1.867560e+01
8.162849e+01 1.036150e+02 4.857118e+01 4.981971e-02 1.420348e+10 1.867980e+01
8.200535e+01 1.041267e+02 4.835073e+01 4.978051e-02 1.420348e+10 1.868399e+01
8.238394e+01 1.046409e+02 4.813132e+01 4.974022e-02 1.420348e+10 1.868819e+01
8.276428e+01 1.051576e+02 4.791293e+01 4.969882e-02 1.420348e+10 1.869239e+01
8.314638e+01 1.056767e+02 4.769557e+01 4.965628e-02 1.420348e+10 1.869658e+01
8.353025e+01 1.061984e+02 4.747924e+01 4.961259e-02 1.420348e+10 1.870078e+01
8.391588e+01 1.067225e+02 4.726392e+01 4.956773e-02 1.420348e+10 1.870497e+01
8.430330e+01 1.072492e+02 4.704961e+01 4.952167e-02 1.420348e+10 1.870916e+01
8.469250e+01 1.077784e+02 4.683631e+01 4.947441e-02 1.420348e+10 1.871336e+01
8.508350e+01 1.083101e+02 4.662402e+01 4.942592e-02 1.420348e+10 1.871755e+01
8.547631e+01 1.088443e+02 4.641273e+01 4.937617e-02 1.420348e+10 1.872174e+01
8.587093e+01 1.093812e+02 4.620243e+01 4.932516e-02 1.420348e+10 1.872593e+01
8.626737e+01 1.099206e+02 4.599312e+01 4.927286e-02 1.420348e+10 1.873012e+01
8.666564e+01 1.104626e+02 4.578480e+01 4.921926e-02 1.420348e+10 1.873431e+01
8.706575e+01 1.110072e+02 4.557746e+01 4.916432e-02 1.420348e+10 1.873850e+01
8.746771e+01 1.115544e+02 4.537111e+01 4.910805e-02 1.420348e+10 1.874269e+01
8.787153e+01 1.121042e+02 4.516572e+01 4.905040e-02 1.420348e+10 1.874688e+01
8.827720e+01 1.126567e+02 4.496131e+01 4.899137e-02 1.420348e+10 1.875107e+01
8.868475e+01 1.132118e+02 4.475785e+01 4.893092e-02 1.420348e+10 1.875525e+01
8.909419e+01 1.137696e+02 4.455536e+01 4.886903e-02 1.420348e+10 1.875944e+01
8.950551e+01 1.143301e+02 4.435382e+01 4.880568e-02 1.420348e+10 1.876363e+01
8.991873e+01 1.148932e+02 4.415323e+01 4.874086e-02 1.420348e+10 1.876781e+01
9.033386e+01 1.154591e+02 4.395360e+01 4.867454e-02 1.420348e+10 1.877200e+01
9.075091e+01 1.160277e+02 4.375490e+01 4.860672e-02 1.420348e+10 1.877618e+01
9.116988e+01 1.165989e+02 4.355715e+01 4.853737e-02 1.420348e+10 1.878036e+01
9.159078e+01 1.171730e+02 4.336033e+01 4.846647e-02 1.420348e+10 1.878455e+01
9.201363e+01 1.177498e+02 4.316445e+01 4.839402e-02 1.420348e+10 1.878873e+01
9.243843e+01 1.183293e+02 4.296949e+01 4.831998e-02 1.420348e+10 1.879291e+01
9.286519e+01 1.189116e+02 4.277547e+01 4.824433e-02 1.420348e+10 1.879709e+01
9.329393e+01 1.194967e+02 4.258236e+01 4.816707e-02 1.420348e+10 1.880127e+01
9.372464e+01 1.200847e+02 4.239017e+01 4.808817e-02 1.420348e+10 1.880545e+01
9.415734e+01 1.206754e+02 4.219890e+01 4.800761e-02 1.420348e+10 1.880963e+01
9.459203e+01 1.212690e+02 4.200854e+01 4.792536e-02 1.420348e+10 1.881381e+01
9.502874e+01 1.218654e+02 4.181908e+01 4.784141e-02 1.420348e+10 1.881799e+01
9.546746e+01 1.224647e+02 4.163052e+01 4.775574e-02 1.420348e+10 1.882216e+01
9.590821e+01 1.230668e+02 4.144287e+01 4.766832e-02 1.420348e+10 1.882634e+01
9.635099e+01 1.236719e+02 4.125610e+01 4.757914e-02 1.420348e+10 1.883051e+01
9.679581e+01 1.242798e+02 4.107023e+01 4.748816e-02 1.420348e+10 1.883469e+01
9.724269e+01 1.248906e+02 4.088524e+01 4.739537e-02 1.420348e+10 1.883886e+01
9.769163e+01 1.255044e+02 4.070114e+01 4.730074e-02 1.420348e+10 1.884304e+01
9.814265e+01 1.261211e+02 4.051791e+01 4.720426e-02 1.420348e+10 1.884721e+01
9.859574e+01 1.267408e+02 4.033555e+01 4.710589e-02 1.420348e+10 1.885138e+01
9.905093e+01 1.273634e+02 4.015406e+01 4.700561e-02 1.420348e+10 1.885555e+01
9.950822e+01 1.279891e+02 3.997344e+01 4.690340e-02 1.420348e+10 1.885973e+01
9.996762e+01 1.286177e+02 3.979368e+01 4.679923e-02 1.420348e+10 1.886390e+01
1.004291e+02 1.292493e+02 3.961477e+01 4.669308e-02 1.420348e+10 1.886807e+01
1.008928e+02 1.298840e+02 3.943671e+01 4.658497e-02 1.420348e+10 1.887223e+01
1.013586e+02 1.305217e+02 3.925950e+01 4.647491e-02 1.420348e+10 1.887640e+01
1.018265e+02 1.311625e+02 3.908313e+01 4.636291e-02 1.420348e+10 1.888057e+01
1.022966e+02 1.318063e+02 3.890760e+01 4.624900e-02 1.420348e+10 1.888474e+01
1.027689e+02 1.324532e+02 3.873291e+01 4.613317e-02 1.420348e+10 1.888891e+01
1.032434e+02 1.331032e+02 3.855904e+01 4.601545e-02 1.420348e+10 1.889307e+01
1.037200e+02 1.337563e+02 3.838599e+01 4.589585e-02 1.420348e+10 1.889724e+01
1.041989e+02 1.344126e+02 3.821377e+01 4.577438e-02 1.420348e+10 1.890140e+01
1.046799e+02 1.350720e+02 3.804236e+01 4.565106e-02 1.420348e+10 1.890557e+01
1.051632e+02 1.357345e+02 3.787176e+01 4.552590e-02 1.420348e+10 1.890973e+01
1.056487e+02 1.364003e+02 3.770197e+01 4.539890e-02 1.420348e+10 1.891389e+01
1.061365e+02 1.370692e+02 3.753298e+01 4.527009e-02 1.420348e+10 1.891806e+01
1.066265e+02 1.377413e+02 3.736478e+01 4.513947e-02 1.420348e+10 1.892222e+01
1.071187e+02 1.384166e+02 3.719738e+01 4.500706e-02 1.420348e+10 1.892638e+01
1.076133e+02 1.390952e+02 3.703076e+01 4.487286e-02 1.420348e+10 1.893054e+01
1.081101e+02 1.397770e+02 3.686493e+01 4.473689e-02 1.420348e+10 1.893470e+01
1.086092e+02 1.404621e+02 3.669987e+01 4.459917e-02 1.420348e+10 1.893886e+01
1.091106e+02 1.411505e+02 3.653559e+01 4.445969e-02 1.420348e+10 1.894302e+01
1.096143e+02 1.418422e+02 3.637208e+01 4.431846e-02 1.420348e+10 1.894718e+01
1.101204e+02 1.425372e+02 3.620933e+01 4.417551e-02 1.420348e+10 1.895133e+01
1.106288e+02 1.432355e+02 3.604734e+01 4.403084e-02 1.420348e+10 1.895549e+01
1.111395e+02 1.439371e+02 3.588610e+01 4.388446e-02 1.420348e+10 1.895965e+01
1.116526e+02 1.446421e+02 3.572562e+01 4.373639e-02 1.420348e+10 1.896380e+01
1.121681e+02 1.453505e+02 3.556588e+01 4.358664e-02 1.420348e+10 1.896796e+01
1.126859e+02 1.460623e+02 3.540689e+01 4.343523e-02 1.420348e+10 1.897211e+01
1.132062e+02 1.467775e+02 3.524864e+01 4.328216e-02 1.420348e+10 1.897627e+01
1.137288e+02 1.474961e+02 3.509112e+01 4.312746e-02 1.420348e+10 1.898042e+01
1.142539e+02 1.482181e+02 3.493433e+01 4.297114e-02 1.420348e+10 1.898458e+01
1.147814e+02 1.489436e+02 3.477827e+01 4.281320e-02 1.420348e+10 1.898873e+01
1.153113e+02 1.496726e+02 3.462293e+01 4.265366e-02 1.420348e+10 1.899288e+01
1.158436e+02 1.504050e+02 3.446831e+01 4.249253e-02 1.420348e+10 1.899703e+01
1.163785e+02 1.511410e+02 3.431441e+01 4.232983e-02 1.420348e+10 1.900119e+01
1.169157e+02 1.518805e+02 3.416122e+01 4.216557e-02 1.420348e+10 1.900534e+01
1.174555e+02 1.526235e+02 3.400873e+01 4.199976e-02 1.420348e+10 1.900949e+01
1.179978e+02 1.533701e+02 3.385695e+01 4.183242e-02 1.420348e+10 1.901364e+01
1.185425e+02 1.541202e+02 3.370587e+01 4.166355e-02 1.420348e+10 1.901779e+01
1.190898e+02 1.548740e+02 3.355548e+01 4.149317e-02 1.420348e+10 1.902194e+01
1.196396e+02 1.556313e+02 3.340578e+01 4.132130e-02 1.420348e+10 1.902609e+01
1.201919e+02 1.563923e+02 3.325677e+01 4.114795e-02 1.420348e+10 1.903023e+01
1.207468e+02 1.571569e+02 3.310844e+01 4.097312e-02 1.420348e+10 1.903438e+01
1.213043e+02 1.579251e+02 3.296080e+01 4.079684e-02 1.420348e+10 1.903853e+01
1.218643e+02 1.586970e+02 3.281383e+01 4.061912e-02 1.420348e+10 1.904268e+01
1.224269e+02 1.594727e+02 3.266753e+01 4.043997e-02 1.420348e+10 1.904682e+01
1.229921e+02 1.602520e+02 3.252190e+01 4.025940e-02 1.420348e+10 1.905097e+01
1.235600e+02 1.610350e+02 3.237693e+01 4.007744e-02 1.420348e+10 1.905511e+01
1.241304e+02 1.618218e+02 3.223263e+01 3.989408e-02 1.420348e+10 1.905926e+01
1.247035e+02 1.626124e+02 3.208899e+01 3.970936e-02 1.420348e+10 1.906340e+01
1.252792e+02 1.634067e+02 3.194599e+01 3.952327e-02 1.420348e+10 1.906755e+01
1.258576e+02 1.642049e+02 3.180365e+01 3.933584e-02 1.420348e+10 1.907169e+01
1.264386e+02 1.650068e+02 3.166196e+01 3.914708e-02 1.420348e+10 1.907584e+01
1.270224e+02 1.658126e+02 3.152091e+01 3.895700e-02 1.420348e+10 1.907998e+01
1.276088e+02 1.666222e+02 3.138050e+01 3.876562e-02 1.420348e+10 1.908412e+01
1.281979e+02 1.674357e+02 3.124072e+01 3.857295e-02 1.420348e+10 1.908826e+01
1.287898e+02 1.682531e+02 3.110158e+01 3.837901e-02 1.420348e+10 1.909240e+01
1.293844e+02 1.690744e+02 3.096306e+01 3.818381e-02 1.420348e+10 1.909655e+01
1.299817e+02 1.698996e+02 3.082518e+01 3.798737e-02 1.420348e+10 1.910069e+01
1.305818e+02 1.707287e+02 3.068791e+01 3.778970e-02 1.420348e+10 1.910483e+01
1.311846e+02 1.715618e+02 3.055127e+01 3.759082e-02 1.420348e+10 1.910897e+01
1.317903e+02 1.723989e+02 3.041524e+01 3.739074e-02 1.420348e+10 1.911311e+01
1.323987e+02 1.732400e+02 3.027982e+01 3.718948e-02 1.420348e+10 1.911725e+01
1.330100e+02 1.740851e+02 3.014501e+01 3.698705e-02 1.420348e+10 1.912139e+01
1.336240e+02 1.749342e+02 3.001080e+01 3.678348e-02 1.420348e+10 1.912552e+01
1.342409e+02 1.757874e+02 2.987720e+01 3.657876e-02 1.420348e+10 1.912966e+01
1.348607e+02 1.766446e+02 2.974420e+01 3.637293e-02 1.420348e+10 1.913380e+01
1.354833e+02 1.775060e+02 2.961179e+01 3.616599e-02 1.420348e+10 1.913794e+01
1.361088e+02 1.783714e+02 2.947998e+01 3.595797e-02 1.420348e+10 1.914208e+01
1.367372e+02 1.792410e+02 2.934875e+01 3.574888e-02 1.420348e+10 1.914621e+01
1.373684e+02 1.801148e+02 2.921811e+01 3.553873e-02 1.420348e+10 1.915035e+01
1.380026e+02 1.809927e+02 2.908806e+01 3.532755e-02 1.420348e+10 1.915449e+01
1.386398e+02 1.818748e+02 2.895858e+01 3.511534e-02 1.420348e+10 1.915862e+01
1.392798e+02 1.827610e+02 2.882968e+01 3.490213e-02 1.420348e+10 1.916276e+01
1.399228e+02 1.836516e+02 2.870136e+01 3.468794e-02 1.420348e+10 1.916689e+01
1.405688e+02 1.845463e+02 2.857360e+01 3.447277e-02 1.420348e+10 1.917103e+01
1.412178e+02 1.854454e+02 2.844641e+01 3.425666e-02 1.420348e+10 1.917516e+01
1.418697e+02 1.863487e+02 2.831979e+01 3.403960e-02 1.420348e+10 1.917930e+01
1.425247e+02 1.872563e+02 2.819373e+01 3.382164e-02 1.420348e+10 1.918343e+01
1.431827e+02 1.881683e+02 2.806822e+01 3.360277e-02 1.420348e+10 1.918756e+01
1.438437e+02 1.890846e+02 2.794327e+01 3.338302e-02 1.420348e+10 1.919170e+01
1.445078e+02 1.900052e+02 2.781888e+01 3.316241e-02 1.420348e+10 1.919583e+01
1.451750e+02 1.909303e+02 2.769503e+01 3.294095e-02 1.420348e+10 1.919996e+01
1.458452e+02 1.918597e+02 2.757173e+01 3.271867e-02 1.420348e+10 1.920409e+01
1.465185e+02 1.927936e+02 2.744897e+01 3.249558e-02 1.420348e+10 1.920823e+01
1.471950e+02 1.937320e+02 2.732675e+01 3.227170e-02 1.420348e+10 1.921236e+01
1.478745e+02 1.946748e+02 2.720507e+01 3.204705e-02 1.420348e+10 1.921649e+01
1.485572e+02 1.956220e+02 2.708393e+01 3.182165e-02 1.420348e+10 1.922062e+01
1.492431e+02 1.965739e+02 2.696332e+01 3.159552e-02 1.420348e+10 1.922475e+01
1.499321e+02 1.975302e+02 2.684323e+01 3.136868e-02 1.420348e+10 1.922888e+01
1.506243e+02 1.984911e+02 2.672368e+01 3.114114e-02 1.420348e+10 1.923301e+01
1.513197e+02 1.994565e+02 2.660464e+01 3.091294e-02 1.420348e+10 1.923714e+01
1.520183e+02 2.004266e+02 2.648613e+01 3.068408e-02 1.420348e+10 1.924127e+01
1.527201e+02 2.014012e+02 2.636813e+01 3.045459e-02 1.420348e+10 1.924540e+01
1.534252e+02 2.023806e+02 2.625065e+01 3.022449e-02 1.420348e+10 1.924953e+01
1.541335e+02 2.033645e+02 2.613368e+01 2.999380e-02 1.420348e+10 1.925366e+01
1.548451e+02 2.043532e+02 2.601722e+01 2.976254e-02 1.420348e+10 1.925779e+01
1.555599e+02 2.053465e+02 2.590127e+01 2.953074e-02 1.420348e+10 1.926192e+01
1.562781e+02 2.063446e+02 2.578582e+01 2.929840e-02 1.420348e+10 1.926605e+01
1.569996e+02 2.073474e+02 2.567088e+01 2.906556e-02 1.420348e+10 1.927018e+01
1.577244e+02 2.083550e+02 2.555643e+01 2.883223e-02 1.420348e+10 1.927431e+01
1.584526e+02 2.093674e+02 2.544248e+01 2.859845e-02 1.420348e+10 1.927843e+01
1.591841e+02 2.103845e+02 2.532902e+01 2.836422e-02 1.420348e+10 1.928256e+01
1.599190e+02 2.114066e+02 2.521606e+01 2.812957e-02 1.420348e+10 1.928669e+01
1.606573e+02 2.124334e+02 2.510358e+01 2.789453e-02 1.420348e+10 1.929082e+01
1.613991e+02 2.134652e+02 2.499159e+01 2.765912e-02 1.420348e+10 1.929494e+01
1.621442e+02 2.145018e+02 2.488008e+01 2.742335e-02 1.420348e+10 1.929907e+01
1.628928e+02 2.155434e+02 2.476905e+01 2.718726e-02 1.420348e+10 1.930320e+01
1.636448e+02 2.165899e+02 2.465850e+01 2.695087e-02 1.420348e+10 1.930733e+01
1.644003e+02 2.176414e+02 2.454843e+01 2.671419e-02 1.420348e+10 1.931145e+01
1.651593e+02 2.186979e+02 2.443882e+01 2.647726e-02 1.420348e+10 1.931558e+01
1.659218e+02 2.197594e+02 2.432969e+01 2.624010e-02 1.420348e+10 1.931970e+01
1.666878e+02 2.208259e+02 2.422103e+01 2.600273e-02 1.420348e+10 1.932383e+01
1.674573e+02 2.218975e+02 2.411284e+01 2.576517e-02 1.420348e+10 1.932796e+01
1.682304e+02 2.229742e+02 2.400510e+01 2.552746e-02 1.420348e+10 1.933208e+01
1.690071e+02 2.240560e+02 2.389783e+01 2.528961e-02 1.420348e+10 1.933621e+01
1.697874e+02 2.251429e+02 2.379102e+01 2.505165e-02 1.420348e+10 1.934033e+01
1.705712e+02 2.262350e+02 2.368466e+01 2.481361e-02 1.420348e+10 1.934446e+01
1.713587e+02 2.273323e+02 2.357875e+01 2.457551e-02 1.420348e+10 1.934858e+01
1.721498e+02 2.284347e+02 2.347330e+01 2.433738e-02 1.420348e+10 1.935271e+01
1.729446e+02 2.295424e+02 2.336830e+01 2.409924e-02 1.420348e+10 1.935683e+01
1.737430e+02 2.306553e+02 2.326374e+01 2.386113e-02 1.420348e+10 1.936096e+01
1.745451e+02 2.317735e+02 2.315963e+01 2.362306e-02 1.420348e+10 1.936508e+01
1.753510e+02 2.328970e+02 2.305596e+01 2.338506e-02 1.420348e+10 1.936921e+01
1.761605e+02 2.340258e+02 2.295272e+01 2.314716e-02 1.420348e+10 1.937333e+01
1.769738e+02 2.351600e+02 2.284993e+01 2.290939e-02 1.420348e+10 1.937745e+01
1.777908e+02 2.362995e+02 2.274757e+01 2.267177e-02 1.420348e+10 1.938158e+01
1.786116e+02 2.374445e+02 2.264565e+01 2.243434e-02 1.420348e+10 1.938570e+01
1.794362e+02 2.385948e+02 2.254415e+01 2.219712e-02 1.420348e+10 1.938983e+01
1.802647e+02 2.397506e+02 2.244308e+01 2.196013e-02 1.420348e+10 1.939395e+01
1.810969e+02 2.409119e+02 2.234244e+01 2.172342e-02 1.420348e+10 1.939807e+01
1.819330e+02 2.420787e+02 2.224222e+01 2.148699e-02 1.420348e+10 1.940220e+01
1.827729e+02 2.432509e+02 2.214243e+01 2.125089e-02 1.420348e+10 1.940632e+01
1.836167e+02 2.444288e+02 2.204305e+01 2.101515e-02 1.420348e+10 1.941044e+01
1.844644e+02 2.456122e+02 2.194410e+01 2.077979e-02 1.420348e+10 1.941457e+01
1.853160e+02 2.468012e+02 2.184555e+01 2.054484e-02 1.420348e+10 1.941869e+01
1.861716e+02 2.479958e+02 2.174742e+01 2.031033e-02 1.420348e+10 1.942281e+01
1.870311e+02 2.491960e+02 2.164970e+01 2.007630e-02 1.420348e+10 1.942694e+01
1.878945e+02 2.504020e+02 2.155239e+01 1.984276e-02 1.420348e+10 1.943106e+01
1.887620e+02 2.516136e+02 2.145549e+01 1.960976e-02 1.420348e+10 1.943518e+01
1.896335e+02 2.528309e+02 2.135899e+01 1.937733e-02 1.420348e+10 1.943931e+01
1.905089e+02 2.540540e+02 2.126289e+01 1.914549e-02 1.420348e+10 1.944343e+01
1.913885e+02 2.552829e+02 2.116720e+01 1.891427e-02 1.420348e+10 1.944755e+01
1.922721e+02 2.565176e+02 2.107190e+01 1.868372e-02 1.420348e+10 1.945168e+01
1.931597e+02 2.577581e+02 2.097700e+01 1.845385e-02 1.420348e+10 1.945580e+01
1.940515e+02 2.590045e+02 2.088249e+01 1.822470e-02 1.420348e+10 1.945992e+01
1.949474e+02 2.602567e+02 2.078838e+01 1.799631e-02 1.420348e+10 1.946404e+01
1.958474e+02 2.615148e+02 2.069465e+01 1.776871e-02 1.420348e+10 1.946817e+01
1.967516e+02 2.627789e+02 2.060132e+01 1.754192e-02 1.420348e+10 1.947229e+01
1.976599e+02 2.640490e+02 2.050837e+01 1.731599e-02 1.420348e+10 1.947641e+01
1.985724e+02 2.653250e+02 2.041580e+01 1.709094e-02 1.420348e+10 1.948054e+01
1.994892e+02 2.666070e+02 2.032362e+01 1.686681e-02 1.420348e+10 1.948466e+01
2.004102e+02 2.678951e+02 2.023182e+01 1.664364e-02 1.420348e+10 1.948878e+01
2.013354e+02 2.691893e+02 2.014039e+01 1.642145e-02 1.420348e+10 1.949290e+01
2.022649e+02 2.704895e+02 2.004935e+01 1.620028e-02 1.420348e+10 1.949703e+01
2.031987e+02 2.717959e+02 1.995867e+01 1.598017e-02 1.420348e+10 1.950115e+01
2.041368e+02 2.731084e+02 1.986837e+01 1.576115e-02 1.420348e+10 1.950527e+01
2.050793e+02 2.744271e+02 1.977845e+01 1.554325e-02 1.420348e+10 1.950940e+01
2.060261e+02 2.757521e+02 1.968889e+01 1.532651e-02 1.420348e+10 1.951352e+01
2.069772e+02 2.770832e+02 1.959969e+01 1.511097e-02 1.420348e+10 1.951764e+01
2.079328e+02 2.784206e+02 1.951087e+01 1.489666e-02 1.420348e+10 1.952176e+01
2.088928e+02 2.797643e+02 1.942240e+01 1.468361e-02 1.420348e+10 1.952589e+01
2.098572e+02 2.811143e+02 1.933430e+01 1.447187e-02 1.420348e+10 1.953001e+01
2.108260e+02 2.824707e+02 1.924656e+01 1.426147e-02 1.420348e+10 1.953413e+01
2.117993e+02 2.838334e+02 1.915917e+01 1.405245e-02 1.420348e+10 1.953826e+01
2.127771e+02 2.852026e+02 1.907215e+01 1.384484e-02 1.420348e+10 1.954238e+01
2.137595e+02 2.865782e+02 1.898547e+01 1.363867e-02 1.420348e+10 1.954651e+01
2.147463e+02 2.879602e+02 1.889915e+01 1.343400e-02 1.420348e+10 1.955063e+01
2.157378e+02 2.893488e+02 1.881318e+01 1.323084e-02 1.420348e+10 1.955475e+01
2.167338e+02 2.907438e+02 1.872756e+01 1.302925e-02 1.420348e+10 1.955888e+01
2.177344e+02 2.921454e+02 1.864229e+01 1.282926e-02 1.420348e+10 1.956300e+01
2.187396e+02 2.935536e+02 1.855736e+01 1.263091e-02 1.420348e+10 1.956712e+01
2.197494e+02 2.949684e+02 1.847277e+01 1.243424e-02 1.420348e+10 1.957125e+01
2.207640e+02 2.963898e+02 1.838853e+01 1.223927e-02 1.420348e+10 1.957537e+01
2.217832e+02 2.978179e+02 1.830463e+01 1.204607e-02 1.420348e+10 1.957950e+01
2.228071e+02 2.992527e+02 1.822106e+01 1.185464e-02 1.420348e+10 1.958362e+01
2.238357e+02 3.006942e+02 1.813783e+01 1.166503e-02 1.420348e+10 1.958775e+01
2.248691e+02 3.021425e+02 1.805494e+01 1.147728e-02 1.420348e+10 1.959187e+01
2.259073e+02 3.035975e+02 1.797237e+01 1.129144e-02 1.420348e+10 1.959600e+01
2.269502e+02 3.050594e+02 1.789014e+01 1.110754e-02 1.420348e+10 1.960012e+01
2.279980e+02 3.065281e+02 1.780824e+01 1.092564e-02 1.420348e+10 1.960425e+01
2.290506e+02 3.080037e+02 1.772666e+01 1.074577e-02 1.420348e+10 1.960837e+01
2.301080e+02 3.094862e+02 1.764542e+01 1.056795e-02 1.420348e+10 1.961250e+01
2.311704e+02 3.109756e+02 1.756451e+01 1.039217e-02 1.420348e+10 1.961662e+01
2.322376e+02 3.124720e+02 1.748392e+01 1.021842e-02 1.420348e+10 1.962075e+01
2.333098e+02 3.139754e+02 1.740366e+01 1.004672e-02 1.420348e+10 1.962488e+01
2.343869e+02 3.154858e+02 1.732372e+01 9.877045e-03 1.420348e+10 1.962900e+01
2.354690e+02 3.170033e+02 1.724411e+01 9.709398e-03 1.420348e+10 1.963313e+01
2.365561e+02 3.185279e+02 1.716483e+01 9.543774e-03 1.420348e+10 1.963726e+01
2.376482e+02 3.200596e+02 1.708586e+01 9.380168e-03 1.420348e+10 1.964138e+01
2.387454e+02 3.215984e+02 1.700722e+01 9.218574e-03 1.420348e+10 1.964551e+01
2.398476e+02 3.231445e+02 1.692890e+01 9.058988e-03 1.420348e+10 1.964963e+01
2.409549e+02 3.246977e+02 1.685090e+01 8.901403e-03 1.420348e+10 1.965376e+01
2.420673e+02 3.262583e+02 1.677322e+01 8.745814e-03 1.420348e+10 1.965789e+01
2.431849e+02 3.278261e+02 1.669586e+01 8.592215e-03 1.420348e+10 1.966201e+01
2.443076e+02 3.294012e+02 1.661882e+01 8.440598e-03 1.420348e+10 1.966614e+01
2.454355e+02 3.309837e+02 1.654209e+01 8.290958e-03 1.420348e+10 1.967027e+01
2.465686e+02 3.325735e+02 1.646568e+01 8.143288e-03 1.420348e+10 1.967439e+01
2.477069e+02 3.341708e+02 1.638959e+01 7.997579e-03 1.420348e+10 1.967852e+01
2.488505e+02 3.357755e+02 1.631381e+01 7.853825e-03 1.420348e+10 1.968265e+01
2.499994e+02 3.373877e+02 1.623834e+01 7.712018e-03 1.420348e+10 1.968678e+01
2.511536e+02 3.390074e+02 1.616319e+01 7.572150e-03 1.420348e+10 1.969090e+01
2.523131e+02 3.406346e+02 1.608835e+01 7.434213e-03 1.420348e+10 1.969503e+01
2.534779e+02 3.422695e+02 1.601382e+01 7.298197e-03 1.420348e+10 1.969916e+01
2.546482e+02 3.439119e+02 1.593961e+01 7.164095e-03 1.420348e+10 1.970328e+01
2.558238e+02 3.455620e+02 1.586570e+01 7.031898e-03 1.420348e+10 1.970741e+01
2.570049e+02 3.472198e+02 1.579210e+01 6.901595e-03 1.420348e+10 1.971154e+01
2.581914e+02 3.488853e+02 1.571881e+01 6.773178e-03 1.420348e+10 1.971567e+01
2.593834e+02 3.505586e+02 1.564583e+01 6.646636e-03 1.420348e+10 1.971979e+01
2.605809e+02 3.522396e+02 1.557315e+01 6.521960e-03 1.420348e+10 1.972392e+01
2.617839e+02 3.539285e+02 1.550078e+01 6.399139e-03 1.420348e+10 1.972805e+01
2.629925e+02 3.556252e+02 1.542872e+01 6.278163e-03 1.420348e+10 1.973218e+01
2.642067e+02 3.573298e+02 1.535696e+01 6.159021e-03 1.420348e+10 1.973630e+01
2.654264e+02 3.590423e+02 1.528551e+01 6.041702e-03 1.420348e+10 1.974043e+01
2.666518e+02 3.607628e+02 1.521436e+01 5.926194e-03 1.420348e+10 1.974456e+01
2.678829e+02 3.624913e+02 1.514351e+01 5.812487e-03 1.420348e+10 1.974869e+01
2.691196e+02 3.642278e+02 1.507296e+01 5.700568e-03 1.420348e+10 1.975281e+01
2.703621e+02 3.659723e+02 1.500271e+01 5.590426e-03 1.420348e+10 1.975694e+01
2.716103e+02 3.677250e+02 1.493277e+01 5.482048e-03 1.420348e+10 1.976107e+01
2.728642e+02 3.694858e+02 1.486312e+01 5.375422e-03 1.420348e+10 1.976519e+01
2.741240e+02 3.712548e+02 1.479377e+01 5.270535e-03 1.420348e+10 1.976932e+01
2.753895e+02 3.730320e+02 1.472472e+01 5.167374e-03 1.420348e+10 1.977345e+01
2.766609e+02 3.748175e+02 1.465597e+01 5.065926e-03 1.420348e+10 1.977758e+01
2.779382e+02 3.766112e+02 1.458752e+01 4.966179e-03 1.420348e+10 1.978170e+01
2.792213e+02 3.784133e+02 1.451936e+01 4.868118e-03 1.420348e+10 1.978583e+01
2.805104e+02 3.802237e+02 1.445149e+01 4.771728e-03 1.420348e+10 1.978996e+01
2.818054e+02 3.820425e+02 1.438392e+01 4.676997e-03 1.420348e+10 1.979408e+01
2.831065e+02 3.838698e+02 1.431664e+01 4.583908e-03 1.420348e+10 1.979821e+01
2.844135e+02 3.857055e+02 1.424966e+01 4.492449e-03 1.420348e+10 1.980233e+01
2.857265e+02 3.875497e+02 1.418296e+01 4.402604e-03 1.420348e+10 1.980646e+01
2.870457e+02 3.894025e+02 1.411656e+01 4.314358e-03 1.420348e+10 1.981059e+01
2.883709e+02 3.912639e+02 1.405045e+01 4.227696e-03 1.420348e+10 1.981471e+01
2.897022e+02 3.931339e+02 1.398462e+01 4.142604e-03 1.420348e+10 1.981884e+01
2.910397e+02 3.950125e+02 1.391909e+01 4.059065e-03 1.420348e+10 1.982296e+01
2.923833e+02 3.968999e+02 1.385384e+01 3.977064e-03 1.420348e+10 1.982709e+01
2.937332e+02 3.987960e+02 1.378888e+01 3.896585e-03 1.420348e+10 1.983121e+01
2.950892e+02 4.007008e+02 1.372421e+01 3.817613e-03 1.420348e+10 1.983534e+01
2.964516e+02 4.026145e+02 1.365982e+01 3.740130e-03 1.420348e+10 1.983946e+01
2.978202e+02 4.045371e+02 1.359572e+01 3.664121e-03 1.420348e+10 1.984359e+01
2.991952e+02 4.064685e+02 1.353190e+01 3.589570e-03 1.420348e+10 1.984771e+01
3.005765e+02 4.084089e+02 1.346836e+01 3.516459e-03 1.420348e+10 1.985184e+01
3.019641e+02 4.103583e+02 1.340511e+01 3.444771e-03 1.420348e+10 1.985596e+01
3.033582e+02 4.123167e+02 1.334214e+01 3.374491e-03 1.420348e+10 1.986009e+01
3.047588e+02 4.142842e+02 1.327944e+01 3.305601e-03 1.420348e+10 1.986421e+01
3.061657e+02 4.162607e+02 1.321703e+01 3.238083e-03 1.420348e+10 1.986833e+01
3.075792e+02 4.182464e+02 1.315490e+01 3.171920e-03 1.420348e+10 1.987246e+01
3.089992e+02 4.202413e+02 1.309304e+01 3.107094e-03 1.420348e+10 1.987658e+01
3.104258e+02 4.222454e+02 1.303147e+01 3.043589e-03 1.420348e+10 1.988070e+01
3.118589e+02 4.242588e+02 1.297016e+01 2.981386e-03 1.420348e+10 1.988483e+01
3.132987e+02 4.262814e+02 1.290914e+01 2.920467e-03 1.420348e+10 1.988895e+01
3.147451e+02 4.283135e+02 1.284839e+01 2.860815e-03 1.420348e+10 1.989307e+01
3.161982e+02 4.303549e+02 1.278791e+01 2.802411e-03 1.420348e+10 1.989719e+01
3.176580e+02 4.324057e+02 1.272771e+01 2.745236e-03 1.420348e+10 1.990131e+01
3.191245e+02 4.344661e+02 1.266778e+01 2.689273e-03 1.420348e+10 1.990544e+01
3.205978e+02 4.365359e+02 1.260812e+01 2.634503e-03 1.420348e+10 1.990956e+01
3.220779e+02 4.386153e+02 1.254873e+01 2.580908e-03 1.420348e+10 1.991368e+01
3.235649e+02 4.407043e+02 1.248962e+01 2.528468e-03 1.420348e+10 1.991780e+01
3.250587e+02 4.428030e+02 1.243077e+01 2.477165e-03 1.420348e+10 1.992192e+01
3.265594e+02 4.449114e+02 1.237219e+01 2.426981e-03 1.420348e+10 1.992604e+01
3.280670e+02 4.470295e+02 1.231388e+01 2.377895e-03 1.420348e+10 1.993016e+01
3.295816e+02 4.491573e+02 1.225583e+01 2.329890e-03 1.420348e+10 1.993428e+01
3.311032e+02 4.512950e+02 1.219805e+01 2.282946e-03 1.420348e+10 1.993840e+01
3.326318e+02 4.534426e+02 1.214054e+01 2.237044e-03 1.420348e+10 1.994252e+01
3.341675e+02 4.556001e+02 1.208329e+01 2.192164e-03 1.420348e+10 1.994664e+01
3.357102e+02 4.577676e+02 1.202630e+01 2.148287e-03 1.420348e+10 1.995075e+01
3.372601e+02 4.599450e+02 1.196958e+01 2.105394e-03 1.420348e+10 1.995487e+01
3.388172e+02 4.621325e+02 1.191312e+01 2.063465e-03 1.420348e+10 1.995899e+01
3.403814e+02 4.643301e+02 1.185692e+01 2.022481e-03 1.420348e+10 1.996311e+01
3.419528e+02 4.665378e+02 1.180098e+01 1.982422e-03 1.420348e+10 1.996722e+01
3.435315e+02 4.687558e+02 1.174530e+01 1.943268e-03 1.420348e+10 1.997134e+01
3.451175e+02 4.709839e+02 1.168987e+01 1.905000e-03 1.420348e+10 1.997546e+01
3.467108e+02 4.732224e+02 1.163471e+01 1.867598e-03 1.420348e+10 1.997957e+01
3.483115e+02 4.754711e+02 1.157980e+01 1.831042e-03 1.420348e+10 1.998369e+01
3.499195e+02 4.777303e+02 1.152515e+01 1.795312e-03 1.420348e+10 1.998780e+01
3.515350e+02 4.799998e+02 1.147075e+01 1.760389e-03 1.420348e+10 1.999192e+01
3.531580e+02 4.822798e+02 1.141661e+01 1.726250e-03 1.420348e+10 1.999603e+01
3.547884e+02 4.845704e+02 1.136272e+01 1.692877e-03 1.420348e+10 2.000015e+01
3.564263e+02 4.868715e+02 1.130908e+01 1.660250e-03 1.420348e+10 2.000426e+01
3.580719e+02 4.891832e+02 1.125569e+01 1.628348e-03 1.420348e+10 2.000837e+01
3.597250e+02 4.915056e+02 1.120256e+01 1.597152e-03 1.420348e+10 2.001249e+01
3.613857e+02 4.938386e+02 1.114967e+01 1.566642e-03 1.420348e+10 2.001660e+01
3.630541e+02 4.961825e+02 1.109703e+01 1.536798e-03 1.420348e+10 2.002071e+01
3.647303e+02 4.985371e+02 1.104464e+01 1.507600e-03 1.420348e+10 2.002482e+01
3.664141e+02 5.009026e+02 1.099250e+01 1.479028e-03 1.420348e+10 2.002894e+01
3.681057e+02 5.032790e+02 1.094061e+01 1.451061e-03 1.420348e+10 2.003305e+01
3.698052e+02 5.056664e+02 1.088896e+01 1.423680e-03 1.420348e+10 2.003716e+01
3.715125e+02 5.080648e+02 1.083756e+01 1.396864e-03 1.420348e+10 2.004127e+01
3.732276e+02 5.104742e+02 1.078640e+01 1.370593e-03 1.420348e+10 2.004538e+01
3.749507e+02 5.128947e+02 1.073549e+01 1.344848e-03 1.420348e+10 2.004949e+01
3.766818e+02 5.153264e+02 1.068482e+01 1.319606e-03 1.420348e+10 2.005359e+01
3.784208e+02 5.177694e+02 1.063439e+01 1.294850e-03 1.420348e+10 2.005770e+01
3.801679e+02 5.202235e+02 1.058421e+01 1.270557e-03 1.420348e+10 2.006181e+01
3.819230e+02 5.226890e+02 1.053426e+01 1.246708e-03 1.420348e+10 2.006592e+01
3.836862e+02 5.251659e+02 1.048455e+01 1.223283e-03 1.420348e+10 2.007002e+01
3.854576e+02 5.276542e+02 1.043509e+01 1.200260e-03 1.420348e+10 2.007413e+01
3.872371e+02 5.301539e+02 1.038586e+01 1.177621e-03 1.420348e+10 2.007824e+01
3.890249e+02 5.326652e+02 1.033686e+01 1.155344e-03 1.420348e+10 2.008234e+01
3.908209e+02 5.351880e+02 1.028810e+01 1.133409e-03 1.420348e+10 2.008645e+01
3.926252e+02 5.377225e+02 1.023958e+01 1.111796e-03 1.420348e+10 2.009055e+01
3.944379e+02 5.402687e+02 1.019129e+01 1.090485e-03 1.420348e+10 2.009465e+01
3.962589e+02 5.428266e+02 1.014324e+01 1.069456e-03 1.420348e+10 2.009876e+01
3.980883e+02 5.453962e+02 1.009541e+01 1.048687e-03 1.420348e+10 2.010286e+01
3.999261e+02 5.479778e+02 1.004782e+01 1.028159e-03 1.420348e+10 2.010696e+01
4.017725e+02 5.505712e+02 1.000046e+01 1.007852e-03 1.420348e+10 2.011106e+01
4.036274e+02 5.531766e+02 9.953323e+00 9.877485e-04 1.420348e+10 2.011516e+01
4.054908e+02 5.557940e+02 9.906417e+00 9.678444e-04 1.420348e+10 2.011926e+01
4.073628e+02 5.584235e+02 9.859738e+00 9.481392e-04 1.420348e+10 2.012337e+01
4.092435e+02 5.610651e+02 9.813285e+00 9.286323e-04 1.420348e+10 2.012746e+01
4.111329e+02 5.637189e+02 9.767056e+00 9.093230e-04 1.420348e+10 2.013156e+01
4.130309e+02 5.663849e+02 9.721051e+00 8.902105e-04 1.420348e+10 2.013566e+01
4.149378e+02 5.690632e+02 9.675269e+00 8.712943e-04 1.420348e+10 2.013976e+01
4.168534e+02 5.717539e+02 9.629708e+00 8.525736e-04 1.420348e+10 2.014386e+01
4.187779e+02 5.744569e+02 9.584368e+00 8.340477e-04 1.420348e+10 2.014796e+01
4.207113e+02 5.771725e+02 9.539247e+00 8.157159e-04 1.420348e+10 2.015205e+01
4.226536e+02 5.799005e+02 9.494345e+00 7.975774e-04 1.420348e+10 2.015615e+01
4.246049e+02 5.826411e+02 9.449659e+00 7.796316e-04 1.420348e+10 2.016025e+01
4.265652e+02 5.853944e+02 9.405190e+00 7.618777e-04 1.420348e+10 2.016434e+01
4.285345e+02 5.881604e+02 9.360935e+00 7.443149e-04 1.420348e+10 2.016844e+01
4.305129e+02 5.909391e+02 9.316895e+00 7.269426e-04 1.420348e+10 2.017253e+01
4.325005e+02 5.937306e+02 9.273067e+00 7.097599e-04 1.420348e+10 2.017662e+01
4.344972e+02 5.965350e+02 9.229451e+00 6.927661e-04 1.420348e+10 2.018072e+01
4.365032e+02 5.993524e+02 9.186045e+00 6.759604e-04 1.420348e+10 2.018481e+01
4.385184e+02 6.021827e+02 9.142848e+00 6.593422e-04 1.420348e+10 2.018890e+01
4.405429e+02 6.050261e+02 9.099859e+00 6.429106e-04 1.420348e+10 2.019300e+01
4.425767e+02 6.078826e+02 9.057078e+00 6.266649e-04 1.420348e+10 2.019709e+01
4.446200e+02 6.107522e+02 9.014502e+00 6.106045e-04 1.420348e+10 2.020118e+01
4.466727e+02 6.136352e+02 8.972132e+00 5.947289e-04 1.420348e+10 2.020527e+01
4.487348e+02 6.165314e+02 8.929966e+00 5.790373e-04 1.420348e+10 2.020936e+01
4.508065e+02 6.194409e+02 8.888003e+00 5.635290e-04 1.420348e+10 2.021345e+01
4.528878e+02 6.223639e+02 8.846242e+00 5.482034e-04 1.420348e+10 2.021754e+01
4.549786e+02 6.253004e+02 8.804683e+00 5.330598e-04 1.420348e+10 2.022163e+01
4.570791e+02 6.282504e+02 8.763323e+00 5.180975e-04 1.420348e+10 2.022572e+01
4.591893e+02 6.312140e+02 8.722163e+00 5.033158e-04 1.420348e+10 2.022980e+01
4.613093e+02 6.341913e+02 8.681201e+00 4.887141e-04 1.420348e+10 2.023389e+01
4.634390e+02 6.371823e+02 8.640435e+00 4.742916e-04 1.420348e+10 2.023798e+01
4.655786e+02 6.401871e+02 8.599866e+00 4.600478e-04 1.420348e+10 2.024207e+01
4.677280e+02 6.432058e+02 8.559492e+00 4.459818e-04 1.420348e+10 2.024615e+01
4.698874e+02 6.462383e+02 8.519312e+00 4.320932e-04 1.420348e+10 2.025024e+01
4.720567e+02 6.492849e+02 8.479325e+00 4.183811e-04 1.420348e+10 2.025432e+01
4.742361e+02 6.523456e+02 8.439531e+00 4.048450e-04 1.420348e+10 2.025841e+01
4.764255e+02 6.554203e+02 8.399927e+00 3.914842e-04 1.420348e+10 2.026249e+01
4.786250e+02 6.585092e+02 8.360514e+00 3.782980e-04 1.420348e+10 2.026658e+01
4.808347e+02 6.616124e+02 8.321290e+00 3.652858e-04 1.420348e+10 2.027066e+01
4.830546e+02 6.647299e+02 8.282254e+00 3.524470e-04 1.420348e+10 2.027475e+01
4.852847e+02 6.678618e+02 8.243406e+00 3.397808e-04 1.420348e+10 2.027883e+01
4.875251e+02 6.710081e+02 8.204744e+00 3.272867e-04 1.420348e+10 2.028291e+01
4.897759e+02 6.741690e+02 8.166268e+00 3.149641e-04 1.420348e+10 2.028699e+01
4.920370e+02 6.773444e+02 8.127976e+00 3.028122e-04 1.420348e+10 2.029107e+01
4.943086e+02 6.805345e+02 8.089868e+00 2.908304e-04 1.420348e+10 2.029516e+01
4.965907e+02 6.837393e+02 8.051943e+00 2.790181e-04 1.420348e+10 2.029924e+01
4.988833e+02 6.869588e+02 8.014199e+00 2.673747e-04 1.420348e+10 2.030332e+01
5.011865e+02 6.901933e+02 7.976636e+00 2.558996e-04 1.420348e+10 2.030740e+01
5.035004e+02 6.934426e+02 7.939254e+00 2.445920e-04 1.420348e+10 2.031148e+01
5.058249e+02 6.967070e+02 7.902050e+00 2.334515e-04 1.420348e+10 2.031556e+01
5.081601e+02 6.999864e+02 7.865025e+00 2.224773e-04 1.420348e+10 2.031964e+01
5.105062e+02 7.032809e+02 7.828176e+00 2.116689e-04 1.420348e+10 2.032371e+01
5.128630e+02 7.065906e+02 7.791505e+00 2.010256e-04 1.420348e+10 2.032779e+01
5.152308e+02 7.099156e+02 7.755009e+00 1.905468e-04 1.420348e+10 2.033187e+01
5.176094e+02 7.132560e+02 7.718687e+00 1.802320e-04 1.420348e+10 2.033595e+01
5.199991e+02 7.166118e+02 7.682539e+00 1.700804e-04 1.420348e+10 2.034003e+01
5.223998e+02 7.199830e+02 7.646564e+00 1.600916e-04 1.420348e+10 2.034410e+01
5.248116e+02 7.233698e+02 7.610762e+00 1.502648e-04 1.420348e+10 2.034818e+01
5.272345e+02 7.267722e+02 7.575130e+00 1.405995e-04 1.420348e+10 2.035225e+01
5.296686e+02 7.301904e+02 7.539669e+00 1.310950e-04 1.420348e+10 2.035633e+01
5.321139e+02 7.336243e+02 7.504377e+00 1.217509e-04 1.420348e+10 2.036040e+01
5.345705e+02 7.370740e+02 7.469254e+00 1.125664e-04 1.420348e+10 2.036448e+01
5.370385e+02 7.405397e+02 7.434299e+00 1.035411e-04 1.420348e+10 2.036855e+01
5.395178e+02 7.440213e+02 7.399510e+00 9.467418e-05 1.420348e+10 2.037263e+01
5.420086e+02 7.475190e+02 7.364888e+00 8.596520e-05 1.420348e+10 2.037670e+01
5.445109e+02 7.510329e+02 7.330431e+00 7.741353e-05 1.420348e+10 2.038078e+01
5.470248e+02 7.545630e+02 7.296139e+00 6.901859e-05 1.420348e+10 2.038485e+01
5.495502e+02 7.581094e+02 7.262010e+00 6.077979e-05 1.420348e+10 2.038892e+01
5.520874e+02 7.616721e+02 7.228044e+00 5.269654e-05 1.420348e+10 2.039299e+01
5.546362e+02 7.652513e+02 7.194240e+00 4.476827e-05 1.420348e+10 2.039707e+01
5.571968e+02 7.688470e+02 7.160598e+00 3.699440e-05 1.420348e+10 2.040114e+01
5.597692e+02 7.724593e+02 7.127116e+00 2.937434e-05 1.420348e+10 2.040521e+01
5.623535e+02 7.760882e+02 7.093793e+00 2.190753e-05 1.420348e+10 2.040928e+01
5.649497e+02 7.797339e+02 7.060630e+00 1.459339e-05 1.420348e+10 2.041335e+01
5.675579e+02 7.833965e+02 7.027624e+00 7.431342e-06 1.420348e+10 2.041742e+01
5.701782e+02 7.870759e+02 6.994776e+00 4.208216e-07 1.420348e+10 2.042149e+01
5.728105e+02 7.907723e+02 6.962084e+00 -6.438740e-06 1.420348e+10 2.042556e+01
5.754550e+02 7.944858e+02 6.929548e+00 -1.314791e-05 1.420348e+10 2.042963e+01
5.781118e+02 7.982164e+02 6.897167e+00 -1.970725e-05 1.420348e+10 2.043370e+01
5.807807e+02 8.019643e+02 6.864940e+00 -2.611733e-05 1.420348e+10 2.043777e+01
5.834620e+02 8.057294e+02 6.832867e+00 -3.237871e-05 1.420348e+10 2.044183e+01
5.861557e+02 8.095119e+02 6.800946e+00 -3.849194e-05 1.420348e+10 2.044590e+01
5.888618e+02 8.133119e+02 6.769177e+00 -4.445759e-05 1.420348e+10 2.044997e+01
5.915804e+02 8.171294e+02 6.737559e+00 -5.027621e-05 1.420348e+10 2.045404e+01
5.943116e+02 8.209646e+02 6.706092e+00 -5.594836e-05 1.420348e+10 2.045810e+01
5.970554e+02 8.248174e+02 6.674775e+00 -6.147458e-05 1.420348e+10 2.046217e+01
5.998118e+02 8.286881e+02 6.643606e+00 -6.685544e-05 1.420348e+10 2.046624e+01
6.025810e+02 8.325765e+02 6.612585e+00 -7.209147e-05 1.420348e+10 2.047030e+01
6.053629e+02 8.364830e+02 6.581713e+00 -7.718323e-05 1.420348e+10 2.047437e+01
6.081577e+02 8.404075e+02 6.550986e+00 -8.213127e-05 1.420348e+10 2.047843e+01
6.109654e+02 8.443501e+02 6.520406e+00 -8.693612e-05 1.420348e+10 2.048250e+01
6.137860e+02 8.483109e+02 6.489971e+00 -9.159834e-05 1.420348e+10 2.048656e+01
6.166197e+02 8.522899e+02 6.459681e+00 -9.611846e-05 1.420348e+10 2.049063e+01
6.194665e+02 8.562874e+02 6.429535e+00 -1.004970e-04 1.420348e+10 2.049469e+01
6.223264e+02 8.603033e+02 6.399531e+00 -1.047346e-04 1.420348e+10 2.049875e+01
6.251995e+02 8.643377e+02 6.369671e+00 -1.088316e-04 1.420348e+10 2.050282e+01
6.280858e+02 8.683908e+02 6.339952e+00 -1.127888e-04 1.420348e+10 2.050688e+01
6.309855e+02 8.724625e+02 6.310374e+00 -1.166065e-04 1.420348e+10 2.051094e+01
6.338986e+02 8.765531e+02 6.280936e+00 -1.202853e-04 1.420348e+10 2.051501e+01
6.368251e+02 8.806626e+02 6.251638e+00 -1.238258e-04 1.420348e+10 2.051907e+01
6.397652e+02 8.847910e+02 6.222479e+00 -1.272285e-04 1.420348e+10 2.052313e+01
6.427188e+02 8.889385e+02 6.193459e+00 -1.304939e-04 1.420348e+10 2.052719e+01
6.456860e+02 8.931051e+02 6.164576e+00 -1.336225e-04 1.420348e+10 2.053125e+01
6.486670e+02 8.972910e+02 6.135830e+00 -1.366149e-04 1.420348e+10 2.053531e+01
6.516617e+02 9.014962e+02 6.107220e+00 -1.394716e-04 1.420348e+10 2.053938e+01
6.546702e+02 9.057208e+02 6.078746e+00 -1.421931e-04 1.420348e+10 2.054344e+01
6.576927e+02 9.099650e+02 6.050407e+00 -1.447800e-04 1.420348e+10 2.054750e+01
6.607290e+02 9.142287e+02 6.022202e+00 -1.472327e-04 1.420348e+10 2.055156e+01
6.637794e+02 9.185121e+02 5.994131e+00 -1.495517e-04 1.420348e+10 2.055562e+01
6.668439e+02 9.228153e+02 5.966193e+00 -1.517377e-04 1.420348e+10 2.055968e+01
6.699226e+02 9.271383e+02 5.938387e+00 -1.537911e-04 1.420348e+10 2.056373e+01
6.730154e+02 9.314813e+02 5.910712e+00 -1.557124e-04 1.420348e+10 2.056779e+01
6.761225e+02 9.358444e+02 5.883169e+00 -1.575021e-04 1.420348e+10 2.057185e+01
6.792440e+02 9.402276e+02 5.855756e+00 -1.591608e-04 1.420348e+10 2.057591e+01
6.823799e+02 9.446310e+02 5.828473e+00 -1.606889e-04 1.420348e+10 2.057997e+01
6.855302e+02 9.490548e+02 5.801319e+00 -1.620871e-04 1.420348e+10 2.058403e+01
6.886951e+02 9.534990e+02 5.774294e+00 -1.633557e-04 1.420348e+10 2.058808e+01
6.918746e+02 9.579638e+02 5.747396e+00 -1.644953e-04 1.420348e+10 2.059214e+01
6.950688e+02 9.624491e+02 5.720626e+00 -1.655063e-04 1.420348e+10 2.059620e+01
6.982777e+02 9.669552e+02 5.693982e+00 -1.663894e-04 1.420348e+10 2.060025e+01
7.015015e+02 9.714821e+02 5.667465e+00 -1.671450e-04 1.420348e+10 2.060431e+01
7.047401e+02 9.760298e+02 5.641072e+00 -1.677736e-04 1.420348e+10 2.060837e+01
7.079937e+02 9.805986e+02 5.614805e+00 -1.682758e-04 1.420348e+10 2.061242e+01
7.112623e+02 9.851885e+02 5.588662e+00 -1.686519e-04 1.420348e+10 2.061648e+01
7.145460e+02 9.897996e+02 5.562642e+00 -1.689025e-04 1.420348e+10 2.062053e+01
7.178449e+02 9.944319e+02 5.536745e+00 -1.690282e-04 1.420348e+10 2.062459e+01
7.211590e+02 9.990857e+02 5.510970e+00 -1.690293e-04 1.420348e+10 2.062864e+01
7.244883e+02 1.003761e+03 5.485318e+00 -1.689065e-04 1.420348e+10 2.063270e+01
7.278331e+02 1.008458e+03 5.459786e+00 -1.686602e-04 1.420348e+10 2.063675e+01
7.311933e+02 1.013176e+03 5.434375e+00 -1.682908e-04 1.420348e+10 2.064080e+01
7.345690e+02 1.017917e+03 5.409084e+00 -1.677990e-04 1.420348e+10 2.064486e+01
7.379603e+02 1.022679e+03 5.383912e+00 -1.671851e-04 1.420348e+10 2.064891e+01
7.413673e+02 1.027463e+03 5.358860e+00 -1.664497e-04 1.420348e+10 2.065296e+01
7.447899e+02 1.032269e+03 5.333925e+00 -1.655933e-04 1.420348e+10 2.065702e+01
7.482284e+02 1.037098e+03 5.309108e+00 -1.646163e-04 1.420348e+10 2.066107e+01
7.516828e+02 1.041949e+03 5.284409e+00 -1.635192e-04 1.420348e+10 2.066512e+01
7.551531e+02 1.046822e+03 5.259825e+00 -1.623026e-04 1.420348e+10 2.066918e+01
7.586394e+02 1.051718e+03 5.235358e+00 -1.609669e-04 1.420348e+10 2.067323e+01
7.621418e+02 1.056636e+03 5.211006e+00 -1.595125e-04 1.420348e+10 2.067728e+01
7.656604e+02 1.061577e+03 5.186769e+00 -1.579401e-04 1.420348e+10 2.068133e+01
7.691953e+02 1.066541e+03 5.162647e+00 -1.562500e-04 1.420348e+10 2.068538e+01
7.727464e+02 1.071528e+03 5.138638e+00 -1.544428e-04 1.420348e+10 2.068943e+01
7.763140e+02 1.076537e+03 5.114742e+00 -1.525189e-04 1.420348e+10 2.069348e+01
7.798980e+02 1.081570e+03 5.090959e+00 -1.504788e-04 1.420348e+10 2.069753e+01
7.834986e+02 1.086627e+03 5.067288e+00 -1.483230e-04 1.420348e+10 2.070158e+01
7.871158e+02 1.091706e+03 5.043728e+00 -1.460519e-04 1.420348e+10 2.070563e+01
7.907496e+02 1.096809e+03 5.020280e+00 -1.436661e-04 1.420348e+10 2.070968e+01
7.944003e+02 1.101936e+03 4.996942e+00 -1.411661e-04 1.420348e+10 2.071373e+01
7.980678e+02 1.107086e+03 4.973713e+00 -1.385522e-04 1.420348e+10 2.071778e+01
8.017523e+02 1.112260e+03 4.950595e+00 -1.358250e-04 1.420348e+10 2.072183e+01
8.054537e+02 1.117458e+03 4.927585e+00 -1.329849e-04 1.420348e+10 2.072588e+01
8.091723e+02 1.122680e+03 4.904683e+00 -1.300325e-04 1.420348e+10 2.072993e+01
8.129080e+02 1.127926e+03 4.881890e+00 -1.269681e-04 1.420348e+10 2.073398e+01
8.166610e+02 1.133197e+03 4.859203e+00 -1.237924e-04 1.420348e+10 2.073803e+01
8.204313e+02 1.138491e+03 4.836623e+00 -1.205056e-04 1.420348e+10 2.074207e+01
8.242190e+02 1.143811e+03 4.814150e+00 -1.171084e-04 1.420348e+10 2.074612e+01
8.280242e+02 1.149154e+03 4.791782e+00 -1.136011e-04 1.420348e+10 2.075017e+01
8.318469e+02 1.154523e+03 4.769520e+00 -1.099843e-04 1.420348e+10 2.075422e+01
8.356873e+02 1.159916e+03 4.747362e+00 -1.062584e-04 1.420348e+10 2.075827e+01
8.395454e+02 1.165334e+03 4.725309e+00 -1.024239e-04 1.420348e+10 2.076231e+01
8.434214e+02 1.170777e+03 4.703359e+00 -9.848118e-05 1.420348e+10 2.076636e+01
8.473152e+02 1.176245e+03 4.681513e+00 -9.443081e-05 1.420348e+10 2.077041e+01
8.512270e+02 1.181739e+03 4.659769e+00 -9.027321e-05 1.420348e+10 2.077445e+01
8.551569e+02 1.187258e+03 4.638127e+00 -8.600885e-05 1.420348e+10 2.077850e+01
8.591049e+02 1.192802e+03 4.616587e+00 -8.163819e-05 1.420348e+10 2.078254e+01
8.630712e+02 1.198372e+03 4.595149e+00 -7.716170e-05 1.420348e+10 2.078659e+01
8.670557e+02 1.203968e+03 4.573811e+00 -7.257983e-05 1.420348e+10 2.079063e+01
8.710587e+02 1.209590e+03 4.552573e+00 -6.789305e-05 1.420348e+10 2.079468e+01
8.750801e+02 1.215237e+03 4.531436e+00 -6.310182e-05 1.420348e+10 2.079873e+01
8.791201e+02 1.220911e+03 4.510397e+00 -5.820659e-05 1.420348e+10 2.080277e+01
8.831787e+02 1.226611e+03 4.489457e+00 -5.320784e-05 1.420348e+10 2.080681e+01
8.872561e+02 1.232337e+03 4.468616e+00 -4.810600e-05 1.420348e+10 2.081086e+01
8.913523e+02 1.238090e+03 4.447873e+00 -4.290155e-05 1.420348e+10 2.081490e+01
8.954675e+02 1.243869e+03 4.427227e+00 -3.759494e-05 1.420348e+10 2.081895e+01
8.996016e+02 1.249675e+03 4.406677e+00 -3.218662e-05 1.420348e+10 2.082299e+01
9.037548e+02 1.255508e+03 4.386225e+00 -2.667706e-05 1.420348e+10 2.082704e+01
9.079272e+02 1.261368e+03 4.365868e+00 -2.106670e-05 1.420348e+10 2.083108e+01
9.121188e+02 1.267255e+03 4.345607e+00 -1.535600e-05 1.420348e+10 2.083512e+01
9.163298e+02 1.273169e+03 4.325441e+00 -9.545417e-06 1.420348e+10 2.083917e+01
9.205602e+02 1.279110e+03 4.305370e+00 -3.635399e-06 1.420348e+10 2.084321e+01
9.248102e+02 1.285079e+03 4.285392e+00 2.373599e-06 1.420348e+10 2.084725e+01
9.290798e+02 1.291075e+03 4.265509e+00 8.481126e-06 1.420348e+10 2.085129e+01
9.333691e+02 1.297099e+03 4.245719e+00 1.468673e-05 1.420348e+10 2.085534e+01
9.376782e+02 1.303151e+03 4.226021e+00 2.098996e-05 1.420348e+10 2.085938e+01
9.420072e+02 1.309231e+03 4.206416e+00 2.739037e-05 1.420348e+10 2.086342e+01
9.463561e+02 1.315339e+03 4.186903e+00 3.388750e-05 1.420348e+10 2.086746e+01
9.507252e+02 1.321475e+03 4.167482e+00 4.048092e-05 1.420348e+10 2.087150e+01
9.551144e+02 1.327640e+03 4.148151e+00 4.717016e-05 1.420348e+10 2.087554e+01
9.595239e+02 1.333833e+03 4.128911e+00 5.395479e-05 1.420348e+10 2.087959e+01
9.639538e+02 1.340055e+03 4.109761e+00 6.083435e-05 1.420348e+10 2.088363e+01
9.684041e+02 1.346305e+03 4.090701e+00 6.780840e-05 1.420348e+10 2.088767e+01
9.728749e+02 1.352584e+03 4.071731e+00 7.487649e-05 1.420348e+10 2.089171e+01
9.773664e+02 1.358893e+03 4.052849e+00 8.203818e-05 1.420348e+10 2.089575e+01
9.818786e+02 1.365230e+03 4.034056e+00 8.929303e-05 1.420348e+10 2.089979e+01
9.864117e+02 1.371597e+03 4.015350e+00 9.664058e-05 1.420348e+10 2.090383e+01
9.909657e+02 1.377993e+03 3.996733e+00 1.040804e-04 1.420348e+10 2.090787e+01
9.955407e+02 1.384419e+03 3.978202e+00 1.116120e-04 1.420348e+10 2.091191e+01
1.000137e+03 1.390874e+03 3.959759e+00 1.192350e-04 1.420348e+10 2.091595e+01
1.004754e+03 1.397360e+03 3.941401e+00 1.269490e-04 1.420348e+10 2.091999e+01
1.009393e+03 1.403875e+03 3.923130e+00 1.347534e-04 1.420348e+10 2.092403e+01
1.014053e+03 1.410420e+03 3.904944e+00 1.426479e-04 1.420348e+10 2.092807e+01
1.018734e+03 1.416996e+03 3.886843e+00 1.506320e-04 1.420348e+10 2.093211e+01
1.023438e+03 1.423602e+03 3.868827e+00 1.587053e-04 1.420348e+10 2.093614e+01
1.028163e+03 1.430238e+03 3.850896e+00 1.668673e-04 1.420348e+10 2.094018e+01
1.032909e+03 1.436905e+03 3.833048e+00 1.751176e-04 1.420348e+10 2.094422e+01
1.037678e+03 1.443603e+03 3.815284e+00 1.834558e-04 1.420348e+10 2.094826e+01
1.042469e+03 1.450332e+03 3.797603e+00 1.918813e-04 1.420348e+10 2.095230e+01
1.047281e+03 1.457092e+03 3.780004e+00 2.003939e-04 1.420348e+10 2.095634e+01
1.052116e+03 1.463884e+03 3.762488e+00 2.089930e-04 1.420348e+10 2.096037e+01
1.056974e+03 1.470706e+03 3.745054e+00 2.176781e-04 1.420348e+10 2.096441e+01
1.061854e+03 1.477560e+03 3.727702e+00 2.264490e-04 1.420348e+10 2.096845e+01
1.066756e+03 1.484446e+03 3.710430e+00 2.353051e-04 1.420348e+10 2.097249e+01
1.071681e+03 1.491364e+03 3.693240e+00 2.442459e-04 1.420348e+10 2.097652e+01
1.076628e+03 1.498314e+03 3.676130e+00 2.532712e-04 1.420348e+10 2.098056e+01
1.081599e+03 1.505295e+03 3.659099e+00 2.623803e-04 1.420348e+10 2.098460e+01
1.086592e+03 1.512310e+03 3.642149e+00 2.715729e-04 1.420348e+10 2.098863e+01
1.091609e+03 1.519356e+03 3.625277e+00 2.808486e-04 1.420348e+10 2.099267e+01
1.096648e+03 1.526435e+03 3.608485e+00 2.902069e-04 1.420348e+10 2.099671e+01
1.101711e+03 1.533547e+03 3.591771e+00 2.996474e-04 1.420348e+10 2.100074e+01
1.106798e+03 1.540691e+03 3.575135e+00 3.091697e-04 1.420348e+10 2.100478e+01
1.111907e+03 1.547869e+03 3.558576e+00 3.187732e-04 1.420348e+10 2.100881e+01
1.117041e+03 1.555080e+03 3.542096e+00 3.284577e-04 1.420348e+10 2.101285e+01
1.122198e+03 1.562324e+03 3.525692e+00 3.382226e-04 1.420348e+10 2.101689e+01
1.127379e+03 1.569602e+03 3.509365e+00 3.480675e-04 1.420348e+10 2.102092e+01
1.132583e+03 1.576913e+03 3.493114e+00 3.579921e-04 1.420348e+10 2.102496e+01
1.137812e+03 1.584258e+03 3.476938e+00 3.679958e-04 1.420348e+10 2.102899e+01
1.143065e+03 1.591637e+03 3.460839e+00 3.780782e-04 1.420348e+10 2.103303e+01
1.148342e+03 1.599050e+03 3.444815e+00 3.882389e-04 1.420348e+10 2.103706e+01
1.153644e+03 1.606498e+03 3.428865e+00 3.984776e-04 1.420348e+10 2.104110e+01
1.158970e+03 1.613979e+03 3.412990e+00 4.087936e-04 1.420348e+10 2.104513e+01
1.164321e+03 1.621496e+03 3.397189e+00 4.191867e-04 1.420348e+10 2.104917e+01
1.169696e+03 1.629047e+03 3.381462e+00 4.296563e-04 1.420348e+10 2.105320e+01
1.175096e+03 1.636633e+03 3.365808e+00 4.402021e-04 1.420348e+10 2.105723e+01
1.180521e+03 1.644254e+03 3.350228e+00 4.508237e-04 1.420348e+10 2.106127e+01
1.185971e+03 1.651910e+03 3.334720e+00 4.615205e-04 1.420348e+10 2.106530e+01
1.191447e+03 1.659602e+03 3.319284e+00 4.722923e-04 1.420348e+10 2.106934e+01
1.196947e+03 1.667329e+03 3.303920e+00 4.831384e-04 1.420348e+10 2.107337e+01
1.202473e+03 1.675092e+03 3.288628e+00 4.940586e-04 1.420348e+10 2.107740e+01
1.208025e+03 1.682891e+03 3.273408e+00 5.050524e-04 1.420348e+10 2.108144e+01
1.213602e+03 1.690726e+03 3.258258e+00 5.161194e-04 1.420348e+10 2.108547e+01
1.219205e+03 1.698597e+03 3.243179e+00 5.272591e-04 1.420348e+10 2.108950e+01
1.224833e+03 1.706505e+03 3.228171e+00 5.384712e-04 1.420348e+10 2.109353e+01
1.230488e+03 1.714449e+03 3.213232e+00 5.497551e-04 1.420348e+10 2.109757e+01
1.236169e+03 1.722430e+03 3.198363e+00 5.611105e-04 1.420348e+10 2.110160e+01
1.241876e+03 1.730447e+03 3.183564e+00 5.725369e-04 1.420348e+10 2.110563e+01
1.247609e+03 1.738502e+03 3.168833e+00 5.840340e-04 1.420348e+10 2.110966e+01
1.253369e+03 1.746594e+03 3.154171e+00 5.956012e-04 1.420348e+10 2.111370e+01
1.259156e+03 1.754724e+03 3.139578e+00 6.072383e-04 1.420348e+10 2.111773e+01
1.264969e+03 1.762891e+03 3.125052e+00 6.189447e-04 1.420348e+10 2.112176e+01
1.270809e+03 1.771095e+03 3.110595e+00 6.307200e-04 1.420348e+10 2.112579e+01
1.276676e+03 1.779338e+03 3.096204e+00 6.425638e-04 1.420348e+10 2.112982e+01
1.282570e+03 1.787619e+03 3.081881e+00 6.544757e-04 1.420348e+10 2.113386e+01
1.288491e+03 1.795938e+03 3.067624e+00 6.664553e-04 1.420348e+10 2.113789e+01
1.294440e+03 1.804295e+03 3.053434e+00 6.785021e-04 1.420348e+10 2.114192e+01
1.300416e+03 1.812692e+03 3.039310e+00 6.906157e-04 1.420348e+10 2.114595e+01
1.306419e+03 1.821126e+03 3.025252e+00 7.027957e-04 1.420348e+10 2.114998e+01
1.312451e+03 1.829600e+03 3.011259e+00 7.150417e-04 1.420348e+10 2.115401e+01
1.318510e+03 1.838114e+03 2.997332e+00 7.273532e-04 1.420348e+10 2.115804e+01
1.324597e+03 1.846666e+03 2.983469e+00 7.397299e-04 1.420348e+10 2.116207e+01
1.330712e+03 1.855258e+03 2.969671e+00 7.521713e-04 1.420348e+10 2.116610e+01
1.336856e+03 1.863890e+03 2.955937e+00 7.646769e-04 1.420348e+10 2.117013e+01
1.343028e+03 1.872561e+03 2.942267e+00 7.772465e-04 1.420348e+10 2.117416e+01
1.349228e+03 1.881273e+03 2.928661e+00 7.898795e-04 1.420348e+10 2.117819e+01
1.355457e+03 1.890025e+03 2.915118e+00 8.025755e-04 1.420348e+10 2.118222e+01
1.361715e+03 1.898818e+03 2.901638e+00 8.153341e-04 1.420348e+10 2.118625e+01
1.368002e+03 1.907651e+03 2.888221e+00 8.281550e-04 1.420348e+10 2.119028e+01
1.374317e+03 1.916525e+03 2.874866e+00 8.410376e-04 1.420348e+10 2.119431e+01
1.380662e+03 1.925440e+03 2.861574e+00 8.539816e-04 1.420348e+10 2.119834e+01
1.387036e+03 1.934396e+03 2.848343e+00 8.669865e-04 1.420348e+10 2.120237e+01
1.393440e+03 1.943394e+03 2.835174e+00 8.800519e-04 1.420348e+10 2.120640e+01
1.399873e+03 1.952433e+03 2.822067e+00 8.931774e-04 1.420348e+10 2.121043e+01
1.406336e+03 1.961514e+03 2.809020e+00 9.063626e-04 1.420348e+10 2.121446e+01
1.412828e+03 1.970637e+03 2.796034e+00 9.196071e-04 1.420348e+10 2.121849e+01
1.419351e+03 1.979802e+03 2.783108e+00 9.329104e-04 1.420348e+10 2.122252e+01
1.425904e+03 1.989009e+03 2.770243e+00 9.462722e-04 1.420348e+10 2.122655e+01
1.432487e+03 1.998259e+03 2.757437e+00 9.596919e-04 1.420348e+10 2.123058e+01
1.439100e+03 2.007552e+03 2.744691e+00 9.731693e-04 1.420348e+10 2.123461e+01
1.445744e+03 2.016888e+03 2.732004e+00 9.867038e-04 1.420348e+10 2.123863e+01
1.452419e+03 2.026267e+03 2.719377e+00 1.000295e-03 1.420348e+10 2.124266e+01
1.459124e+03 2.035690e+03 2.706808e+00 1.013943e-03 1.420348e+10 2.124669e+01
1.465860e+03 2.045155e+03 2.694297e+00 1.027646e-03 1.420348e+10 2.125072e+01
1.472628e+03 2.054665e+03 2.681845e+00 1.041405e-03 1.420348e+10 2.125475e+01
1.479427e+03 2.064219e+03 2.669450e+00 1.055220e-03 1.420348e+10 2.125877e+01
1.486257e+03 2.073817e+03 2.657113e+00 1.069089e-03 1.420348e+10 2.126280e+01
1.493118e+03 2.083459e+03 2.644834e+00 1.083012e-03 1.420348e+10 2.126683e+01
1.500012e+03 2.093146e+03 2.632612e+00 1.096989e-03 1.420348e+10 2.127086e+01
1.506937e+03 2.102877e+03 2.620446e+00 1.111019e-03 1.420348e+10 2.127488e+01
1.513894e+03 2.112654e+03 2.608337e+00 1.125103e-03 1.420348e+10 2.127891e+01
1.520883e+03 2.122475e+03 2.596284e+00 1.139239e-03 1.420348e+10 2.128294e+01
1.527905e+03 2.132343e+03 2.584288e+00 1.153427e-03 1.420348e+10 2.128697e+01
1.534958e+03 2.142255e+03 2.572347e+00 1.167667e-03 1.420348e+10 2.129099e+01
1.542045e+03 2.152214e+03 2.560461e+00 1.181958e-03 1.420348e+10 2.129502e+01
1.549164e+03 2.162219e+03 2.548631e+00 1.196301e-03 1.420348e+10 2.129905e+01
1.556316e+03 2.172270e+03 2.536856e+00 1.210694e-03 1.420348e+10 2.130307e+01
1.563501e+03 2.182367e+03 2.525135e+00 1.225137e-03 1.420348e+10 2.130710e+01
1.570719e+03 2.192511e+03 2.513469e+00 1.239629e-03 1.420348e+10 2.131113e+01
1.577971e+03 2.202702e+03 2.501857e+00 1.254171e-03 1.420348e+10 2.131515e+01
1.585256e+03 2.212940e+03 2.490299e+00 1.268762e-03 1.420348e+10 2.131918e+01
1.592575e+03 2.223226e+03 2.478795e+00 1.283402e-03 1.420348e+10 2.132321e+01
1.599927e+03 2.233559e+03 2.467344e+00 1.298089e-03 1.420348e+10 2.132723e+01
1.607314e+03 2.243940e+03 2.455946e+00 1.312824e-03 1.420348e+10 2.133126e+01
1.614734e+03 2.254368e+03 2.444602e+00 1.327606e-03 1.420348e+10 2.133528e+01
1.622189e+03 2.264845e+03 2.433310e+00 1.342436e-03 1.420348e+10 2.133931e+01
1.629678e+03 2.275371e+03 2.422070e+00 1.357311e-03 1.420348e+10 2.134334e+01
1.637202e+03 2.285945e+03 2.410883e+00 1.372233e-03 1.420348e+10 2.134736e+01
1.644760e+03 2.296568e+03 2.399747e+00 1.387200e-03 1.420348e+10 2.135139e+01
1.652354e+03 2.307240e+03 2.388664e+00 1.402212e-03 1.420348e+10 2.135541e+01
1.659982e+03 2.317962e+03 2.377631e+00 1.417269e-03 1.420348e+10 2.135944e+01
1.667646e+03 2.328733e+03 2.366650e+00 1.432370e-03 1.420348e+10 2.136346e+01
1.675345e+03 2.339554e+03 2.355720e+00 1.447516e-03 1.420348e+10 2.136749e+01
1.683079e+03 2.350424e+03 2.344841e+00 1.462704e-03 1.420348e+10 2.137151e+01
1.690850e+03 2.361346e+03 2.334012e+00 1.477936e-03 1.420348e+10 2.137554e+01
1.698656e+03 2.372317e+03 2.323234e+00 1.493211e-03 1.420348e+10 2.137956e+01
1.706498e+03 2.383340e+03 2.312505e+00 1.508528e-03 1.420348e+10 2.138359e+01
1.714377e+03 2.394413e+03 2.301826e+00 1.523886e-03 1.420348e+10 2.138761e+01
1.722291e+03 2.405538e+03 2.291197e+00 1.539287e-03 1.420348e+10 2.139164e+01
1.730243e+03 2.416714e+03 2.280617e+00 1.554728e-03 1.420348e+10 2.139566e+01
1.738231e+03 2.427941e+03 2.270086e+00 1.570210e-03 1.420348e+10 2.139969e+01
1.746256e+03 2.439221e+03 2.259604e+00 1.585732e-03 1.420348e+10 2.140371e+01
1.754318e+03 2.450553e+03 2.249171e+00 1.601294e-03 1.420348e+10 2.140774e+01
1.762417e+03 2.461937e+03 2.238786e+00 1.616895e-03 1.420348e+10 2.141176e+01
1.770553e+03 2.473374e+03 2.228450e+00 1.632535e-03 1.420348e+10 2.141578e+01
1.778727e+03 2.484863e+03 2.218161e+00 1.648214e-03 1.420348e+10 2.141981e+01
1.786939e+03 2.496406e+03 2.207920e+00 1.663931e-03 1.420348e+10 2.142383e+01
1.795189e+03 2.508002e+03 2.197726e+00 1.679686e-03 1.420348e+10 2.142786e+01
1.803477e+03 2.519652e+03 2.187580e+00 1.695478e-03 1.420348e+10 2.143188e+01
1.811803e+03 2.531356e+03 2.177481e+00 1.711308e-03 1.420348e+10 2.143590e+01
1.820168e+03 2.543114e+03 2.167429e+00 1.727173e-03 1.420348e+10 2.143993e+01
1.828571e+03 2.554926e+03 2.157423e+00 1.743075e-03 1.420348e+10 2.144395e+01
1.837013e+03 2.566793e+03 2.147463e+00 1.759013e-03 1.420348e+10 2.144797e+01
1.845494e+03 2.578714e+03 2.137550e+00 1.774985e-03 1.420348e+10 2.145200e+01
1.854014e+03 2.590691e+03 2.127683e+00 1.790993e-03 1.420348e+10 2.145602e+01
1.862573e+03 2.602723e+03 2.117862e+00 1.807035e-03 1.420348e+10 2.146004e+01
1.871172e+03 2.614811e+03 2.108086e+00 1.823111e-03 1.420348e+10 2.146407e+01
1.879811e+03 2.626955e+03 2.098355e+00 1.839221e-03 1.420348e+10 2.146809e+01
1.888490e+03 2.639155e+03 2.088670e+00 1.855364e-03 1.420348e+10 2.147211e+01
1.897208e+03 2.651411e+03 2.079029e+00 1.871540e-03 1.420348e+10 2.147614e+01
1.905967e+03 2.663724e+03 2.069433e+00 1.887749e-03 1.420348e+10 2.148016e+01
1.914766e+03 2.676094e+03 2.059882e+00 1.903989e-03 1.420348e+10 2.148418e+01
1.923606e+03 2.688521e+03 2.050375e+00 1.920261e-03 1.420348e+10 2.148821e+01
1.932487e+03 2.701006e+03 2.040912e+00 1.936565e-03 1.420348e+10 2.149223e+01
1.941409e+03 2.713548e+03 2.031492e+00 1.952899e-03 1.420348e+10 2.149625e+01
1.950372e+03 2.726148e+03 2.022117e+00 1.969263e-03 1.420348e+10 2.150027e+01
1.959376e+03 2.738807e+03 2.012785e+00 1.985657e-03 1.420348e+10 2.150429e+01
1.968422e+03 2.751524e+03 2.003496e+00 2.002081e-03 1.420348e+10 2.150832e+01
1.977510e+03 2.764300e+03 1.994250e+00 2.018535e-03 1.420348e+10 2.151234e+01
1.986639e+03 2.777135e+03 1.985047e+00 2.035016e-03 1.420348e+10 2.151636e+01
1.995811e+03 2.790029e+03 1.975887e+00 2.051527e-03 1.420348e+10 2.152038e+01
2.005025e+03 2.802983e+03 1.966769e+00 2.068065e-03 1.420348e+10 2.152441e+01
2.014282e+03 2.815997e+03 1.957693e+00 2.084630e-03 1.420348e+10 2.152843e+01
2.023581e+03 2.829071e+03 1.948659e+00 2.101223e-03 1.420348e+10 2.153245e+01
2.032923e+03 2.842205e+03 1.939668e+00 2.117843e-03 1.420348e+10 2.153647e+01
2.042309e+03 2.855401e+03 1.930717e+00 2.134489e-03 1.420348e+10 2.154049e+01
2.051738e+03 2.868657e+03 1.921809e+00 2.151160e-03 1.420348e+10 2.154451e+01
2.061210e+03 2.881975e+03 1.912941e+00 2.167857e-03 1.420348e+10 2.154854e+01
2.070726e+03 2.895354e+03 1.904115e+00 2.184580e-03 1.420348e+10 2.155256e+01
2.080286e+03 2.908795e+03 1.895329e+00 2.201327e-03 1.420348e+10 2.155658e+01
2.089890e+03 2.922298e+03 1.886585e+00 2.218098e-03 1.420348e+10 2.156060e+01
2.099538e+03 2.935864e+03 1.877880e+00 2.234893e-03 1.420348e+10 2.156462e+01
2.109231e+03 2.949492e+03 1.869216e+00 2.251711e-03 1.420348e+10 2.156864e+01
2.118969e+03 2.963183e+03 1.860593e+00 2.268552e-03 1.420348e+10 2.157266e+01
2.128752e+03 2.976938e+03 1.852009e+00 2.285417e-03 1.420348e+10 2.157668e+01
2.138580e+03 2.990756e+03 1.843464e+00 2.302303e-03 1.420348e+10 2.158071e+01
2.148453e+03 3.004639e+03 1.834960e+00 2.319211e-03 1.420348e+10 2.158473e+01
2.158372e+03 3.018585e+03 1.826494e+00 2.336140e-03 1.420348e+10 2.158875e+01
2.168336e+03 3.032596e+03 1.818068e+00 2.353091e-03 1.420348e+10 2.159277e+01
2.178347e+03 3.046672e+03 1.809681e+00 2.370062e-03 1.420348e+10 2.159679e+01
2.188404e+03 3.060812e+03 1.801333e+00 2.387053e-03 1.420348e+10 2.160081e+01
2.198507e+03 3.075019e+03 1.793023e+00 2.404064e-03 1.420348e+10 2.160483e+01
2.208657e+03 3.089290e+03 1.784752e+00 2.421094e-03 1.420348e+10 2.160885e+01
2.218853e+03 3.103628e+03 1.776519e+00 2.438143e-03 1.420348e+10 2.161287e+01
2.229097e+03 3.118033e+03 1.768324e+00 2.455209e-03 1.420348e+10 2.161689e+01
2.239388e+03 3.132505e+03 1.760165e+00 2.472290e-03 1.420348e+10 2.162091e+01
2.249727e+03 3.147044e+03 1.752043e+00 2.489387e-03 1.420348e+10 2.162493e+01
2.260113e+03 3.161651e+03 1.743959e+00 2.506499e-03 1.420348e+10 2.162896e+01
2.270548e+03 3.176325e+03 1.735911e+00 2.523627e-03 1.420348e+10 2.163298e+01
2.281030e+03 3.191067e+03 1.727901e+00 2.540770e-03 1.420348e+10 2.163700e+01
2.291561e+03 3.205878e+03 1.719927e+00 2.557929e-03 1.420348e+10 2.164102e+01
2.302140e+03 3.220757e+03 1.711991e+00 2.575104e-03 1.420348e+10 2.164504e+01
2.312769e+03 3.235705e+03 1.704091e+00 2.592294e-03 1.420348e+10 2.164907e+01
2.323446e+03 3.250722e+03 1.696228e+00 2.609500e-03 1.420348e+10 2.165309e+01
2.334173e+03 3.265808e+03 1.688402e+00 2.626720e-03 1.420348e+10 2.165711e+01
2.344949e+03 3.280963e+03 1.680613e+00 2.643957e-03 1.420348e+10 2.166113e+01
2.355775e+03 3.296188e+03 1.672860e+00 2.661209e-03 1.420348e+10 2.166515e+01
2.366651e+03 3.311483e+03 1.665144e+00 2.678476e-03 1.420348e+10 2.166917e+01
2.377577e+03 3.326848e+03 1.657465e+00 2.695758e-03 1.420348e+10 2.167319e+01
2.388554e+03 3.342284e+03 1.649821e+00 2.713056e-03 1.420348e+10 2.167721e+01
2.399581e+03 3.357790e+03 1.642214e+00 2.730368e-03 1.420348e+10 2.168123e+01
2.410659e+03 3.373368e+03 1.634644e+00 2.747696e-03 1.420348e+10 2.168524e+01
2.421789e+03 3.389017e+03 1.627109e+00 2.765039e-03 1.420348e+10 2.168926e+01
2.432969e+03 3.404737e+03 1.619610e+00 2.782397e-03 1.420348e+10 2.169328e+01
2.444202e+03 3.420530e+03 1.612147e+00 2.799769e-03 1.420348e+10 2.169729e+01
2.455486e+03 3.436394e+03 1.604720e+00 2.817156e-03 1.420348e+10 2.170131e+01
2.466822e+03 3.452332e+03 1.597328e+00 2.834557e-03 1.420348e+10 2.170532e+01
2.478211e+03 3.468342e+03 1.589972e+00 2.851973e-03 1.420348e+10 2.170934e+01
2.489652e+03 3.484425e+03 1.582651e+00 2.869403e-03 1.420348e+10 2.171335e+01
2.501146e+03 3.500582e+03 1.575365e+00 -1.144393e-03 1.420348e+10 2.171736e+01
2.512693e+03 3.516812e+03 1.568113e+00 -1.160566e-03 1.420348e+10 2.172138e+01
2.524293e+03 3.533117e+03 1.560897e+00 -1.176943e-03 1.420348e+10 2.172539e+01
2.535947e+03 3.549497e+03 1.553715e+00 -1.193520e-03 1.420348e+10 2.172941e+01
2.547655e+03 3.565951e+03 1.546567e+00 -1.210297e-03 1.420348e+10 2.173343e+01
2.559417e+03 3.582481e+03 1.539454e+00 -1.227272e-03 1.420348e+10 2.173744e+01
2.571233e+03 3.599086e+03 1.532374e+00 -1.244447e-03 1.420348e+10 2.174146e+01
2.583104e+03 3.615767e+03 1.525328e+00 -1.261821e-03 1.420348e+10 2.174547e+01
2.595029e+03 3.632525e+03 1.518316e+00 -1.279395e-03 1.420348e+10 2.174948e+01
2.607010e+03 3.649359e+03 1.511337e+00 -1.297170e-03 1.420348e+10 2.175350e+01
2.619045e+03 3.666271e+03 1.504392e+00 -1.315146e-03 1.420348e+10 2.175751e+01
2.631137e+03 3.683260e+03 1.497479e+00 -1.333322e-03 1.420348e+10 2.176152e+01
2.643284e+03 3.700328e+03 1.490599e+00 -1.351701e-03 1.420348e+10 2.176553e+01
2.655487e+03 3.717473e+03 1.483751e+00 -1.370280e-03 1.420348e+10 2.176954e+01
2.667747e+03 3.734698e+03 1.476936e+00 -1.389062e-03 1.420348e+10 2.177356e+01
2.680063e+03 3.752002e+03 1.470152e+00 -1.408053e-03 1.420348e+10 2.177757e+01
2.692436e+03 3.769385e+03 1.463401e+00 -1.427264e-03 1.420348e+10 2.178158e+01
2.704866e+03 3.786849e+03 1.456681e+00 -1.446709e-03 1.420348e+10 2.178559e+01
2.717354e+03 3.804393e+03 1.449992e+00 -1.466400e-03 1.420348e+10 2.178960e+01
2.729899e+03 3.822019e+03 1.443335e+00 -1.486351e-03 1.420348e+10 2.179361e+01
2.742502e+03 3.839726e+03 1.436708e+00 -1.506566e-03 1.420348e+10 2.179762e+01
2.755164e+03 3.857515e+03 1.430112e+00 -1.527039e-03 1.420348e+10 2.180163e+01
2.767884e+03 3.875387e+03 1.423546e+00 -1.547762e-03 1.420348e+10 2.180564e+01
2.780662e+03 3.893342e+03 1.417010e+00 -1.568726e-03 1.420348e+10 2.180965e+01
2.793500e+03 3.911381e+03 1.410504e+00 -1.589924e-03 1.420348e+10 2.181366e+01
2.806396e+03 3.929503e+03 1.404028e+00 -1.611351e-03 1.420348e+10 2.181767e+01
2.819353e+03 3.947709e+03 1.397582e+00 -1.633012e-03 1.420348e+10 2.182168e+01
2.832369e+03 3.965999e+03 1.391166e+00 -1.654908e-03 1.420348e+10 2.182569e+01
2.845445e+03 3.984374e+03 1.384780e+00 -1.677046e-03 1.420348e+10 2.182970e+01
2.858582e+03 4.002833e+03 1.378423e+00 -1.699427e-03 1.420348e+10 2.183371e+01
2.871779e+03 4.021378e+03 1.372097e+00 -1.722057e-03 1.420348e+10 2.183772e+01
2.885037e+03 4.040009e+03 1.365799e+00 -1.744942e-03 1.420348e+10 2.184173e+01
2.898357e+03 4.058725e+03 1.359531e+00 -1.768090e-03 1.420348e+10 2.184574e+01
2.911738e+03 4.077528e+03 1.353292e+00 -1.791507e-03 1.420348e+10 2.184975e+01
2.925180e+03 4.096418e+03 1.347082e+00 -1.815201e-03 1.420348e+10 2.185376e+01
2.938685e+03 4.115396e+03 1.340901e+00 -1.839177e-03 1.420348e+10 2.185777e+01
2.952252e+03 4.134461e+03 1.334749e+00 -1.863433e-03 1.420348e+10 2.186178e+01
2.965882e+03 4.153614e+03 1.328625e+00 -1.887968e-03 1.420348e+10 2.186579e+01
2.979574e+03 4.172856e+03 1.322530e+00 -1.912779e-03 1.420348e+10 2.186980e+01
2.993330e+03 4.192187e+03 1.316463e+00 -1.937862e-03 1.420348e+10 2.187381e+01
3.007150e+03 4.211607e+03 1.310424e+00 -1.963217e-03 1.420348e+10 2.187781e+01
3.021033e+03 4.231117e+03 1.304413e+00 -1.988845e-03 1.420348e+10 2.188182e+01
3.034980e+03 4.250717e+03 1.298431e+00 -2.014749e-03 1.420348e+10 2.188583e+01
3.048992e+03 4.270407e+03 1.292476e+00 -2.040933e-03 1.420348e+10 2.188984e+01
3.063068e+03 4.290189e+03 1.286549e+00 -2.067400e-03 1.420348e+10 2.189385e+01
3.077209e+03 4.310062e+03 1.280649e+00 -2.094153e-03 1.420348e+10 2.189786e+01
3.091416e+03 4.330027e+03 1.274777e+00 -2.121196e-03 1.420348e+10 2.190187e+01
3.105688e+03 4.350084e+03 1.268932e+00 -2.148534e-03 1.420348e+10 2.190588e+01
3.120026e+03 4.370234e+03 1.263115e+00 -2.176171e-03 1.420348e+10 2.190988e+01
3.134430e+03 4.390477e+03 1.257324e+00 -2.204112e-03 1.420348e+10 2.191389e+01
3.148901e+03 4.410814e+03 1.251560e+00 -2.232360e-03 1.420348e+10 2.191790e+01
3.163439e+03 4.431245e+03 1.245824e+00 -2.260924e-03 1.420348e+10 2.192191e+01
3.178043e+03 4.451770e+03 1.240113e+00 -2.289811e-03 1.420348e+10 2.192592e+01
3.192716e+03 4.472390e+03 1.234430e+00 -2.319029e-03 1.420348e+10 2.192992e+01
3.207455e+03 4.493105e+03 1.228773e+00 -2.348586e-03 1.420348e+10 2.193393e+01
3.222263e+03 4.513917e+03 1.223142e+00 -2.378491e-03 1.420348e+10 2.193794e+01
3.237140e+03 4.534824e+03 1.217537e+00 -2.408742e-03 1.420348e+10 2.194195e+01
3.252085e+03 4.555828e+03 1.211959e+00 -2.439331e-03 1.420348e+10 2.194596e+01
3.267098e+03 4.576929e+03 1.206406e+00 -2.470253e-03 1.420348e+10 2.194996e+01
3.282182e+03 4.598128e+03 1.200879e+00 -2.501498e-03 1.420348e+10 2.195397e+01
3.297335e+03 4.619425e+03 1.195378e+00 -2.533060e-03 1.420348e+10 2.195798e+01
3.312558e+03 4.640820e+03 1.189903e+00 -2.564938e-03 1.420348e+10 2.196199e+01
3.327851e+03 4.662314e+03 1.184453e+00 -2.597139e-03 1.420348e+10 2.196599e+01
3.343214e+03 4.683908e+03 1.179028e+00 -2.629671e-03 1.420348e+10 2.197000e+01
3.358649e+03 4.705601e+03 1.173629e+00 -2.662541e-03 1.420348e+10 2.197401e+01
3.374155e+03 4.727395e+03 1.168255e+00 -2.695755e-03 1.420348e+10 2.197801e+01
3.389733e+03 4.749289e+03 1.162905e+00 -2.729322e-03 1.420348e+10 2.198202e+01
3.405382e+03 4.771285e+03 1.157581e+00 -2.763248e-03 1.420348e+10 2.198603e+01
3.421104e+03 4.793383e+03 1.152282e+00 -2.797543e-03 1.420348e+10 2.199003e+01
3.436898e+03 4.815582e+03 1.147007e+00 -2.832214e-03 1.420348e+10 2.199404e+01
3.452765e+03 4.837885e+03 1.141756e+00 -2.867268e-03 1.420348e+10 2.199805e+01
3.468705e+03 4.860290e+03 1.136531e+00 -2.902708e-03 1.420348e+10 2.200205e+01
3.484720e+03 4.882799e+03 1.131329e+00 -2.938526e-03 1.420348e+10 2.200606e+01
3.500807e+03 4.905412e+03 1.126152e+00 -2.974713e-03 1.420348e+10 2.201006e+01
3.516970e+03 4.928130e+03 1.120999e+00 -3.011259e-03 1.420348e+10 2.201407e+01
3.533207e+03 4.950953e+03 1.115869e+00 -3.048156e-03 1.420348e+10 2.201808e+01
3.549518e+03 4.973881e+03 1.110764e+00 -3.085404e-03 1.420348e+10 2.202208e+01
3.565906e+03 4.996915e+03 1.105682e+00 -3.123027e-03 1.420348e+10 2.202609e+01
3.582368e+03 5.020056e+03 1.100625e+00 -3.161054e-03 1.420348e+10 2.203009e+01
3.598907e+03 5.043304e+03 1.095590e+00 -3.199515e-03 1.420348e+10 2.203410e+01
3.615522e+03 5.066660e+03 1.090579e+00 -3.238435e-03 1.420348e+10 2.203810e+01
3.632214e+03 5.090123e+03 1.085592e+00 -3.277834e-03 1.420348e+10 2.204211e+01
3.648983e+03 5.113695e+03 1.080627e+00 -3.317688e-03 1.420348e+10 2.204611e+01
3.665829e+03 5.137376e+03 1.075686e+00 -3.357966e-03 1.420348e+10 2.205012e+01
3.682753e+03 5.161167e+03 1.070768e+00 -3.398636e-03 1.420348e+10 2.205412e+01
3.699756e+03 5.185067e+03 1.065873e+00 -3.439668e-03 1.420348e+10 2.205813e+01
3.716836e+03 5.209078e+03 1.061000e+00 -3.481039e-03 1.420348e+10 2.206213e+01
3.733996e+03 5.233201e+03 1.056151e+00 -3.522774e-03 1.420348e+10 2.206614e+01
3.751235e+03 5.257434e+03 1.051323e+00 -3.564911e-03 1.420348e+10 2.207014e+01
3.768553e+03 5.281780e+03 1.046519e+00 -3.607491e-03 1.420348e+10 2.207415e+01
3.785951e+03 5.306239e+03 1.041736e+00 -3.650550e-03 1.420348e+10 2.207815e+01
3.803430e+03 5.330811e+03 1.036976e+00 -3.694122e-03 1.420348e+10 2.208215e+01
3.820989e+03 5.355496e+03 1.032238e+00 -3.738202e-03 1.420348e+10 2.208616e+01
3.838630e+03 5.380295e+03 1.027523e+00 -3.782768e-03 1.420348e+10 2.209016e+01
3.856352e+03 5.405210e+03 1.022829e+00 -3.827799e-03 1.420348e+10 2.209417e+01
3.874155e+03 5.430239e+03 1.018157e+00 -3.873273e-03 1.420348e+10 2.209817e+01
3.892041e+03 5.455385e+03 1.013507e+00 -3.919172e-03 1.420348e+10 2.210217e+01
3.910010e+03 5.480646e+03 1.008878e+00 -3.965500e-03 1.420348e+10 2.210618e+01
3.928061e+03 5.506025e+03 1.004271e+00 -4.012275e-03 1.420348e+10 2.211018e+01
3.946196e+03 5.531521e+03 9.996858e-01 -4.059516e-03 1.420348e+10 2.211418e+01
3.964414e+03 5.557135e+03 9.951217e-01 -4.107240e-03 1.420348e+10 2.211819e+01
3.982717e+03 5.582867e+03 9.905789e-01 -4.155465e-03 1.420348e+10 2.212219e+01
4.001104e+03 5.608719e+03 9.860573e-01 -4.204194e-03 1.420348e+10 2.212619e+01
4.019576e+03 5.634690e+03 9.815567e-01 -4.253420e-03 1.420348e+10 2.213020e+01
4.038133e+03 5.660781e+03 9.770772e-01 -4.303134e-03 1.420348e+10 2.213420e+01
4.056776e+03 5.686993e+03 9.726185e-01 -4.353330e-03 1.420348e+10 2.213820e+01
4.075505e+03 5.713327e+03 9.681806e-01 -4.403999e-03 1.420348e+10 2.214221e+01
4.094320e+03 5.739782e+03 9.637635e-01 -4.455145e-03 1.420348e+10 2.214621e+01
4.113223e+03 5.766359e+03 9.593669e-01 -4.506780e-03 1.420348e+10 2.215021e+01
4.132212e+03 5.793060e+03 9.549908e-01 -4.558916e-03 1.420348e+10 2.215421e+01
4.151290e+03 5.819884e+03 9.506352e-01 -4.611568e-03 1.420348e+10 2.215821e+01
4.170455e+03 5.846832e+03 9.462998e-01 -4.664747e-03 1.420348e+10 2.216222e+01
4.189709e+03 5.873905e+03 9.419847e-01 -4.718467e-03 1.420348e+10 2.216622e+01
4.209051e+03 5.901104e+03 9.376898e-01 -4.772742e-03 1.420348e+10 2.217022e+01
4.228483e+03 5.928428e+03 9.334148e-01 -4.827586e-03 1.420348e+10 2.217422e+01
4.248005e+03 5.955879e+03 9.291599e-01 -4.883013e-03 1.420348e+10 2.217822e+01
4.267617e+03 5.983456e+03 9.249247e-01 -4.939037e-03 1.420348e+10 2.218223e+01
4.287319e+03 6.011162e+03 9.207094e-01 -4.995659e-03 1.420348e+10 2.218623e+01
4.307113e+03 6.038995e+03 9.165137e-01 -5.052856e-03 1.420348e+10 2.219023e+01
4.326997e+03 6.066958e+03 9.123376e-01 -5.110603e-03 1.420348e+10 2.219423e+01
4.346974e+03 6.095050e+03 9.081811e-01 -5.168876e-03 1.420348e+10 2.219823e+01
4.367043e+03 6.123271e+03 9.040439e-01 -5.227649e-03 1.420348e+10 2.220223e+01
4.387204e+03 6.151624e+03 8.999260e-01 -5.286916e-03 1.420348e+10 2.220623e+01
4.407459e+03 6.180108e+03 8.958274e-01 -5.346712e-03 1.420348e+10 2.221023e+01
4.427807e+03 6.208723e+03 8.917479e-01 -5.407080e-03 1.420348e+10 2.221423e+01
4.448248e+03 6.237471e+03 8.876875e-01 -5.468062e-03 1.420348e+10 2.221823e+01
4.468785e+03 6.266353e+03 8.836461e-01 -5.529702e-03 1.420348e+10 2.222223e+01
4.489416e+03 6.295368e+03 8.796235e-01 -5.592027e-03 1.420348e+10 2.222623e+01
4.510142e+03 6.324517e+03 8.756197e-01 -5.655018e-03 1.420348e+10 2.223023e+01
4.530964e+03 6.353801e+03 8.716347e-01 -5.718646e-03 1.420348e+10 2.223423e+01
4.551882e+03 6.383221e+03 8.676682e-01 -5.782881e-03 1.420348e+10 2.223823e+01
4.572897e+03 6.412777e+03 8.637204e-01 -5.847695e-03 1.420348e+10 2.224223e+01
4.594009e+03 6.442470e+03 8.597909e-01 -5.913066e-03 1.420348e+10 2.224623e+01
4.615218e+03 6.472300e+03 8.558798e-01 -5.979016e-03 1.420348e+10 2.225023e+01
4.636525e+03 6.502269e+03 8.519870e-01 -6.045575e-03 1.420348e+10 2.225423e+01
4.657931e+03 6.532376e+03 8.481124e-01 -6.112775e-03 1.420348e+10 2.225823e+01
4.679435e+03 6.562623e+03 8.442560e-01 -6.180647e-03 1.420348e+10 2.226223e+01
4.701039e+03 6.593009e+03 8.404175e-01 -6.249220e-03 1.420348e+10 2.226623e+01
4.722742e+03 6.623537e+03 8.365970e-01 -6.318492e-03 1.420348e+10 2.227023e+01
4.744546e+03 6.654206e+03 8.327943e-01 -6.388455e-03 1.420348e+10 2.227423e+01
4.766450e+03 6.685017e+03 8.290095e-01 -6.459097e-03 1.420348e+10 2.227822e+01
4.788455e+03 6.715970e+03 8.252423e-01 -6.530408e-03 1.420348e+10 2.228222e+01
4.810562e+03 6.747068e+03 8.214928e-01 -6.602379e-03 1.420348e+10 2.228622e+01
4.832771e+03 6.778309e+03 8.177608e-01 -6.675014e-03 1.420348e+10 2.229022e+01
4.855083e+03 6.809694e+03 8.140462e-01 -6.748324e-03 1.420348e+10 2.229422e+01
4.877497e+03 6.841226e+03 8.103490e-01 -6.822320e-03 1.420348e+10 2.229822e+01
4.900015e+03 6.872903e+03 8.066692e-01 -6.897011e-03 1.420348e+10 2.230221e+01
4.922637e+03 6.904727e+03 8.030065e-01 -6.972410e-03 1.420348e+10 2.230621e+01
4.945364e+03 6.936698e+03 7.993610e-01 -7.048527e-03 1.420348e+10 2.231021e+01
4.968195e+03 6.968818e+03 7.957325e-01 -7.125372e-03 1.420348e+10 2.231421e+01
4.991132e+03 7.001086e+03 7.921210e-01 -7.202956e-03 1.420348e+10 2.231820e+01
5.014174e+03 7.033504e+03 7.885264e-01 -7.281289e-03 1.420348e+10 2.232220e+01
5.037323e+03 7.066072e+03 7.849487e-01 -7.360381e-03 1.420348e+10 2.232620e+01
5.060579e+03 7.098791e+03 7.813877e-01 -7.440234e-03 1.420348e+10 2.233019e+01
5.083943e+03 7.131662e+03 7.778433e-01 -7.520838e-03 1.420348e+10 2.233419e+01
5.107414e+03 7.164685e+03 7.743156e-01 -7.602185e-03 1.420348e+10 2.233819e+01
5.130993e+03 7.197861e+03 7.708043e-01 -7.684265e-03 1.420348e+10 2.234218e+01
5.154681e+03 7.231190e+03 7.673095e-01 -7.767071e-03 1.420348e+10 2.234618e+01
5.178479e+03 7.264675e+03 7.638311e-01 -7.850608e-03 1.420348e+10 2.235018e+01
5.202387e+03 7.298314e+03 7.603690e-01 -7.934901e-03 1.420348e+10 2.235417e+01
5.226405e+03 7.332109e+03 7.569231e-01 -8.019974e-03 1.420348e+10 2.235817e+01
5.250534e+03 7.366061e+03 7.534933e-01 -8.105855e-03 1.420348e+10 2.236216e+01
5.274774e+03 7.400170e+03 7.500796e-01 -8.192567e-03 1.420348e+10 2.236616e+01
5.299126e+03 7.434438e+03 7.466819e-01 -8.280126e-03 1.420348e+10 2.237015e+01
5.323590e+03 7.468864e+03 7.433001e-01 -8.368526e-03 1.420348e+10 2.237415e+01
5.348168e+03 7.503450e+03 7.399342e-01 -8.457762e-03 1.420348e+10 2.237815e+01
5.372859e+03 7.538196e+03 7.365841e-01 -8.547825e-03 1.420348e+10 2.238214e+01
5.397664e+03 7.573103e+03 7.332496e-01 -8.638709e-03 1.420348e+10 2.238614e+01
5.422583e+03 7.608172e+03 7.299308e-01 -8.730415e-03 1.420348e+10 2.239013e+01
5.447618e+03 7.643404e+03 7.266276e-01 -8.822956e-03 1.420348e+10 2.239412e+01
5.472768e+03 7.678799e+03 7.233398e-01 -8.916350e-03 1.420348e+10 2.239812e+01
5.498034e+03 7.714358e+03 7.200675e-01 -9.010614e-03 1.420348e+10 2.240211e+01
5.523417e+03 7.750082e+03 7.168105e-01 -9.105764e-03 1.420348e+10 2.240611e+01
5.548917e+03 7.785971e+03 7.135688e-01 -9.201814e-03 1.420348e+10 2.241010e+01
5.574535e+03 7.822027e+03 7.103423e-01 -9.298762e-03 1.420348e+10 2.241410e+01
5.600271e+03 7.858250e+03 7.071309e-01 -9.396607e-03 1.420348e+10 2.241809e+01
5.626126e+03 7.894642e+03 7.039346e-01 -9.495345e-03 1.420348e+10 2.242208e+01
5.652100e+03 7.931202e+03 7.007534e-01 -9.594972e-03 1.420348e+10 2.242608e+01
5.678194e+03 7.967931e+03 6.975870e-01 -9.695488e-03 1.420348e+10 2.243007e+01
5.704409e+03 8.004831e+03 6.944356e-01 -9.796902e-03 1.420348e+10 2.243406e+01
5.730744e+03 8.041902e+03 6.912989e-01 -9.899224e-03 1.420348e+10 2.243806e+01
5.757202e+03 8.079145e+03 6.881769e-01 -1.000246e-02 1.420348e+10 2.244205e+01
5.783781e+03 8.116561e+03 6.850696e-01 -1.010664e-02 1.420348e+10 2.244604e+01
5.810483e+03 8.154151e+03 6.819770e-01 -1.021175e-02 1.420348e+10 2.245003e+01
5.837308e+03 8.191914e+03 6.788988e-01 -1.031782e-02 1.420348e+10 2.245403e+01
5.864258e+03 8.229853e+03 6.758351e-01 -1.042486e-02 1.420348e+10 2.245802e+01
5.891331e+03 8.267968e+03 6.727858e-01 -1.053290e-02 1.420348e+10 2.246201e+01
5.918530e+03 8.306260e+03 6.697508e-01 -1.064194e-02 1.420348e+10 2.246600e+01
5.945854e+03 8.344730e+03 6.667301e-01 -1.075201e-02 1.420348e+10 2.246999e+01
5.973304e+03 8.383378e+03 6.637236e-01 -1.086309e-02 1.420348e+10 2.247398e+01
6.000881e+03 8.422205e+03 6.607312e-01 -1.097517e-02 1.420348e+10 2.247798e+01
6.028586e+03 8.461213e+03 6.577529e-01 -1.108822e-02 1.420348e+10 2.248197e+01
6.056418e+03 8.500401e+03 6.547886e-01 -1.120222e-02 1.420348e+10 2.248596e+01
6.084379e+03 8.539772e+03 6.518382e-01 -1.131715e-02 1.420348e+10 2.248995e+01
6.112469e+03 8.579325e+03 6.489017e-01 -1.143305e-02 1.420348e+10 2.249394e+01
6.140688e+03 8.619062e+03 6.459790e-01 -1.154995e-02 1.420348e+10 2.249793e+01
6.169038e+03 8.658983e+03 6.430700e-01 -1.166792e-02 1.420348e+10 2.250192e+01
6.197519e+03 8.699090e+03 6.401748e-01 -1.178701e-02 1.420348e+10 2.250591e+01
6.226131e+03 8.739382e+03 6.372931e-01 -1.190726e-02 1.420348e+10 2.250990e+01
6.254875e+03 8.779862e+03 6.344251e-01 -1.202868e-02 1.420348e+10 2.251389e+01
6.283752e+03 8.820530e+03 6.315705e-01 -1.215125e-02 1.420348e+10 2.251788e+01
6.312762e+03 8.861387e+03 6.287293e-01 -1.227493e-02 1.420348e+10 2.252187e+01
6.341907e+03 8.902433e+03 6.259016e-01 -1.239969e-02 1.420348e+10 2.252586e+01
6.371185e+03 8.943670e+03 6.230871e-01 -1.252549e-02 1.420348e+10 2.252985e+01
6.400599e+03 8.985098e+03 6.202859e-01 -1.265233e-02 1.420348e+10 2.253384e+01
6.430149e+03 9.026719e+03 6.174979e-01 -1.278022e-02 1.420348e+10 2.253783e+01
6.459835e+03 9.068533e+03 6.147230e-01 -1.290921e-02 1.420348e+10 2.254182e+01
6.489658e+03 9.110541e+03 6.119612e-01 -1.303931e-02 1.420348e+10 2.254580e+01
6.519619e+03 9.152745e+03 6.092124e-01 -1.317055e-02 1.420348e+10 2.254979e+01
6.549719e+03 9.195144e+03 6.064765e-01 -1.330294e-02 1.420348e+10 2.255378e+01
6.579957e+03 9.237741e+03 6.037536e-01 -1.343652e-02 1.420348e+10 2.255777e+01
6.610335e+03 9.280535e+03 6.010435e-01 -1.357129e-02 1.420348e+10 2.256176e+01
6.640853e+03 9.323528e+03 5.983461e-01 -1.370726e-02 1.420348e+10 2.256574e+01
6.671512e+03 9.366721e+03 5.956615e-01 -1.384446e-02 1.420348e+10 2.256973e+01
6.702312e+03 9.410114e+03 5.929895e-01 -1.398290e-02 1.420348e+10 2.257372e+01
6.733255e+03 9.453710e+03 5.903302e-01 -1.412257e-02 1.420348e+10 2.257771e+01
6.764340e+03 9.497507e+03 5.876834e-01 -1.426347e-02 1.420348e+10 2.258169e+01
6.795569e+03 9.541509e+03 5.850490e-01 -1.440560e-02 1.420348e+10 2.258568e+01
6.826942e+03 9.585714e+03 5.824271e-01 -1.454897e-02 1.420348e+10 2.258967e+01
6.858460e+03 9.630125e+03 5.798176e-01 -1.469357e-02 1.420348e+10 2.259365e+01
6.890124e+03 9.674743e+03 5.772204e-01 -1.483940e-02 1.420348e+10 2.259764e+01
6.921934e+03 9.719568e+03 5.746354e-01 -1.498648e-02 1.420348e+10 2.260162e+01
6.953890e+03 9.764601e+03 5.720627e-01 -1.513481e-02 1.420348e+10 2.260561e+01
6.985995e+03 9.809844e+03 5.695021e-01 -1.528439e-02 1.420348e+10 2.260960e+01
7.018247e+03 9.855297e+03 5.669536e-01 -1.543523e-02 1.420348e+10 2.261358e+01
7.050648e+03 9.900962e+03 5.644171e-01 -1.558735e-02 1.420348e+10 2.261757e+01
7.083199e+03 9.946838e+03 5.618927e-01 -1.574078e-02 1.420348e+10 2.262155e+01
7.115900e+03 9.992928e+03 5.593801e-01 -1.589553e-02 1.420348e+10 2.262554e+01
7.148752e+03 1.003923e+04 5.568794e-01 -1.605164e-02 1.420348e+10 2.262952e+01
7.181756e+03 1.008575e+04 5.543906e-01 -1.620913e-02 1.420348e+10 2.263350e+01
7.214912e+03 1.013249e+04 5.519135e-01 -1.636799e-02 1.420348e+10 2.263749e+01
7.248221e+03 1.017944e+04 5.494481e-01 -1.652823e-02 1.420348e+10 2.264147e+01
7.281684e+03 1.022661e+04 5.469944e-01 -1.668986e-02 1.420348e+10 2.264546e+01
7.315302e+03 1.027400e+04 5.445523e-01 -1.685287e-02 1.420348e+10 2.264944e+01
7.349074e+03 1.032162e+04 5.421217e-01 -1.701727e-02 1.420348e+10 2.265342e+01
7.383003e+03 1.036945e+04 5.397027e-01 -1.718305e-02 1.420348e+10 2.265741e+01
7.417088e+03 1.041751e+04 5.372951e-01 -1.735022e-02 1.420348e+10 2.266139e+01
7.451331e+03 1.046578e+04 5.348988e-01 -1.751879e-02 1.420348e+10 2.266537e+01
7.485731e+03 1.051429e+04 5.325140e-01 -1.768876e-02 1.420348e+10 2.266935e+01
7.520291e+03 1.056302e+04 5.301404e-01 -1.786012e-02 1.420348e+10 2.267334e+01
7.555010e+03 1.061198e+04 5.277780e-01 -1.803291e-02 1.420348e+10 2.267732e+01
7.589889e+03 1.066116e+04 5.254268e-01 -1.820715e-02 1.420348e+10 2.268130e+01
7.624930e+03 1.071057e+04 5.230868e-01 -1.838288e-02 1.420348e+10 2.268528e+01
7.660132e+03 1.076022e+04 5.207579e-01 -1.856012e-02 1.420348e+10 2.268926e+01
7.695496e+03 1.081009e+04 5.184399e-01 -1.873891e-02 1.420348e+10 2.269324e+01
7.731024e+03 1.086020e+04 5.161330e-01 -1.891925e-02 1.420348e+10 2.269723e+01
7.766716e+03 1.091054e+04 5.138370e-01 -1.910114e-02 1.420348e+10 2.270121e+01
7.802573e+03 1.096111e+04 5.115519e-01 -1.928454e-02 1.420348e+10 2.270519e+01
7.838595e+03 1.101192e+04 5.092776e-01 -1.946946e-02 1.420348e+10 2.270917e+01
7.874784e+03 1.106297e+04 5.070140e-01 -1.965587e-02 1.420348e+10 2.271315e+01
7.911140e+03 1.111425e+04 5.047613e-01 -1.984377e-02 1.420348e+10 2.271713e+01
7.947663e+03 1.116578e+04 5.025192e-01 -2.003321e-02 1.420348e+10 2.272111e+01
7.984355e+03 1.121754e+04 5.002877e-01 -2.022423e-02 1.420348e+10 2.272509e+01
8.021217e+03 1.126954e+04 4.980668e-01 -2.041685e-02 1.420348e+10 2.272907e+01
8.058248e+03 1.132179e+04 4.958565e-01 -2.061111e-02 1.420348e+10 2.273304e+01
8.095451e+03 1.137428e+04 4.936566e-01 -2.080703e-02 1.420348e+10 2.273702e+01
8.132825e+03 1.142701e+04 4.914672e-01 -2.100460e-02 1.420348e+10 2.274100e+01
8.170372e+03 1.147999e+04 4.892882e-01 -2.120380e-02 1.420348e+10 2.274498e+01
8.208093e+03 1.153322e+04 4.871195e-01 -2.140462e-02 1.420348e+10 2.274896e+01
8.245987e+03 1.158670e+04 4.849611e-01 -2.160706e-02 1.420348e+10 2.275294e+01
8.284056e+03 1.164042e+04 4.828130e-01 -2.181109e-02 1.420348e+10 2.275691e+01
8.322301e+03 1.169440e+04 4.806751e-01 -2.201678e-02 1.420348e+10 2.276089e+01
8.360723e+03 1.174862e+04 4.785473e-01 -2.222414e-02 1.420348e+10 2.276487e+01
8.399322e+03 1.180310e+04 4.764297e-01 -2.243323e-02 1.420348e+10 2.276885e+01
8.438100e+03 1.185784e+04 4.743221e-01 -2.264408e-02 1.420348e+10 2.277282e+01
8.477056e+03 1.191283e+04 4.722245e-01 -2.285672e-02 1.420348e+10 2.277680e+01
8.516192e+03 1.196807e+04 4.701369e-01 -2.307114e-02 1.420348e+10 2.278077e+01
8.555509e+03 1.202357e+04 4.680592e-01 -2.328732e-02 1.420348e+10 2.278475e+01
8.595007e+03 1.207934e+04 4.659914e-01 -2.350525e-02 1.420348e+10 2.278873e+01
8.634688e+03 1.213536e+04 4.639335e-01 -2.372491e-02 1.420348e+10 2.279270e+01
8.674552e+03 1.219164e+04 4.618853e-01 -2.394629e-02 1.420348e+10 2.279668e+01
8.714600e+03 1.224819e+04 4.598469e-01 -2.416941e-02 1.420348e+10 2.280065e+01
8.754833e+03 1.230500e+04 4.578182e-01 -2.439432e-02 1.420348e+10 2.280463e+01
8.795251e+03 1.236207e+04 4.557991e-01 -2.462104e-02 1.420348e+10 2.280860e+01
8.835856e+03 1.241941e+04 4.537896e-01 -2.484962e-02 1.420348e+10 2.281258e+01
8.876649e+03 1.247702e+04 4.517897e-01 -2.508007e-02 1.420348e+10 2.281655e+01
8.917630e+03 1.253490e+04 4.497994e-01 -2.531240e-02 1.420348e+10 2.282052e+01
8.958800e+03 1.259305e+04 4.478185e-01 -2.554661e-02 1.420348e+10 2.282450e+01
9.000160e+03 1.265147e+04 4.458470e-01 -2.578269e-02 1.420348e+10 2.282847e+01
9.041711e+03 1.271016e+04 4.438850e-01 -2.602064e-02 1.420348e+10 2.283244e+01
9.083455e+03 1.276913e+04 4.419323e-01 -2.626046e-02 1.420348e+10 2.283641e+01
9.125390e+03 1.282837e+04 4.399889e-01 -2.650216e-02 1.420348e+10 2.284039e+01
9.167520e+03 1.288789e+04 4.380547e-01 -2.674579e-02 1.420348e+10 2.284436e+01
9.209843e+03 1.294768e+04 4.361298e-01 -2.699137e-02 1.420348e+10 2.284833e+01
9.252363e+03 1.300776e+04 4.342141e-01 -2.723894e-02 1.420348e+10 2.285230e+01
9.295078e+03 1.306812e+04 4.323074e-01 -2.748853e-02 1.420348e+10 2.285627e+01
9.337991e+03 1.312875e+04 4.304099e-01 -2.774014e-02 1.420348e+10 2.286024e+01
9.381102e+03 1.318968e+04 4.285214e-01 -2.799376e-02 1.420348e+10 2.286422e+01
9.424412e+03 1.325088e+04 4.266420e-01 -2.824938e-02 1.420348e+10 2.286819e+01
9.467921e+03 1.331238e+04 4.247715e-01 -2.850698e-02 1.420348e+10 2.287216e+01
9.511632e+03 1.337416e+04 4.229099e-01 -2.876654e-02 1.420348e+10 2.287613e+01
9.555545e+03 1.343622e+04 4.210572e-01 -2.902808e-02 1.420348e+10 2.288010e+01
9.599660e+03 1.349858e+04 4.192134e-01 -2.929163e-02 1.420348e+10 2.288407e+01
9.643979e+03 1.356123e+04 4.173783e-01 -2.955723e-02 1.420348e+10 2.288803e+01
9.688502e+03 1.362418e+04 4.155520e-01 -2.982491e-02 1.420348e+10 2.289200e+01
9.733231e+03 1.368742e+04 4.137344e-01 -3.009471e-02 1.420348e+10 2.289597e+01
9.778167e+03 1.375095e+04 4.119255e-01 -3.036664e-02 1.420348e+10 2.289994e+01
9.823310e+03 1.381478e+04 4.101253e-01 -3.064071e-02 1.420348e+10 2.290391e+01
9.868661e+03 1.387891e+04 4.083336e-01 -3.091693e-02 1.420348e+10 2.290788e+01
9.914222e+03 1.394334e+04 4.065505e-01 -3.119530e-02 1.420348e+10 2.291184e+01
9.959993e+03 1.400807e+04 4.047759e-01 -3.147582e-02 1.420348e+10 2.291581e+01
1.000598e+04 1.407311e+04 4.030098e-01 -3.175851e-02 1.420348e+10 2.291978e+01
1.005217e+04 1.413845e+04 4.012521e-01 -3.204337e-02 1.420348e+10 2.292374e+01
1.009858e+04 1.420409e+04 3.995028e-01 -3.233042e-02 1.420348e+10 2.292771e+01
1.014520e+04 1.427004e+04 3.977619e-01 -3.261965e-02 1.420348e+10 2.293168e+01
1.019204e+04 1.433630e+04 3.960293e-01 -3.291108e-02 1.420348e+10 2.293564e+01
1.023909e+04 1.440287e+04 3.943050e-01 -3.320472e-02 1.420348e+10 2.293961e+01
1.028636e+04 1.446976e+04 3.925889e-01 -3.350059e-02 1.420348e+10 2.294357e+01
1.033385e+04 1.453695e+04 3.908810e-01 -3.379872e-02 1.420348e+10 2.294754e+01
1.038156e+04 1.460446e+04 3.891813e-01 -3.409912e-02 1.420348e+10 2.295150e+01
1.042949e+04 1.467229e+04 3.874897e-01 -3.440183e-02 1.420348e+10 2.295547e+01
1.047764e+04 1.474044e+04 3.858062e-01 -3.470684e-02 1.420348e+10 2.295943e+01
1.052601e+04 1.480890e+04 3.841308e-01 -3.501418e-02 1.420348e+10 2.296339e+01
1.057461e+04 1.487769e+04 3.824633e-01 -3.532385e-02 1.420348e+10 2.296736e+01
1.062343e+04 1.494679e+04 3.808039e-01 -3.563587e-02 1.420348e+10 2.297132e+01
1.067247e+04 1.501623e+04 3.791524e-01 -3.595022e-02 1.420348e+10 2.297528e+01
1.072174e+04 1.508598e+04 3.775088e-01 -3.626693e-02 1.420348e+10 2.297925e+01
1.077124e+04 1.515607e+04 3.758730e-01 -3.658601e-02 1.420348e+10 2.298321e+01
1.082097e+04 1.522648e+04 3.742451e-01 -3.690747e-02 1.420348e+10 2.298717e+01
1.087093e+04 1.529722e+04 3.726250e-01 -3.723132e-02 1.420348e+10 2.299113e+01
1.092112e+04 1.536830e+04 3.710126e-01 -3.755758e-02 1.420348e+10 2.299509e+01
1.097154e+04 1.543971e+04 3.694079e-01 -3.788627e-02 1.420348e+10 2.299906e+01
1.102219e+04 1.551145e+04 3.678109e-01 -3.821739e-02 1.420348e+10 2.300302e+01
1.107308e+04 1.558353e+04 3.662216e-01 -3.855096e-02 1.420348e+10 2.300698e+01
1.112420e+04 1.565595e+04 3.646399e-01 -3.888700e-02 1.420348e+10 2.301094e+01
1.117555e+04 1.572871e+04 3.630657e-01 -3.922552e-02 1.420348e+10 2.301490e+01
1.122715e+04 1.580181e+04 3.614991e-01 -3.956654e-02 1.420348e+10 2.301886e+01
1.127898e+04 1.587525e+04 3.599400e-01 -3.991008e-02 1.420348e+10 2.302282e+01
1.133105e+04 1.594904e+04 3.583883e-01 -4.025614e-02 1.420348e+10 2.302678e+01
1.138336e+04 1.602317e+04 3.568441e-01 -4.060475e-02 1.420348e+10 2.303073e+01
1.143592e+04 1.609765e+04 3.553072e-01 -4.095591e-02 1.420348e+10 2.303469e+01
1.148871e+04 1.617249e+04 3.537778e-01 -4.130966e-02 1.420348e+10 2.303865e+01
1.154175e+04 1.624767e+04 3.522556e-01 -4.166598e-02 1.420348e+10 2.304261e+01
1.159504e+04 1.632321e+04 3.507408e-01 -4.202488e-02 1.420348e+10 2.304657e+01
1.164857e+04 1.639910e+04 3.492332e-01 -4.238637e-02 1.420348e+10 2.305052e+01
1.170235e+04 1.647535e+04 3.477328e-01 -4.275045e-02 1.420348e+10 2.305448e+01
1.175638e+04 1.655196e+04 3.462396e-01 -4.311711e-02 1.420348e+10 2.305844e+01
1.181065e+04 1.662893e+04 3.447536e-01 -4.348639e-02 1.420348e+10 2.306239e+01
1.186518e+04 1.670626e+04 3.432747e-01 -4.385830e-02 1.420348e+10 2.306635e+01
1.191996e+04 1.678395e+04 3.418028e-01 -4.423288e-02 1.420348e+10 2.307030e+01
1.197499e+04 1.686201e+04 3.403381e-01 -4.461016e-02 1.420348e+10 2.307426e+01
1.203027e+04 1.694043e+04 3.388803e-01 -4.499017e-02 1.420348e+10 2.307821e+01
1.208581e+04 1.701923e+04 3.374296e-01 -4.537293e-02 1.420348e+10 2.308217e+01
1.214161e+04 1.709839e+04 3.359858e-01 -4.575844e-02 1.420348e+10 2.308612e+01
1.219766e+04 1.717793e+04 3.345489e-01 -4.614671e-02 1.420348e+10 2.309008e+01
1.225398e+04 1.725784e+04 3.331189e-01 -4.653775e-02 1.420348e+10 2.309403e+01
1.231055e+04 1.733813e+04 3.316958e-01 -4.693155e-02 1.420348e+10 2.309798e+01
1.236738e+04 1.741880e+04 3.302794e-01 -4.732814e-02 1.420348e+10 2.310194e+01
1.242448e+04 1.749984e+04 3.288699e-01 -4.772752e-02 1.420348e+10 2.310589e+01
1.248184e+04 1.758127e+04 3.274671e-01 -4.812971e-02 1.420348e+10 2.310984e+01
1.253947e+04 1.766308e+04 3.260711e-01 -4.853471e-02 1.420348e+10 2.311379e+01
1.259736e+04 1.774528e+04 3.246817e-01 -4.894255e-02 1.420348e+10 2.311775e+01
1.265552e+04 1.782787e+04 3.232990e-01 -4.935324e-02 1.420348e+10 2.312170e+01
1.271394e+04 1.791084e+04 3.219230e-01 -4.976678e-02 1.420348e+10 2.312565e+01
1.277264e+04 1.799420e+04 3.205535e-01 -5.018318e-02 1.420348e+10 2.312960e+01
1.283161e+04 1.807796e+04 3.191906e-01 -5.060245e-02 1.420348e+10 2.313355e+01
1.289085e+04 1.816211e+04 3.178342e-01 -5.102460e-02 1.420348e+10 2.313750e+01
1.295036e+04 1.824666e+04 3.164844e-01 -5.144964e-02 1.420348e+10 2.314145e+01
1.301015e+04 1.833161e+04 3.151410e-01 -5.187759e-02 1.420348e+10 2.314540e+01
1.307021e+04 1.841696e+04 3.138040e-01 -5.230848e-02 1.420348e+10 2.314935e+01
1.313055e+04 1.850271e+04 3.124734e-01 -5.274231e-02 1.420348e+10 2.315330e+01
1.319117e+04 1.858886e+04 3.111492e-01 -5.317913e-02 1.420348e+10 2.315725e+01
1.325207e+04 1.867542e+04 3.098314e-01 -5.361894e-02 1.420348e+10 2.316119e+01
1.331326e+04 1.876240e+04 3.085199e-01 -5.406176e-02 1.420348e+10 2.316514e+01
1.337472e+04 1.884978e+04 3.072146e-01 -5.450760e-02 1.420348e+10 2.316909e+01
1.343647e+04 1.893757e+04 3.059156e-01 -5.495645e-02 1.420348e+10 2.317304e+01
1.349850e+04 1.902578e+04 3.046229e-01 -5.540833e-02 1.420348e+10 2.317698e+01
1.356082e+04 1.911440e+04 3.033363e-01 -5.586325e-02 1.420348e+10 2.318093e+01
1.362342e+04 1.920345e+04 3.020559e-01 -5.632122e-02 1.420348e+10 2.318488e+01
1.368632e+04 1.929291e+04 3.007816e-01 -5.678227e-02 1.420348e+10 2.318882e+01
1.374950e+04 1.938280e+04 2.995134e-01 -5.724639e-02 1.420348e+10 2.319277e+01
1.381298e+04 1.947311e+04 2.982512e-01 -5.771363e-02 1.420348e+10 2.319671e+01
1.387675e+04 1.956385e+04 2.969952e-01 -5.818398e-02 1.420348e+10 2.320066e+01
1.394082e+04 1.965501e+04 2.957451e-01 -5.865746e-02 1.420348e+10 2.320460e+01
1.400518e+04 1.974661e+04 2.945010e-01 -5.913407e-02 1.420348e+10 2.320855e+01
1.406984e+04 1.983864e+04 2.932629e-01 -5.961381e-02 1.420348e+10 2.321249e+01
1.413479e+04 1.993111e+04 2.920306e-01 -6.009670e-02 1.420348e+10 2.321643e+01
1.420005e+04 2.002401e+04 2.908043e-01 -6.058273e-02 1.420348e+10 2.322038e+01
1.426561e+04 2.011736e+04 2.895838e-01 -6.107193e-02 1.420348e+10 2.322432e+01
1.433147e+04 2.021114e+04 2.883692e-01 -6.156430e-02 1.420348e+10 2.322826e+01
1.439763e+04 2.030537e+04 2.871603e-01 -6.205989e-02 1.420348e+10 2.323221e+01
1.446410e+04 2.040005e+04 2.859573e-01 -6.255870e-02 1.420348e+10 2.323615e+01
1.453088e+04 2.049517e+04 2.847600e-01 -6.306075e-02 1.420348e+10 2.324009e+01
1.459796e+04 2.059075e+04 2.835684e-01 -6.356607e-02 1.420348e+10 2.324403e+01
1.466536e+04 2.068677e+04 2.823825e-01 -6.407464e-02 1.420348e+10 2.324797e+01
1.473306e+04 2.078325e+04 2.812023e-01 -6.458648e-02 1.420348e+10 2.325191e+01
1.480108e+04 2.088019e+04 2.800277e-01 -6.510160e-02 1.420348e+10 2.325585e+01
1.486941e+04 2.097759e+04 2.788587e-01 -6.561999e-02 1.420348e+10 2.325979e+01
1.493806e+04 2.107545e+04 2.776953e-01 -6.614168e-02 1.420348e+10 2.326373e+01
1.500703e+04 2.117377e+04 2.765374e-01 -6.666667e-02 1.420348e+10 2.326767e+01
1.507631e+04 2.127256e+04 2.753851e-01 -6.719499e-02 1.420348e+10 2.327161e+01
1.514591e+04 2.137182e+04 2.742383e-01 -6.772665e-02 1.420348e+10 2.327555e+01
1.521584e+04 2.147155e+04 2.730969e-01 -6.826168e-02 1.420348e+10 2.327949e+01
1.528608e+04 2.157175e+04 2.719610e-01 -6.880008e-02 1.420348e+10 2.328343e+01
1.535666e+04 2.167243e+04 2.708306e-01 -6.934186e-02 1.420348e+10 2.328736e+01
1.542755e+04 2.177358e+04 2.697055e-01 -6.988703e-02 1.420348e+10 2.329130e+01
1.549878e+04 2.187522e+04 2.685857e-01 -7.043558e-02 1.420348e+10 2.329524e+01
1.557033e+04 2.197734e+04 2.674713e-01 -7.098753e-02 1.420348e+10 2.329918e+01
1.564222e+04 2.207994e+04 2.663622e-01 -7.154289e-02 1.420348e+10 2.330311e+01
1.571443e+04 2.218303e+04 2.652584e-01 -7.210168e-02 1.420348e+10 2.330705e+01
1.578698e+04 2.228661e+04 2.641599e-01 -7.266391e-02 1.420348e+10 2.331098e+01
1.585986e+04 2.239068e+04 2.630666e-01 -7.322960e-02 1.420348e+10 2.331492e+01
1.593308e+04 2.249524e+04 2.619785e-01 -7.379878e-02 1.420348e+10 2.331885e+01
1.600664e+04 2.260030e+04 2.608955e-01 -7.437146e-02 1.420348e+10 2.332279e+01
1.608054e+04 2.270586e+04 2.598177e-01 -7.494763e-02 1.420348e+10 2.332672e+01
1.615478e+04 2.281193e+04 2.587451e-01 -7.552730e-02 1.420348e+10 2.333066e+01
1.622936e+04 2.291850e+04 2.576775e-01 -7.611046e-02 1.420348e+10 2.333459e+01
1.630429e+04 2.302557e+04 2.566150e-01 -7.669710e-02 1.420348e+10 2.333853e+01
1.637956e+04 2.313315e+04 2.555576e-01 -7.728724e-02 1.420348e+10 2.334246e+01
1.645518e+04 2.324125e+04 2.545051e-01 -7.788089e-02 1.420348e+10 2.334639e+01
1.653115e+04 2.334986e+04 2.534577e-01 -7.847809e-02 1.420348e+10 2.335032e+01
1.660747e+04 2.345898e+04 2.524152e-01 -7.907886e-02 1.420348e+10 2.335426e+01
1.668414e+04 2.356863e+04 2.513777e-01 -7.968322e-02 1.420348e+10 2.335819e+01
1.676117e+04 2.367880e+04 2.503451e-01 -8.029120e-02 1.420348e+10 2.336212e+01
1.683855e+04 2.378949e+04 2.493173e-01 -8.090279e-02 1.420348e+10 2.336605e+01
1.691629e+04 2.390071e+04 2.482945e-01 -8.151797e-02 1.420348e+10 2.336998e+01
1.699439e+04 2.401246e+04 2.472764e-01 -8.213673e-02 1.420348e+10 2.337391e+01
1.707284e+04 2.412474e+04 2.462632e-01 -8.275904e-02 1.420348e+10 2.337784e+01
1.715166e+04 2.423756e+04 2.452548e-01 -8.338491e-02 1.420348e+10 2.338177e+01
1.723085e+04 2.435091e+04 2.442511e-01 -8.401435e-02 1.420348e+10 2.338570e+01
1.731040e+04 2.446481e+04 2.432522e-01 -8.464740e-02 1.420348e+10 2.338963e+01
1.739032e+04 2.457925e+04 2.422580e-01 -8.528412e-02 1.420348e+10 2.339356e+01
1.747060e+04 2.469423e+04 2.412685e-01 -8.592453e-02 1.420348e+10 2.339749e+01
1.755126e+04 2.480976e+04 2.402836e-01 -8.656868e-02 1.420348e+10 2.340142e+01
1.763229e+04 2.492585e+04 2.393034e-01 -8.721655e-02 1.420348e+10 2.340535e+01
1.771369e+04 2.504248e+04 2.383278e-01 -8.786811e-02 1.420348e+10 2.340928e+01
1.779547e+04 2.515968e+04 2.373568e-01 -8.852336e-02 1.420348e+10 2.341321e+01
1.787763e+04 2.527743e+04 2.363904e-01 -8.918226e-02 1.420348e+10 2.341713e+01
1.796016e+04 2.539575e+04 2.354285e-01 -8.984478e-02 1.420348e+10 2.342106e+01
1.804308e+04 2.551463e+04 2.344711e-01 -9.051095e-02 1.420348e+10 2.342499e+01
1.812638e+04 2.563408e+04 2.335182e-01 -9.118079e-02 1.420348e+10 2.342891e+01
1.821006e+04 2.575410e+04 2.325698e-01 -9.185434e-02 1.420348e+10 2.343284e+01
1.829413e+04 2.587469e+04 2.316259e-01 -9.253163e-02 1.420348e+10 2.343677e+01
1.837859e+04 2.599586e+04 2.306864e-01 -9.321270e-02 1.420348e+10 2.344069e+01
1.846344e+04 2.611761e+04 2.297512e-01 -9.389754e-02 1.420348e+10 2.344462e+01
1.854868e+04 2.623994e+04 2.288205e-01 -9.458616e-02 1.420348e+10 2.344855e+01
1.863432e+04 2.636285e+04 2.278941e-01 -9.527853e-02 1.420348e+10 2.345247e+01
1.872035e+04 2.648635e+04 2.269721e-01 -9.597464e-02 1.420348e+10 2.345640e+01
1.880677e+04 2.661045e+04 2.260544e-01 -9.667450e-02 1.420348e+10 2.346032e+01
1.889360e+04 2.673514e+04 2.251409e-01 -9.737809e-02 1.420348e+10 2.346424e+01
1.898082e+04 2.686042e+04 2.242317e-01 -9.808543e-02 1.420348e+10 2.346817e+01
1.906845e+04 2.698630e+04 2.233268e-01 -9.879654e-02 1.420348e+10 2.347209e+01
1.915649e+04 2.711279e+04 2.224261e-01 -9.951144e-02 1.420348e+10 2.347602e+01
1.924493e+04 2.723988e+04 2.215296e-01 -1.002301e-01 1.420348e+10 2.347994e+01
1.933377e+04 2.736758e+04 2.206373e-01 -1.009527e-01 1.420348e+10 2.348386e+01
1.942303e+04 2.749589e+04 2.197491e-01 -1.016790e-01 1.420348e+10 2.348779e+01
1.951270e+04 2.762482e+04 2.188650e-01 -1.024091e-01 1.420348e+10 2.349171e+01
1.960279e+04 2.775436e+04 2.179851e-01 -1.031431e-01 1.420348e+10 2.349563e+01
1.969329e+04 2.788453e+04 2.171093e-01 -1.038808e-01 1.420348e+10 2.349955e+01
1.978421e+04 2.801532e+04 2.162375e-01 -1.046223e-01 1.420348e+10 2.350348e+01
1.987555e+04 2.814673e+04 2.153697e-01 -1.053676e-01 1.420348e+10 2.350740e+01
1.996731e+04 2.827878e+04 2.145060e-01 -1.061168e-01 1.420348e+10 2.351132e+01
2.005949e+04 2.841146e+04 2.136463e-01 -1.068698e-01 1.420348e+10 2.351524e+01
2.015210e+04 2.854477e+04 2.127906e-01 -1.076266e-01 1.420348e+10 2.351916e+01
2.024513e+04 2.867873e+04 2.119388e-01 -1.083873e-01 1.420348e+10 2.352308e+01
2.033860e+04 2.881332e+04 2.110910e-01 -1.091518e-01 1.420348e+10 2.352700e+01
2.043250e+04 2.894857e+04 2.102470e-01 -1.099201e-01 1.420348e+10 2.353092e+01
2.052683e+04 2.908446e+04 2.094070e-01 -1.106923e-01 1.420348e+10 2.353485e+01
2.062160e+04 2.922101e+04 2.085708e-01 -1.114684e-01 1.420348e+10 2.353877e+01
2.071680e+04 2.935821e+04 2.077385e-01 -1.122483e-01 1.420348e+10 2.354269e+01
2.081244e+04 2.949607e+04 2.069100e-01 -1.130321e-01 1.420348e+10 2.354660e+01
2.090853e+04 2.963459e+04 2.060854e-01 -1.138197e-01 1.420348e+10 2.355052e+01
2.100506e+04 2.977378e+04 2.052645e-01 -1.146111e-01 1.420348e+10 2.355444e+01
2.110203e+04 2.991364e+04 2.044474e-01 -1.154064e-01 1.420348e+10 2.355836e+01
2.119945e+04 3.005416e+04 2.036340e-01 -1.162054e-01 1.420348e+10 2.356228e+01
2.129733e+04 3.019537e+04 2.028244e-01 -1.170082e-01 1.420348e+10 2.356620e+01
2.139565e+04 3.033725e+04 2.020184e-01 -1.178149e-01 1.420348e+10 2.357012e+01
2.149443e+04 3.047982e+04 2.012162e-01 -1.186254e-01 1.420348e+10 2.357404e+01
2.159366e+04 3.062307e+04 2.004176e-01 -1.194398e-01 1.420348e+10 2.357795e+01
2.169335e+04 3.076701e+04 1.996227e-01 -1.202581e-01 1.420348e+10 2.358187e+01
2.179350e+04 3.091165e+04 1.988313e-01 -1.210803e-01 1.420348e+10 2.358579e+01
2.189412e+04 3.105698e+04 1.980436e-01 -1.219064e-01 1.420348e+10 2.358971e+01
2.199520e+04 3.120301e+04 1.972595e-01 -1.227363e-01 1.420348e+10 2.359363e+01
2.209674e+04 3.134974e+04 1.964789e-01 -1.235700e-01 1.420348e+10 2.359754e+01
2.219876e+04 3.149718e+04 1.957019e-01 -1.244076e-01 1.420348e+10 2.360146e+01
2.230124e+04 3.164533e+04 1.949284e-01 -1.252489e-01 1.420348e+10 2.360538e+01
2.240420e+04 3.179420e+04 1.941585e-01 -1.260940e-01 1.420348e+10 2.360929e+01
2.250763e+04 3.194378e+04 1.933920e-01 -1.269430e-01 1.420348e+10 2.361321e+01
2.261155e+04 3.209408e+04 1.926289e-01 -1.277958e-01 1.420348e+10 2.361713e+01
2.271594e+04 3.224511e+04 1.918693e-01 -1.286525e-01 1.420348e+10 2.362104e+01
2.282081e+04 3.239687e+04 1.911132e-01 -1.295131e-01 1.420348e+10 2.362496e+01
2.292617e+04 3.254935e+04 1.903604e-01 -1.303775e-01 1.420348e+10 2.362888e+01
2.303201e+04 3.270257e+04 1.896111e-01 -1.312457e-01 1.420348e+10 2.363279e+01
2.313834e+04 3.285654e+04 1.888651e-01 -1.321177e-01 1.420348e+10 2.363671e+01
2.324517e+04 3.301124e+04 1.881224e-01 -1.329935e-01 1.420348e+10 2.364062e+01
2.335248e+04 3.316669e+04 1.873831e-01 -1.338730e-01 1.420348e+10 2.364454e+01
2.346029e+04 3.332289e+04 1.866471e-01 -1.347564e-01 1.420348e+10 2.364845e+01
2.356860e+04 3.347985e+04 1.859144e-01 -1.356435e-01 1.420348e+10 2.365237e+01
2.367741e+04 3.363756e+04 1.851849e-01 -1.365343e-01 1.420348e+10 2.365628e+01
2.378673e+04 3.379604e+04 1.844588e-01 -1.374290e-01 1.420348e+10 2.366020e+01
2.389654e+04 3.395528e+04 1.837358e-01 -1.383275e-01 1.420348e+10 2.366411e+01
2.400687e+04 3.411529e+04 1.830161e-01 -1.392297e-01 1.420348e+10 2.366803e+01
2.411770e+04 3.427607e+04 1.822996e-01 -1.401357e-01 1.420348e+10 2.367194e+01
2.422904e+04 3.443763e+04 1.815863e-01 -1.410454e-01 1.420348e+10 2.367586e+01
2.434090e+04 3.459997e+04 1.808761e-01 -1.419588e-01 1.420348e+10 2.367977e+01
2.445328e+04 3.476310e+04 1.801691e-01 -1.428760e-01 1.420348e+10 2.368369e+01
2.456617e+04 3.492702e+04 1.794652e-01 -1.437968e-01 1.420348e+10 2.368760e+01
2.467959e+04 3.509172e+04 1.787644e-01 -1.447214e-01 1.420348e+10 2.369152e+01
2.479352e+04 3.525723e+04 1.780667e-01 -1.456496e-01 1.420348e+10 2.369543e+01
2.490799e+04 3.542353e+04 1.773721e-01 -1.465816e-01 1.420348e+10 2.369934e+01
2.502298e+04 3.559064e+04 1.766805e-01 -1.475174e-01 1.420348e+10 2.370326e+01
2.513851e+04 3.575856e+04 1.759920e-01 -1.484568e-01 1.420348e+10 2.370717e+01
2.525456e+04 3.592729e+04 1.753065e-01 -1.493999e-01 1.420348e+10 2.371109e+01
2.537116e+04 3.609684e+04 1.746240e-01 -1.503466e-01 1.420348e+10 2.371500e+01
2.548829e+04 3.626721e+04 1.739445e-01 -1.512969e-01 1.420348e+10 2.371892e+01
2.560596e+04 3.643840e+04 1.732680e-01 -1.522509e-01 1.420348e+10 2.372283e+01
2.572418e+04 3.661042e+04 1.725944e-01 -1.532084e-01 1.420348e+10 2.372674e+01
2.584294e+04 3.678328e+04 1.719238e-01 -1.541696e-01 1.420348e+10 2.373066e+01
2.596225e+04 3.695697e+04 1.712560e-01 -1.551343e-01 1.420348e+10 2.373457e+01
2.608211e+04 3.713151e+04 1.705912e-01 -1.561026e-01 1.420348e+10 2.373849e+01
2.620252e+04 3.730689e+04 1.699292e-01 -1.570745e-01 1.420348e+10 2.374240e+01
2.632349e+04 3.748312e+04 1.692702e-01 -1.580499e-01 1.420348e+10 2.374631e+01
2.644502e+04 3.766021e+04 1.686139e-01 -1.590289e-01 1.420348e+10 2.375023e+01
2.656711e+04 3.783815e+04 1.679605e-01 -1.600114e-01 1.420348e+10 2.375414e+01
2.668976e+04 3.801696e+04 1.673099e-01 -1.609974e-01 1.420348e+10 2.375805e+01
2.681298e+04 3.819663e+04 1.666621e-01 -1.619869e-01 1.420348e+10 2.376197e+01
2.693677e+04 3.837718e+04 1.660171e-01 -1.629798e-01 1.420348e+10 2.376588e+01
2.706113e+04 3.855860e+04 1.653749e-01 -1.639762e-01 1.420348e+10 2.376980e+01
2.718606e+04 3.874091e+04 1.647354e-01 -1.649760e-01 1.420348e+10 2.377371e+01
2.731157e+04 3.892409e+04 1.640986e-01 -1.659792e-01 1.420348e+10 2.377762e+01
2.743766e+04 3.910817e+04 1.634646e-01 -1.669858e-01 1.420348e+10 2.378154e+01
2.756433e+04 3.929314e+04 1.628332e-01 -1.679957e-01 1.420348e+10 2.378545e+01
2.769159e+04 3.947901e+04 1.622046e-01 -1.690091e-01 1.420348e+10 2.378937e+01
2.781943e+04 3.966578e+04 1.615786e-01 -1.700257e-01 1.420348e+10 2.379328e+01
2.794787e+04 3.985346e+04 1.609552e-01 -1.710457e-01 1.420348e+10 2.379720e+01
2.807689e+04 4.004205e+04 1.603345e-01 -1.720690e-01 1.420348e+10 2.380111e+01
2.820652e+04 4.023156e+04 1.597165e-01 -1.730956e-01 1.420348e+10 2.380502e+01
2.833674e+04 4.042199e+04 1.591010e-01 -1.741255e-01 1.420348e+10 2.380894e+01
2.846756e+04 4.061334e+04 1.584881e-01 -1.751586e-01 1.420348e+10 2.381285e+01
2.859899e+04 4.080563e+04 1.578778e-01 -1.761950e-01 1.420348e+10 2.381677e+01
2.873102e+04 4.099884e+04 1.572700e-01 -1.772345e-01 1.420348e+10 2.382068e+01
2.886366e+04 4.119300e+04 1.566648e-01 -1.782772e-01 1.420348e+10 2.382460e+01
2.899692e+04 4.138810e+04 1.560621e-01 -1.793231e-01 1.420348e+10 2.382851e+01
2.913079e+04 4.158415e+04 1.554619e-01 -1.803720e-01 1.420348e+10 2.383243e+01
2.926528e+04 4.178116e+04 1.548643e-01 -1.814241e-01 1.420348e+10 2.383634e+01
2.940039e+04 4.197912e+04 1.542691e-01 -1.824792e-01 1.420348e+10 2.384026e+01
2.953612e+04 4.217805e+04 1.536763e-01 -1.835373e-01 1.420348e+10 2.384418e+01
2.967248e+04 4.237794e+04 1.530861e-01 -1.845985e-01 1.420348e+10 2.384809e+01
2.980947e+04 4.257881e+04 1.524982e-01 -1.856627e-01 1.420348e+10 2.385201e+01
2.994709e+04 4.278065e+04 1.519128e-01 -1.867298e-01 1.420348e+10 2.385592e+01
3.008535e+04 4.298348e+04 1.513298e-01 -1.877999e-01 1.420348e+10 2.385984e+01
3.022425e+04 4.318729e+04 1.507492e-01 -1.888729e-01 1.420348e+10 2.386376e+01
3.036378e+04 4.339209e+04 1.501710e-01 -1.899488e-01 1.420348e+10 2.386767e+01
3.050396e+04 4.359790e+04 1.495951e-01 -1.910275e-01 1.420348e+10 2.387159e+01
3.064479e+04 4.380470e+04 1.490216e-01 -1.921091e-01 1.420348e+10 2.387551e+01
3.078627e+04 4.401252e+04 1.484504e-01 -1.931936e-01 1.420348e+10 2.387942e+01
3.092840e+04 4.422134e+04 1.478815e-01 -1.942808e-01 1.420348e+10 2.388334e+01
3.107119e+04 4.443118e+04 1.473149e-01 -1.953707e-01 1.420348e+10 2.388726e+01
3.121464e+04 4.464205e+04 1.467506e-01 -1.964633e-01 1.420348e+10 2.389118e+01
3.135874e+04 4.485394e+04 1.461886e-01 -1.975586e-01 1.420348e+10 2.389509e+01
3.150352e+04 4.506686e+04 1.456289e-01 -1.986566e-01 1.420348e+10 2.389901e+01
3.164896e+04 4.528082e+04 1.450714e-01 -1.997571e-01 1.420348e+10 2.390293e+01
3.179508e+04 4.549583e+04 1.445162e-01 -2.008601e-01 1.420348e+10 2.390685e+01
3.194186e+04 4.571188e+04 1.439631e-01 -2.019657e-01 1.420348e+10 2.391077e+01
3.208933e+04 4.592898e+04 1.434123e-01 -2.030738e-01 1.420348e+10 2.391469e+01
3.223748e+04 4.614715e+04 1.428637e-01 -2.041844e-01 1.420348e+10 2.391861e+01
3.238631e+04 4.636637e+04 1.423172e-01 -2.052975e-01 1.420348e+10 2.392253e+01
3.253583e+04 4.658667e+04 1.417730e-01 -2.064129e-01 1.420348e+10 2.392645e+01
3.268604e+04 4.680804e+04 1.412308e-01 -2.075307e-01 1.420348e+10 2.393037e+01
3.283694e+04 4.703049e+04 1.406908e-01 -2.086509e-01 1.420348e+10 2.393429e+01
3.298854e+04 4.725403e+04 1.401530e-01 -2.097732e-01 1.420348e+10 2.393821e+01
3.314084e+04 4.747865e+04 1.396172e-01 -2.108978e-01 1.420348e+10 2.394213e+01
3.329384e+04 4.770437e+04 1.390836e-01 -2.120246e-01 1.420348e+10 2.394605e+01
3.344755e+04 4.793119e+04 1.385520e-01 -2.131536e-01 1.420348e+10 2.394997e+01
3.360196e+04 4.815912e+04 1.380225e-01 -2.142846e-01 1.420348e+10 2.395389e+01
3.375710e+04 4.838816e+04 1.374951e-01 -2.154178e-01 1.420348e+10 2.395782e+01
3.391294e+04 4.861832e+04 1.369697e-01 -2.165530e-01 1.420348e+10 2.396174e+01
3.406951e+04 4.884960e+04 1.364464e-01 -2.176902e-01 1.420348e+10 2.396566e+01
3.422680e+04 4.908202e+04 1.359251e-01 -2.188294e-01 1.420348e+10 2.396958e+01
3.438481e+04 4.931556e+04 1.354057e-01 -2.199705e-01 1.420348e+10 2.397351e+01
3.454356e+04 4.955024e+04 1.348884e-01 -2.211135e-01 1.420348e+10 2.397743e+01
3.470304e+04 4.978607e+04 1.343731e-01 -2.222583e-01 1.420348e+10 2.398136e+01
3.486325e+04 5.002305e+04 1.338597e-01 -2.234049e-01 1.420348e+10 2.398528e+01
3.502420e+04 5.026119e+04 1.333483e-01 -2.245532e-01 1.420348e+10 2.398921e+01
3.518590e+04 5.050049e+04 1.328389e-01 -2.257032e-01 1.420348e+10 2.399313e+01
3.534834e+04 5.074096e+04 1.323314e-01 -2.268548e-01 1.420348e+10 2.399706e+01
3.551154e+04 5.098261e+04 1.318258e-01 -2.280079e-01 1.420348e+10 2.400098e+01
3.567548e+04 5.122543e+04 1.313221e-01 -2.291627e-01 1.420348e+10 2.400491e+01
3.584019e+04 5.146944e+04 1.308203e-01 -2.303189e-01 1.420348e+10 2.400884e+01
3.600565e+04 5.171464e+04 1.303204e-01 -2.314765e-01 1.420348e+10 2.401277e+01
3.617188e+04 5.196103e+04 1.298224e-01 -2.326355e-01 1.420348e+10 2.401669e+01
3.633887e+04 5.220864e+04 1.293262e-01 -2.337959e-01 1.420348e+10 2.402062e+01
3.650664e+04 5.245745e+04 1.288319e-01 -2.349575e-01 1.420348e+10 2.402455e+01
3.667518e+04 5.270747e+04 1.283394e-01 -2.361203e-01 1.420348e+10 2.402848e+01
3.684450e+04 5.295872e+04 1.278487e-01 -2.372843e-01 1.420348e+10 2.403241e+01
3.701460e+04 5.321119e+04 1.273599e-01 -2.384494e-01 1.420348e+10 2.403634e+01
3.718549e+04 5.346490e+04 1.268729e-01 -2.396156e-01 1.420348e+10 2.404027e+01
3.735716e+04 5.371984e+04 1.263876e-01 -2.407828e-01 1.420348e+10 2.404420e+01
3.752963e+04 5.397603e+04 1.259041e-01 -2.419510e-01 1.420348e+10 2.404813e+01
3.770289e+04 5.423347e+04 1.254224e-01 -2.431200e-01 1.420348e+10 2.405206e+01
3.787696e+04 5.449217e+04 1.249425e-01 -2.442899e-01 1.420348e+10 2.405600e+01
3.805182e+04 5.475214e+04 1.244642e-01 -2.454605e-01 1.420348e+10 2.405993e+01
3.822750e+04 5.501337e+04 1.239878e-01 -2.466318e-01 1.420348e+10 2.406386e+01
3.840398e+04 5.527588e+04 1.235130e-01 -2.478038e-01 1.420348e+10 2.406780e+01
3.858128e+04 5.553967e+04 1.230400e-01 -2.489764e-01 1.420348e+10 2.407173e+01
3.875940e+04 5.580475e+04 1.225686e-01 -2.501494e-01 1.420348e+10 2.407567e+01
3.893834e+04 5.607112e+04 1.220990e-01 -2.513229e-01 1.420348e+10 2.407960e+01
3.911811e+04 5.633880e+04 1.216310e-01 -2.524969e-01 1.420348e+10 2.408354e+01
3.929871e+04 5.660778e+04 1.211647e-01 -2.536711e-01 1.420348e+10 2.408748e+01
3.948014e+04 5.687808e+04 1.207000e-01 -2.548457e-01 1.420348e+10 2.409141e+01
3.966241e+04 5.714970e+04 1.202370e-01 -2.560205e-01 1.420348e+10 2.409535e+01
3.984552e+04 5.742264e+04 1.197756e-01 -2.571954e-01 1.420348e+10 2.409929e+01
4.002947e+04 5.769692e+04 1.193159e-01 -2.583704e-01 1.420348e+10 2.410323e+01
4.021428e+04 5.797253e+04 1.188578e-01 -2.595454e-01 1.420348e+10 2.410717e+01
4.039994e+04 5.824949e+04 1.184012e-01 -2.607204e-01 1.420348e+10 2.411111e+01
4.058645e+04 5.852781e+04 1.179463e-01 -2.618952e-01 1.420348e+10 2.411505e+01
4.077383e+04 5.880748e+04 1.174929e-01 -2.630698e-01 1.420348e+10 2.411899e+01
4.096207e+04 5.908852e+04 1.170411e-01 -2.642441e-01 1.420348e+10 2.412294e+01
4.115118e+04 5.937093e+04 1.165909e-01 -2.654181e-01 1.420348e+10 2.412688e+01
4.134116e+04 5.965472e+04 1.161422e-01 -2.665916e-01 1.420348e+10 2.413082e+01
4.153202e+04 5.993990e+04 1.156951e-01 -2.677647e-01 1.420348e+10 2.413477e+01
4.172376e+04 6.022646e+04 1.152495e-01 -2.689372e-01 1.420348e+10 2.413871e+01
4.191639e+04 6.051443e+04 1.148054e-01 -2.701091e-01 1.420348e+10 2.414266e+01
4.210991e+04 6.080380e+04 1.143629e-01 -2.712803e-01 1.420348e+10 2.414660e+01
4.230432e+04 6.109459e+04 1.139218e-01 -2.724508e-01 1.420348e+10 2.415055e+01
4.249962e+04 6.138679e+04 1.134823e-01 -2.736204e-01 1.420348e+10 2.415450e+01
4.269583e+04 6.168042e+04 1.130442e-01 -2.747890e-01 1.420348e+10 2.415845e+01
4.289295e+04 6.197548e+04 1.126076e-01 -2.759567e-01 1.420348e+10 2.416240e+01
4.309097e+04 6.227199e+04 1.121724e-01 -2.771233e-01 1.420348e+10 2.416635e+01
4.328991e+04 6.256994e+04 1.117388e-01 -2.782887e-01 1.420348e+10 2.417030e+01
4.348977e+04 6.286934e+04 1.113065e-01 -2.794529e-01 1.420348e+10 2.417425e+01
4.369055e+04 6.317021e+04 1.108757e-01 -2.806157e-01 1.420348e+10 2.417820e+01
4.389225e+04 6.347254e+04 1.104464e-01 -2.817771e-01 1.420348e+10 2.418215e+01
4.409489e+04 6.377634e+04 1.100184e-01 -2.829371e-01 1.420348e+10 2.418611e+01
4.429846e+04 6.408163e+04 1.095919e-01 -2.840955e-01 1.420348e+10 2.419006e+01
4.450298e+04 6.438841e+04 1.091667e-01 -2.852522e-01 1.420348e+10 2.419402e+01
4.470844e+04 6.469668e+04 1.087430e-01 -2.864072e-01 1.420348e+10 2.419797e+01
4.491484e+04 6.500646e+04 1.083206e-01 -2.875605e-01 1.420348e+10 2.420193e+01
4.512220e+04 6.531774e+04 1.078996e-01 -2.887118e-01 1.420348e+10 2.420589e+01
4.533052e+04 6.563055e+04 1.074800e-01 -2.898612e-01 1.420348e+10 2.420985e+01
4.553980e+04 6.594488e+04 1.070617e-01 -2.910085e-01 1.420348e+10 2.421381e+01
4.575004e+04 6.626074e+04 1.066448e-01 -2.921537e-01 1.420348e+10 2.421777e+01
4.596125e+04 6.657813e+04 1.062292e-01 -2.932967e-01 1.420348e+10 2.422173e+01
4.617344e+04 6.689708e+04 1.058150e-01 -2.944373e-01 1.420348e+10 2.422569e+01
4.638661e+04 6.721758e+04 1.054020e-01 -2.955755e-01 1.420348e+10 2.422965e+01
4.660077e+04 6.753964e+04 1.049904e-01 -2.967112e-01 1.420348e+10 2.423361e+01
4.681591e+04 6.786327e+04 1.045801e-01 -2.978443e-01 1.420348e+10 2.423758e+01
4.703205e+04 6.818847e+04 1.041711e-01 -2.989748e-01 1.420348e+10 2.424154e+01
4.724918e+04 6.851526e+04 1.037634e-01 -3.001025e-01 1.420348e+10 2.424551e+01
4.746732e+04 6.884364e+04 1.033570e-01 -3.012273e-01 1.420348e+10 2.424948e+01
4.768646e+04 6.917362e+04 1.029518e-01 -3.023492e-01 1.420348e+10 2.425344e+01
4.790661e+04 6.950520e+04 1.025480e-01 -3.034681e-01 1.420348e+10 2.425741e+01
4.812779e+04 6.983840e+04 1.021453e-01 -3.045839e-01 1.420348e+10 2.426138e+01
4.834998e+04 7.017321e+04 1.017440e-01 -3.056964e-01 1.420348e+10 2.426535e+01
4.857320e+04 7.050966e+04 1.013439e-01 -3.068057e-01 1.420348e+10 2.426933e+01
4.879744e+04 7.084774e+04 1.009450e-01 -3.079116e-01 1.420348e+10 2.427330e+01
4.902273e+04 7.118747e+04 1.005473e-01 -3.090140e-01 1.420348e+10 2.427727e+01
4.924905e+04 7.152885e+04 1.001509e-01 -3.101128e-01 1.420348e+10 2.428125e+01
4.947642e+04 7.187188e+04 9.975568e-02 -3.112080e-01 1.420348e+10 2.428522e+01
4.970484e+04 7.221659e+04 9.936168e-02 -3.122994e-01 1.420348e+10 2.428920e+01
4.993431e+04 7.256297e+04 9.896889e-02 -3.133869e-01 1.420348e+10 2.429317e+01
5.016485e+04 7.291103e+04 9.857729e-02 -3.144705e-01 1.420348e+10 2.429715e+01
5.039644e+04 7.326078e+04 9.818688e-02 -3.155501e-01 1.420348e+10 2.430113e+01
5.062911e+04 7.361223e+04 9.779765e-02 -3.166256e-01 1.420348e+10 2.430511e+01
5.086285e+04 7.396539e+04 9.740960e-02 -3.176969e-01 1.420348e+10 2.430909e+01
5.109767e+04 7.432026e+04 9.702272e-02 -3.187638e-01 1.420348e+10 2.431308e+01
5.133357e+04 7.467685e+04 9.663700e-02 -3.198264e-01 1.420348e+10 2.431706e+01
5.157056e+04 7.503517e+04 9.625244e-02 -3.208844e-01 1.420348e+10 2.432104e+01
5.180865e+04 7.539524e+04 9.586903e-02 -3.219379e-01 1.420348e+10 2.432503e+01
5.204784e+04 7.575704e+04 9.548677e-02 -3.229867e-01 1.420348e+10 2.432901e+01
5.228813e+04 7.612061e+04 9.510565e-02 -3.240307e-01 1.420348e+10 2.433300e+01
5.252953e+04 7.648593e+04 9.472565e-02 -3.250699e-01 1.420348e+10 2.433699e+01
5.277204e+04 7.685303e+04 9.434679e-02 -3.261041e-01 1.420348e+10 2.434098e+01
5.301567e+04 7.722190e+04 9.396904e-02 -3.271332e-01 1.420348e+10 2.434497e+01
5.326043e+04 7.759256e+04 9.359241e-02 -3.281572e-01 1.420348e+10 2.434896e+01
5.350632e+04 7.796502e+04 9.321689e-02 -3.291759e-01 1.420348e+10 2.435295e+01
5.375334e+04 7.833928e+04 9.284248e-02 -3.301893e-01 1.420348e+10 2.435695e+01
5.400151e+04 7.871535e+04 9.246916e-02 -3.311972e-01 1.420348e+10 2.436094e+01
5.425082e+04 7.909324e+04 9.209693e-02 -3.321996e-01 1.420348e+10 2.436494e+01
5.450128e+04 7.947296e+04 9.172579e-02 -3.331964e-01 1.420348e+10 2.436893e+01
5.475289e+04 7.985452e+04 9.135573e-02 -3.341875e-01 1.420348e+10 2.437293e+01
5.500567e+04 8.023792e+04 9.098675e-02 -3.351727e-01 1.420348e+10 2.437693e+01
5.525962e+04 8.062318e+04 9.061884e-02 -3.361521e-01 1.420348e+10 2.438093e+01
5.551474e+04 8.101029e+04 9.025200e-02 -3.371254e-01 1.420348e+10 2.438493e+01
5.577103e+04 8.139928e+04 8.988621e-02 -3.380926e-01 1.420348e+10 2.438894e+01
5.602851e+04 8.179015e+04 8.952149e-02 -3.390537e-01 1.420348e+10 2.439294e+01
5.628718e+04 8.218291e+04 8.915782e-02 -3.400085e-01 1.420348e+10 2.439694e+01
5.654704e+04 8.257756e+04 8.879520e-02 -3.409570e-01 1.420348e+10 2.440095e+01
5.680810e+04 8.297411e+04 8.843362e-02 -3.418991e-01 1.420348e+10 2.440496e+01
5.707037e+04 8.337258e+04 8.807309e-02 -3.428347e-01 1.420348e+10 2.440896e+01
5.733385e+04 8.377297e+04 8.771359e-02 -3.437637e-01 1.420348e+10 2.441297e+01
5.759854e+04 8.417529e+04 8.735512e-02 -3.446860e-01 1.420348e+10 2.441698e+01
5.786446e+04 8.457956e+04 8.699768e-02 -3.456016e-01 1.420348e+10 2.442100e+01
5.813160e+04 8.498576e+04 8.664127e-02 -3.465102e-01 1.420348e+10 2.442501e+01
5.839998e+04 8.539393e+04 8.628587e-02 -3.474120e-01 1.420348e+10 2.442902e+01
5.866959e+04 8.580406e+04 8.593150e-02 -3.483067e-01 1.420348e+10 2.443304e+01
5.894045e+04 8.621617e+04 8.557813e-02 -3.491943e-01 1.420348e+10 2.443705e+01
5.921257e+04 8.663026e+04 8.522577e-02 -3.500747e-01 1.420348e+10 2.444107e+01
5.948593e+04 8.704634e+04 8.487442e-02 -3.509479e-01 1.420348e+10 2.444509e+01
5.976056e+04 8.746443e+04 8.452408e-02 -3.518137e-01 1.420348e+10 2.444911e+01
6.003646e+04 8.788452e+04 8.417473e-02 -3.526721e-01 1.420348e+10 2.445313e+01
6.031363e+04 8.830664e+04 8.382638e-02 -3.535231e-01 1.420348e+10 2.445715e+01
6.059208e+04 8.873078e+04 8.347902e-02 -3.543664e-01 1.420348e+10 2.446117e+01
6.087182e+04 8.915696e+04 8.313265e-02 -3.552022e-01 1.420348e+10 2.446520e+01
6.115285e+04 8.958519e+04 8.278727e-02 -3.560302e-01 1.420348e+10 2.446922e+01
6.143517e+04 9.001547e+04 8.244288e-02 -3.568505e-01 1.420348e+10 2.447325e+01
6.171880e+04 9.044782e+04 8.209947e-02 -3.576629e-01 1.420348e+10 2.447728e+01
6.200374e+04 9.088224e+04 8.175704e-02 -3.584674e-01 1.420348e+10 2.448131e+01
6.228999e+04 9.131875e+04 8.141559e-02 -3.592640e-01 1.420348e+10 2.448534e+01
6.257757e+04 9.175735e+04 8.107511e-02 -3.600525e-01 1.420348e+10 2.448937e+01
6.286647e+04 9.219805e+04 8.073561e-02 -3.608330e-01 1.420348e+10 2.449340e+01
6.315671e+04 9.264086e+04 8.039708e-02 -3.616053e-01 1.420348e+10 2.449743e+01
6.344828e+04 9.308579e+04 8.005953e-02 -3.623695e-01 1.420348e+10 2.450147e+01
6.374121e+04 9.353285e+04 7.972294e-02 -3.631254e-01 1.420348e+10 2.450551e+01
6.403548e+04 9.398206e+04 7.938732e-02 -3.638729e-01 1.420348e+10 2.450954e+01
6.433112e+04 9.443341e+04 7.905266e-02 -3.646122e-01 1.420348e+10 2.451358e+01
6.462811e+04 9.488692e+04 7.871897e-02 -3.653430e-01 1.420348e+10 2.451762e+01
6.492648e+04 9.534260e+04 7.838624e-02 -3.660653e-01 1.420348e+10 2.452166e+01
6.522623e+04 9.580046e+04 7.805447e-02 -3.667792e-01 1.420348e+10 2.452570e+01
6.552736e+04 9.626050e+04 7.772366e-02 -3.674845e-01 1.420348e+10 2.452975e+01
6.582988e+04 9.672275e+04 7.739381e-02 -3.681813e-01 1.420348e+10 2.453379e+01
6.613380e+04 9.718719e+04 7.706491e-02 -3.688694e-01 1.420348e+10 2.453784e+01
6.643912e+04 9.765386e+04 7.673698e-02 -3.695488e-01 1.420348e+10 2.454188e+01
6.674585e+04 9.812275e+04 7.641000e-02 -3.702195e-01 1.420348e+10 2.454593e+01
6.705400e+04 9.859388e+04 7.608397e-02 -3.708815e-01 1.420348e+10 2.454998e+01
6.736357e+04 9.906726e+04 7.575890e-02 -3.715348e-01 1.420348e+10 2.455403e+01
6.767457e+04 9.954289e+04 7.543478e-02 -3.721792e-01 1.420348e+10 2.455808e+01
6.798700e+04 1.000208e+05 7.511161e-02 -3.728148e-01 1.420348e+10 2.456213e+01
6.830088e+04 1.005010e+05 7.478939e-02 -3.734415e-01 1.420348e+10 2.456619e+01
6.861620e+04 1.009834e+05 7.446813e-02 -3.740593e-01 1.420348e+10 2.457024e+01
6.893298e+04 1.014682e+05 7.414781e-02 -3.746682e-01 1.420348e+10 2.457430e+01
6.925123e+04 1.019552e+05 7.382845e-02 -3.752682e-01 1.420348e+10 2.457835e+01
6.957094e+04 1.024446e+05 7.351004e-02 -3.758592e-01 1.420348e+10 2.458241e+01
6.989213e+04 1.029363e+05 7.319257e-02 -3.764412e-01 1.420348e+10 2.458647e+01
7.021480e+04 1.034303e+05 7.287606e-02 -3.770143e-01 1.420348e+10 2.459053e+01
7.053896e+04 1.039267e+05 7.256050e-02 -3.775783e-01 1.420348e+10 2.459459e+01
7.086462e+04 1.044255e+05 7.224588e-02 -3.781333e-01 1.420348e+10 2.459865e+01
7.119178e+04 1.049266e+05 7.193222e-02 -3.786794e-01 1.420348e+10 2.460272e+01
7.152046e+04 1.054300e+05 7.161951e-02 -3.792164e-01 1.420348e+10 2.460678e+01
7.185065e+04 1.059359e+05 7.130775e-02 -3.797444e-01 1.420348e+10 2.461085e+01
7.218236e+04 1.064442e+05 7.099694e-02 -3.802635e-01 1.420348e+10 2.461491e+01
7.251561e+04 1.069549e+05 7.068709e-02 -3.807736e-01 1.420348e+10 2.461898e+01
7.285039e+04 1.074680e+05 7.037819e-02 -3.812748e-01 1.420348e+10 2.462305e+01
7.318672e+04 1.079835e+05 7.007024e-02 -3.817670e-01 1.420348e+10 2.462712e+01
7.352460e+04 1.085015e+05 6.976326e-02 -3.822503e-01 1.420348e+10 2.463119e+01
7.386404e+04 1.090219e+05 6.945723e-02 -3.827247e-01 1.420348e+10 2.463526e+01
7.420505e+04 1.095447e+05 6.915215e-02 -3.831902e-01 1.420348e+10 2.463933e+01
7.454764e+04 1.100701e+05 6.884804e-02 -3.836469e-01 1.420348e+10 2.464341e+01
7.489180e+04 1.105979e+05 6.854488e-02 -3.840947e-01 1.420348e+10 2.464748e+01
7.523756e+04 1.111283e+05 6.824269e-02 -3.845337e-01 1.420348e+10 2.465156e+01
7.558491e+04 1.116611e+05 6.794146e-02 -3.849640e-01 1.420348e+10 2.465564e+01
7.593386e+04 1.121964e+05 6.764119e-02 -3.853855e-01 1.420348e+10 2.465971e+01
7.628443e+04 1.127343e+05 6.734188e-02 -3.857983e-01 1.420348e+10 2.466379e+01
7.663661e+04 1.132747e+05 6.704355e-02 -3.862024e-01 1.420348e+10 2.466787e+01
7.699042e+04 1.138177e+05 6.674617e-02 -3.865980e-01 1.420348e+10 2.467195e+01
7.734586e+04 1.143632e+05 6.644977e-02 -3.869849e-01 1.420348e+10 2.467603e+01
7.770295e+04 1.149113e+05 6.615433e-02 -3.873633e-01 1.420348e+10 2.468012e+01
7.806168e+04 1.154620e+05 6.585986e-02 -3.877332e-01 1.420348e+10 2.468420e+01
7.842207e+04 1.160153e+05 6.556637e-02 -3.880946e-01 1.420348e+10 2.468828e+01
7.878412e+04 1.165711e+05 6.527385e-02 -3.884477e-01 1.420348e+10 2.469237e+01
7.914784e+04 1.171296e+05 6.498230e-02 -3.887923e-01 1.420348e+10 2.469645e+01
7.951325e+04 1.176908e+05 6.469172e-02 -3.891287e-01 1.420348e+10 2.470054e+01
7.988034e+04 1.182545e+05 6.440212e-02 -3.894569e-01 1.420348e+10 2.470463e+01
8.024912e+04 1.188209e+05 6.411350e-02 -3.897769e-01 1.420348e+10 2.470871e+01
8.061961e+04 1.193900e+05 6.382586e-02 -3.900887e-01 1.420348e+10 2.471280e+01
8.099181e+04 1.199617e+05 6.353920e-02 -3.903925e-01 1.420348e+10 2.471689e+01
8.136572e+04 1.205362e+05 6.325353e-02 -3.906884e-01 1.420348e+10 2.472098e+01
8.174136e+04 1.211133e+05 6.296883e-02 -3.909763e-01 1.420348e+10 2.472507e+01
8.211874e+04 1.216931e+05 6.268512e-02 -3.912563e-01 1.420348e+10 2.472917e+01
8.249786e+04 1.222757e+05 6.240239e-02 -3.915285e-01 1.420348e+10 2.473326e+01
8.287873e+04 1.228610e+05 6.212066e-02 -3.917931e-01 1.420348e+10 2.473735e+01
8.326136e+04 1.234490e+05 6.183991e-02 -3.920500e-01 1.420348e+10 2.474145e+01
8.364575e+04 1.240398e+05 6.156015e-02 -3.922993e-01 1.420348e+10 2.474554e+01
8.403192e+04 1.246334e+05 6.128138e-02 -3.925411e-01 1.420348e+10 2.474964e+01
8.441987e+04 1.252298e+05 6.100361e-02 -3.927756e-01 1.420348e+10 2.475373e+01
8.480961e+04 1.258289e+05 6.072683e-02 -3.930027e-01 1.420348e+10 2.475783e+01
8.520116e+04 1.264308e+05 6.045104e-02 -3.932226e-01 1.420348e+10 2.476193e+01
8.559451e+04 1.270356e+05 6.017626e-02 -3.934353e-01 1.420348e+10 2.476602e+01
8.598967e+04 1.276432e+05 5.990247e-02 -3.936410e-01 1.420348e+10 2.477012e+01
8.638666e+04 1.282536e+05 5.962968e-02 -3.938397e-01 1.420348e+10 2.477422e+01
8.678548e+04 1.288669e+05 5.935789e-02 -3.940316e-01 1.420348e+10 2.477832e+01
8.718615e+04 1.294831e+05 5.908711e-02 -3.942167e-01 1.420348e+10 2.478242e+01
8.758866e+04 1.301021e+05 5.881733e-02 -3.943951e-01 1.420348e+10 2.478652e+01
8.799303e+04 1.307240e+05 5.854855e-02 -3.945669e-01 1.420348e+10 2.479062e+01
8.839927e+04 1.313489e+05 5.828079e-02 -3.947323e-01 1.420348e+10 2.479473e+01
8.880739e+04 1.319766e+05 5.801402e-02 -3.948912e-01 1.420348e+10 2.479883e+01
8.921738e+04 1.326073e+05 5.774827e-02 -3.950437e-01 1.420348e+10 2.480293e+01
8.962928e+04 1.332409e+05 5.748352e-02 -3.951900e-01 1.420348e+10 2.480703e+01
9.004307e+04 1.338775e+05 5.721978e-02 -3.953301e-01 1.420348e+10 2.481114e+01
9.045877e+04 1.345171e+05 5.695705e-02 -3.954642e-01 1.420348e+10 2.481524e+01
9.087639e+04 1.351596e+05 5.669533e-02 -3.955923e-01 1.420348e+10 2.481935e+01
9.129594e+04 1.358051e+05 5.643463e-02 -3.957147e-01 1.420348e+10 2.482345e+01
9.171743e+04 1.364537e+05 5.617494e-02 -3.958313e-01 1.420348e+10 2.482756e+01
9.214087e+04 1.371052e+05 5.591626e-02 -3.959423e-01 1.420348e+10 2.483166e+01
9.256625e+04 1.377598e+05 5.565859e-02 -3.960477e-01 1.420348e+10 2.483577e+01
9.299361e+04 1.384175e+05 5.540194e-02 -3.961478e-01 1.420348e+10 2.483987e+01
9.342293e+04 1.390782e+05 5.514631e-02 -3.962425e-01 1.420348e+10 2.484398e+01
9.385424e+04 1.397420e+05 5.489169e-02 -3.963320e-01 1.420348e+10 2.484809e+01
9.428754e+04 1.404088e+05 5.463808e-02 -3.964164e-01 1.420348e+10 2.485219e+01
9.472283e+04 1.410788e+05 5.438550e-02 -3.964957e-01 1.420348e+10 2.485630e+01
9.516014e+04 1.417519e+05 5.413393e-02 -3.965702e-01 1.420348e+10 2.486041e+01
9.559947e+04 1.424281e+05 5.388337e-02 -3.966398e-01 1.420348e+10 2.486452e+01
9.604083e+04 1.431075e+05 5.363384e-02 -3.967047e-01 1.420348e+10 2.486862e+01
9.648422e+04 1.437901e+05 5.338531e-02 -3.967650e-01 1.420348e+10 2.487273e+01
9.692966e+04 1.444758e+05 5.313781e-02 -3.968208e-01 1.420348e+10 2.487684e+01
9.737716e+04 1.451647e+05 5.289132e-02 -3.968721e-01 1.420348e+10 2.488095e+01
9.782672e+04 1.458568e+05 5.264585e-02 -3.969190e-01 1.420348e+10 2.488506e+01
9.827836e+04 1.465521e+05 5.240139e-02 -3.969617e-01 1.420348e+10 2.488917e+01
9.873208e+04 1.472506e+05 5.215794e-02 -3.970003e-01 1.420348e+10 2.489328e+01
9.918790e+04 1.479524e+05 5.191551e-02 -3.970348e-01 1.420348e+10 2.489738e+01
9.964582e+04 1.486575e+05 5.167409e-02 -3.970653e-01 1.420348e+10 2.490149e+01
1.001059e+05 1.493658e+05 5.143369e-02 -3.970919e-01 1.420348e+10 2.490560e+01
1.005680e+05 1.500774e+05 5.119430e-02 -3.971148e-01 1.420348e+10 2.490971e+01
1.010323e+05 1.507923e+05 5.095592e-02 -3.971340e-01 1.420348e+10 2.491382e+01
1.014987e+05 1.515105e+05 5.071855e-02 -3.971495e-01 1.420348e+10 2.491793e+01
1.019673e+05 1.522321e+05 5.048218e-02 -3.971616e-01 1.420348e+10 2.492204e+01
1.024381e+05 1.529570e+05 5.024683e-02 -3.971702e-01 1.420348e+10 2.492615e+01
1.029110e+05 1.536853e+05 5.001248e-02 -3.971755e-01 1.420348e+10 2.493026e+01
1.033861e+05 1.544170e+05 4.977914e-02 -3.971775e-01 1.420348e+10 2.493437e+01
1.038634e+05 1.551520e+05 4.954681e-02 -3.971764e-01 1.420348e+10 2.493848e+01
1.043429e+05 1.558905e+05 4.931547e-02 -3.971721e-01 1.420348e+10 2.494259e+01
1.048247e+05 1.566324e+05 4.908514e-02 -3.971649e-01 1.420348e+10 2.494670e+01
1.053086e+05 1.573777e+05 4.885581e-02 -3.971547e-01 1.420348e+10 2.495081e+01
1.057948e+05 1.581265e+05 4.862748e-02 -3.971418e-01 1.420348e+10 2.495491e+01
1.062832e+05 1.588787e+05 4.840015e-02 -3.971260e-01 1.420348e+10 2.495902e+01
1.067739e+05 1.596344e+05 4.817381e-02 -3.971077e-01 1.420348e+10 2.496313e+01
1.072668e+05 1.603937e+05 4.794847e-02 -3.970867e-01 1.420348e+10 2.496724e+01
1.077621e+05 1.611564e+05 4.772412e-02 -3.970632e-01 1.420348e+10 2.497135e+01
1.082596e+05 1.619227e+05 4.750076e-02 -3.970374e-01 1.420348e+10 2.497546e+01
1.087594e+05 1.626925e+05 4.727839e-02 -3.970091e-01 1.420348e+10 2.497957e+01
1.092615e+05 1.634659e+05 4.705701e-02 -3.969786e-01 1.420348e+10 2.498368e+01
1.097659e+05 1.642429e+05 4.683662e-02 -3.969459e-01 1.420348e+10 2.498779e+01
1.102727e+05 1.650235e+05 4.661721e-02 -3.969111e-01 1.420348e+10 2.499189e+01
1.107818e+05 1.658077e+05 4.639878e-02 -3.968742e-01 1.420348e+10 2.499600e+01
1.112932e+05 1.665955e+05 4.618132e-02 -3.968354e-01 1.420348e+10 2.500011e+01
1.118070e+05 1.673870e+05 4.596485e-02 -3.967946e-01 1.420348e+10 2.500422e+01
1.123232e+05 1.681821e+05 4.574935e-02 -3.967521e-01 1.420348e+10 2.500833e+01
1.128418e+05 1.689809e+05 4.553482e-02 -3.967077e-01 1.420348e+10 2.501243e+01
1.133627e+05 1.697834e+05 4.532127e-02 -3.966616e-01 1.420348e+10 2.501654e+01
1.138861e+05 1.705897e+05 4.510868e-02 -3.966139e-01 1.420348e+10 2.502065e+01
1.144119e+05 1.713996e+05 4.489705e-02 -3.965645e-01 1.420348e+10 2.502475e+01
1.149401e+05 1.722133e+05 4.468639e-02 -3.965137e-01 1.420348e+10 2.502886e+01
1.154707e+05 1.730308e+05 4.447668e-02 -3.964613e-01 1.420348e+10 2.503297e+01
1.160038e+05 1.738520e+05 4.426794e-02 -3.964075e-01 1.420348e+10 2.503707e+01
1.165394e+05 1.746771e+05 4.406014e-02 -3.963524e-01 1.420348e+10 2.504118e+01
1.170774e+05 1.755059e+05 4.385330e-02 -3.962959e-01 1.420348e+10 2.504529e+01
1.176179e+05 1.763386e+05 4.364741e-02 -3.962382e-01 1.420348e+10 2.504939e+01
1.181609e+05 1.771752e+05 4.344246e-02 -3.961793e-01 1.420348e+10 2.505350e+01
1.187064e+05 1.780156e+05 4.323846e-02 -3.961192e-01 1.420348e+10 2.505760e+01
1.192545e+05 1.788599e+05 4.303539e-02 -3.960580e-01 1.420348e+10 2.506171e+01
1.198050e+05 1.797081e+05 4.283326e-02 -3.959958e-01 1.420348e+10 2.506581e+01
1.203581e+05 1.805602e+05 4.263207e-02 -3.959326e-01 1.420348e+10 2.506991e+01
1.209138e+05 1.814163e+05 4.243181e-02 -3.958684e-01 1.420348e+10 2.507402e+01
1.214720e+05 1.822763e+05 4.223247e-02 -3.958033e-01 1.420348e+10 2.507812e+01
1.220328e+05 1.831403e+05 4.203406e-02 -3.957373e-01 1.420348e+10 2.508222e+01
1.225962e+05 1.840083e+05 4.183657e-02 -3.956705e-01 1.420348e+10 2.508633e+01
1.231622e+05 1.848803e+05 4.164000e-02 -3.956029e-01 1.420348e+10 2.509043e+01
1.237308e+05 1.857564e+05 4.144435e-02 -3.955346e-01 1.420348e+10 2.509453e+01
1.243020e+05 1.866364e+05 4.124960e-02 -3.954656e-01 1.420348e+10 2.509863e+01
1.248759e+05 1.875206e+05 4.105577e-02 -3.953959e-01 1.420348e+10 2.510274e+01
1.254524e+05 1.884088e+05 4.086284e-02 -3.953257e-01 1.420348e+10 2.510684e+01
1.260316e+05 1.893012e+05 4.067082e-02 -3.952549e-01 1.420348e+10 2.511094e+01
1.266135e+05 1.901976e+05 4.047969e-02 -3.951835e-01 1.420348e+10 2.511504e+01
1.271980e+05 1.910982e+05 4.028946e-02 -3.951116e-01 1.420348e+10 2.511914e+01
1.277852e+05 1.920030e+05 4.010012e-02 -3.950393e-01 1.420348e+10 2.512324e+01
1.283752e+05 1.929119e+05 3.991167e-02 -3.949665e-01 1.420348e+10 2.512734e+01
1.289679e+05 1.938251e+05 3.972411e-02 -3.948933e-01 1.420348e+10 2.513144e+01
1.295633e+05 1.947425e+05 3.953743e-02 -3.948197e-01 1.420348e+10 2.513554e+01
1.301614e+05 1.956641e+05 3.935163e-02 -3.947458e-01 1.420348e+10 2.513964e+01
1.307623e+05 1.965899e+05 3.916670e-02 -3.946716e-01 1.420348e+10 2.514373e+01
1.313660e+05 1.975201e+05 3.898265e-02 -3.945971e-01 1.420348e+10 2.514783e+01
1.319725e+05 1.984545e+05 3.879946e-02 -3.945223e-01 1.420348e+10 2.515193e+01
1.325818e+05 1.993932e+05 3.861714e-02 -3.944473e-01 1.420348e+10 2.515603e+01
1.331939e+05 2.003363e+05 3.843568e-02 -3.943721e-01 1.420348e+10 2.516012e+01
1.338088e+05 2.012838e+05 3.825508e-02 -3.942967e-01 1.420348e+10 2.516422e+01
1.344266e+05 2.022356e+05 3.807533e-02 -3.942212e-01 1.420348e+10 2.516831e+01
1.350472e+05 2.031918e+05 3.789643e-02 -3.941455e-01 1.420348e+10 2.517241e+01
1.356706e+05 2.041524e+05 3.771838e-02 -3.940697e-01 1.420348e+10 2.517651e+01
1.362970e+05 2.051175e+05 3.754117e-02 -3.939938e-01 1.420348e+10 2.518060e+01
1.369262e+05 2.060870e+05 3.736481e-02 -3.939178e-01 1.420348e+10 2.518469e+01
1.375584e+05 2.070610e+05 3.718928e-02 -3.938417e-01 1.420348e+10 2.518879e+01
1.381935e+05 2.080395e+05 3.701458e-02 -3.937656e-01 1.420348e+10 2.519288e+01
1.388315e+05 2.090226e+05 3.684071e-02 -3.936895e-01 1.420348e+10 2.519698e+01
1.394724e+05 2.100101e+05 3.666766e-02 -3.936133e-01 1.420348e+10 2.520107e+01
1.401163e+05 2.110023e+05 3.649544e-02 -3.935371e-01 1.420348e+10 2.520516e+01
1.407632e+05 2.119990e+05 3.632403e-02 -3.934610e-01 1.420348e+10 2.520925e+01
1.414131e+05 2.130003e+05 3.615344e-02 -3.933849e-01 1.420348e+10 2.521335e+01
1.420659e+05 2.140062e+05 3.598366e-02 -3.933088e-01 1.420348e+10 2.521744e+01
1.427218e+05 2.150168e+05 3.581469e-02 -3.932328e-01 1.420348e+10 2.522153e+01
1.433807e+05 2.160320e+05 3.564652e-02 -3.931569e-01 1.420348e+10 2.522562e+01
1.440426e+05 2.170520e+05 3.547915e-02 -3.930810e-01 1.420348e+10 2.522971e+01
1.447077e+05 2.180766e+05 3.531257e-02 -3.930052e-01 1.420348e+10 2.523380e+01
1.453757e+05 2.191060e+05 3.514679e-02 -3.929296e-01 1.420348e+10 2.523789e+01
1.460469e+05 2.201401e+05 3.498180e-02 -3.928540e-01 1.420348e+10 2.524198e+01
1.467211e+05 2.211790e+05 3.481759e-02 -3.927786e-01 1.420348e+10 2.524607e+01
1.473985e+05 2.222227e+05 3.465417e-02 -3.927034e-01 1.420348e+10 2.525015e+01
1.480790e+05 2.232712e+05 3.449152e-02 -3.926282e-01 1.420348e+10 2.525424e+01
1.487626e+05 2.243246e+05 3.432965e-02 -3.925533e-01 1.420348e+10 2.525833e+01
1.494494e+05 2.253828e+05 3.416854e-02 -3.924784e-01 1.420348e+10 2.526242e+01
1.501394e+05 2.264459e+05 3.400821e-02 -3.924038e-01 1.420348e+10 2.526650e+01
1.508326e+05 2.275139e+05 3.384864e-02 -3.923294e-01 1.420348e+10 2.527059e+01
1.515289e+05 2.285869e+05 3.368983e-02 -3.922551e-01 1.420348e+10 2.527468e+01
1.522285e+05 2.296648e+05 3.353178e-02 -3.921810e-01 1.420348e+10 2.527876e+01
1.529313e+05 2.307477e+05 3.337447e-02 -3.921071e-01 1.420348e+10 2.528285e+01
1.536373e+05 2.318356e+05 3.321792e-02 -3.920335e-01 1.420348e+10 2.528693e+01
1.543466e+05 2.329285e+05 3.306212e-02 -3.919601e-01 1.420348e+10 2.529102e+01
1.550592e+05 2.340264e+05 3.290706e-02 -3.918869e-01 1.420348e+10 2.529510e+01
1.557750e+05 2.351294e+05 3.275274e-02 -3.918139e-01 1.420348e+10 2.529919e+01
1.564942e+05 2.362376e+05 3.259915e-02 -3.917411e-01 1.420348e+10 2.530327e+01
1.572167e+05 2.373508e+05 3.244629e-02 -3.916687e-01 1.420348e+10 2.530735e+01
1.579425e+05 2.384692e+05 3.229417e-02 -3.915964e-01 1.420348e+10 2.531144e+01
1.586717e+05 2.395927e+05 3.214277e-02 -3.915244e-01 1.420348e+10 2.531552e+01
1.594042e+05 2.407214e+05 3.199209e-02 -3.914527e-01 1.420348e+10 2.531960e+01
1.601402e+05 2.418553e+05 3.184213e-02 -3.913812e-01 1.420348e+10 2.532368e+01
1.608795e+05 2.429945e+05 3.169288e-02 -3.913100e-01 1.420348e+10 2.532776e+01
1.616222e+05 2.441389e+05 3.154435e-02 -3.912391e-01 1.420348e+10 2.533184e+01
1.623684e+05 2.452886e+05 3.139652e-02 -3.911684e-01 1.420348e+10 2.533593e+01
1.631180e+05 2.464437e+05 3.124940e-02 -3.910980e-01 1.420348e+10 2.534001e+01
1.638711e+05 2.476040e+05 3.110298e-02 -3.910279e-01 1.420348e+10 2.534409e+01
1.646276e+05 2.487697e+05 3.095726e-02 -3.909580e-01 1.420348e+10 2.534816e+01
1.653877e+05 2.499408e+05 3.081223e-02 -3.908885e-01 1.420348e+10 2.535224e+01
1.661512e+05 2.511173e+05 3.066790e-02 -3.908192e-01 1.420348e+10 2.535632e+01
1.669183e+05 2.522992e+05 3.052425e-02 -3.907502e-01 1.420348e+10 2.536040e+01
1.676889e+05 2.534866e+05 3.038128e-02 -3.906815e-01 1.420348e+10 2.536448e+01
1.684631e+05 2.546795e+05 3.023900e-02 -3.906131e-01 1.420348e+10 2.536856e+01
1.692408e+05 2.558779e+05 3.009740e-02 -3.905450e-01 1.420348e+10 2.537263e+01
1.700221e+05 2.570818e+05 2.995647e-02 -3.904771e-01 1.420348e+10 2.537671e+01
1.708071e+05 2.582912e+05 2.981621e-02 -3.904096e-01 1.420348e+10 2.538079e+01
1.715957e+05 2.595063e+05 2.967662e-02 -3.903423e-01 1.420348e+10 2.538486e+01
1.723879e+05 2.607269e+05 2.953769e-02 -3.902753e-01 1.420348e+10 2.538894e+01
1.731837e+05 2.619532e+05 2.939942e-02 -3.902086e-01 1.420348e+10 2.539302e+01
1.739833e+05 2.631852e+05 2.926182e-02 -3.901422e-01 1.420348e+10 2.539709e+01
1.747865e+05 2.644228e+05 2.912487e-02 -3.900760e-01 1.420348e+10 2.540117e+01
1.755934e+05 2.656662e+05 2.898857e-02 -3.900102e-01 1.420348e+10 2.540524e+01
1.764041e+05 2.669153e+05 2.885292e-02 -3.899446e-01 1.420348e+10 2.540931e+01
1.772185e+05 2.681702e+05 2.871791e-02 -3.898793e-01 1.420348e+10 2.541339e+01
1.780367e+05 2.694308e+05 2.858355e-02 -3.898143e-01 1.420348e+10 2.541746e+01
1.788586e+05 2.706973e+05 2.844982e-02 -3.897496e-01 1.420348e+10 2.542154e+01
1.796844e+05 2.719696e+05 2.831674e-02 -3.896853e-01 1.420348e+10 2.542561e+01
1.805139e+05 2.732478e+05 2.818428e-02 -3.896212e-01 1.420348e+10 2.542968e+01
1.813473e+05 2.745320e+05 2.805246e-02 -3.895574e-01 1.420348e+10 2.543375e+01
1.821845e+05 2.758220e+05 2.792126e-02 -3.894939e-01 1.420348e+10 2.543783e+01
1.830256e+05 2.771180e+05 2.779069e-02 -3.894307e-01 1.420348e+10 2.544190e+01
1.838706e+05 2.784199e+05 2.766074e-02 -3.893678e-01 1.420348e+10 2.544597e+01
1.847195e+05 2.797279e+05 2.753140e-02 -3.893052e-01 1.420348e+10 2.545004e+01
1.855723e+05 2.810419e+05 2.740268e-02 -3.892428e-01 1.420348e+10 2.545411e+01
1.864290e+05 2.823620e+05 2.727458e-02 -3.891808e-01 1.420348e+10 2.545818e+01
1.872897e+05 2.836882e+05 2.714708e-02 -3.891190e-01 1.420348e+10 2.546225e+01
1.881544e+05 2.850205e+05 2.702018e-02 -3.890575e-01 1.420348e+10 2.546632e+01
1.890230e+05 2.863590e+05 2.689389e-02 -3.889963e-01 1.420348e+10 2.547039e+01
1.898957e+05 2.877036e+05 2.676820e-02 -3.889354e-01 1.420348e+10 2.547446e+01
1.907724e+05 2.890544e+05 2.664311e-02 -3.888748e-01 1.420348e+10 2.547853e+01
1.916531e+05 2.904115e+05 2.651861e-02 -3.888144e-01 1.420348e+10 2.548259e+01
1.925379e+05 2.917749e+05 2.639470e-02 -3.887543e-01 1.420348e+10 2.548666e+01
1.934268e+05 2.931445e+05 2.627138e-02 -3.886945e-01 1.420348e+10 2.549073e+01
1.943198e+05 2.945205e+05 2.614865e-02 -3.886350e-01 1.420348e+10 2.549480e+01
1.952169e+05 2.959028e+05 2.602650e-02 -3.885758e-01 1.420348e+10 2.549886e+01
1.961182e+05 2.972915e+05 2.590492e-02 -3.885168e-01 1.420348e+10 2.550293e+01
1.970236e+05 2.986866e+05 2.578393e-02 -3.884581e-01 1.420348e+10 2.550700e+01
1.979332e+05 3.000881e+05 2.566351e-02 -3.883997e-01 1.420348e+10 2.551106e+01
1.988470e+05 3.014962e+05 2.554366e-02 -3.883415e-01 1.420348e+10 2.551513e+01
1.997650e+05 3.029107e+05 2.542438e-02 -3.882836e-01 1.420348e+10 2.551920e+01
2.006873e+05 3.043317e+05 2.530566e-02 -3.882260e-01 1.420348e+10 2.552326e+01
2.016138e+05 3.057593e+05 2.518751e-02 -3.881686e-01 1.420348e+10 2.552733e+01
2.025446e+05 3.071935e+05 2.506991e-02 -3.881116e-01 1.420348e+10 2.553139e+01
2.034797e+05 3.086344e+05 2.495288e-02 -3.880547e-01 1.420348e+10 2.553546e+01
2.044191e+05 3.100818e+05 2.483640e-02 -3.879982e-01 1.420348e+10 2.553952e+01
2.053629e+05 3.115360e+05 2.472047e-02 -3.879419e-01 1.420348e+10 2.554358e+01
2.063110e+05 3.129969e+05 2.460509e-02 -3.878859e-01 1.420348e+10 2.554765e+01
2.072634e+05 3.144645e+05 2.449025e-02 -3.878301e-01 1.420348e+10 2.555171e+01
2.082203e+05 3.159389e+05 2.437596e-02 -3.877746e-01 1.420348e+10 2.555577e+01
2.091816e+05 3.174201e+05 2.426222e-02 -3.877194e-01 1.420348e+10 2.555984e+01
2.101473e+05 3.189081e+05 2.414901e-02 -3.876644e-01 1.420348e+10 2.556390e+01
2.111175e+05 3.204030e+05 2.403634e-02 -3.876097e-01 1.420348e+10 2.556796e+01
2.120922e+05 3.219048e+05 2.392420e-02 -3.875552e-01 1.420348e+10 2.557202e+01
2.130714e+05 3.234136e+05 2.381259e-02 -3.875010e-01 1.420348e+10 2.557608e+01
2.140551e+05 3.249293e+05 2.370151e-02 -3.874471e-01 1.420348e+10 2.558014e+01
2.150433e+05 3.264520e+05 2.359095e-02 -3.873934e-01 1.420348e+10 2.558421e+01
2.160361e+05 3.279817e+05 2.348092e-02 -3.873400e-01 1.420348e+10 2.558827e+01
2.170335e+05 3.295185e+05 2.337141e-02 -3.872868e-01 1.420348e+10 2.559233e+01
2.180354e+05 3.310624e+05 2.326242e-02 -3.872339e-01 1.420348e+10 2.559639e+01
2.190421e+05 3.326134e+05 2.315395e-02 -3.871812e-01 1.420348e+10 2.560045e+01
2.200533e+05 3.341716e+05 2.304598e-02 -3.871288e-01 1.420348e+10 2.560451e+01
2.210692e+05 3.357370e+05 2.293853e-02 -3.870767e-01 1.420348e+10 2.560857e+01
2.220898e+05 3.373096e+05 2.283159e-02 -3.870249e-01 1.420348e+10 2.561262e+01
2.231152e+05 3.388894e+05 2.272515e-02 -3.869732e-01 1.420348e+10 2.561668e+01
2.241452e+05 3.404766e+05 2.261921e-02 -3.869219e-01 1.420348e+10 2.562074e+01
2.251800e+05 3.420711e+05 2.251378e-02 -3.868708e-01 1.420348e+10 2.562480e+01
2.262196e+05 3.436729e+05 2.240885e-02 -3.868199e-01 1.420348e+10 2.562886e+01
2.272640e+05 3.452821e+05 2.230441e-02 -3.867692e-01 1.420348e+10 2.563292e+01
2.283132e+05 3.468988e+05 2.220046e-02 -3.867189e-01 1.420348e+10 2.563697e+01
2.293673e+05 3.485229e+05 2.209700e-02 -3.866687e-01 1.420348e+10 2.564103e+01
2.304262e+05 3.501546e+05 2.199404e-02 -3.866188e-01 1.420348e+10 2.564509e+01
2.314900e+05 3.517937e+05 2.189156e-02 -3.865691e-01 1.420348e+10 2.564914e+01
2.325588e+05 3.534404e+05 2.178956e-02 -3.865197e-01 1.420348e+10 2.565320e+01
2.336324e+05 3.550948e+05 2.168805e-02 -3.864705e-01 1.420348e+10 2.565726e+01
2.347110e+05 3.567567e+05 2.158701e-02 -3.864216e-01 1.420348e+10 2.566131e+01
2.357946e+05 3.584264e+05 2.148646e-02 -3.863729e-01 1.420348e+10 2.566537e+01
2.368832e+05 3.601037e+05 2.138637e-02 -3.863244e-01 1.420348e+10 2.566942e+01
2.379768e+05 3.617888e+05 2.128676e-02 -3.862761e-01 1.420348e+10 2.567348e+01
2.390755e+05 3.634817e+05 2.118762e-02 -3.862281e-01 1.420348e+10 2.567753e+01
2.401793e+05 3.651824e+05 2.108895e-02 -3.861803e-01 1.420348e+10 2.568159e+01
2.412881e+05 3.668909e+05 2.099074e-02 -3.861327e-01 1.420348e+10 2.568564e+01
2.424021e+05 3.686073e+05 2.089300e-02 -3.860854e-01 1.420348e+10 2.568970e+01
2.435212e+05 3.703317e+05 2.079572e-02 -3.860383e-01 1.420348e+10 2.569375e+01
2.446454e+05 3.720640e+05 2.069889e-02 -3.859914e-01 1.420348e+10 2.569780e+01
2.457749e+05 3.738043e+05 2.060253e-02 -3.859448e-01 1.420348e+10 2.570186e+01
2.469096e+05 3.755527e+05 2.050661e-02 -3.858983e-01 1.420348e+10 2.570591e+01
2.480495e+05 3.773091e+05 2.041115e-02 -3.858521e-01 1.420348e+10 2.570996e+01
2.491946e+05 3.790736e+05 2.031614e-02 -3.858061e-01 1.420348e+10 2.571401e+01
2.503451e+05 3.808463e+05 2.022158e-02 -3.857603e-01 1.420348e+10 2.571807e+01
2.515009e+05 3.826271e+05 2.012746e-02 -3.857148e-01 1.420348e+10 2.572212e+01
2.526620e+05 3.844162e+05 2.003379e-02 -3.856694e-01 1.420348e+10 2.572617e+01
2.538285e+05 3.862135e+05 1.994056e-02 -3.856243e-01 1.420348e+10 2.573022e+01
2.550003e+05 3.880192e+05 1.984776e-02 -3.855794e-01 1.420348e+10 2.573427e+01
2.561776e+05 3.898331e+05 1.975541e-02 -3.855347e-01 1.420348e+10 2.573832e+01
2.573603e+05 3.916555e+05 1.966349e-02 -3.854902e-01 1.420348e+10 2.574238e+01
2.585484e+05 3.934862e+05 1.957200e-02 -3.854459e-01 1.420348e+10 2.574643e+01
2.597421e+05 3.953255e+05 1.948094e-02 -3.854019e-01 1.420348e+10 2.575048e+01
2.609412e+05 3.971732e+05 1.939032e-02 -3.853580e-01 1.420348e+10 2.575453e+01
2.621459e+05 3.990294e+05 1.930011e-02 -3.853144e-01 1.420348e+10 2.575858e+01
2.633562e+05 4.008942e+05 1.921034e-02 -3.852710e-01 1.420348e+10 2.576263e+01
2.645720e+05 4.027676e+05 1.912098e-02 -3.852277e-01 1.420348e+10 2.576668e+01
2.657935e+05 4.046497e+05 1.903205e-02 -3.851847e-01 1.420348e+10 2.577073e+01
2.670206e+05 4.065404e+05 1.894354e-02 -3.851419e-01 1.420348e+10 2.577477e+01
2.682533e+05 4.084399e+05 1.885544e-02 -3.850993e-01 1.420348e+10 2.577882e+01
2.694918e+05 4.103481e+05 1.876775e-02 -3.850569e-01 1.420348e+10 2.578287e+01
2.707359e+05 4.122652e+05 1.868048e-02 -3.850147e-01 1.420348e+10 2.578692e+01
2.719858e+05 4.141911e+05 1.859362e-02 -3.849727e-01 1.420348e+10 2.579097e+01
2.732415e+05 4.161259e+05 1.850717e-02 -3.849309e-01 1.420348e+10 2.579502e+01
2.745030e+05 4.180696e+05 1.842113e-02 -3.848892e-01 1.420348e+10 2.579906e+01
2.757703e+05 4.200223e+05 1.833548e-02 -3.848478e-01 1.420348e+10 2.580311e+01
2.770435e+05 4.219840e+05 1.825025e-02 -3.848066e-01 1.420348e+10 2.580716e+01
2.783225e+05 4.239548e+05 1.816541e-02 -3.847656e-01 1.420348e+10 2.581121e+01
2.796074e+05 4.259347e+05 1.808097e-02 -3.847248e-01 1.420348e+10 2.581525e+01
2.808983e+05 4.279237e+05 1.799693e-02 -3.846842e-01 1.420348e+10 2.581930e+01
2.821951e+05 4.299219e+05 1.791328e-02 -3.846437e-01 1.420348e+10 2.582335e+01
2.834979e+05 4.319293e+05 1.783003e-02 -3.846035e-01 1.420348e+10 2.582739e+01
2.848068e+05 4.339460e+05 1.774717e-02 -3.845634e-01 1.420348e+10 2.583144e+01
2.861216e+05 4.359720e+05 1.766470e-02 -3.845236e-01 1.420348e+10 2.583548e+01
2.874426e+05 4.380074e+05 1.758261e-02 -3.844839e-01 1.420348e+10 2.583953e+01
2.887696e+05 4.400521e+05 1.750091e-02 -3.844444e-01 1.420348e+10 2.584358e+01
2.901028e+05 4.421063e+05 1.741959e-02 -3.844051e-01 1.420348e+10 2.584762e+01
2.914421e+05 4.441700e+05 1.733866e-02 -3.843660e-01 1.420348e+10 2.585167e+01
2.927876e+05 4.462432e+05 1.725811e-02 -3.843271e-01 1.420348e+10 2.585571e+01
2.941393e+05 4.483260e+05 1.717793e-02 -3.842883e-01 1.420348e+10 2.585976e+01
2.954973e+05 4.504184e+05 1.709813e-02 -3.842498e-01 1.420348e+10 2.586380e+01
2.968615e+05 4.525204e+05 1.701871e-02 -3.842114e-01 1.420348e+10 2.586784e+01
2.982320e+05 4.546322e+05 1.693966e-02 -3.841732e-01 1.420348e+10 2.587189e+01
2.996089e+05 4.567537e+05 1.686098e-02 -3.841352e-01 1.420348e+10 2.587593e+01
3.009921e+05 4.588850e+05 1.678267e-02 -3.840974e-01 1.420348e+10 2.587997e+01
3.023817e+05 4.610261e+05 1.670472e-02 -3.840597e-01 1.420348e+10 2.588402e+01
3.037777e+05 4.631771e+05 1.662714e-02 -3.840223e-01 1.420348e+10 2.588806e+01
3.051802e+05 4.653381e+05 1.654993e-02 -3.839850e-01 1.420348e+10 2.589210e+01
3.065891e+05 4.675090e+05 1.647308e-02 -3.839479e-01 1.420348e+10 2.589615e+01
3.080045e+05 4.696900e+05 1.639659e-02 -3.839109e-01 1.420348e+10 2.590019e+01
3.094265e+05 4.718810e+05 1.632046e-02 -3.838741e-01 1.420348e+10 2.590423e+01
3.108550e+05 4.740821e+05 1.624468e-02 -3.838376e-01 1.420348e+10 2.590827e+01
3.122902e+05 4.762934e+05 1.616926e-02 -3.838011e-01 1.420348e+10 2.591232e+01
3.137319e+05 4.785149e+05 1.609420e-02 -3.837649e-01 1.420348e+10 2.591636e+01
3.151803e+05 4.807467e+05 1.601948e-02 -3.837288e-01 1.420348e+10 2.592040e+01
3.166354e+05 4.829888e+05 1.594512e-02 -3.836929e-01 1.420348e+10 2.592444e+01
3.180972e+05 4.852412e+05 1.587110e-02 -3.836572e-01 1.420348e+10 2.592848e+01
3.195658e+05 4.875040e+05 1.579744e-02 -3.836216e-01 1.420348e+10 2.593252e+01
3.210412e+05 4.897772e+05 1.572411e-02 -3.835862e-01 1.420348e+10 2.593656e+01
3.225233e+05 4.920610e+05 1.565113e-02 -3.835510e-01 1.420348e+10 2.594061e+01
3.240123e+05 4.943553e+05 1.557850e-02 -3.835159e-01 1.420348e+10 2.594465e+01
3.255082e+05 4.966602e+05 1.550620e-02 -3.834810e-01 1.420348e+10 2.594869e+01
3.270110e+05 4.989757e+05 1.543424e-02 -3.834463e-01 1.420348e+10 2.595273e+01
3.285207e+05 5.013020e+05 1.536262e-02 -3.834117e-01 1.420348e+10 2.595677e+01
3.300374e+05 5.036389e+05 1.529134e-02 -3.833773e-01 1.420348e+10 2.596081e+01
3.315611e+05 5.059867e+05 1.522039e-02 -3.833431e-01 1.420348e+10 2.596485e+01
3.330918e+05 5.083453e+05 1.514977e-02 -3.833090e-01 1.420348e+10 2.596888e+01
3.346296e+05 5.107147e+05 1.507948e-02 -3.832751e-01 1.420348e+10 2.597292e+01
3.361745e+05 5.130952e+05 1.500952e-02 -3.832413e-01 1.420348e+10 2.597696e+01
3.377265e+05 5.154866e+05 1.493989e-02 -3.832078e-01 1.420348e+10 2.598100e+01
3.392857e+05 5.178890e+05 1.487059e-02 -3.831743e-01 1.420348e+10 2.598504e+01
3.408520e+05 5.203026e+05 1.480160e-02 -3.831410e-01 1.420348e+10 2.598908e+01
3.424257e+05 5.227273e+05 1.473295e-02 -3.831079e-01 1.420348e+10 2.599312e+01
3.440065e+05 5.251631e+05 1.466461e-02 -3.830749e-01 1.420348e+10 2.599716e+01
3.455947e+05 5.276103e+05 1.459659e-02 -3.830421e-01 1.420348e+10 2.600119e+01
3.471902e+05 5.300687e+05 1.452890e-02 -3.830095e-01 1.420348e+10 2.600523e+01
3.487931e+05 5.325385e+05 1.446152e-02 -3.829770e-01 1.420348e+10 2.600927e+01
3.504034e+05 5.350196e+05 1.439445e-02 -3.829446e-01 1.420348e+10 2.601331e+01
3.520211e+05 5.375123e+05 1.432770e-02 -3.829124e-01 1.420348e+10 2.601734e+01
3.536463e+05 5.400164e+05 1.426126e-02 -3.828804e-01 1.420348e+10 2.602138e+01
3.552790e+05 5.425321e+05 1.419513e-02 -3.828485e-01 1.420348e+10 2.602542e+01
3.569192e+05 5.450594e+05 1.412931e-02 -3.828168e-01 1.420348e+10 2.602945e+01
3.585670e+05 5.475984e+05 1.406380e-02 -3.827852e-01 1.420348e+10 2.603349e+01
3.602224e+05 5.501491e+05 1.399859e-02 -3.827537e-01 1.420348e+10 2.603753e+01
3.618854e+05 5.527116e+05 1.393369e-02 -3.827224e-01 1.420348e+10 2.604156e+01
3.635562e+05 5.552859e+05 1.386910e-02 -3.826913e-01 1.420348e+10 2.604560e+01
3.652346e+05 5.578721e+05 1.380480e-02 -3.826603e-01 1.420348e+10 2.604964e+01
3.669208e+05 5.604702e+05 1.374081e-02 -3.826294e-01 1.420348e+10 2.605367e+01
3.686147e+05 5.630803e+05 1.367711e-02 -3.825987e-01 1.420348e+10 2.605771e+01
3.703165e+05 5.657025e+05 1.361372e-02 -3.825682e-01 1.420348e+10 2.606174e+01
3.720262e+05 5.683368e+05 1.355062e-02 -3.825377e-01 1.420348e+10 2.606578e+01
3.737437e+05 5.709832e+05 1.348781e-02 -3.825075e-01 1.420348e+10 2.606981e+01
3.754692e+05 5.736419e+05 1.342530e-02 -3.824773e-01 1.420348e+10 2.607385e+01
3.772026e+05 5.763128e+05 1.336308e-02 -3.824473e-01 1.420348e+10 2.607788e+01
3.789441e+05 5.789961e+05 1.330115e-02 -3.824175e-01 1.420348e+10 2.608192e+01
3.806935e+05 5.816918e+05 1.323951e-02 -3.823878e-01 1.420348e+10 2.608595e+01
3.824511e+05 5.843999e+05 1.317816e-02 -3.823582e-01 1.420348e+10 2.608999e+01
3.842168e+05 5.871205e+05 1.311709e-02 -3.823288e-01 1.420348e+10 2.609402e+01
3.859906e+05 5.898536e+05 1.305631e-02 -3.822995e-01 1.420348e+10 2.609806e+01
3.877726e+05 5.925994e+05 1.299582e-02 -3.822703e-01 1.420348e+10 2.610209e+01
3.895628e+05 5.953579e+05 1.293560e-02 -3.822413e-01 1.420348e+10 2.610612e+01
3.913613e+05 5.981291e+05 1.287567e-02 -3.822124e-01 1.420348e+10 2.611016e+01
3.931681e+05 6.009130e+05 1.281602e-02 -3.821837e-01 1.420348e+10 2.611419e+01
3.949833e+05 6.037099e+05 1.275665e-02 -3.821551e-01 1.420348e+10 2.611822e+01
3.968068e+05 6.065196e+05 1.269755e-02 -3.821266e-01 1.420348e+10 2.612226e+01
3.986387e+05 6.093424e+05 1.263873e-02 -3.820983e-01 1.420348e+10 2.612629e+01
4.004792e+05 6.121781e+05 1.258018e-02 -3.820701e-01 1.420348e+10 2.613032e+01
4.023280e+05 6.150270e+05 1.252191e-02 -3.820420e-01 1.420348e+10 2.613436e+01
4.041855e+05 6.178890e+05 1.246391e-02 -3.820140e-01 1.420348e+10 2.613839e+01
4.060515e+05 6.207642e+05 1.240618e-02 -3.819862e-01 1.420348e+10 2.614242e+01
4.079261e+05 6.236527e+05 1.234872e-02 -3.819586e-01 1.420348e+10 2.614645e+01
4.098094e+05 6.265545e+05 1.229153e-02 -3.819310e-01 1.420348e+10 2.615048e+01
4.117014e+05 6.294697e+05 1.223460e-02 -3.819036e-01 1.420348e+10 2.615452e+01
4.136021e+05 6.323984e+05 1.217795e-02 -3.818763e-01 1.420348e+10 2.615855e+01
4.155116e+05 6.353406e+05 1.212155e-02 -3.818491e-01 1.420348e+10 2.616258e+01
4.174299e+05 6.382964e+05 1.206542e-02 -3.818221e-01 1.420348e+10 2.616661e+01
4.193570e+05 6.412658e+05 1.200955e-02 -3.817952e-01 1.420348e+10 2.617064e+01
4.212931e+05 6.442489e+05 1.195394e-02 -3.817684e-01 1.420348e+10 2.617467e+01
4.232381e+05 6.472458e+05 1.189859e-02 -3.817418e-01 1.420348e+10 2.617871e+01
4.251920e+05 6.502566e+05 1.184350e-02 -3.817152e-01 1.420348e+10 2.618274e+01
4.271550e+05 6.532812e+05 1.178866e-02 -3.816888e-01 1.420348e+10 2.618677e+01
4.291271e+05 6.563198e+05 1.173409e-02 -3.816625e-01 1.420348e+10 2.619080e+01
4.311082e+05 6.593725e+05 1.167976e-02 -3.816364e-01 1.420348e+10 2.619483e+01
4.330985e+05 6.624392e+05 1.162569e-02 -3.816104e-01 1.420348e+10 2.619886e+01
4.350980e+05 6.655201e+05 1.157187e-02 -3.815844e-01 1.420348e+10 2.620289e+01
4.371068e+05 6.686152e+05 1.151830e-02 -3.815587e-01 1.420348e+10 2.620692e+01
4.391247e+05 6.717246e+05 1.146499e-02 -3.815330e-01 1.420348e+10 2.621095e+01
4.411521e+05 6.748484e+05 1.141192e-02 -3.815074e-01 1.420348e+10 2.621498e+01
4.431887e+05 6.779866e+05 1.135909e-02 -3.814820e-01 1.420348e+10 2.621901e+01
4.452348e+05 6.811392e+05 1.130652e-02 -3.814567e-01 1.420348e+10 2.622304e+01
4.472903e+05 6.843064e+05 1.125419e-02 -3.814315e-01 1.420348e+10 2.622707e+01
4.493553e+05 6.874883e+05 1.120210e-02 -3.814064e-01 1.420348e+10 2.623110e+01
4.514299e+05 6.906848e+05 1.115026e-02 -3.813815e-01 1.420348e+10 2.623513e+01
4.535140e+05 6.938961e+05 1.109865e-02 -3.813566e-01 1.420348e+10 2.623916e+01
4.556078e+05 6.971222e+05 1.104729e-02 -3.813319e-01 1.420348e+10 2.624319e+01
4.577112e+05 7.003632e+05 1.099617e-02 -3.813073e-01 1.420348e+10 2.624721e+01
4.598243e+05 7.036192e+05 1.094529e-02 -3.812828e-01 1.420348e+10 2.625124e+01
4.619472e+05 7.068902e+05 1.089464e-02 -3.812584e-01 1.420348e+10 2.625527e+01
4.640799e+05 7.101763e+05 1.084423e-02 -3.812342e-01 1.420348e+10 2.625930e+01
4.662224e+05 7.134776e+05 1.079405e-02 -3.812100e-01 1.420348e+10 2.626333e+01
4.683748e+05 7.167941e+05 1.074411e-02 -3.811860e-01 1.420348e+10 2.626736e+01
4.705371e+05 7.201260e+05 1.069440e-02 -3.811621e-01 1.420348e+10 2.627138e+01
4.727095e+05 7.234732e+05 1.064492e-02 -3.811383e-01 1.420348e+10 2.627541e+01
4.748918e+05 7.268358e+05 1.059567e-02 -3.811146e-01 1.420348e+10 2.627944e+01
4.770843e+05 7.302140e+05 1.054665e-02 -3.810910e-01 1.420348e+10 2.628347e+01
4.792869e+05 7.336078e+05 1.049786e-02 -3.810675e-01 1.420348e+10 2.628750e+01
4.814996e+05 7.370173e+05 1.044930e-02 -3.810442e-01 1.420348e+10 2.629152e+01
4.837225e+05 7.404425e+05 1.040096e-02 -3.810209e-01 1.420348e+10 2.629555e+01
4.859557e+05 7.438835e+05 1.035285e-02 -3.809977e-01 1.420348e+10 2.629958e+01
4.881993e+05 7.473404e+05 1.030496e-02 -3.809747e-01 1.420348e+10 2.630360e+01
4.904531e+05 7.508132e+05 1.025730e-02 -3.809518e-01 1.420348e+10 2.630763e+01
4.927174e+05 7.543021e+05 1.020985e-02 -3.809290e-01 1.420348e+10 2.631166e+01
4.949922e+05 7.578071e+05 1.016263e-02 -3.809062e-01 1.420348e+10 2.631568e+01
4.972774e+05 7.613283e+05 1.011563e-02 -3.808836e-01 1.420348e+10 2.631971e+01
4.995732e+05 7.648657e+05 1.006884e-02 -3.808611e-01 1.420348e+10 2.632374e+01
5.018796e+05 7.684195e+05 1.002228e-02 -3.808387e-01 1.420348e+10 2.632776e+01
5.041966e+05 7.719896e+05 9.975928e-03 -3.808164e-01 1.420348e+10 2.633179e+01
5.065243e+05 7.755763e+05 9.929794e-03 -3.807942e-01 1.420348e+10 2.633582e+01
5.088628e+05 7.791795e+05 9.883875e-03 -3.807722e-01 1.420348e+10 2.633984e+01
5.112121e+05 7.827993e+05 9.838170e-03 -3.807502e-01 1.420348e+10 2.634387e+01
5.135722e+05 7.864359e+05 9.792677e-03 -3.807283e-01 1.420348e+10 2.634789e+01
5.159432e+05 7.900892e+05 9.747396e-03 -3.807065e-01 1.420348e+10 2.635192e+01
5.183252e+05 7.937595e+05 9.702326e-03 -3.806849e-01 1.420348e+10 2.635595e+01
5.207181e+05 7.974466e+05 9.657465e-03 -3.806633e-01 1.420348e+10 2.635997e+01
5.231222e+05 8.011508e+05 9.612813e-03 -3.806418e-01 1.420348e+10 2.636400e+01
5.255373e+05 8.048721e+05 9.568369e-03 -3.806204e-01 1.420348e+10 2.636802e+01
5.279635e+05 8.086105e+05 9.524131e-03 -3.805992e-01 1.420348e+10 2.637205e+01
5.304010e+05 8.123663e+05 9.480100e-03 -3.805780e-01 1.420348e+10 2.637607e+01
5.328497e+05 8.161393e+05 9.436272e-03 -3.805569e-01 1.420348e+10 2.638010e+01
5.353097e+05 8.199298e+05 9.392649e-03 -3.805359e-01 1.420348e+10 2.638412e+01
5.377811e+05 8.237378e+05 9.349229e-03 -3.805151e-01 1.420348e+10 2.638815e+01
5.402639e+05 8.275633e+05 9.306010e-03 -3.804943e-01 1.420348e+10 2.639217e+01
5.427581e+05 8.314066e+05 9.262993e-03 -3.804736e-01 1.420348e+10 2.639619e+01
5.452639e+05 8.352675e+05 9.220175e-03 -3.804530e-01 1.420348e+10 2.640022e+01
5.477812e+05 8.391463e+05 9.177557e-03 -3.804325e-01 1.420348e+10 2.640424e+01
5.503101e+05 8.430430e+05 9.135137e-03 -3.804121e-01 1.420348e+10 2.640827e+01
5.528508e+05 8.469577e+05 9.092913e-03 -3.803918e-01 1.420348e+10 2.641229e+01
5.554031e+05 8.508904e+05 9.050887e-03 -3.803716e-01 1.420348e+10 2.641631e+01
5.579673e+05 8.548414e+05 9.009055e-03 -3.803515e-01 1.420348e+10 2.642034e+01
5.605432e+05 8.588105e+05 8.967418e-03 -3.803315e-01 1.420348e+10 2.642436e+01
5.631311e+05 8.627980e+05 8.925975e-03 -3.803116e-01 1.420348e+10 2.642839e+01
5.657309e+05 8.668039e+05 8.884724e-03 -3.802918e-01 1.420348e+10 2.643241e+01
5.683427e+05 8.708283e+05 8.843664e-03 -3.802720e-01 1.420348e+10 2.643643e+01
5.709666e+05 8.748712e+05 8.802796e-03 -3.802524e-01 1.420348e+10 2.644046e+01
5.736026e+05 8.789329e+05 8.762117e-03 -3.802328e-01 1.420348e+10 2.644448e+01
5.762508e+05 8.830132e+05 8.721628e-03 -3.802134e-01 1.420348e+10 2.644850e+01
5.789112e+05 8.871125e+05 8.681327e-03 -3.801940e-01 1.420348e+10 2.645252e+01
5.815838e+05 8.912306e+05 8.641213e-03 -3.801747e-01 1.420348e+10 2.645655e+01
5.842688e+05 8.953678e+05 8.601285e-03 -3.801555e-01 1.420348e+10 2.646057e+01
5.869662e+05 8.995240e+05 8.561542e-03 -3.801364e-01 1.420348e+10 2.646459e+01
5.896761e+05 9.036995e+05 8.521985e-03 -3.801174e-01 1.420348e+10 2.646862e+01
5.923985e+05 9.078942e+05 8.482611e-03 -3.800985e-01 1.420348e+10 2.647264e+01
5.951334e+05 9.121083e+05 8.443420e-03 -3.800797e-01 1.420348e+10 2.647666e+01
5.978810e+05 9.163418e+05 8.404411e-03 -3.800609e-01 1.420348e+10 2.648068e+01
6.006412e+05 9.205949e+05 8.365583e-03 -3.800423e-01 1.420348e+10 2.648470e+01
6.034142e+05 9.248676e+05 8.326936e-03 -3.800237e-01 1.420348e+10 2.648873e+01
6.062000e+05 9.291600e+05 8.288468e-03 -3.800052e-01 1.420348e+10 2.649275e+01
6.089986e+05 9.334723e+05 8.250178e-03 -3.799868e-01 1.420348e+10 2.649677e+01
6.118102e+05 9.378045e+05 8.212067e-03 -3.799685e-01 1.420348e+10 2.650079e+01
6.146348e+05 9.421567e+05 8.174132e-03 -3.799503e-01 1.420348e+10 2.650481e+01
6.174724e+05 9.465289e+05 8.136374e-03 -3.799322e-01 1.420348e+10 2.650884e+01
6.203230e+05 9.509214e+05 8.098791e-03 -3.799141e-01 1.420348e+10 2.651286e+01
6.231869e+05 9.553341e+05 8.061382e-03 -3.798961e-01 1.420348e+10 2.651688e+01
6.260640e+05 9.597672e+05 8.024147e-03 -3.798782e-01 1.420348e+10 2.652090e+01
6.289543e+05 9.642208e+05 7.987085e-03 -3.798604e-01 1.420348e+10 2.652492e+01
6.318580e+05 9.686949e+05 7.950195e-03 -3.798427e-01 1.420348e+10 2.652894e+01
6.347752e+05 9.731897e+05 7.913476e-03 -3.798251e-01 1.420348e+10 2.653296e+01
6.377057e+05 9.777052e+05 7.876927e-03 -3.798075e-01 1.420348e+10 2.653698e+01
6.406498e+05 9.822416e+05 7.840549e-03 -3.797901e-01 1.420348e+10 2.654100e+01
6.436075e+05 9.867989e+05 7.804339e-03 -3.797727e-01 1.420348e+10 2.654502e+01
6.465789e+05 9.913773e+05 7.768297e-03 -3.797553e-01 1.420348e+10 2.654905e+01
6.495640e+05 9.959768e+05 7.732422e-03 -3.797381e-01 1.420348e+10 2.655307e+01
6.525628e+05 1.000598e+06 7.696714e-03 -3.797210e-01 1.420348e+10 2.655709e+01
6.555755e+05 1.005240e+06 7.661172e-03 -3.797039e-01 1.420348e+10 2.656111e+01
6.586021e+05 1.009903e+06 7.625794e-03 -3.796869e-01 1.420348e+10 2.656513e+01
6.616427e+05 1.014588e+06 7.590581e-03 -3.796700e-01 1.420348e+10 2.656915e+01
6.646973e+05 1.019295e+06 7.555531e-03 -3.796532e-01 1.420348e+10 2.657317e+01
6.677660e+05 1.024023e+06 7.520643e-03 -3.796364e-01 1.420348e+10 2.657719e+01
6.708489e+05 1.028773e+06 7.485918e-03 -3.796197e-01 1.420348e+10 2.658121e+01
6.739460e+05 1.033546e+06 7.451353e-03 -3.796031e-01 1.420348e+10 2.658523e+01
6.770574e+05 1.038340e+06 7.416949e-03 -3.795866e-01 1.420348e+10 2.658925e+01
6.801832e+05 1.043156e+06 7.382705e-03 -3.795702e-01 1.420348e+10 2.659327e+01
6.833234e+05 1.047995e+06 7.348619e-03 -3.795538e-01 1.420348e+10 2.659729e+01
6.864782e+05 1.052855e+06 7.314691e-03 -3.795375e-01 1.420348e+10 2.660130e+01
6.896474e+05 1.057739e+06 7.280921e-03 -3.795213e-01 1.420348e+10 2.660532e+01
6.928313e+05 1.062645e+06 7.247308e-03 -3.795052e-01 1.420348e+10 2.660934e+01
6.960299e+05 1.067573e+06 7.213850e-03 -3.794891e-01 1.420348e+10 2.661336e+01
6.992433e+05 1.072524e+06 7.180547e-03 -3.794731e-01 1.420348e+10 2.661738e+01
7.024715e+05 1.077499e+06 7.147399e-03 -3.794572e-01 1.420348e+10 2.662140e+01
7.057146e+05 1.082496e+06 7.114405e-03 -3.794413e-01 1.420348e+10 2.662542e+01
7.089727e+05 1.087516e+06 7.081564e-03 -3.794256e-01 1.420348e+10 2.662944e+01
7.122458e+05 1.092559e+06 7.048874e-03 -3.794099e-01 1.420348e+10 2.663346e+01
7.155341e+05 1.097626e+06 7.016337e-03 -3.793943e-01 1.420348e+10 2.663748e+01
7.188375e+05 1.102716e+06 6.983950e-03 -3.793787e-01 1.420348e+10 2.664149e+01
7.221562e+05 1.107829e+06 6.951714e-03 -3.793632e-01 1.420348e+10 2.664551e+01
7.254902e+05 1.112967e+06 6.919627e-03 -3.793478e-01 1.420348e+10 2.664953e+01
7.288395e+05 1.118127e+06 6.887688e-03 -3.793325e-01 1.420348e+10 2.665355e+01
7.322044e+05 1.123312e+06 6.855898e-03 -3.793172e-01 1.420348e+10 2.665757e+01
7.355848e+05 1.128521e+06 6.824255e-03 -3.793021e-01 1.420348e+10 2.666159e+01
7.389807e+05 1.133753e+06 6.792759e-03 -3.792869e-01 1.420348e+10 2.666560e+01
7.423924e+05 1.139010e+06 6.761409e-03 -3.792719e-01 1.420348e+10 2.666962e+01
7.458198e+05 1.144291e+06 6.730204e-03 -3.792569e-01 1.420348e+10 2.667364e+01
7.492631e+05 1.149597e+06 6.699143e-03 -3.792420e-01 1.420348e+10 2.667766e+01
7.527222e+05 1.154927e+06 6.668227e-03 -3.792272e-01 1.420348e+10 2.668168e+01
7.561973e+05 1.160281e+06 6.637454e-03 -3.792124e-01 1.420348e+10 2.668569e+01
7.596884e+05 1.165660e+06 6.606823e-03 -3.791977e-01 1.420348e+10 2.668971e+01
7.631957e+05 1.171065e+06 6.576335e-03 -3.791831e-01 1.420348e+10 2.669373e+01
7.667192e+05 1.176494e+06 6.545988e-03 -3.791685e-01 1.420348e+10 2.669775e+01
7.702589e+05 1.181948e+06 6.515781e-03 -3.791540e-01 1.420348e+10 2.670176e+01
7.738150e+05 1.187427e+06 6.485714e-03 -3.791396e-01 1.420348e+10 2.670578e+01
7.773874e+05 1.192932e+06 6.455787e-03 -3.791252e-01 1.420348e+10 2.670980e+01
7.809764e+05 1.198462e+06 6.425998e-03 -3.791109e-01 1.420348e+10 2.671382e+01
7.845820e+05 1.204017e+06 6.396347e-03 -3.790967e-01 1.420348e+10 2.671783e+01
7.882042e+05 1.209599e+06 6.366834e-03 -3.790825e-01 1.420348e+10 2.672185e+01
7.918431e+05 1.215205e+06 6.337457e-03 -3.790684e-01 1.420348e+10 2.672587e+01
7.954988e+05 1.220838e+06 6.308217e-03 -3.790544e-01 1.420348e+10 2.672988e+01
7.991714e+05 1.226497e+06 6.279112e-03 -3.790404e-01 1.420348e+10 2.673390e+01
8.028609e+05 1.232182e+06 6.250141e-03 -3.790265e-01 1.420348e+10 2.673792e+01
8.065675e+05 1.237893e+06 6.221305e-03 -3.790127e-01 1.420348e+10 2.674193e+01
8.102912e+05 1.243631e+06 6.192603e-03 -3.789989e-01 1.420348e+10 2.674595e+01
8.140321e+05 1.249395e+06 6.164033e-03 -3.789852e-01 1.420348e+10 2.674997e+01
8.177902e+05 1.255186e+06 6.135596e-03 -3.789715e-01 1.420348e+10 2.675398e+01
8.215657e+05 1.261003e+06 6.107290e-03 -3.789580e-01 1.420348e+10 2.675800e+01
8.253587e+05 1.266848e+06 6.079116e-03 -3.789444e-01 1.420348e+10 2.676202e+01
8.291691e+05 1.272719e+06 6.051072e-03 -3.789310e-01 1.420348e+10 2.676603e+01
8.329972e+05 1.278617e+06 6.023158e-03 -3.789176e-01 1.420348e+10 2.677005e+01
8.368429e+05 1.284543e+06 5.995373e-03 -3.789043e-01 1.420348e+10 2.677406e+01
8.407063e+05 1.290496e+06 5.967717e-03 -3.788910e-01 1.420348e+10 2.677808e+01
8.445876e+05 1.296476e+06 5.940189e-03 -3.788778e-01 1.420348e+10 2.678210e+01
8.484869e+05 1.302484e+06 5.912788e-03 -3.788647e-01 1.420348e+10 2.678611e+01
8.524041e+05 1.308520e+06 5.885514e-03 -3.788516e-01 1.420348e+10 2.679013e+01
8.563394e+05 1.314584e+06 5.858366e-03 -3.788385e-01 1.420348e+10 2.679414e+01
8.602929e+05 1.320675e+06 5.831345e-03 -3.788256e-01 1.420348e+10 2.679816e+01
8.642646e+05 1.326795e+06 5.804448e-03 -3.788127e-01 1.420348e+10 2.680217e+01
8.682547e+05 1.332943e+06 5.777675e-03 -3.787998e-01 1.420348e+10 2.680619e+01
8.722631e+05 1.339120e+06 5.751027e-03 -3.787871e-01 1.420348e+10 2.681021e+01
8.762901e+05 1.345325e+06 5.724502e-03 -3.787743e-01 1.420348e+10 2.681422e+01
8.803357e+05 1.351558e+06 5.698100e-03 -3.787617e-01 1.420348e+10 2.681824e+01
8.844000e+05 1.357820e+06 5.671820e-03 -3.787491e-01 1.420348e+10 2.682225e+01
8.884830e+05 1.364112e+06 5.645662e-03 -3.787365e-01 1.420348e+10 2.682627e+01
8.925849e+05 1.370432e+06 5.619624e-03 -3.787240e-01 1.420348e+10 2.683028e+01
8.967057e+05 1.376782e+06 5.593707e-03 -3.787116e-01 1.420348e+10 2.683430e+01
9.008455e+05 1.383160e+06 5.567911e-03 -3.786992e-01 1.420348e+10 2.683831e+01
9.050045e+05 1.389569e+06 5.542233e-03 -3.786869e-01 1.420348e+10 2.684233e+01
9.091826e+05 1.396006e+06 5.516675e-03 -3.786746e-01 1.420348e+10 2.684634e+01
9.133801e+05 1.402474e+06 5.491234e-03 -3.786624e-01 1.420348e+10 2.685036e+01
9.175969e+05 1.408971e+06 5.465912e-03 -3.786503e-01 1.420348e+10 2.685437e+01
9.218332e+05 1.415499e+06 5.440706e-03 -3.786382e-01 1.420348e+10 2.685839e+01
9.260890e+05 1.422056e+06 5.415617e-03 -3.786262e-01 1.420348e+10 2.686240e+01
9.303645e+05 1.428644e+06 5.390645e-03 -3.786142e-01 1.420348e+10 2.686642e+01
9.346597e+05 1.435262e+06 5.365787e-03 -3.786023e-01 1.420348e+10 2.687043e+01
9.389748e+05 1.441911e+06 5.341045e-03 -3.785904e-01 1.420348e+10 2.687444e+01
9.433098e+05 1.448591e+06 5.316418e-03 -3.785786e-01 1.420348e+10 2.687846e+01
9.476647e+05 1.455301e+06 5.291904e-03 -3.785668e-01 1.420348e+10 2.688247e+01
9.520398e+05 1.462042e+06 5.267503e-03 -3.785551e-01 1.420348e+10 2.688649e+01
9.564351e+05 1.468815e+06 5.243216e-03 -3.785435e-01 1.420348e+10 2.689050e+01
9.608507e+05 1.475618e+06 5.219041e-03 -3.785319e-01 1.420348e+10 2.689452e+01
9.652867e+05 1.482454e+06 5.194978e-03 -3.785204e-01 1.420348e+10 2.689853e+01
9.697432e+05 1.489320e+06 5.171026e-03 -3.785089e-01 1.420348e+10 2.690254e+01
9.742202e+05 1.496219e+06 5.147184e-03 -3.784974e-01 1.420348e+10 2.690656e+01
9.787179e+05 1.503149e+06 5.123453e-03 -3.784861e-01 1.420348e+10 2.691057e+01
9.832364e+05 1.510111e+06 5.099832e-03 -3.784747e-01 1.420348e+10 2.691458e+01
9.877757e+05 1.517105e+06 5.076320e-03 -3.784635e-01 1.420348e+10 2.691860e+01
9.923360e+05 1.524132e+06 5.052917e-03 -3.784522e-01 1.420348e+10 2.692261e+01
9.969173e+05 1.531191e+06 5.029622e-03 -3.784411e-01 1.420348e+10 2.692663e+01
1.001520e+06 1.538283e+06 5.006435e-03 -3.784300e-01 1.420348e+10 2.693064e+01
1.006144e+06 1.545407e+06 4.983355e-03 -3.784189e-01 1.420348e+10 2.693465e+01
1.010789e+06 1.552564e+06 4.960382e-03 -3.784079e-01 1.420348e+10 2.693867e+01
1.015455e+06 1.559755e+06 4.937515e-03 -3.783969e-01 1.420348e+10 2.694268e+01
1.020143e+06 1.566978e+06 4.914754e-03 -3.783860e-01 1.420348e+10 2.694669e+01
1.024853e+06 1.574235e+06 4.892098e-03 -3.783751e-01 1.420348e+10 2.695071e+01
1.029584e+06 1.581526e+06 4.869547e-03 -3.783643e-01 1.420348e+10 2.695472e+01
1.034338e+06 1.588850e+06 4.847100e-03 -3.783536e-01 1.420348e+10 2.695873e+01
1.039113e+06 1.596208e+06 4.824757e-03 -3.783429e-01 1.420348e+10 2.696275e+01
1.043910e+06 1.603599e+06 4.802517e-03 -3.783322e-01 1.420348e+10 2.696676e+01
1.048730e+06 1.611025e+06 4.780380e-03 -3.783216e-01 1.420348e+10 2.697077e+01
1.053571e+06 1.618486e+06 4.758345e-03 -3.783110e-01 1.420348e+10 2.697478e+01
1.058435e+06 1.625980e+06 4.736412e-03 -3.783005e-01 1.420348e+10 2.697880e+01
1.063322e+06 1.633510e+06 4.714581e-03 -3.782900e-01 1.420348e+10 2.698281e+01
1.068231e+06 1.641074e+06 4.692850e-03 -3.782796e-01 1.420348e+10 2.698682e+01
1.073163e+06 1.648673e+06 4.671220e-03 -3.782692e-01 1.420348e+10 2.699084e+01
1.078117e+06 1.656307e+06 4.649690e-03 -3.782589e-01 1.420348e+10 2.699485e+01
1.083094e+06 1.663976e+06 4.628260e-03 -3.782487e-01 1.420348e+10 2.699886e+01
1.088095e+06 1.671681e+06 4.606929e-03 -3.782384e-01 1.420348e+10 2.700287e+01
1.093118e+06 1.679421e+06 4.585696e-03 -3.782282e-01 1.420348e+10 2.700689e+01
1.098165e+06 1.687197e+06 4.564561e-03 -3.782181e-01 1.420348e+10 2.701090e+01
1.103235e+06 1.695009e+06 4.543524e-03 -3.782080e-01 1.420348e+10 2.701491e+01
1.108328e+06 1.702857e+06 4.522584e-03 -3.781980e-01 1.420348e+10 2.701892e+01
1.113445e+06 1.710741e+06 4.501741e-03 -3.781880e-01 1.420348e+10 2.702294e+01
1.118585e+06 1.718662e+06 4.480995e-03 -3.781781e-01 1.420348e+10 2.702695e+01
1.123750e+06 1.726619e+06 4.460344e-03 -3.781682e-01 1.420348e+10 2.703096e+01
1.128938e+06 1.734613e+06 4.439788e-03 -3.781583e-01 1.420348e+10 2.703497e+01
1.134150e+06 1.742643e+06 4.419328e-03 -3.781485e-01 1.420348e+10 2.703898e+01
1.139386e+06 1.750711e+06 4.398962e-03 -3.781387e-01 1.420348e+10 2.704300e+01
1.144646e+06 1.758816e+06 4.378691e-03 -3.781290e-01 1.420348e+10 2.704701e+01
1.149930e+06 1.766959e+06 4.358513e-03 -3.781194e-01 1.420348e+10 2.705102e+01
1.155239e+06 1.775139e+06 4.338428e-03 -3.781097e-01 1.420348e+10 2.705503e+01
1.160573e+06 1.783357e+06 4.318436e-03 -3.781002e-01 1.420348e+10 2.705904e+01
1.165931e+06 1.791613e+06 4.298536e-03 -3.780906e-01 1.420348e+10 2.706306e+01
1.171313e+06 1.799907e+06 4.278729e-03 -3.780811e-01 1.420348e+10 2.706707e+01
1.176721e+06 1.808239e+06 4.259013e-03 -3.780717e-01 1.420348e+10 2.707108e+01
1.182154e+06 1.816610e+06 4.239387e-03 -3.780623e-01 1.420348e+10 2.707509e+01
1.187611e+06 1.825019e+06 4.219853e-03 -3.780529e-01 1.420348e+10 2.707910e+01
1.193094e+06 1.833467e+06 4.200409e-03 -3.780436e-01 1.420348e+10 2.708311e+01
1.198602e+06 1.841955e+06 4.181055e-03 -3.780343e-01 1.420348e+10 2.708713e+01
1.204136e+06 1.850481e+06 4.161790e-03 -3.780251e-01 1.420348e+10 2.709114e+01
1.209695e+06 1.859047e+06 4.142614e-03 -3.780159e-01 1.420348e+10 2.709515e+01
1.215280e+06 1.867652e+06 4.123527e-03 -3.780067e-01 1.420348e+10 2.709916e+01
1.220891e+06 1.876297e+06 4.104528e-03 -3.779976e-01 1.420348e+10 2.710317e+01
1.226527e+06 1.884982e+06 4.085616e-03 -3.779886e-01 1.420348e+10 2.710718e+01
1.232190e+06 1.893707e+06 4.066792e-03 -3.779796e-01 1.420348e+10 2.711119e+01
1.237878e+06 1.902472e+06 4.048055e-03 -3.779706e-01 1.420348e+10 2.711520e+01
1.243593e+06 1.911278e+06 4.029405e-03 -3.779616e-01 1.420348e+10 2.711922e+01
1.249334e+06 1.920124e+06 4.010841e-03 -3.779527e-01 1.420348e+10 2.712323e+01
1.255102e+06 1.929012e+06 3.992362e-03 -3.779439e-01 1.420348e+10 2.712724e+01
1.260897e+06 1.937940e+06 3.973969e-03 -3.779351e-01 1.420348e+10 2.713125e+01
1.266718e+06 1.946910e+06 3.955660e-03 -3.779263e-01 1.420348e+10 2.713526e+01
1.272566e+06 1.955920e+06 3.937437e-03 -3.779176e-01 1.420348e+10 2.713927e+01
1.278441e+06 1.964973e+06 3.919297e-03 -3.779089e-01 1.420348e+10 2.714328e+01
1.284343e+06 1.974067e+06 3.901241e-03 -3.779002e-01 1.420348e+10 2.714729e+01
1.290273e+06 1.983204e+06 3.883269e-03 -3.778916e-01 1.420348e+10 2.715130e+01
1.296230e+06 1.992382e+06 3.865380e-03 -3.778830e-01 1.420348e+10 2.715531e+01
1.302214e+06 2.001603e+06 3.847573e-03 -3.778745e-01 1.420348e+10 2.715932e+01
1.308226e+06 2.010866e+06 3.829848e-03 -3.778660e-01 1.420348e+10 2.716333e+01
1.314266e+06 2.020173e+06 3.812206e-03 -3.778576e-01 1.420348e+10 2.716734e+01
1.320333e+06 2.029522e+06 3.794644e-03 -3.778492e-01 1.420348e+10 2.717135e+01
1.326429e+06 2.038914e+06 3.777164e-03 -3.778408e-01 1.420348e+10 2.717537e+01
1.332553e+06 2.048350e+06 3.759765e-03 -3.778324e-01 1.420348e+10 2.717938e+01
1.338705e+06 2.057829e+06 3.742446e-03 -3.778242e-01 1.420348e+10 2.718339e+01
1.344885e+06 2.067352e+06 3.725207e-03 -3.778159e-01 1.420348e+10 2.718740e+01
1.351094e+06 2.076919e+06 3.708047e-03 -3.778077e-01 1.420348e+10 2.719141e+01
1.357332e+06 2.086530e+06 3.690967e-03 -3.777995e-01 1.420348e+10 2.719542e+01
1.363598e+06 2.096186e+06 3.673965e-03 -3.777913e-01 1.420348e+10 2.719943e+01
1.369893e+06 2.105886e+06 3.657042e-03 -3.777832e-01 1.420348e+10 2.720344e+01
1.376218e+06 2.115631e+06 3.640198e-03 -3.777752e-01 1.420348e+10 2.720745e+01
1.382571e+06 2.125420e+06 3.623430e-03 -3.777671e-01 1.420348e+10 2.721146e+01
1.388954e+06 2.135255e+06 3.606741e-03 -3.777591e-01 1.420348e+10 2.721547e+01
1.395367e+06 2.145136e+06 3.590128e-03 -3.777512e-01 1.420348e+10 2.721948e+01
1.401809e+06 2.155062e+06 3.573592e-03 -3.777433e-01 1.420348e+10 2.722349e+01
1.408280e+06 2.165034e+06 3.557133e-03 -3.777354e-01 1.420348e+10 2.722750e+01
1.414782e+06 2.175052e+06 3.540749e-03 -3.777275e-01 1.420348e+10 2.723151e+01
1.421314e+06 2.185116e+06 3.524441e-03 -3.777197e-01 1.420348e+10 2.723552e+01
1.427875e+06 2.195227e+06 3.508209e-03 -3.777119e-01 1.420348e+10 2.723953e+01
1.434468e+06 2.205384e+06 3.492051e-03 -3.777042e-01 1.420348e+10 2.724354e+01
1.441090e+06 2.215588e+06 3.475968e-03 -3.776965e-01 1.420348e+10 2.724755e+01
1.447743e+06 2.225840e+06 3.459959e-03 -3.776888e-01 1.420348e+10 2.725155e+01
1.454427e+06 2.236138e+06 3.444024e-03 -3.776812e-01 1.420348e+10 2.725556e+01
1.461142e+06 2.246484e+06 3.428162e-03 -3.776736e-01 1.420348e+10 2.725957e+01
1.467887e+06 2.256878e+06 3.412374e-03 -3.776660e-01 1.420348e+10 2.726358e+01
1.474664e+06 2.267320e+06 3.396658e-03 -3.776585e-01 1.420348e+10 2.726759e+01
1.481472e+06 2.277811e+06 3.381016e-03 -3.776510e-01 1.420348e+10 2.727160e+01
1.488312e+06 2.288349e+06 3.365445e-03 -3.776436e-01 1.420348e+10 2.727561e+01
1.495183e+06 2.298936e+06 3.349946e-03 -3.776361e-01 1.420348e+10 2.727962e+01
1.502086e+06 2.309573e+06 3.334519e-03 -3.776287e-01 1.420348e+10 2.728363e+01
1.509020e+06 2.320258e+06 3.319163e-03 -3.776214e-01 1.420348e+10 2.728764e+01
1.515987e+06 2.330992e+06 3.303877e-03 -3.776141e-01 1.420348e+10 2.729165e+01
1.522986e+06 2.341776e+06 3.288663e-03 -3.776068e-01 1.420348e+10 2.729566e+01
1.530017e+06 2.352610e+06 3.273518e-03 -3.775995e-01 1.420348e+10 2.729967e+01
1.537081e+06 2.363494e+06 3.258444e-03 -3.775923e-01 1.420348e+10 2.730368e+01
1.544177e+06 2.374428e+06 3.243439e-03 -3.775851e-01 1.420348e+10 2.730769e+01
1.551306e+06 2.385413e+06 3.228503e-03 -3.775780e-01 1.420348e+10 2.731169e+01
1.558468e+06 2.396449e+06 3.213636e-03 -3.775708e-01 1.420348e+10 2.731570e+01
1.565663e+06 2.407535e+06 3.198838e-03 -3.775638e-01 1.420348e+10 2.731971e+01
1.572891e+06 2.418672e+06 3.184108e-03 -3.775567e-01 1.420348e+10 2.732372e+01
1.580153e+06 2.429861e+06 3.169446e-03 -3.775497e-01 1.420348e+10 2.732773e+01
1.587448e+06 2.441102e+06 3.154851e-03 -3.775427e-01 1.420348e+10 2.733174e+01
1.594777e+06 2.452394e+06 3.140324e-03 -3.775357e-01 1.420348e+10 2.733575e+01
1.602140e+06 2.463739e+06 3.125864e-03 -3.775288e-01 1.420348e+10 2.733976e+01
1.609536e+06 2.475136e+06 3.111471e-03 -3.775219e-01 1.420348e+10 2.734377e+01
1.616967e+06 2.486585e+06 3.097144e-03 -3.775151e-01 1.420348e+10 2.734777e+01
1.624432e+06 2.498088e+06 3.082883e-03 -3.775082e-01 1.420348e+10 2.735178e+01
1.631932e+06 2.509643e+06 3.068688e-03 -3.775014e-01 1.420348e+10 2.735579e+01
1.639466e+06 2.521252e+06 3.054559e-03 -3.774947e-01 1.420348e+10 2.735980e+01
1.647035e+06 2.532915e+06 3.040494e-03 -3.774879e-01 1.420348e+10 2.736381e+01
1.654639e+06 2.544631e+06 3.026495e-03 -3.774812e-01 1.420348e+10 2.736782e+01
1.662278e+06 2.556402e+06 3.012560e-03 -3.774746e-01 1.420348e+10 2.737183e+01
1.669952e+06 2.568226e+06 2.998689e-03 -3.774679e-01 1.420348e+10 2.737583e+01
1.677661e+06 2.580106e+06 2.984883e-03 -3.774613e-01 1.420348e+10 2.737984e+01
1.685407e+06 2.592040e+06 2.971140e-03 -3.774547e-01 1.420348e+10 2.738385e+01
1.693188e+06 2.604029e+06 2.957460e-03 -3.774482e-01 1.420348e+10 2.738786e+01
1.701005e+06 2.616074e+06 2.943844e-03 -3.774416e-01 1.420348e+10 2.739187e+01
1.708858e+06 2.628174e+06 2.930290e-03 -3.774352e-01 1.420348e+10 2.739588e+01
1.716747e+06 2.640330e+06 2.916799e-03 -3.774287e-01 1.420348e+10 2.739988e+01
1.724673e+06 2.652543e+06 2.903370e-03 -3.774223e-01 1.420348e+10 2.740389e+01
1.732635e+06 2.664811e+06 2.890003e-03 -3.774159e-01 1.420348e+10 2.740790e+01
1.740634e+06 2.677137e+06 2.876698e-03 -3.774095e-01 1.420348e+10 2.741191e+01
1.748670e+06 2.689519e+06 2.863454e-03 -3.774032e-01 1.420348e+10 2.741592e+01
1.756743e+06 2.701958e+06 2.850271e-03 -3.773968e-01 1.420348e+10 2.741992e+01
1.764854e+06 2.714455e+06 2.837149e-03 -3.773906e-01 1.420348e+10 2.742393e+01
1.773002e+06 2.727009e+06 2.824088e-03 -3.773843e-01 1.420348e+10 2.742794e+01
1.781187e+06 2.739622e+06 2.811086e-03 -3.773781e-01 1.420348e+10 2.743195e+01
1.789410e+06 2.752292e+06 2.798145e-03 -3.773719e-01 1.420348e+10 2.743596e+01
1.797672e+06 2.765021e+06 2.785263e-03 -3.773657e-01 1.420348e+10 2.743996e+01
1.805971e+06 2.777809e+06 2.772441e-03 -3.773596e-01 1.420348e+10 2.744397e+01
1.814309e+06 2.790656e+06 2.759678e-03 -3.773535e-01 1.420348e+10 2.744798e+01
1.822685e+06 2.803563e+06 2.746974e-03 -3.773474e-01 1.420348e+10 2.745199e+01
1.831099e+06 2.816528e+06 2.734328e-03 -3.773413e-01 1.420348e+10 2.745600e+01
1.839553e+06 2.829554e+06 2.721741e-03 -3.773353e-01 1.420348e+10 2.746000e+01
1.848046e+06 2.842640e+06 2.709211e-03 -3.773293e-01 1.420348e+10 2.746401e+01
1.856578e+06 2.855786e+06 2.696740e-03 -3.773233e-01 1.420348e+10 2.746802e+01
1.865149e+06 2.868993e+06 2.684326e-03 -3.773174e-01 1.420348e+10 2.747203e+01
1.873760e+06 2.882261e+06 2.671969e-03 -3.773115e-01 1.420348e+10 2.747603e+01
1.882411e+06 2.895590e+06 2.659669e-03 -3.773056e-01 1.420348e+10 2.748004e+01
1.891101e+06 2.908981e+06 2.647426e-03 -3.772997e-01 1.420348e+10 2.748405e+01
1.899832e+06 2.922434e+06 2.635240e-03 -3.772939e-01 1.420348e+10 2.748806e+01
1.908603e+06 2.935948e+06 2.623109e-03 -3.772881e-01 1.420348e+10 2.749206e+01
1.917414e+06 2.949525e+06 2.611035e-03 -3.772823e-01 1.420348e+10 2.749607e+01
1.926266e+06 2.963165e+06 2.599016e-03 -3.772765e-01 1.420348e+10 2.750008e+01
1.935159e+06 2.976868e+06 2.587053e-03 -3.772708e-01 1.420348e+10 2.750409e+01
1.944093e+06 2.990634e+06 2.575144e-03 -3.772651e-01 1.420348e+10 2.750809e+01
1.953069e+06 3.004463e+06 2.563291e-03 -3.772594e-01 1.420348e+10 2.751210e+01
1.962086e+06 3.018356e+06 2.551492e-03 -3.772538e-01 1.420348e+10 2.751611e+01
1.971144e+06 3.032314e+06 2.539748e-03 -3.772482e-01 1.420348e+10 2.752012e+01
1.980244e+06 3.046336e+06 2.528058e-03 -3.772426e-01 1.420348e+10 2.752412e+01
1.989386e+06 3.060423e+06 2.516421e-03 -3.772370e-01 1.420348e+10 2.752813e+01
1.998571e+06 3.074574e+06 2.504839e-03 -3.772315e-01 1.420348e+10 2.753214e+01
2.007798e+06 3.088791e+06 2.493310e-03 -3.772259e-01 1.420348e+10 2.753614e+01
2.017067e+06 3.103074e+06 2.481834e-03 -3.772204e-01 1.420348e+10 2.754015e+01
2.026379e+06 3.117423e+06 2.470410e-03 -3.772150e-01 1.420348e+10 2.754416e+01
2.035735e+06 3.131837e+06 2.459040e-03 -3.772095e-01 1.420348e+10 2.754817e+01
2.045133e+06 3.146319e+06 2.447722e-03 -3.772041e-01 1.420348e+10 2.755217e+01
2.054575e+06 3.160867e+06 2.436456e-03 -3.771987e-01 1.420348e+10 2.755618e+01
2.064060e+06 3.175482e+06 2.425242e-03 -3.771934e-01 1.420348e+10 2.756019e+01
2.073589e+06 3.190165e+06 2.414080e-03 -3.771880e-01 1.420348e+10 2.756419e+01
2.083162e+06 3.204916e+06 2.402969e-03 -3.771827e-01 1.420348e+10 2.756820e+01
2.092780e+06 3.219735e+06 2.391909e-03 -3.771774e-01 1.420348e+10 2.757221e+01
2.102442e+06 3.234622e+06 2.380900e-03 -3.771721e-01 1.420348e+10 2.757621e+01
2.112148e+06 3.249578e+06 2.369943e-03 -3.771669e-01 1.420348e+10 2.758022e+01
2.121899e+06 3.264603e+06 2.359035e-03 -3.771617e-01 1.420348e+10 2.758423e+01
2.131695e+06 3.279697e+06 2.348178e-03 -3.771565e-01 1.420348e+10 2.758823e+01
2.141537e+06 3.294861e+06 2.337371e-03 -3.771513e-01 1.420348e+10 2.759224e+01
2.151424e+06 3.310095e+06 2.326614e-03 -3.771461e-01 1.420348e+10 2.759625e+01
2.161356e+06 3.325400e+06 2.315906e-03 -3.771410e-01 1.420348e+10 2.760026e+01
2.171335e+06 3.340775e+06 2.305248e-03 -3.771359e-01 1.420348e+10 2.760426e+01
2.181359e+06 3.356221e+06 2.294638e-03 -3.771308e-01 1.420348e+10 2.760827e+01
2.191430e+06 3.371738e+06 2.284078e-03 -3.771258e-01 1.420348e+10 2.761227e+01
2.201547e+06 3.387327e+06 2.273566e-03 -3.771208e-01 1.420348e+10 2.761628e+01
2.211711e+06 3.402988e+06 2.263103e-03 -3.771157e-01 1.420348e+10 2.762029e+01
2.221922e+06 3.418721e+06 2.252688e-03 -3.771108e-01 1.420348e+10 2.762429e+01
2.232180e+06 3.434527e+06 2.242321e-03 -3.771058e-01 1.420348e+10 2.762830e+01
2.242485e+06 3.450406e+06 2.232002e-03 -3.771009e-01 1.420348e+10 2.763231e+01
2.252838e+06 3.466358e+06 2.221730e-03 -3.770959e-01 1.420348e+10 2.763631e+01
2.263239e+06 3.482384e+06 2.211506e-03 -3.770911e-01 1.420348e+10 2.764032e+01
2.273687e+06 3.498483e+06 2.201329e-03 -3.770862e-01 1.420348e+10 2.764433e+01
2.284184e+06 3.514658e+06 2.191199e-03 -3.770813e-01 1.420348e+10 2.764833e+01
2.294730e+06 3.530906e+06 2.181115e-03 -3.770765e-01 1.420348e+10 2.765234e+01
2.305324e+06 3.547230e+06 2.171078e-03 -3.770717e-01 1.420348e+10 2.765635e+01
2.315967e+06 3.563629e+06 2.161087e-03 -3.770669e-01 1.420348e+10 2.766035e+01
2.326659e+06 3.580104e+06 2.151142e-03 -3.770622e-01 1.420348e+10 2.766436e+01
2.337401e+06 3.596655e+06 2.141243e-03 -3.770574e-01 1.420348e+10 2.766836e+01
2.348192e+06 3.613282e+06 2.131390e-03 -3.770527e-01 1.420348e+10 2.767237e+01
2.359033e+06 3.629986e+06 2.121582e-03 -3.770480e-01 1.420348e+10 2.767638e+01
2.369924e+06 3.646768e+06 2.111819e-03 -3.770433e-01 1.420348e+10 2.768038e+01
2.380865e+06 3.663626e+06 2.102101e-03 -3.770387e-01 1.420348e+10 2.768439e+01
2.391857e+06 3.680563e+06 2.092428e-03 -3.770341e-01 1.420348e+10 2.768840e+01
2.402899e+06 3.697578e+06 2.082800e-03 -3.770295e-01 1.420348e+10 2.769240e+01
2.413993e+06 3.714671e+06 2.073215e-03 -3.770249e-01 1.420348e+10 2.769641e+01
2.425137e+06 3.731843e+06 2.063675e-03 -3.770203e-01 1.420348e+10 2.770041e+01
2.436334e+06 3.749094e+06 2.054179e-03 -3.770158e-01 1.420348e+10 2.770442e+01
2.447581e+06 3.766426e+06 2.044727e-03 -3.770112e-01 1.420348e+10 2.770843e+01
2.458881e+06 3.783837e+06 2.035319e-03 -3.770067e-01 1.420348e+10 2.771243e+01
2.470233e+06 3.801328e+06 2.025953e-03 -3.770022e-01 1.420348e+10 2.771644e+01
2.481637e+06 3.818900e+06 2.016631e-03 -3.769978e-01 1.420348e+10 2.772044e+01
2.493095e+06 3.836554e+06 2.007352e-03 -3.769933e-01 1.420348e+10 2.772445e+01
2.504604e+06 3.854289e+06 1.998115e-03 -3.769889e-01 1.420348e+10 2.772846e+01
2.516167e+06 3.872105e+06 1.988921e-03 -3.769845e-01 1.420348e+10 2.773246e+01
2.527784e+06 3.890004e+06 1.979770e-03 -3.769801e-01 1.420348e+10 2.773647e+01
2.539454e+06 3.907986e+06 1.970660e-03 -3.769758e-01 1.420348e+10 2.774047e+01
2.551178e+06 3.926051e+06 1.961593e-03 -3.769714e-01 1.420348e+10 2.774448e+01
2.562956e+06 3.944199e+06 1.952567e-03 -3.769671e-01 1.420348e+10 2.774848e+01
2.574788e+06 3.962431e+06 1.943583e-03 -3.769628e-01 1.420348e+10 2.775249e+01
2.586675e+06 3.980747e+06 1.934640e-03 -3.769586e-01 1.420348e+10 2.775650e+01
2.598617e+06 3.999147e+06 1.925739e-03 -3.769543e-01 1.420348e+10 2.776050e+01
2.610614e+06 4.017633e+06 1.916878e-03 -3.769501e-01 1.420348e+10 2.776451e+01
2.622667e+06 4.036204e+06 1.908059e-03 -3.769458e-01 1.420348e+10 2.776851e+01
2.634775e+06 4.054860e+06 1.899280e-03 -3.769416e-01 1.420348e+10 2.777252e+01
2.646939e+06 4.073603e+06 1.890541e-03 -3.769374e-01 1.420348e+10 2.777652e+01
2.659159e+06 4.092432e+06 1.881843e-03 -3.769333e-01 1.420348e+10 2.778053e+01
2.671436e+06 4.111348e+06 1.873184e-03 -3.769291e-01 1.420348e+10 2.778454e+01
