# 1. row: tau values; 1. column: k values; remaining: normalized mode evolution values
0.000000000000000000e+00 1.000000000000000000e+00 1.200000047683715820e+00 1.399999976158141868e+00 1.600000023841857910e+00 1.799999952316284180e+00 2.000000000000000000e+00 2.200000047683715820e+00 2.400000095367432085e+00 2.599999904632568803e+00 2.799999952316284180e+00 3.000000000000000000e+00
0.000000000000000000e+00 1.000000000000000000e+00 2.363027681641556676e+28 6.928284062968162810e+28 1.191086440826484877e+29 1.670117668988571812e+29 2.109580925130814822e+29 2.507182045711650913e+29 2.823667687508183327e+29 2.848530413777143894e+29 2.853003440146619830e+29 2.854321402785751544e+29
3.018344589761749130e+00 1.000000000000000000e+00 4.706171956707050907e-01 8.244495405360512119e-02 4.984792867638945107e-02 1.621810838504370855e-01 2.066435659430178318e-01 9.853563901817888326e-02 9.599091133376290441e-02 1.971288360823166608e+00 9.607610898450201775e-01 3.647677411809484571e-01
5.051871067197241771e+00 1.000000000000000000e+00 2.125935271452960851e-01 8.502264863465840150e-02 3.542194013984943379e-01 1.487827961075763872e-01 3.953417672833732521e-02 1.200002501898951440e-01 1.398750344808510349e-01 3.437694647145438864e+01 1.406480956973454965e+01 2.819438763860899755e+00
7.174389237224321647e+00 1.000000000000000000e+00 2.670147093750941183e-02 4.345065711124820873e-01 1.094397648089247554e-01 1.737906744683122839e-01 1.371063581828192712e-01 7.142201578031405484e-02 1.927010285971389736e-01 5.825369262488103317e+01 2.211513978626889099e+01 6.030044603463028174e+00
9.294090994165314257e+00 1.000000000000000000e+00 5.269107379902098626e-02 3.697634304672927086e-01 1.937221713011895441e-01 9.531749557080347601e-02 2.016209430881625575e-01 4.175891206099030528e-02 2.044754380665156912e-01 2.273757906195749854e+02 7.483290869353895403e+01 2.144518833395759216e+01
1.146867615720785416e+01 1.000000000000000000e+00 2.846969452097006803e-01 4.555524641250530138e-02 2.716989529088733590e-01 2.094234240010467984e-01 8.497290268684928871e-02 8.323878511886539933e-02 2.866102318048938113e-01 4.143945002240944859e+02 1.210418996965430267e+02 4.405631010628991362e+01
1.350291419661390790e+01 9.999999999999998890e-01 5.474343733704974957e-01 1.829455078105906851e-01 3.806605770257555366e-02 5.855923487466080379e-02 1.279241625500948387e-01 1.126973591867845015e-01 2.844167599298545457e-01 5.574155926239013752e+02 1.704439474584048924e+02 5.124204776415111695e+01
1.560117777934555860e+01 1.000000000000000000e+00 6.806936412842691242e-01 4.737843745266954176e-01 3.314316791961205433e-01 2.300982052135187306e-01 1.757222677517005782e-01 9.169912209454729457e-02 3.493871202373294294e-01 7.744489457672482331e+02 2.700183175791797794e+02 7.803387697618721575e+01
1.770299493057700957e+01 1.000000000000000000e+00 5.856591627297733638e-01 2.544696922102416825e-01 8.512635132761542378e-02 5.194795786020778988e-02 8.644715216336011643e-02 8.020415599065192080e-02 3.885271434277237090e-01 1.088479116511304255e+03 3.699769735378493465e+02 1.085367370523641881e+02
1.982781011180588848e+01 1.000000000000000000e+00 3.242950807546939873e-01 3.440929607886934055e-02 2.181729463277592984e-01 2.303674993124543713e-01 1.219966720882343508e-01 6.618734427725032898e-02 5.032327408923805701e-01 1.538153576677238334e+03 5.129883367578878506e+02 1.577734506077723324e+02
2.192881885816348486e+01 1.000000000000000000e+00 8.543653073233889450e-02 2.987415768408940298e-01 2.615345148775589101e-01 6.696071521726391917e-02 1.849533305289831620e-01 7.212901704415544679e-02 6.286916596161408188e-01 1.883401781499000208e+03 6.620682233487493704e+02 2.114038249819451494e+02
2.399574368981868133e+01 9.999999999999998890e-01 1.338700713812381905e-02 4.696255869644142544e-01 5.921572078228277969e-02 2.269658663886375272e-01 8.969873164450239966e-02 9.481509095471091220e-02 8.460946453625516339e-01 2.268483724346870986e+03 8.799485233973736058e+02 2.654306754588047284e+02
2.609967589513566466e+01 1.000000000000000000e+00 1.642872940155630512e-01 1.602570050727146755e-01 3.382633489938416949e-01 8.840990327648164115e-02 1.202469311095764187e-01 9.574527373119350038e-02 1.134558438130008895e+00 3.474702439369364583e+03 1.119222036807777386e+03 3.339412512039248782e+02
2.824161153918527489e+01 1.000000000000000000e+00 4.381078776813225883e-01 6.206398992858205149e-02 8.591664781373790916e-02 1.924020677170508453e-01 1.879096199961184377e-01 7.698275729133405298e-02 1.636540396079062765e+00 3.838236120413687786e+03 1.394048884772293604e+03 4.380115018967228480e+02
3.032845171323304001e+01 1.000000000000000000e+00 6.521416256121115307e-01 4.008938322896398176e-01 2.335027026508464665e-01 1.354998648597265098e-01 1.027351876749795778e-01 5.947148600794342072e-02 2.451775867403030773e+00 4.329693902972903743e+03 1.700224657587257525e+03 4.863961804463932594e+02
3.240834103759748785e+01 1.000000000000000000e+00 6.568510985342460584e-01 4.126910162710111796e-01 2.489073948014580429e-01 1.508066562711575798e-01 1.114217311643437014e-01 6.478055001906070365e-02 3.635777366338546202e+00 5.088104051114365575e+03 1.852086752900643432e+03 5.606505307532221423e+02
3.449690791959856284e+01 1.000000000000000000e+00 4.611994262868690519e-01 7.759631694412047476e-02 6.073781203626409803e-02 1.663895354917835079e-01 1.991795202591085667e-01 8.819610080903735050e-02 6.180637633270684717e+00 5.594607937326707543e+03 2.347349027048574499e+03 6.690236613866602511e+02
3.659108657744439341e+01 1.000000000000000000e+00 1.892090623891133361e-01 1.282433568539020075e-01 3.338792175881639679e-01 1.216492209339704450e-01 1.012807335372653966e-01 8.591844281287117080e-02 8.739302475750601928e+00 6.626657958908613182e+03 2.557228406553000696e+03 7.586731984556187172e+02
3.868936203192978240e+01 1.000000000000000000e+00 1.973264436165894295e-02 4.527516828536369276e-01 8.362160955964532960e-02 1.996073584903235443e-01 1.133007015215224539e-01 7.284783732249819344e-02 1.463596040649753149e+01 6.949264217430642020e+03 2.981290465923966622e+03 9.278502386895762584e+02
4.079349005425879682e+01 9.999999999999998890e-01 6.896859774255001407e-02 3.349846762154111146e-01 2.248578344094347981e-01 8.701961682345837890e-02 1.883842772678899491e-01 5.628588784737847961e-02 2.342290210989757071e+01 7.719990381306408381e+03 3.306774161417049982e+03 9.570998372652330772e+02
4.289811891289524226e+01 1.000000000000000000e+00 3.033141787463336514e-01 3.548275734020005928e-02 2.479520764983170200e-01 2.275862885260190871e-01 1.046846899748256621e-01 5.677981666951430889e-02 3.545097558911018609e+01 8.632514971860451624e+03 3.788227976801301338e+03 1.155520950495908437e+03
4.498738344355804486e+01 1.000000000000000000e+00 5.652779633206883592e-01 2.192784808539569030e-01 6.837016494063842542e-02 6.522950046570925864e-02 1.133657148479709359e-01 7.399730253642783362e-02 5.494485299105029696e+01 9.973706008179022319e+03 4.367100753455113590e+03 1.399766907553145529e+03
4.706883764281892013e+01 1.000000000000000000e+00 6.826300861867278247e-01 4.790969571694038143e-01 3.397842533195201686e-01 2.395961632682092612e-01 1.970310606274470744e-01 7.580276212032668881e-02 8.886105701709675486e+01 1.011606560968482518e+04 4.582250425329065365e+03 1.342973887982996075e+03
4.917483818497966297e+01 1.000000000000000000e+00 5.786141519539479416e-01 2.438278877652487187e-01 8.353036314412087826e-02 6.090415962325888832e-02 1.047419094814375784e-01 5.527154997715541529e-02 1.675875834420619697e+02 1.232363598139966598e+04 5.320206485077985235e+03 1.577866814217630690e+03
5.126550500057081905e+01 1.000000000000000000e+00 3.181402623972928168e-01 2.928155418327742926e-02 2.293060388915880154e-01 2.381375557051080560e-01 1.108204105086031260e-01 3.716740715766438802e-02 3.193405777095491089e+02 1.418136613079638300e+04 5.853005898622174755e+03 1.763940071095546045e+03
5.335881610931814123e+01 1.000000000000000000e+00 8.011652540923779042e-02 3.102657701471931984e-01 2.501765751648354352e-01 7.122270582198589328e-02 1.994473282451863227e-01 3.836775315042934009e-02 5.063499597841807827e+02 1.651992675926772426e+04 6.206562202428497585e+03 1.818916296619141121e+03
5.546964308576502845e+01 1.000000000000000000e+00 1.515451599955556714e-02 4.649073389239073983e-01 6.596621633248753169e-02 2.185802560096178626e-01 1.079480745870452923e-01 4.134376419343339243e-02 6.572146304944949406e+02 1.997009052882155083e+04 6.484879145691788835e+03 2.047212831587723940e+03
5.757648287013140731e+01 1.000000000000000000e+00 1.700897790757745776e-01 1.529751748952171142e-01 3.361907833890311337e-01 9.591294189092103295e-02 1.202014599017402069e-01 3.187560398906675446e-02 7.518288036545648083e+02 2.241095648147414613e+04 6.746322589090725160e+03 2.146050697488454716e+03
5.966165581587768685e+01 1.000000000000000000e+00 4.442922427140736374e-01 6.412843383803773500e-02 7.654006346288144691e-02 1.865640404640322714e-01 2.164588703667610359e-01 2.304249238563179161e-02 9.079268034791974742e+02 2.345778234532855276e+04 7.314785604818575848e+03 2.170205289827395063e+03
6.174819722986473636e+01 9.999999999999998890e-01 6.493496880605088561e-01 3.943127489295694676e-01 2.255906478023810557e-01 1.281495976801616810e-01 1.185322647544106989e-01 2.106044038411891001e-02 1.582625883891633748e+03 2.798265016047082827e+04 7.542983354078954108e+03 2.248211762046178137e+03
6.382956587491554501e+01 1.000000000000000000e+00 6.575869888821772591e-01 4.142526724876369193e-01 2.499455337421268852e-01 1.496908251432699233e-01 1.197184174399737594e-01 3.811620795906202341e-02 1.945712460234963828e+03 2.868060855961361085e+04 8.033869970923937217e+03 2.364875593374034906e+03
6.593254403737920200e+01 9.999999999999998890e-01 4.557162065409304796e-01 7.690806498152626125e-02 7.097170565516637553e-02 1.673498515584429525e-01 2.238577109999354553e-01 6.924780318025536285e-02 1.223072404272693120e+03 2.469691971521012238e+04 8.628454355301610121e+03 2.574402202585323266e+03
6.803387393989792997e+01 9.999999999999998890e-01 1.833203779865980598e-01 1.335919668621125544e-01 3.394364556349259154e-01 1.100950528310564863e-01 1.333597775333517643e-01 1.106295841704659083e-01 7.651259930529412259e+02 2.267579134854312724e+04 8.736549923022588700e+03 2.667266582179738634e+03
7.013397482485352441e+01 9.999999999999998890e-01 1.901483307458005229e-02 4.545394319627080182e-01 8.105368629038307848e-02 1.977886073716835502e-01 1.384050463095921890e-01 3.322938152108281251e-01 8.382208517834866370e+02 2.247211467719251596e+04 9.325350944297821115e+03 2.770943210581810035e+03
7.223284092814810720e+01 1.000000000000000000e+00 7.019323836981193609e-02 3.318498499649050748e-01 2.284483270577841174e-01 8.239801135033032742e-02 2.586991137202380164e-01 6.106666514224555753e-01 3.369940407242461902e+02 2.196573710987302911e+04 9.594239237727679210e+03 2.934333196769679944e+03
7.432580078642820354e+01 1.000000000000000000e+00 3.031336352252382849e-01 3.626736903482207647e-02 2.477107307294005023e-01 2.205715845658783036e-01 1.486283149365114076e-01 4.704366434743235681e-01 4.090872807768542430e+01 2.102354839792949497e+04 1.011692751514554038e+04 3.118836901818161550e+03
7.642303636613816309e+01 1.000000000000000000e+00 5.669834397785883384e-01 2.222284913363732073e-01 6.955034849260781360e-02 6.274791416521965925e-02 1.673312158566598595e-01 7.257295210006985409e-01 1.034461582631440812e+01 2.095926396681068945e+04 1.033534912943873132e+04 3.271437332071814126e+03
7.850700326227224934e+01 9.999999999999998890e-01 6.825449808897099402e-01 4.788029736476475118e-01 3.387080378704671602e-01 2.323166849138567358e-01 3.113745732502624097e-01 1.043687354264438261e+00 1.197293072096319966e+00 2.110983670143682684e+04 1.089437264983171735e+04 3.417947700689595877e+03
8.059927811109677975e+01 1.000000000000000000e+00 5.767210968426307316e-01 2.402674170963770284e-01 8.115305795030411384e-02 5.920658544769814152e-02 1.508433491387357606e-01 3.864573856285744013e-01 7.918669669420378421e-01 1.963629823842736369e+04 1.061650542170555673e+04 3.367779912971742760e+03
8.269744427220382477e+01 9.999999999999998890e-01 3.178801628103541388e-01 3.245817669864880378e-02 2.281123311457510239e-01 2.234247259244635520e-01 2.190173950317734208e-01 2.521602617206841201e-01 2.272593379733673369e-01 2.003047976911859223e+04 1.135528787838130665e+04 3.707849511589151916e+03
8.478516908456445833e+01 1.000000000000000000e+00 7.935668975290423310e-02 3.115632219228360866e-01 2.491095124078306355e-01 6.620806507020442211e-02 2.967341675827759317e-01 1.102988558155472282e-01 4.973170514247062246e-01 1.985690903961790900e+04 1.173695041852906616e+04 3.857684065813487450e+03
8.687992313461185745e+01 1.000000000000000000e+00 1.621399254954326158e-02 4.619246562077155005e-01 7.004308585179586100e-02 2.026831082605909107e-01 1.079317700841210814e-01 8.428186302955872899e-02 1.661259910045884691e-01 1.929593823768354559e+04 1.169950569486541099e+04 3.933078033388728727e+03
8.897727648556065105e+01 1.000000000000000000e+00 1.725652929926979606e-01 1.484861297012174675e-01 3.373458936674230690e-01 9.129447366150537924e-02 1.918062313178143241e-01 2.665385087905238204e-01 2.072348393324486837e-01 1.915721157718897666e+04 1.185491930388656874e+04 3.981717846339921834e+03
9.108283466151847563e+01 1.000000000000000000e+00 4.447667837156413229e-01 6.844685584931695099e-02 8.079136369974869447e-02 1.686066287455086354e-01 1.375710841110513449e-01 1.723146288089991152e-01 2.024011777100434284e-01 1.883934953600214067e+04 1.181443715532268106e+04 4.164345595213852903e+03
9.318628726448643818e+01 1.000000000000000000e+00 6.517635598428047627e-01 4.000477962654465092e-01 2.318395217555331844e-01 1.238480627088481417e-01 5.658728428843290414e-02 9.859885175824054104e-02 1.374100002929847519e-01 1.924985374201507148e+04 1.224816920323890554e+04 4.390408196059336660e+03
9.528079633743112709e+01 1.000000000000000000e+00 6.541469772967124507e-01 4.059790192295883449e-01 2.394310211947565659e-01 1.268199527939220805e-01 7.154343796802666022e-02 8.317408866478520624e-02 2.096274143753775465e-01 1.881462108244546835e+04 1.184686701352679847e+04 4.398410900774702895e+03
9.736436185488821593e+01 1.000000000000000000e+00 4.538445913464111414e-01 7.430530547032859756e-02 7.070423860276507655e-02 1.573153856802808059e-01 1.316410305370554479e-01 1.537574345566988798e-01 1.401429137757000398e-01 1.912137203580995265e+04 1.194805054389918769e+04 4.394523792409850103e+03
9.945017816258395271e+01 1.000000000000000000e+00 1.832547181270336722e-01 1.340682947777363798e-01 3.367525537071192621e-01 9.300670280512647603e-02 9.975646346844868617e-02 1.826074105370070755e-01 1.866610763149402497e-01 1.914830538150824941e+04 1.222124160864834084e+04 4.490741958643911858e+03
1.015478590484001984e+02 1.000000000000000000e+00 1.869456705981051292e-02 4.553633863399076387e-01 7.920330161690498916e-02 1.891922804994161100e-01 1.239051706476171633e-01 9.244284711264705301e-02 1.564668236813569757e-01 1.893840935651176187e+04 1.218237006286148244e+04 4.701785860468885403e+03
1.036444129914653445e+02 1.000000000000000000e+00 7.130694160637206236e-02 3.292946916289450909e-01 2.297405996091675673e-01 6.789351144662188198e-02 1.875229497525366107e-01 1.005999547692865981e-01 1.761916514575166959e-01 1.881605878339664923e+04 1.224575694930487953e+04 4.785941633395015742e+03
1.057406468532325050e+02 1.000000000000000000e+00 3.042595156773327814e-01 3.493793921794718926e-02 2.446793874565018623e-01 2.248310651610528621e-01 6.989789020240963491e-02 1.136346654080616497e-01 1.660932971304371064e-01 1.794590568265646289e+04 1.190786617219115578e+04 4.695615108254423831e+03
1.078413327314416392e+02 1.000000000000000000e+00 5.674826027164617814e-01 2.237243857845926664e-01 7.148556305477923867e-02 6.284510676443283428e-02 8.970890578351224665e-02 1.214811546917137913e-01 1.745850967502618201e-01 1.815662451712743132e+04 1.206279530798223095e+04 4.926624037889477222e+03
1.099405782569373002e+02 1.000000000000000000e+00 6.826228961606036760e-01 4.789374892698303743e-01 3.360331955909862667e-01 2.570733541738923211e-01 1.625303410743337840e-01 1.402457867440957962e-01 1.822112081231625769e-01 1.746121130895868555e+04 1.205661477295585428e+04 4.982310445318489656e+03
1.120408684253967806e+02 1.000000000000000000e+00 5.727404483270085445e-01 2.330634269508522760e-01 7.606082502629042674e-02 7.413064153195213224e-02 9.689789402299445187e-02 1.252518790509319913e-01 1.811666160952908056e-01 1.620750187639443175e+04 1.206720937999727539e+04 5.100591903148891106e+03
1.141248853456106360e+02 1.000000000000000000e+00 3.144559689828715920e-01 3.192811207376754223e-02 2.318865721687118631e-01 2.693412719921659537e-01 1.146300020714951379e-01 8.557960014565216267e-02 1.913696896749376430e-01 1.520876077126297787e+04 1.183956089623063781e+04 5.211302748947290638e+03
1.162175463239393736e+02 1.000000000000000000e+00 7.683645621280985050e-02 3.173704218260686716e-01 2.383127842953449982e-01 8.641994426321852885e-02 1.499062269370935452e-01 9.128957390973349573e-02 1.829045423520588576e-01 1.379892936127992289e+04 1.182769459888725214e+04 5.217508282983623758e+03
1.183152482173078255e+02 1.000000000000000000e+00 1.622386206244781637e-02 4.617710683674487449e-01 7.040453052917447496e-02 2.425751642059814084e-01 8.689046419589394055e-02 1.368093252979905583e-01 1.967584217060701912e-01 1.220075247933710125e+04 1.174714126781482082e+04 5.383484691373762871e+03
1.203987292351758640e+02 1.000000000000000000e+00 1.725111883917989641e-01 1.483462967735201254e-01 3.340074190068985649e-01 9.824688949989028586e-02 1.046853201796993510e-01 1.263667273084617404e-01 1.831182501075198921e-01 1.091751606767985504e+04 1.160035413852139209e+04 5.396544102986611506e+03
1.224937468622142092e+02 1.000000000000000000e+00 4.435103465885395502e-01 6.675817616393582565e-02 7.811289376403730833e-02 1.851637349082373152e-01 1.718901951389291416e-01 1.200503412852930024e-01 1.780047162936319871e-01 9.538401258497557137e+03 1.122598570319442115e+04 5.309509488985356256e+03
1.245897016475089600e+02 9.999999999999998890e-01 6.509610083404615555e-01 3.980104981380451767e-01 2.311926539964875293e-01 1.347357258713778039e-01 8.240017389776020662e-02 8.508883178504107747e-02 1.738598136539039607e-01 8.574093604769836020e+03 1.116719057441835321e+04 5.416855838664017028e+03
1.266899293398321191e+02 9.999999999999998890e-01 6.551155562038230018e-01 4.080826079440958987e-01 2.370462289558253610e-01 1.396369387787661231e-01 9.711455648962877274e-02 8.931192752315651739e-02 1.526519622609592841e-01 7.801183502488052909e+03 1.096123013683013050e+04 5.556807838999860905e+03
1.287860676534380673e+02 1.000000000000000000e+00 4.545599063391241312e-01 7.475187855551544691e-02 7.358428970791937307e-02 1.908589758497995503e-01 1.789571915500365040e-01 1.262625943934642392e-01 1.547980147268626927e-01 7.083953343906945520e+03 1.079641267396217154e+04 5.582328472584365954e+03
1.308727164100970981e+02 9.999999999999998890e-01 1.835187617570664953e-01 1.337770095364574086e-01 3.397059805885575545e-01 1.179720648523436971e-01 8.323174957889266368e-02 1.300548747987654574e-01 1.286305706946263561e-01 6.594574224641019100e+03 1.050460944519452823e+04 5.566656903828366922e+03
1.329769015280994040e+02 1.000000000000000000e+00 1.854813976385626464e-02 4.556149768217642171e-01 7.631092301322592308e-02 2.146780813661985643e-01 9.831829707854730649e-02 1.141581879766340873e-01 1.195433918680988139e-01 6.303521874920964365e+03 1.026786546648941658e+04 5.622289378995074912e+03
1.350704110842121395e+02 1.000000000000000000e+00 7.127993430000495456e-02 3.287643490535749891e-01 2.429489521206536218e-01 8.275883558586208388e-02 1.773304351224079534e-01 8.450488282261284234e-02 1.117808401433045690e-01 5.883030257334762609e+03 9.930723913128686036e+03 5.515818508286666656e+03
1.371652580988595389e+02 1.000000000000000000e+00 3.072312191776371271e-01 3.534588775170977720e-02 2.448500633694918882e-01 2.284942906940575780e-01 8.808012592234808202e-02 9.122902720841455371e-02 9.848955293370782738e-02 5.776228946329966675e+03 9.699880621876993246e+03 5.515669508188262625e+03
1.392617489193071378e+02 1.000000000000000000e+00 5.679620212997938955e-01 2.239529759849230028e-01 7.477904368167020976e-02 6.305214268771551500e-02 9.861539005648044254e-02 1.172820799442230860e-01 9.539338650667492092e-02 5.752490998740281611e+03 9.446526707685934525e+03 5.462732453922591958e+03
1.413479875455977890e+02 1.000000000000000000e+00 6.823597197744787346e-01 4.778954756252852820e-01 3.530632686644813445e-01 2.529688622309558821e-01 1.743003132007969191e-01 1.364064737693884144e-01 9.133862271212238315e-02 5.723222708929327382e+03 9.362378016630376806e+03 5.515458630797647857e+03
1.434488089942413751e+02 1.000000000000000000e+00 5.749267781369936658e-01 2.362545506093059744e-01 8.169995866005939911e-02 6.368307233351484797e-02 8.709188797045501473e-02 1.082970566692681297e-01 8.734329354003253498e-02 5.760942214307767244e+03 9.064652586377382249e+03 5.475619374831334426e+03
1.455465404124969098e+02 1.000000000000000000e+00 3.152433468764943569e-01 3.255197820192028829e-02 2.380809952690262632e-01 2.361501303003708252e-01 9.971998085019533054e-02 8.534871553945398703e-02 8.711038051569937324e-02 5.793130915661303334e+03 8.840141095438075354e+03 5.548496133174239731e+03
1.476344304941266330e+02 1.000000000000000000e+00 7.757927084226719228e-02 3.156942767294533270e-01 2.534073096541084591e-01 7.644808859136298373e-02 1.747579430542615109e-01 9.017273402122998049e-02 8.819714539167265721e-02 5.737807108283032903e+03 8.466054718041292290e+03 5.527966317600165894e+03
1.497223495728729290e+02 1.000000000000000000e+00 1.600934072186088741e-02 4.619140090396589571e-01 6.885339186829048108e-02 2.204505530051495410e-01 8.700658992953978765e-02 1.193065088202202306e-01 8.920939574500379166e-02 5.745824034095860043e+03 8.406815352083092876e+03 5.469350923718179729e+03
1.518150018152000769e+02 9.999999999999998890e-01 1.722770934630549478e-01 1.483460297820289042e-01 3.379756124282974339e-01 1.025663912024560864e-01 1.027005689614108735e-01 1.292182582727460782e-01 9.076209227395508339e-02 5.496508877379118530e+03 8.147335814867235968e+03 5.437879323064910750e+03
1.539223762523700145e+02 1.000000000000000000e+00 4.450907922477306822e-01 6.877838066120522953e-02 7.994221228271654323e-02 1.866447459141971077e-01 1.706663237674362621e-01 1.118204738528596615e-01 9.301856516808551523e-02 5.256172576073907294e+03 8.008018956186998366e+03 5.382380090489833492e+03
1.560226251003945492e+02 1.000000000000000000e+00 6.519058461713348462e-01 4.008297835788063868e-01 2.353330612200687233e-01 1.401511861393771596e-01 8.914975546578837728e-02 8.275913281824978651e-02 9.538955734666754172e-02 4.909731976232252237e+03 7.804004694132427176e+03 5.411152767907585257e+03
1.581173485810110435e+02 1.000000000000000000e+00 6.551909162080310489e-01 4.080126721089667452e-01 2.448001813541090255e-01 1.485993374181969473e-01 1.031717304514222916e-01 8.951601879196040279e-02 9.462348096540733333e-02 4.596840748125174287e+03 7.540991087662497193e+03 5.368830440403684406e+03
1.602129988273014760e+02 9.999999999999998890e-01 4.537101759059935513e-01 7.409843722999877313e-02 7.372318167660558974e-02 1.798012159131251453e-01 1.703896761796310222e-01 1.156373543040145752e-01 9.635875222171026711e-02 4.098891960549857686e+03 7.355290315919189197e+03 5.300870183632396220e+03
1.623017682628209855e+02 9.999999999999998890e-01 1.824456901770364348e-01 1.365352297043840590e-01 3.452921169138317703e-01 1.127898019596423745e-01 9.156004851101004482e-02 1.314572542935307231e-01 9.777721789432244903e-02 3.742689134695542180e+03 7.131522248454056353e+03 5.258954895962243427e+03
1.643910045684928320e+02 9.999999999999998890e-01 1.850120703056112176e-02 4.571639069965175439e-01 8.070214008046779075e-02 2.108035768717181069e-01 1.032058993514659295e-01 1.101404058671500846e-01 9.742638380635634809e-02 3.334646202076266036e+03 6.976048326450161767e+03 5.227639508313744955e+03
1.664846467883680532e+02 1.000000000000000000e+00 7.029411636310277378e-02 3.311136871922598091e-01 2.299835843348326803e-01 8.248648668819423546e-02 1.707597916099751756e-01 8.141448196718711894e-02 9.477263815971948002e-02 3.010478671813302753e+03 6.886672520672121209e+03 5.204879321621519921e+03
1.685730436815255757e+02 1.000000000000000000e+00 3.038080350285430331e-01 3.533755717711872801e-02 2.475727271519561068e-01 2.344184235618357870e-01 8.924752592993402678e-02 8.791875940038683390e-02 9.266127780972711891e-02 2.756154010198665219e+03 6.739644105286790364e+03 5.147738910326700534e+03
1.706652097306524070e+02 1.000000000000000000e+00 5.655242164586548048e-01 2.222058598352977532e-01 7.061531586596837828e-02 6.670532253652923516e-02 1.047521662460777908e-01 1.177354590649815624e-01 9.089999376454169222e-02 2.503617420742919421e+03 6.498467413742298959e+03 5.020409945249343764e+03
1.727719449470905886e+02 1.000000000000000000e+00 6.821941544748998387e-01 4.804820529452464295e-01 3.416232773567671743e-01 2.444225931712820099e-01 1.707953494877212097e-01 1.289636624518871733e-01 8.836355896741389382e-02 2.385670502344095439e+03 6.196341046757904223e+03 5.012516076977325611e+03
1.748706907921407776e+02 1.000000000000000000e+00 5.754676155416165173e-01 2.383725119848724150e-01 7.978714248329560332e-02 6.285915907651959400e-02 8.986905243903701990e-02 1.089555817071654331e-01 8.545878511780506670e-02 2.341255741044019487e+03 6.026392398596740350e+03 4.917670178558023508e+03
1.769595983050924985e+02 1.000000000000000000e+00 3.183301128923695100e-01 3.173851434743614475e-02 2.304997862114711582e-01 2.389040244100520405e-01 1.038501116140700814e-01 8.222714074040672616e-02 8.344593897141013017e-02 2.294046863465965998e+03 5.753084842939056216e+03 4.891126912586558319e+03
1.790534865550272343e+02 9.999999999999998890e-01 7.879618732265374070e-02 3.158333482924895463e-01 2.489972420243027063e-01 7.677565447967024670e-02 1.712781251151885287e-01 8.859432395421437678e-02 8.454758680280881344e-02 2.291822683672381118e+03 5.637065546966038710e+03 4.830069669779347350e+03
1.811536559565658138e+02 1.000000000000000000e+00 1.591293644181879935e-02 4.663663623594951346e-01 6.968742944306287324e-02 2.211295698585089287e-01 8.965998469822944461e-02 1.174426259705249748e-01 8.441346033111381264e-02 2.340036993683013407e+03 5.537749894857027357e+03 4.813617839696859846e+03
1.832486900622262169e+02 1.000000000000000000e+00 1.715562082276820000e-01 1.517547801153528997e-01 3.403800758213575417e-01 1.009628999966927509e-01 1.051178396432394385e-01 1.282947562428902732e-01 8.612467725115956207e-02 2.337023247371747857e+03 5.318020879983318082e+03 4.702013184444428589e+03
1.853322064299712792e+02 1.000000000000000000e+00 4.419838551177939223e-01 6.410736286594252709e-02 8.109579742317057915e-02 1.896241508964728317e-01 1.725628754112673302e-01 1.075301047668034971e-01 8.617631468954965734e-02 2.306553229596395795e+03 5.084596062395209628e+03 4.592735713790876616e+03
1.874294881955092364e+02 1.000000000000000000e+00 6.493079143711253387e-01 3.949627233906496948e-01 2.282164991793081132e-01 1.353778809895164748e-01 9.024970019295178170e-02 8.410833779755839956e-02 8.999853459686221746e-02 2.264831759620376488e+03 4.888254727575590550e+03 4.500459273793209832e+03
1.895346780328466707e+02 1.000000000000000000e+00 6.561623829683318476e-01 4.125973469149828432e-01 2.485675963792505494e-01 1.505531795163460584e-01 1.033176418274010522e-01 8.683924093947610612e-02 9.123379087411803701e-02 2.213291234600717416e+03 4.762581781489388050e+03 4.475835182491669002e+03
1.916277690395992579e+02 1.000000000000000000e+00 4.584035433316415165e-01 7.934717500368072829e-02 6.850489420613806169e-02 1.729627396786775628e-01 1.724702286576320076e-01 1.179183174625835911e-01 9.491666958225199180e-02 2.119082893810333644e+03 4.618412785811283356e+03 4.392248299390975262e+03
1.937192876853670498e+02 1.000000000000000000e+00 1.850536464899768252e-01 1.313341550602518115e-01 3.408562709680958980e-01 1.150845093568325789e-01 8.983758642433528618e-02 1.286713664050695982e-01 9.448917160037149932e-02 2.018831832959009716e+03 4.483006823236250966e+03 4.310639167858274959e+03
1.958140829038742368e+02 1.000000000000000000e+00 1.934416938702758840e-02 4.531247793133303947e-01 8.255002236357456002e-02 2.066266799466842941e-01 1.049092972389482625e-01 1.070691232823649808e-01 9.465869425012124472e-02 1.902323595105430513e+03 4.338205506834887274e+03 4.240310846846321510e+03
1.979067919360426799e+02 9.999999999999998890e-01 6.862609754725346178e-02 3.349840830221221255e-01 2.270679129808640673e-01 8.556774233491835913e-02 1.714240313015222283e-01 8.171660200740112068e-02 9.381267440770532651e-02 1.777074409343960724e+03 4.238803095813470463e+03 4.163676804687548611e+03
1.999999817988633026e+02 1.000000000000000000e+00 3.005697726742038167e-01 3.684550377609257382e-02 2.524962758398220930e-01 2.317399946871244176e-01 8.830431254920957651e-02 8.828682103561191763e-02 9.245983277679838130e-02 1.662533381257245992e+03 4.119209436087154245e+03 4.135817243635612613e+03
2.020901921734253790e+02 9.999999999999998890e-01 5.626267651029636108e-01 2.152750522492060670e-01 6.635066627603714018e-02 6.669935739234977845e-02 1.072331410005141206e-01 1.184954475243830407e-01 9.001071766240899275e-02 1.529210075112638606e+03 3.981766117629810651e+03 4.096435055943904445e+03
2.041832203636279246e+02 1.000000000000000000e+00 6.821877183521645183e-01 4.792200059127289524e-01 3.405868228018098520e-01 2.435313417125933300e-01 1.713484413109386539e-01 1.275735991698748462e-01 8.769067781365949554e-02 1.384815956376992744e+03 3.858163077458591488e+03 3.985149948906160262e+03
2.062834777421155081e+02 1.000000000000000000e+00 5.800130203965006004e-01 2.473322861097765057e-01 8.578428709221802562e-02 6.262371028861421496e-02 8.743631708108985656e-02 1.050316573688427901e-01 8.467974665816566104e-02 1.289631325207610416e+03 3.751779285482756222e+03 3.900194500303486620e+03
2.083778992733039388e+02 1.000000000000000000e+00 3.227015574106275597e-01 3.126627295711134624e-02 2.239296752999665741e-01 2.393153094978230366e-01 1.074824196300170481e-01 8.222677750836113186e-02 8.380340657047183339e-02 1.189171295854555183e+03 3.669810206736386135e+03 3.849041847674029214e+03
2.104684424691360505e+02 1.000000000000000000e+00 8.133936969472826961e-02 3.076217258796076215e-01 2.535041630176537719e-01 7.301054693431717479e-02 1.715212233046430890e-01 8.778965572093100356e-02 8.229070054788134581e-02 1.128100360771788928e+03 3.585071007504864610e+03 3.793097500784588192e+03
2.125676537554758454e+02 1.000000000000000000e+00 1.503094763805347400e-02 4.655519392020573965e-01 6.642226505725337682e-02 2.230844481028025628e-01 8.748256284446603859e-02 1.174874029506387946e-01 8.287305561519184294e-02 1.063334196832048292e+03 3.437409344692471223e+03 3.706218767054017462e+03
2.146627699859425320e+02 1.000000000000000000e+00 1.669578751343253342e-01 1.566982926366742579e-01 3.408276481368152644e-01 9.615803840004320813e-02 1.079701267255309960e-01 1.282638171761908419e-01 8.270665726701097176e-02 1.006293992871368459e+03 3.309278316724287833e+03 3.605646933270732916e+03
2.167570309481580750e+02 1.000000000000000000e+00 4.369229267353254564e-01 6.172956790651389081e-02 8.772114061942962171e-02 1.948508623839091680e-01 1.705774587875538983e-01 1.042159172685016150e-01 8.606460886787541120e-02 9.764395200051274060e+02 3.201678686003717758e+03 3.564245245889675061e+03
2.188537026697396755e+02 1.000000000000000000e+00 6.478334964362546522e-01 3.905813047443994490e-01 2.223190152290789867e-01 1.298973608508045552e-01 8.743964502450414511e-02 8.136229748594127342e-02 8.745040700175427117e-02 9.620612107269365652e+02 3.151766811461119232e+03 3.509527028634120143e+03
2.209464684169307134e+02 1.000000000000000000e+00 6.591974130078235294e-01 4.187730553311107551e-01 2.575305992305922942e-01 1.593420783947812613e-01 1.095639188514240803e-01 8.949411189704815917e-02 8.994050691395950869e-02 9.262414828550635093e+02 3.057646426592157695e+03 3.397549190537415143e+03
2.230403310086188355e+02 1.000000000000000000e+00 4.641923225123603669e-01 8.432601901374978115e-02 6.483546057603103985e-02 1.655898343308179754e-01 1.708671751330907984e-01 1.180111837427211680e-01 9.228190277633473160e-02 9.044999282491378381e+02 2.959148236808347065e+03 3.321188682845559470e+03
2.251364961024536910e+02 1.000000000000000000e+00 1.916863425067227567e-01 1.241348911682676748e-01 3.380258630167972678e-01 1.225295171144929612e-01 8.735236075783167631e-02 1.255819883303574969e-01 9.227111052709772998e-02 8.964197447485222483e+02 2.886808534687287647e+03 3.300129414657902089e+03
2.272286391006203701e+02 9.999999999999998890e-01 2.101888197430484828e-02 4.496130934578525529e-01 8.846399999745302445e-02 2.005079570478884299e-01 1.101604106411995521e-01 1.033514064073925431e-01 9.439960869387388487e-02 8.584400020031051781e+02 2.758559277192674926e+03 3.184890264889618265e+03
2.293205550981930116e+02 1.000000000000000000e+00 6.515854756112025858e-02 3.436010620431442786e-01 2.184229332146601643e-01 9.181185288717665094e-02 1.697955421795737108e-01 8.192596717522887539e-02 9.235825854481419239e-02 8.268349192302083566e+02 2.670754412918224261e+03 3.124997139642152888e+03
2.314122516385980077e+02 1.000000000000000000e+00 2.930330349613229357e-01 3.997926451056952463e-02 2.618882021697844786e-01 2.266576799275017151e-01 8.452975095575777920e-02 9.025108935989217818e-02 9.206299306583368147e-02 7.950333777539415223e+02 2.586909198140126136e+03 3.044247429850365734e+03
2.335066429832561710e+02 1.000000000000000000e+00 5.568694770805046046e-01 2.051039864257703516e-01 6.320274530910705013e-02 7.191661548824641870e-02 1.131458503582904312e-01 1.185991942851126468e-01 8.878977593121442635e-02 7.738159339187141086e+02 2.549929709818847641e+03 3.054506913571607583e+03
2.356049348534037051e+02 1.000000000000000000e+00 6.823978692570349391e-01 4.777563732766907378e-01 3.388936580583494784e-01 2.419144842655924776e-01 1.707920780876746869e-01 1.264697190292240758e-01 8.751567632558777954e-02 7.272772598543731419e+02 2.469994637676575621e+03 2.940076150836928718e+03
2.377014039388489834e+02 1.000000000000000000e+00 5.852534287283049919e-01 2.559031489937407811e-01 9.206096042846614869e-02 6.313276127923775349e-02 8.528516736064079007e-02 1.021089960541402553e-01 8.474974267838879249e-02 6.949171506313493865e+02 2.405403986026559323e+03 2.906759140103235950e+03
2.397980402378023257e+02 9.999999999999998890e-01 3.314648650238213867e-01 2.996968228580960611e-02 2.134838575422208229e-01 2.417217042938021032e-01 1.134327870695918949e-01 8.040331438137789111e-02 8.276136222483551630e-02 6.611406727191796335e+02 2.329427428529135796e+03 2.811150321036331661e+03
2.418952200762976474e+02 1.000000000000000000e+00 8.703705722822990820e-02 2.964195027211535827e-01 2.635932628911256126e-01 6.955545532998101688e-02 1.698872751044834262e-01 9.081494829031515337e-02 8.138172971968335445e-02 6.261935054806712060e+02 2.243534109833151433e+03 2.741344234653916828e+03
2.439891685064362719e+02 9.999999999999998890e-01 1.364995446526034995e-02 4.689622048936958332e-01 6.119830527689211486e-02 2.282972694225957333e-01 8.369238381358627688e-02 1.193576527213868615e-01 8.145034995547915935e-02 5.876503964774450424e+02 2.193395576742367211e+03 2.709851841075666016e+03
2.460843450104443093e+02 1.000000000000000000e+00 1.593679947990866430e-01 1.680868752482868600e-01 3.366551669114519196e-01 8.975625364286604624e-02 1.150183203337172833e-01 1.244277929274772432e-01 8.311042836990030491e-02 5.556936551636109698e+02 2.140590622435216119e+03 2.654723885952254477e+03
2.481762579426604702e+02 1.000000000000000000e+00 4.278156524095386160e-01 5.532318142317033810e-02 9.541436650675365339e-02 2.030595586097270200e-01 1.696599544568092588e-01 1.001492040011482537e-01 8.426636050054259197e-02 5.274276099909139930e+02 2.084811774298964792e+03 2.603383715105555893e+03
2.502630976439281767e+02 1.000000000000000000e+00 6.423242746331823128e-01 3.779781549112679051e-01 2.075874758024891520e-01 1.182946949160740419e-01 8.225042176748988132e-02 7.940171144534836911e-02 8.646472697800035301e-02 5.000805487183565674e+02 2.014579114208980400e+03 2.541777395861242439e+03
2.523593390325217172e+02 1.000000000000000000e+00 6.627262245608469549e-01 4.276584607656028769e-01 2.694630893561643648e-01 1.708242498251968111e-01 1.178553275861195238e-01 9.357652066999148921e-02 8.993727359950727529e-02 4.720982495923030342e+02 1.954290607086298223e+03 2.484106307422461668e+03
2.544554261401835618e+02 1.000000000000000000e+00 4.755329544070441283e-01 9.581883451174193211e-02 5.897873735787978466e-02 1.525835241389909003e-01 1.675108016296089908e-01 1.207854041848758359e-01 9.170559657690154076e-02 4.532845953054031725e+02 1.907265241097484022e+03 2.456458635807502560e+03
2.565494747993802775e+02 1.000000000000000000e+00 2.025192862014917605e-01 1.115078973408133306e-01 3.357200785617837635e-01 1.348630515296519450e-01 8.168561594501599910e-02 1.241519029228240339e-01 9.293365682959017771e-02 4.282334781480543597e+02 1.833285106352334651e+03 2.393523962182515788e+03
2.586472105510317760e+02 1.000000000000000000e+00 2.496453667263768411e-02 4.400177706125817934e-01 1.021877074863520862e-01 1.871049048521726266e-01 1.201679736190482267e-01 9.768300341730092040e-02 9.256314413473522296e-02 4.123110420799553708e+02 1.804129414872281359e+03 2.339850261840680105e+03
2.607450040560485718e+02 9.999999999999998890e-01 5.844763959357150707e-02 3.588551136736218838e-01 2.022327229986044528e-01 1.020450720127584476e-01 1.674657892852017826e-01 7.969279994957949309e-02 9.269463481762148238e-02 3.956384294794648895e+02 1.757024182453975982e+03 2.288712621228738954e+03
2.628445342612729405e+02 9.999999999999998890e-01 2.816865136874588949e-01 4.646202222353443961e-02 2.735029835045155733e-01 2.168280848013798279e-01 8.157002073909278006e-02 9.499189343095761073e-02 9.017196133779213640e-02 3.810796329378613336e+02 1.671603593336894164e+03 2.220977923648373690e+03
2.649305574869803763e+02 1.000000000000000000e+00 5.467721673192811327e-01 1.889516825393307564e-01 5.619414687408878090e-02 7.707697753698571075e-02 1.214786895097104413e-01 1.223599511482306307e-01 8.883347731556527627e-02 3.646090164039561614e+02 1.631814797958578083e+03 2.182549271466759819e+03
2.670170581357955939e+02 1.000000000000000000e+00 6.802154617779402335e-01 4.729415017160865653e-01 3.321388324037672368e-01 2.346101386176589199e-01 1.645824196132853467e-01 1.213608361321794338e-01 8.601779410493103073e-02 3.552019606085496548e+02 1.588347106941705761e+03 2.131443311517564325e+03
2.691128101552500880e+02 9.999999999999998890e-01 5.954495551724524605e-01 2.767207023833741508e-01 1.082827822269584600e-01 6.621204158419993768e-02 8.013734362760145669e-02 9.602843470178971941e-02 8.405578925430334802e-02 3.450495310372442646e+02 1.562928090382497885e+03 2.108106838740130570e+03
2.712083279953758392e+02 1.000000000000000000e+00 3.473325334176125545e-01 2.991900837129554680e-02 1.924237859907596826e-01 2.417762773099259022e-01 1.253635488606079651e-01 8.009633975768647163e-02 8.163845330897098740e-02 3.352192884941413240e+02 1.524777435566726126e+03 2.067202164996248030e+03
2.733057666480582384e+02 1.000000000000000000e+00 9.744622192315757769e-02 2.756683736370313387e-01 2.800198205600126222e-01 6.591362120118908485e-02 1.642733125456005971e-01 9.660422848484249980e-02 8.126289602476390039e-02 3.237770410634513496e+02 1.482249114348175681e+03 2.023626269250627274e+03
2.753990849136353631e+02 1.000000000000000000e+00 1.208605742858265622e-02 4.732392560047579133e-01 5.508026542322973923e-02 2.350163303164216622e-01 7.862815522654321987e-02 1.227665911327138759e-01 8.197839166648221432e-02 3.134022108284229944e+02 1.449950740834490489e+03 1.999433219291685646e+03
2.774972312934216916e+02 1.000000000000000000e+00 1.463585147538716269e-01 1.887141239142968996e-01 3.297326279914409297e-01 8.015171992567593495e-02 1.262248019693136547e-01 1.203716729459071294e-01 8.286696042167723819e-02 3.012190367384001775e+02 1.403290375908889700e+03 1.940584304490827890e+03
2.795993051463354391e+02 9.999999999999998890e-01 4.113664685847382430e-01 4.744614330671761276e-02 1.141138571829791726e-01 2.147823797603606866e-01 1.617534184360828464e-01 9.391774025926910574e-02 8.549159180827657634e-02 2.882482483622546852e+02 1.363313176764275795e+03 1.892539871905641576e+03
2.816884570146863211e+02 1.000000000000000000e+00 6.336661478318881269e-01 3.581995106115461458e-01 1.855836017206501376e-01 1.026630889269564834e-01 7.652419140059936453e-02 7.887671234053297842e-02 8.770072579874271801e-02 2.735282558941353273e+02 1.324648711571942613e+03 1.857064550323967069e+03
2.837767408237548352e+02 1.000000000000000000e+00 6.676019357135262178e-01 4.404043006177885133e-01 2.867757472603814639e-01 1.878704199095043714e-01 1.304458645075974865e-01 1.002796237466052481e-01 9.012656356672879565e-02 2.595008756450652641e+02 1.290294186326447516e+03 1.812535158833152764e+03
2.858739175781350355e+02 1.000000000000000000e+00 4.914849559745632090e-01 1.145690524732496107e-01 5.417102213326371180e-02 1.344987572099664019e-01 1.594822997183845958e-01 1.226329718156586313e-01 9.102916713863222486e-02 2.471558235335931215e+02 1.262300069392233809e+03 1.783275552129468451e+03
2.879692488149414658e+02 1.000000000000000000e+00 2.204480908671173356e-01 9.340763386580314132e-02 3.252961670253744497e-01 1.554166854040743562e-01 7.727276264172319720e-02 1.177441839811340513e-01 9.270444092190972818e-02 2.307412000628372652e+02 1.220046994165802516e+03 1.744069525399460190e+03
2.900619215753260391e+02 1.000000000000000000e+00 3.150091275919154887e-02 4.233855380688288372e-01 1.233829487113685119e-01 1.674270873614874255e-01 1.332409001119036762e-01 9.130956343843892042e-02 9.197433501438101455e-02 2.170083817986484007e+02 1.176502863057783998e+03 1.707216577662280542e+03
2.921553239745344968e+02 1.000000000000000000e+00 4.908161091684865723e-02 3.808193458883211147e-01 1.760778326663531013e-01 1.220537039818763991e-01 1.576249196951729215e-01 8.148737025081921603e-02 9.108163517783364471e-02 2.039051860917822125e+02 1.144339934963370979e+03 1.669422692896716853e+03
2.942507548947098144e+02 1.000000000000000000e+00 2.604980695277849256e-01 6.092108409698825805e-02 2.934503338438830267e-01 1.968317784870216025e-01 7.807115647077715603e-02 1.034979050478440077e-01 8.764120107157095940e-02 1.909055298730633297e+02 1.116945676713983630e+03 1.644243554026832498e+03
2.963450397608684739e+02 1.000000000000000000e+00 5.282699438660658497e-01 1.626337351683277976e-01 5.280844514853966915e-02 9.480129241398103923e-02 1.361458964365532820e-01 1.237865071493398916e-01 8.693210685046820485e-02 1.806722841513810351e+02 1.081768367140963846e+03 1.600528003587467992e+03
2.984367508331891941e+02 1.000000000000000000e+00 6.767787197811413469e-01 4.638531746074512907e-01 3.192499485470818299e-01 2.212686514889211642e-01 1.537827333899391413e-01 1.143397371779015653e-01 8.377131293513115362e-02 1.701698732672873859e+02 1.057163672799983260e+03 1.571831233298792085e+03
3.005324961693291925e+02 1.000000000000000000e+00 6.088514171811918452e-01 3.046464126009513218e-01 1.337327732986833551e-01 7.664617134389717368e-02 7.810238727484151988e-02 8.992492422923908935e-02 8.316904125544413717e-02 1.623773720816743946e+02 1.019121023864149379e+03 1.538918227354878809e+03
3.026283769440020137e+02 1.000000000000000000e+00 3.695656467242301457e-01 3.424344715966389646e-02 1.648707950466609673e-01 2.353594972858406020e-01 1.393518578424539078e-01 8.343147231573723455e-02 8.144168706924899415e-02 1.549336202346810865e+02 9.886934754472703162e+02 1.510371978160468643e+03
3.047254121491717456e+02 9.999999999999998890e-01 1.150160390696258195e-01 2.438955426396820503e-01 2.994409119011064990e-01 6.937831154638232634e-02 1.502147978276066331e-01 1.056539234857548359e-01 8.280426162173508409e-02 1.472080882871018730e+02 9.505447869656333069e+02 1.470011911142967847e+03
3.068216168087043343e+02 1.000000000000000000e+00 1.158806221445796668e-02 4.747093866354120117e-01 5.313601416964348900e-02 2.372850268635406934e-01 7.740388806662763799e-02 1.235810857376617028e-01 8.278540299249916024e-02 1.410399022027381761e+02 9.219490274935382104e+02 1.443419046646156630e+03
3.089150753920563375e+02 1.000000000000000000e+00 1.269239680757337785e-01 2.228660276660015260e-01 3.113925004949202324e-01 7.318239902324806534e-02 1.423783504815714085e-01 1.106383991801807853e-01 8.555695169216345763e-02 1.359827653054420011e+02 8.979799269873094545e+02 1.410464337930362490e+03
3.110113938845437360e+02 1.000000000000000000e+00 3.854823336492451680e-01 3.968661129685907563e-02 1.451247488380318085e-01 2.263476052152975648e-01 1.473126007558310524e-01 8.848886823455895390e-02 8.644983320594130938e-02 1.324478446086660028e+02 8.831132299049234007e+02 1.390850451576373189e+03
3.131094481108236209e+02 1.000000000000000000e+00 6.181785884582730040e-01 3.250045425471261296e-01 1.543096574808530130e-01 8.803834105917446307e-02 7.874525202675441982e-02 8.602906024267593932e-02 8.896780653769340019e-02 1.276824706809114502e+02 8.470660888680092739e+02 1.362527183020953316e+03
3.151997320758243859e+02 1.000000000000000000e+00 6.732841683471925132e-01 4.547329427132977275e-01 3.063565724940754964e-01 2.074745325537994400e-01 1.451150720578844311e-01 1.082485446475652258e-01 9.049814620472164395e-02 1.234099300048717822e+02 8.316570836806125726e+02 1.343234218495659434e+03
3.172892433891730661e+02 1.000000000000000000e+00 5.160807590854880056e-01 1.475687125132480737e-01 5.535717396104423288e-02 1.101977407155117356e-01 1.426926763273874132e-01 1.221545072362696105e-01 9.142226349979576394e-02 1.169714408749259320e+02 7.916617050347173290e+02 1.298635030100395170e+03
3.193810088996767149e+02 1.000000000000000000e+00 2.480725011684601355e-01 7.260580359432447506e-02 3.021366379947962311e-01 1.816526089183760906e-01 8.011152182456549031e-02 1.075845931829144952e-01 9.104444455197470421e-02 1.123942523405268332e+02 7.730970778269761468e+02 1.279364753091215789e+03
3.214789417022079760e+02 1.000000000000000000e+00 4.456502918789265189e-02 3.926036701534435513e-01 1.595476669670436165e-01 1.391440342719513779e-01 1.474234706369872416e-01 8.755731657598837814e-02 8.952943051579473344e-02 1.077079821979988452e+02 7.544560920315768726e+02 1.258819461943183342e+03
3.235790836574502691e+02 9.999999999999998890e-01 3.828749797051785031e-02 4.071361207009001060e-01 1.432155070713522216e-01 1.505197729736408030e-01 1.398843947116365227e-01 8.917489116594293219e-02 8.849589073455546573e-02 1.025971816256733007e+02 7.308804969538344949e+02 1.235534440540900732e+03
3.256699193691247274e+02 1.000000000000000000e+00 2.316139813691916460e-01 8.741146417195010121e-02 3.113166282448586730e-01 1.681200596270647774e-01 8.260994533510616911e-02 1.104496674131400513e-01 8.695734043979824746e-02 9.660129616278265985e+01 7.065649603837053974e+02 1.216171887204184486e+03
3.277613320317389594e+02 1.000000000000000000e+00 4.996857564369031612e-01 1.289724261813960660e-01 5.965984960177581758e-02 1.246914029927335132e-01 1.501521230329214696e-01 1.198720946791943104e-01 8.469912162946664769e-02 9.170202873171230351e+01 6.868654302096239235e+02 1.193856473224174579e+03
3.298528775465114791e+02 1.000000000000000000e+00 6.678015657488836077e-01 4.412628870993601793e-01 2.894742604030571820e-01 1.932022506591341560e-01 1.339976643665930500e-01 1.038720096064474074e-01 8.360753452446988143e-02 8.546278098811848167e+01 6.630059166102615791e+02 1.159274885388808116e+03
3.319490954754789982e+02 9.999999999999998890e-01 6.270614543743454616e-01 3.449803886958029975e-01 1.755643246091989906e-01 1.021073229974157337e-01 8.543038040653919141e-02 8.715438935369994311e-02 8.297374561226709966e-02 8.087313712730454540e+01 6.413244889262999777e+02 1.134929077657456219e+03
3.340459497813984058e+02 1.000000000000000000e+00 4.036417417531525942e-01 5.076361222052344635e-02 1.287578015952675348e-01 2.130310549680805576e-01 1.520194390235479476e-01 9.340069680986225198e-02 8.303788770206546599e-02 7.629704833824055754e+01 6.276626137272527330e+02 1.115572864603353310e+03
3.361354794442510183e+02 1.000000000000000000e+00 1.436035166884790104e-01 1.988195754760156420e-01 3.158410470346157961e-01 8.605478174448918938e-02 1.294226495205682559e-01 1.129049709192809225e-01 8.436358734679522131e-02 7.171783509889692709e+01 6.030346201567710978e+02 1.094230493018879088e+03
3.382319288274690052e+02 1.000000000000000000e+00 1.554434425826578710e-02 4.644643273162284980e-01 6.720554694495541048e-02 2.231734561152227680e-01 8.908735074699732082e-02 1.166075867552460316e-01 8.529640471323096662e-02 6.715140804566135557e+01 5.781445180899319212e+02 1.066927564257002132e+03
3.403313906495239394e+02 9.999999999999998890e-01 1.024631465574843275e-01 2.701125209548357886e-01 2.754498795462962391e-01 8.052234122284196438e-02 1.520298017666047719e-01 1.010374085492472818e-01 8.684878433822908195e-02 6.381565442781308661e+01 5.636759638105853583e+02 1.045069880774993408e+03
3.424251922559437844e+02 1.000000000000000000e+00 3.471076728887702023e-01 4.068305507748116306e-02 1.907156915503384897e-01 2.255714308118252076e-01 1.260772540390824037e-01 8.819825201193165487e-02 8.793658173938938283e-02 6.121351286232008704e+01 5.539526444335467659e+02 1.031986037149139747e+03
3.445202593968003839e+02 9.999999999999998890e-01 5.913538737237450382e-01 2.746164538609499606e-01 1.184819067165938378e-01 8.312829924772935364e-02 9.166159745090099453e-02 9.653775469403970411e-02 8.954904697785259771e-02 5.834542338956769214e+01 5.338960143678891654e+02 1.009274663417023248e+03
3.466163809680483610e+02 1.000000000000000000e+00 6.759474951511648122e-01 4.616699508859853918e-01 3.160423355920783939e-01 2.175403563165358989e-01 1.525663422414714754e-01 1.127859432589345540e-01 8.900830282004196237e-02 5.561587069944636141e+01 5.153568603828388177e+02 9.851389998863216988e+02
3.487095132464762628e+02 1.000000000000000000e+00 5.476510468418626099e-01 1.983707339833891692e-01 7.613663834314053636e-02 9.461178030550911056e-02 1.216604766906697332e-01 1.138284187877206810e-01 8.939448901351258747e-02 5.371682374985786623e+01 5.011722619703137411e+02 9.689790084169989086e+02
3.508016682810064708e+02 1.000000000000000000e+00 2.894956927181872586e-01 5.652004354239600209e-02 2.582543436536705039e-01 2.028565190308580235e-01 9.622737342263536220e-02 9.895834461220749667e-02 8.856560183305474399e-02 5.130100037811251923e+01 4.829212766231156024e+02 9.506713941188866102e+02
3.528940798048799365e+02 1.000000000000000000e+00 6.839678677267964357e-02 3.419478826809502769e-01 2.082431280607316137e-01 1.126411092154476906e-01 1.523780286342956702e-01 9.032448596817144182e-02 8.796021720396599020e-02 4.913072179095738790e+01 4.652819093672193276e+02 9.271593076397202822e+02
3.549886298168478334e+02 1.000000000000000000e+00 2.742491710820301604e-02 4.341778923816011493e-01 1.080924224397263045e-01 1.828948218899511258e-01 1.180618877181271315e-01 1.000595480389225161e-01 8.601939481419579314e-02 4.751237091269627655e+01 4.562873862702801944e+02 9.128137097147171062e+02
3.570861039437531304e+02 1.000000000000000000e+00 1.921290332955158386e-01 1.362746543780167241e-01 3.139549504420920401e-01 1.341985569472190498e-01 1.005731561911427652e-01 1.120634203432137183e-01 8.580950124766961729e-02 4.574937198803535665e+01 4.418178182014075333e+02 9.008309448662542991e+02
3.591818594594960246e+02 1.000000000000000000e+00 4.563689691834842965e-01 9.511112031099348829e-02 8.957595674136115127e-02 1.599377678078068576e-01 1.506583408002664659e-01 1.110561002704827521e-01 8.441874646166640239e-02 4.369830074558063870e+01 4.253315350705588571e+02 8.773111877912554064e+02
3.612754445157758028e+02 1.000000000000000000e+00 6.486153593388543914e-01 3.973626322025011759e-01 2.404090417219559850e-01 1.571165463692791864e-01 1.165672299041344284e-01 9.838799956943965197e-02 8.415648144311829726e-02 4.130729342755044087e+01 4.104480750468551946e+02 8.551554087358294964e+02
3.633698445783157354e+02 1.000000000000000000e+00 6.453173874539019916e-01 3.875350516002371015e-01 2.245567228764591694e-01 1.393579036464762666e-01 1.045038369922734189e-01 9.236338625385341616e-02 8.364042173683093606e-02 3.931221810077850165e+01 3.978428321303185839e+02 8.360181402472858281e+02
3.654637240977297097e+02 1.000000000000000000e+00 4.499125223020517539e-01 9.051334843864229651e-02 1.013661985878477195e-01 1.755335494349573033e-01 1.486072852510928743e-01 1.014315007920893186e-01 8.479536758114913919e-02 3.773230594686150852e+01 3.855320833898351225e+02 8.246351149345678095e+02
3.675608756924722798e+02 1.000000000000000000e+00 1.875941620596230097e-01 1.483741456148141291e-01 3.086796579362940940e-01 1.207906890676125056e-01 1.141651848863969587e-01 1.117948586032331271e-01 8.512206590583606958e-02 3.566928879956472542e+01 3.725800919673560543e+02 8.038789649154884955e+02
3.696548398984324422e+02 1.000000000000000000e+00 2.894945056371393821e-02 4.324167062021875840e-01 1.059042271763292464e-01 1.910282144707702301e-01 1.086915699493464504e-01 1.081925304591705300e-01 8.670846059016940055e-02 3.376412353903388919e+01 3.647194921507217487e+02 7.914413360302734191e+02
3.717422975218383954e+02 1.000000000000000000e+00 7.384838360276685387e-02 3.302118199173502688e-01 2.190625564036239592e-01 1.093413482618135063e-01 1.470181606335486946e-01 9.779920604391077743e-02 8.731419866216014181e-02 3.218753816160004533e+01 3.511533306798746707e+02 7.749509240173124454e+02
3.738345316973552031e+02 1.000000000000000000e+00 2.937745394700166379e-01 6.544530033669031244e-02 2.392121325430202061e-01 2.004883844091903400e-01 1.131916266684888511e-01 9.415766833741144592e-02 8.807743648537187664e-02 3.048083069112134069e+01 3.421629012478144318e+02 7.644727937901726591e+02
3.759313468695743268e+02 1.000000000000000000e+00 5.459658498687330885e-01 2.088231465113192797e-01 9.922968798064472906e-02 1.036977744463824652e-01 1.110853451890723709e-01 1.018371278015848813e-01 8.855177345298895220e-02 2.892750846238488549e+01 3.300325785106621197e+02 7.449913164295811612e+02
3.780303344363657061e+02 1.000000000000000000e+00 6.695214141670244867e-01 4.464418045719447115e-01 2.980269753770311558e-01 2.034114430520271299e-01 1.449537150571950650e-01 1.108159246906050693e-01 8.899253084573004180e-02 2.745452440668980287e+01 3.197113648246314028e+02 7.289766533215046138e+02
3.801218269149396178e+02 1.000000000000000000e+00 5.848611098560471122e-01 2.672289018680029105e-01 1.246306080240288522e-01 1.038646077092076486e-01 1.129940890696391337e-01 1.076254217225305621e-01 8.824710948186240134e-02 2.601586800029087954e+01 3.092599185152671453e+02 7.120761284057223293e+02
3.822135393523385005e+02 9.999999999999998890e-01 3.482482375855345258e-01 6.212950537953847857e-02 2.004116211695152749e-01 1.990616087018216296e-01 1.134245590110149055e-01 9.821513556708988402e-02 8.793265344739478739e-02 2.481369091130971682e+01 2.993816193469257314e+02 6.954384180274903429e+02
3.843146175400823950e+02 1.000000000000000000e+00 1.102071436404957055e-01 2.713817396653112612e-01 2.486153560215131342e-01 1.113852808428236751e-01 1.420242189320448656e-01 9.502134195539771455e-02 8.679509536066484787e-02 2.386073866522922771e+01 2.911444848168331418e+02 6.879313723225516242e+02
3.864101056160100143e+02 1.000000000000000000e+00 2.554592536624145094e-02 4.389964228699176352e-01 1.015663898826176526e-01 1.893297858974393733e-01 1.139695749289667270e-01 1.021796829533189593e-01 8.552508364298748444e-02 2.296873905493838208e+01 2.816726104975267617e+02 6.722845938869725160e+02
3.885033793022761870e+02 1.000000000000000000e+00 1.459850989133764099e-01 2.083875296716249381e-01 2.835523399852644677e-01 1.221782822423542469e-01 1.149290199120930472e-01 1.104010358234913253e-01 8.470627905312358430e-02 2.204608662470874592e+01 2.751610805562622204e+02 6.618815138284962813e+02
3.905981588752549101e+02 1.000000000000000000e+00 3.939096588126252407e-01 7.920014372473921371e-02 1.441205317681605591e-01 1.761706743880061543e-01 1.404677698190406610e-01 1.076207728209635922e-01 8.416777841012690331e-02 2.126063895694056072e+01 2.652149330002985721e+02 6.476972772150625133e+02
3.926962830464490253e+02 1.000000000000000000e+00 6.098959599656363917e-01 3.251095687146819957e-01 1.855710535131594174e-01 1.367179133168608673e-01 1.139886663002431799e-01 9.708859951801576682e-02 8.397888938750146248e-02 2.046397233797563686e+01 2.578544484987450573e+02 6.325984591922109530e+02
3.947896741701724181e+02 9.999999999999998890e-01 6.567516119501433103e-01 4.141998405799151572e-01 2.551982471259132690e-01 1.624861086937245402e-01 1.156897695361894518e-01 9.491917995718310297e-02 8.449953327238905743e-02 1.976439243751159580e+01 2.508599862848643625e+02 6.182110018459760568e+02
3.968786767830940221e+02 1.000000000000000000e+00 5.053126529065230521e-01 1.598467518333294146e-01 1.082192563449546618e-01 1.506744412827328572e-01 1.399843538916261121e-01 1.036305730642562289e-01 8.524297244728114287e-02 1.903888122540809746e+01 2.414965958445342551e+02 6.030034286489192255e+02
3.989711898920450039e+02 1.000000000000000000e+00 2.535935880757626548e-01 1.116003864974972198e-01 2.670732468937779824e-01 1.474433630660634820e-01 1.142100003400620539e-01 1.115499233009136920e-01 8.653910702866698945e-02 1.832517666324987360e+01 2.356142905229036160e+02 5.945687600542113387e+02
4.010676534742564172e+02 1.000000000000000000e+00 6.254086968365840660e-02 3.661344556140964657e-01 1.624061199769063768e-01 1.639290332690594987e-01 1.161945754444011908e-01 1.057697152293678167e-01 8.776805076121935167e-02 1.760714901298877777e+01 2.278093517427352879e+02 5.799399770981525535e+02
4.031627293156664678e+02 1.000000000000000000e+00 5.294124881837495439e-02 3.756918040278397486e-01 1.735735852319720829e-01 1.356675983791965079e-01 1.405991326642725969e-01 9.530997168576983702e-02 8.866343979279821264e-02 1.685777274340232168e+01 2.198792825599964544e+02 5.696325880282678327e+02
4.052550878295390930e+02 9.999999999999998890e-01 2.293164580630728255e-01 1.264332493327640916e-01 2.551933616001725302e-01 1.742682491951866031e-01 1.132670670022842274e-01 9.587701627653083536e-02 8.818273977184314105e-02 1.603816820853274905e+01 2.132779044041633654e+02 5.551784687056156145e+02
4.073503648607934906e+02 1.000000000000000000e+00 4.791999993554997839e-01 1.540460230974915190e-01 1.192689777254733186e-01 1.274661378665957467e-01 1.172081072238766036e-01 1.062746490595745802e-01 8.779950273186176712e-02 1.541417438002437201e+01 2.061351147261429730e+02 5.431140626569474534e+02
4.094473217349765264e+02 1.000000000000000000e+00 6.423452950728862909e-01 3.917458559861716205e-01 2.499507252193728657e-01 1.800815321245485823e-01 1.397054141455099374e-01 1.107483758419678249e-01 8.725160706391098253e-02 1.476397199293710116e+01 1.995883362026353609e+02 5.296763085577603078e+02
4.115447743192759162e+02 1.000000000000000000e+00 6.165763064474351074e-01 3.297314996619713501e-01 1.761053969555943510e-01 1.231916088656211106e-01 1.114961255869462431e-01 1.033610803087066238e-01 8.692537682473698568e-02 1.416553964460346116e+01 1.942375836306843269e+02 5.215338780942427093e+02
4.136345193598958190e+02 1.000000000000000000e+00 4.205636734412309674e-01 1.086636403833777104e-01 1.669874918016618637e-01 1.830223966283471837e-01 1.184123774466778745e-01 9.333558628833822646e-02 8.488683524563186977e-02 1.356751244795198197e+01 1.885387823825294049e+02 5.126287113549294645e+02
4.157253868667381766e+02 1.000000000000000000e+00 1.778618492711921129e-01 2.011611178748184958e-01 2.506486697032426214e-01 1.236246540972369967e-01 1.405144353537423341e-01 9.853179073924971110e-02 8.489468482004262906e-02 1.296886419200097507e+01 1.821127158618963051e+02 4.986614103291739184e+02
4.178222580190098938e+02 1.000000000000000000e+00 4.505304312323060029e-02 4.008702667901071770e-01 1.319303149202522285e-01 1.801186285539951581e-01 1.093488167100269276e-01 1.085613260628665727e-01 8.441493138605334068e-02 1.245887007692889448e+01 1.768976778634045957e+02 4.893094145468233478e+02
4.199170854077906370e+02 1.000000000000000000e+00 1.028701229973057740e-01 2.831808915781025004e-01 2.376410371749748951e-01 1.273616737021913414e-01 1.217354671401992272e-01 1.096551851425453666e-01 8.443000220560976932e-02 1.193035109018670603e+01 1.712803242350769608e+02 4.769031887247484178e+02
4.220111480546859184e+02 1.000000000000000000e+00 3.135759671378701152e-01 1.076983374158373002e-01 1.855794330363730593e-01 1.742131413523720362e-01 1.397572519047055872e-01 1.000596603721119887e-01 8.504847555183504826e-02 1.149121081434963543e+01 1.657174773161578685e+02 4.656267037472147763e+02
4.241058578563795436e+02 1.000000000000000000e+00 5.435551302453750511e-01 2.469586917409379301e-01 1.669079171055422584e-01 1.355908599927332647e-01 1.066607219341522556e-01 9.479522621087718703e-02 8.613544742376304242e-02 1.106353463387310931e+01 1.599252691341166610e+02 4.553973599038980069e+02
4.262018175540064249e+02 1.000000000000000000e+00 6.459503053220039259e-01 3.948555701012933516e-01 2.438337900563440630e-01 1.652475807569973032e-01 1.250680418496479540e-01 1.016387741645383008e-01 8.632434070440997420e-02 1.073794082839090258e+01 1.556024653992039362e+02 4.480655036293148896e+02
4.282959535252458068e+02 1.000000000000000000e+00 5.594740347775249978e-01 2.408974368177106695e-01 1.414940521856161981e-01 1.453885002559331119e-01 1.377836064906793612e-01 1.096203129866740456e-01 8.734800177230696294e-02 1.034305486580351641e+01 1.509011220163351084e+02 4.344166597478753147e+02
4.303922364496140744e+02 9.999999999999998890e-01 3.383710667607943146e-01 1.204814522127472115e-01 2.284780429885054920e-01 1.551016095740021805e-01 1.063013781647277056e-01 1.059997428285086862e-01 8.712012473330361939e-02 9.953923615540720249e+00 1.464004112607869388e+02 4.244059624925089906e+02
4.324889947899308709e+02 1.000000000000000000e+00 1.266827075456476437e-01 2.850759740222357230e-01 1.900290076385792171e-01 1.558440326638090845e-01 1.292588038367665226e-01 9.791114846071777289e-02 8.779957923245838847e-02 9.675305485262345684e+00 1.410532598259869417e+02 4.159397517874912182e+02
4.345810296701118887e+02 1.000000000000000000e+00 5.430845538367285591e-02 3.755984944489710320e-01 1.680454117212881182e-01 1.448425193083857088e-01 1.334662548356491674e-01 9.754373690594292379e-02 8.742943010361130252e-02 9.327686347873285655e+00 1.371112451263613252e+02 4.068709994844051607e+02
4.366728580083176325e+02 1.000000000000000000e+00 1.652260915406895958e-01 2.061267232204075650e-01 2.392108596566623613e-01 1.659560462337640874e-01 1.065124235659823670e-01 1.031863493797544884e-01 8.761182357507078799e-02 8.988379896181047712e+00 1.330748927288290133e+02 3.988597459958193099e+02
4.387675665773857645e+02 1.000000000000000000e+00 3.885010603480073543e-01 1.449856493009640257e-01 1.469185012787739553e-01 1.352621422182904154e-01 1.325031751969026339e-01 1.078014932175113544e-01 8.697243064988623151e-02 8.727392703155073761e+00 1.296880777527513544e+02 3.905495241998376628e+02
4.408626667365114145e+02 1.000000000000000000e+00 5.819136464075193027e-01 3.152570917892599245e-01 2.246625909582317948e-01 1.746690181751394955e-01 1.295385283365878271e-01 1.043843718645060953e-01 8.661016787110659143e-02 8.361009453557780802e+00 1.249002894667635672e+02 3.784366854646269189e+02
4.429555762195456623e+02 1.000000000000000000e+00 6.247540826647277612e-01 3.465396601040461877e-01 1.905025824954843239e-01 1.275779730693221148e-01 1.081422366794941858e-01 9.834784348086193784e-02 8.517227072473568250e-02 7.980078093490121205e+00 1.205015915901385455e+02 3.696598640781357972e+02
4.450486794052857817e+02 1.000000000000000000e+00 4.944466691514797230e-01 1.818632322441255667e-01 1.672168175287029879e-01 1.810240578135386413e-01 1.345659143085566334e-01 9.870423543831056967e-02 8.467848835013715159e-02 7.739212927872203274e+00 1.172000310228951463e+02 3.613252810242423152e+02
4.471472511764327464e+02 1.000000000000000000e+00 2.723972356005919804e-01 1.756978672171826683e-01 2.381746274443529432e-01 1.239437990921789384e-01 1.259671811186563184e-01 1.040842491412312248e-01 8.521564346499836684e-02 7.454768585667989278e+00 1.141959851553699394e+02 3.545736908668514502e+02
4.492440270172272108e+02 1.000000000000000000e+00 1.001646614686377557e-01 3.338186618308927045e-01 1.480537346978025581e-01 1.839745995114874799e-01 1.112538935884798547e-01 1.072588508433931082e-01 8.533561484281432241e-02 7.186875250173543783e+00 1.112904632389152368e+02 3.479239258364186185e+02
4.513342678925079099e+02 1.000000000000000000e+00 8.454524452804844381e-02 3.139915268026525208e-01 2.223363145448558065e-01 1.208801527543267168e-01 1.341433381571571770e-01 1.032910726930660883e-01 8.595420929176179892e-02 6.890044915717233209e+00 1.072655868381155955e+02 3.384325249093990351e+02
4.534279398518581843e+02 1.000000000000000000e+00 2.304090868162009809e-01 1.703355556315705455e-01 1.949816311887780096e-01 1.845993039298630400e-01 1.233069148292759709e-01 9.811383238563851916e-02 8.685289240294856439e-02 6.607409925844137000e+00 1.039869307414309674e+02 3.269423025781107981e+02
4.555222950128259640e+02 1.000000000000000000e+00 4.468112801942681345e-01 2.113633883846113559e-01 1.632307304122430636e-01 1.224033836617485493e-01 1.138224818330942079e-01 9.930418118547888751e-02 8.746218760722487828e-02 6.355986516251619811e+00 1.013004382516908208e+02 3.209801358545416861e+02
4.576175673840336344e+02 1.000000000000000000e+00 5.959571807096576412e-01 3.398644239333761252e-01 2.418075288344267992e-01 1.816941196390964852e-01 1.328500243365754174e-01 1.053020587370216005e-01 8.736537509530398204e-02 6.084107449231654030e+00 9.790866246191485800e+01 3.121768549283333414e+02
4.597121864611017372e+02 1.000000000000000000e+00 5.870424973549833725e-01 2.794149324651661326e-01 1.481877509306479546e-01 1.259195473326046866e-01 1.226008677249137702e-01 1.073470786927838011e-01 8.754496630967692483e-02 5.850070294793740189e+00 9.494422637621082117e+01 3.063828813168646548e+02
4.618035845536060719e+02 1.000000000000000000e+00 4.290582055144011586e-01 1.682858359454734443e-01 2.165278773118619049e-01 1.767299530695040088e-01 1.151237739784167630e-01 1.010646419063419843e-01 8.676864014012920789e-02 5.651737970675275946e+00 9.188811165914844992e+01 2.963661779674758350e+02
4.638999424021318987e+02 1.000000000000000000e+00 2.237758204738322654e-01 2.442216950796033959e-01 2.051822450406888543e-01 1.304460681283534373e-01 1.323860305843511387e-01 9.779581763374474435e-02 8.643953267604713442e-02 5.457720394099766281e+00 8.943057655828665986e+01 2.899806667280118404e+02
4.659952084727078727e+02 1.000000000000000000e+00 9.781449852563754710e-02 3.366417348835866186e-01 1.534028819339621486e-01 1.711681176036710939e-01 1.219193650194266981e-01 1.013934084607734237e-01 8.632706446316877613e-02 5.283884192310289052e+00 8.671200646252181343e+01 2.847671445011717424e+02
4.680896863433834483e+02 1.000000000000000000e+00 1.287501675339140506e-01 2.471781646124293630e-01 2.460818182667814658e-01 1.382631694349451823e-01 1.161704962275036529e-01 1.070906747801622094e-01 8.555263406510160706e-02 5.089136653783906894e+00 8.434089511111075410e+01 2.772121894433826128e+02
4.701853136705894372e+02 1.000000000000000000e+00 2.942783552910266942e-01 1.762351613664890349e-01 1.536636322792420961e-01 1.631754918951946742e-01 1.325669241963354228e-01 1.049877586765679827e-01 8.575442579728677350e-02 4.891459124677699499e+00 8.156053493323189230e+01 2.692459221178897906e+02
4.722796667883229702e+02 1.000000000000000000e+00 4.864120165684245878e-01 2.745850648913109038e-01 2.036125426512945535e-01 1.456192060742494965e-01 1.205767939342794193e-01 9.953433784481161006e-02 8.571637874794552081e-02 4.724170450845594615e+00 7.919736258388346073e+01 2.626792758048224528e+02
4.743731081744988387e+02 1.000000000000000000e+00 5.887624014442489617e-01 3.248261903123900729e-01 2.193057889294698082e-01 1.573218344021010406e-01 1.178714925022380650e-01 9.943580683146235888e-02 8.573355737535039156e-02 4.550721895405459350e+00 7.702069089820544434e+01 2.575166865308305546e+02
4.764663194103498540e+02 1.000000000000000000e+00 5.383405617535209631e-01 2.194721645869056048e-01 1.452626796518900754e-01 1.523088471553668000e-01 1.331164462464492770e-01 1.039775694397132022e-01 8.593923075648185472e-02 4.411647982842573867e+00 7.503048189229018305e+01 2.512062980691469534e+02
4.785626880887456309e+02 1.000000000000000000e+00 3.737092607344297823e-01 1.924133728918616670e-01 2.422080528569199032e-01 1.505352474469643376e-01 1.182541323584860443e-01 1.055733933511449341e-01 8.627341211290402712e-02 4.236005825493616150e+00 7.260510299634707110e+01 2.441074359524791930e+02
4.806594230190371491e+02 1.000000000000000000e+00 1.954625419567956879e-01 2.991269573468215981e-01 1.665233074630979859e-01 1.583347527583900127e-01 1.197254212366976184e-01 1.022877633611679604e-01 8.645524058170224457e-02 4.075947134006676187e+00 7.019194090097424521e+01 2.379214936425946689e+02
4.827515984537249096e+02 1.000000000000000000e+00 1.151626311473569891e-01 3.058595926268128373e-01 1.863311375567951178e-01 1.445934114953537908e-01 1.329610314681241579e-01 1.002263093247152126e-01 8.665484949145953186e-02 3.911750112097331922e+00 6.819778623119836425e+01 2.320264857814294430e+02
4.848444945058063809e+02 1.000000000000000000e+00 1.798219779301068189e-01 1.990131554431588401e-01 2.307291735476771077e-01 1.637762871282193167e-01 1.156144125489935587e-01 1.018042537866199332e-01 8.704304364234213831e-02 3.765228960351247878e+00 6.625874252816626608e+01 2.268400113741916755e+02
4.869401476562634912e+02 9.999999999999998890e-01 3.450724824718863770e-01 2.124307420961401849e-01 1.457223469010794359e-01 1.398818621326953782e-01 1.235258190159077701e-01 1.044681834987092467e-01 8.674857642817469794e-02 3.638416518376850206e+00 6.441477670769246799e+01 2.215508697442429877e+02
4.890371632825397228e+02 1.000000000000000000e+00 5.048259873729259439e-01 3.166007625628192157e-01 2.305618329498901331e-01 1.672417079559782027e-01 1.305380224162011604e-01 1.039212905970316875e-01 8.620964904010615382e-02 3.504504631645252832e+00 6.268028629623769632e+01 2.172034801125380170e+02
4.911313406170218627e+02 9.999999999999998890e-01 5.624704998966312264e-01 2.837268872029351519e-01 1.846393613703577463e-01 1.371542168634877212e-01 1.151855257615472805e-01 1.021168421116845360e-01 8.639481234035303880e-02 3.383360856802387850e+00 6.079594548703015988e+01 2.118524999526499073e+02
4.932236927991997959e+02 1.000000000000000000e+00 4.861939092212186342e-01 1.849426595298177822e-01 1.727815241093232090e-01 1.692910360809822823e-01 1.262643744208865326e-01 1.004558011251939081e-01 8.583564973110975604e-02 3.254567050441161236e+00 5.887374659574640390e+01 2.060893607096397773e+02
4.953190833088673912e+02 1.000000000000000000e+00 3.257718700170101345e-01 2.345272276157433500e-01 2.332225055271243963e-01 1.360013426390834779e-01 1.277450269397630844e-01 1.023709700465635503e-01 8.566997022986740096e-02 3.142944848935970814e+00 5.725277804860309061e+01 2.010402978201096857e+02
4.974115705940560019e+02 1.000000000000000000e+00 1.853364475910140585e-01 3.265437139032439928e-01 1.557301128922495004e-01 1.696132474071768981e-01 1.170600788956901311e-01 1.041418963543255111e-01 8.632067291610946713e-02 3.031590247317818676e+00 5.569275525858780895e+01 1.960996932908589372e+02
4.995011867802634811e+02 1.000000000000000000e+00 1.472237417118869851e-01 2.626991638017036612e-01 2.135316679892431124e-01 1.370649278844592589e-01 1.272071037059623322e-01 1.037496115603204760e-01 8.628388833890614229e-02 2.921738691996532022e+00 5.397955087525633644e+01 1.912716726467268700e+02
5.015956169017093202e+02 1.000000000000000000e+00 2.321880450284952990e-01 1.777461824921284517e-01 1.995076919276049243e-01 1.686821141824261794e-01 1.247495589501328578e-01 1.010169747710161908e-01 8.655807467202211725e-02 2.812558119212613228e+00 5.210249907265598779e+01 1.851008415179321958e+02
5.036923583201559040e+02 1.000000000000000000e+00 3.834201385722673661e-01 2.552623605214552893e-01 1.677166258148619082e-01 1.380677339412035021e-01 1.185501352020188609e-01 1.011292191934492490e-01 8.656047379770422101e-02 2.721790866955975385e+00 5.057445848179742143e+01 1.807689870790659086e+02
5.057875742324567909e+02 1.000000000000000000e+00 5.036750299671158837e-01 3.305608914868620185e-01 2.272289868285871095e-01 1.674683949803366934e-01 1.268161215144643084e-01 1.040175008545243807e-01 8.651329082370100287e-02 2.641293311803257993e+00 4.922340795557556703e+01 1.762610810570998865e+02
5.078832170778152317e+02 1.000000000000000000e+00 5.248106925325568550e-01 2.427617048501778674e-01 1.678606147297382611e-01 1.393119105885872455e-01 1.242419535470359604e-01 1.043449655876822341e-01 8.654832118059462009e-02 2.554954970341702492e+00 4.796294447567586161e+01 1.721900496638826894e+02
5.099797051358510203e+02 1.000000000000000000e+00 4.343400320851256713e-01 1.765453679531826803e-01 2.023418477024064022e-01 1.644732808835583926e-01 1.198934414457286379e-01 1.015578643817685173e-01 8.630169359302373999e-02 2.470405294271414753e+00 4.665401066689689458e+01 1.677020054991502036e+02
5.120770832352587831e+02 1.000000000000000000e+00 2.937147086887312297e-01 2.738216021941381473e-01 2.034270348743389967e-01 1.426496054418187609e-01 1.269005408281566882e-01 1.016697400023417880e-01 8.634629409694269397e-02 2.379868039303549843e+00 4.519179080916337909e+01 1.630398889856222695e+02
5.141705940684560119e+02 1.000000000000000000e+00 1.925101157518303296e-01 3.295980379742438626e-01 1.706867799354465642e-01 1.614700162088094915e-01 1.242669059883852178e-01 1.027443675369417997e-01 8.616136015370254309e-02 2.312464904105982377e+00 4.392897330637235598e+01 1.595646612593531302e+02
5.162616741448513267e+02 1.000000000000000000e+00 1.901154272332410966e-01 2.267364561405092460e-01 2.198344904760057283e-01 1.457378170527022787e-01 1.201781230468882272e-01 1.032274643309039480e-01 8.614193886512126752e-02 2.235703812907336552e+00 4.288578657765219049e+01 1.558082842365323302e+02
5.183580454577377168e+02 1.000000000000000000e+00 2.830271752573555455e-01 1.804029386817656011e-01 1.746180262791494631e-01 1.586401276029651697e-01 1.276912406332570693e-01 1.023010609686749450e-01 8.618212553992558866e-02 2.160089652204916000e+00 4.173929752627130796e+01 1.521162174222261001e+02
5.204527896619756575e+02 1.000000000000000000e+00 4.104005449734057787e-01 2.871279933203521040e-01 1.986704646739685387e-01 1.486608816526056864e-01 1.222930026116851726e-01 1.023578165577626459e-01 8.683656868373786086e-02 2.089793135884665531e+00 4.044555508401714405e+01 1.480124775722676418e+02
5.225433902606454240e+02 1.000000000000000000e+00 4.927233383125989574e-01 3.229519760251837179e-01 2.053690094019846313e-01 1.552704668089043838e-01 1.212148780096853340e-01 1.023669810651721829e-01 8.630259126679683257e-02 2.018941670864304427e+00 3.943994200292997476e+01 1.448231809536590902e+02
5.246382473770604520e+02 1.000000000000000000e+00 4.795381215323193391e-01 2.152342860699899274e-01 1.701453254123005687e-01 1.514699277728872862e-01 1.277266251595218782e-01 1.033064768738316958e-01 8.680485803240726994e-02 1.956145022646663012e+00 3.849477133321414613e+01 1.411898905489034348e+02
5.267348628909923036e+02 1.000000000000000000e+00 3.867160346605606480e-01 1.885456037989754197e-01 2.184972684257708020e-01 1.522592778299063088e-01 1.202378300310476128e-01 1.024042367302917950e-01 8.632137889357517635e-02 1.901324354208183909e+00 3.728919419017977788e+01 1.381828918602008116e+02
5.288288088098518074e+02 1.000000000000000000e+00 2.715449698267766165e-01 2.962315145604338396e-01 1.776503824261399245e-01 1.545701493440657381e-01 1.242428212636985246e-01 1.024743073484355310e-01 8.672220660107092527e-02 1.823336941160982549e+00 3.624599400277377725e+01 1.337732206678009845e+02
5.309203479009860303e+02 1.000000000000000000e+00 2.091379253497930857e-01 3.135951781221800738e-01 1.923928168225126911e-01 1.507924281354776075e-01 1.252443039008171166e-01 1.025487244350376942e-01 8.626951618017697498e-02 1.770360718721742055e+00 3.538166856434646235e+01 1.312160322238429160e+02
5.330158238197313949e+02 9.999999999999998890e-01 2.358132636219380240e-01 2.086791528117261374e-01 2.131604453217770256e-01 1.566200265492027899e-01 1.209188848923481996e-01 1.030986238863185328e-01 8.605251154182085027e-02 1.706004274256172737e+00 3.417580711958016337e+01 1.266464819819216814e+02
5.351143876150887309e+02 1.000000000000000000e+00 3.295966565698560946e-01 2.008824437610369495e-01 1.663080104777690249e-01 1.483832961780621462e-01 1.251193101608249481e-01 1.031804274495076862e-01 8.599738600796222321e-02 1.657161549834954783e+00 3.328136563091492661e+01 1.237927596443381901e+02
5.372069595479000554e+02 1.000000000000000000e+00 4.287455964765459759e-01 2.998620684252750190e-01 2.159425657879864291e-01 1.583236631736222033e-01 1.234636317622586354e-01 1.019501415991016097e-01 8.624236945840653423e-02 1.602428843218069110e+00 3.232982150419862677e+01 1.205160642206305113e+02
5.392995375237818507e+02 1.000000000000000000e+00 4.712932794249514168e-01 3.004701574911489703e-01 1.880774536065636937e-01 1.468348940768315625e-01 1.229721961493175780e-01 1.020846850378732129e-01 8.596414448650079032e-02 1.557683383642862074e+00 3.143856728795709898e+01 1.175380726235927682e+02
5.413947492355487157e+02 1.000000000000000000e+00 4.332924795992296185e-01 2.074630279612164896e-01 1.801658515222962498e-01 1.591200379331042802e-01 1.242583607878132851e-01 1.036181100248607656e-01 8.670488665833457620e-02 1.504688167073949367e+00 3.050064206386823784e+01 1.143943295531608726e+02
5.434885356846050399e+02 1.000000000000000000e+00 3.417773614564116325e-01 2.147169777345836750e-01 2.195540663344505150e-01 1.457726101971235366e-01 1.229437231386223128e-01 1.033552707578012930e-01 8.684857103233009634e-02 1.454769251783629480e+00 2.972481172809207095e+01 1.117457793229228855e+02
5.455833306294434806e+02 1.000000000000000000e+00 2.576559651072367618e-01 3.003221196595953768e-01 1.701453118598098002e-01 1.598831798443138830e-01 1.239217394327951638e-01 1.016077232250418988e-01 8.716592331338315902e-02 1.414250709784343751e+00 2.894331289964519272e+01 1.092462970841973373e+02
5.476773081830593810e+02 1.000000000000000000e+00 2.318273912792255809e-01 2.861961514005650353e-01 2.026801815461276024e-01 1.455214132941715088e-01 1.242146792425315310e-01 1.020240379919583190e-01 8.684190103196881561e-02 1.376522174446778601e+00 2.823214281874819065e+01 1.069252282155013347e+02
5.497700562822764141e+02 1.000000000000000000e+00 2.826068414506593962e-01 2.084961481282298634e-01 2.025576806361099047e-01 1.598090435444564084e-01 1.229131946317670310e-01 1.037595326998872886e-01 8.682452244346844372e-02 1.326689120415990519e+00 2.740734498295874388e+01 1.035768182396716526e+02
5.518648777108212471e+02 9.999999999999998890e-01 3.697716434564016219e-01 2.293203160591946177e-01 1.741153474538478518e-01 1.462259291017189711e-01 1.235853707409340502e-01 1.034344996742946471e-01 8.634358190602485494e-02 1.293020081157960410e+00 2.662398479614738633e+01 1.008464629581135910e+02
5.539601856136171136e+02 1.000000000000000000e+00 4.401692363434883126e-01 2.971631074585282528e-01 2.135768044166351243e-01 1.592048583387015159e-01 1.242955554818036407e-01 1.021556789284599753e-01 8.616286534070459469e-02 1.251676026191234303e+00 2.594053104753289318e+01 9.872914743485064548e+01
5.560567849672725060e+02 1.000000000000000000e+00 4.490685384626751375e-01 2.699877884769176228e-01 1.840095233999283764e-01 1.474524422097808207e-01 1.220051577773714480e-01 1.014003509583203400e-01 8.607767533213848965e-02 1.217677068424904085e+00 2.517740715151368391e+01 9.605457530341585937e+01
5.581503751447530703e+02 1.000000000000000000e+00 3.896385554314879540e-01 2.111517844737329785e-01 1.906928272853751494e-01 1.574046073250174871e-01 1.247297872282108339e-01 1.026716124162719429e-01 8.629149486976879502e-02 1.179232500048084109e+00 2.457167140447571541e+01 9.382027456509700869e+01
5.602412329118784555e+02 1.000000000000000000e+00 3.045489778979283413e-01 2.451594181864217847e-01 2.054424737545094692e-01 1.492157592466772376e-01 1.227705209632423550e-01 1.042565211459706292e-01 8.586921977288486385e-02 1.143404200103237844e+00 2.381231116178942386e+01 9.130641106279105657e+01
5.623382906065681937e+02 1.000000000000000000e+00 2.458281699481038585e-01 2.945196823052958490e-01 1.802984003047413131e-01 1.562458366952681477e-01 1.233240332188198646e-01 1.028774771487133838e-01 8.652395358198163022e-02 1.107313637541296858e+00 2.318660907711603514e+01 8.932944349223248537e+01
5.644366525925661335e+02 1.000000000000000000e+00 2.536260430117082132e-01 2.548096358989692112e-01 2.031692810984221109e-01 1.502660610480938685e-01 1.260563512420654619e-01 1.011890150047422693e-01 8.698898188097803352e-02 1.077690941170283745e+00 2.264651071723977083e+01 8.708206936900654682e+01
5.665277017742956787e+02 9.999999999999998890e-01 3.207265691002679775e-01 2.140779842867973626e-01 1.912676969326356224e-01 1.546014851328711692e-01 1.208909550364253571e-01 1.020305389865611145e-01 8.691031893473857850e-02 1.048352621026115372e+00 2.204674070338222336e+01 8.510913496906557896e+01
5.686215733679467803e+02 1.000000000000000000e+00 4.045521915299560844e-01 2.586361982899257894e-01 1.900296448653865100e-01 1.519776077334401287e-01 1.255962179678777602e-01 1.043783563632113554e-01 8.732328192279149859e-02 1.008985929516842184e+00 2.142047539493252373e+01 8.249169825136826262e+01
5.707184637929102564e+02 1.000000000000000000e+00 4.517600251326054916e-01 2.914818486723786961e-01 2.027763617130378393e-01 1.529875384652917003e-01 1.239456198316826741e-01 1.035920714977759810e-01 8.665848874878444297e-02 9.804800378085976043e-01 2.083330686380767460e+01 8.095139175964713729e+01
5.728131146061854224e+02 1.000000000000000000e+00 4.310830007555276899e-01 2.427807939084882238e-01 1.840100847396687611e-01 1.527323098975135462e-01 1.212886030940843463e-01 1.013029551261000472e-01 8.675209833788251335e-02 9.496363434413475080e-01 2.026908691681480335e+01 7.859286436795431996e+01
5.749074041034737093e+02 1.000000000000000000e+00 3.565629809890268898e-01 2.172108161991784248e-01 2.018849165186255290e-01 1.531649021848771608e-01 1.263902332495618341e-01 1.016411404396431323e-01 8.606050306464357869e-02 9.255960447351789799e-01 1.983363392503014211e+01 7.715783154407540678e+01
5.769994639719242286e+02 1.000000000000000000e+00 2.747149143555669970e-01 2.683288696252973393e-01 1.935278095507354246e-01 1.527754507865798639e-01 1.231997002631598642e-01 1.034240957808099659e-01 8.610647728956748181e-02 8.962024705307364281e-01 1.923695618727665391e+01 7.505902457855155774e+01
5.790960084489871633e+02 1.000000000000000000e+00 2.368160020621414008e-01 2.901029923097911967e-01 1.868670505830800910e-01 1.537058744792097753e-01 1.222170451874136365e-01 1.042947880774778291e-01 8.610809974709454639e-02 8.689130182549887893e-01 1.875715366996012179e+01 7.293803687953959525e+01
5.811896428196663464e+02 1.000000000000000000e+00 2.668128173956665905e-01 2.350431789780043634e-01 2.051743631154797076e-01 1.522300817652420535e-01 1.262754934103664795e-01 1.021667448996145533e-01 8.642585361341698080e-02 8.432714191654632208e-01 1.824623145522873102e+01 7.135137122974208523e+01
5.832805405534110150e+02 1.000000000000000000e+00 3.472718521837879213e-01 2.180979902635810930e-01 1.844489006847922774e-01 1.547292438969159745e-01 1.223224656622783346e-01 1.012029024578749437e-01 8.660613066219460809e-02 8.211480160639554882e-01 1.778253011772283898e+01 6.981124645385907002e+01
5.853764954557684632e+02 1.000000000000000000e+00 4.275575263541355753e-01 2.740539656244762035e-01 1.945908632614932465e-01 1.503111470934660743e-01 1.224921554091598086e-01 1.027705964026040669e-01 8.699246397527045371e-02 7.949069725574774425e-01 1.728622969794822239e+01 6.787177542312353751e+01
5.874714889428527158e+02 1.000000000000000000e+00 4.599752512970052276e-01 2.892097889701552571e-01 2.008568024886611125e-01 1.558294259832812556e-01 1.266881302694324585e-01 1.048579239904607191e-01 8.704679111657935564e-02 7.760305896207146947e-01 1.689825376046358230e+01 6.652786733036478495e+01
5.895657062850251577e+02 1.000000000000000000e+00 4.223253911370552505e-01 2.323165467361957559e-01 1.836325317412445812e-01 1.492889942937004888e-01 1.203701502021721215e-01 1.029071258969986580e-01 8.692934246751633787e-02 7.508418779819375777e-01 1.642879501431803035e+01 6.430233590782380304e+01
5.916600943803775863e+02 1.000000000000000000e+00 3.390289989873626619e-01 2.192089277595921926e-01 1.993449095113758451e-01 1.570210839222462851e-01 1.252201218531725779e-01 1.012212112085730531e-01 8.623864970027317334e-02 7.269419291211504097e-01 1.597583638214119617e+01 6.291174106057614779e+01
5.937554946562310079e+02 1.000000000000000000e+00 2.573180085136163586e-01 2.748188837239002313e-01 1.956242141430370451e-01 1.484738298140184931e-01 1.254477078718440886e-01 1.024618868394856080e-01 8.643171658181886263e-02 7.085177440560179729e-01 1.562970364863919492e+01 6.145096456937724838e+01
5.958501144411602581e+02 1.000000000000000000e+00 2.315583953456653854e-01 2.863456961780626586e-01 1.878077472466868347e-01 1.573209449076518052e-01 1.201330331463007633e-01 1.044302809520995245e-01 8.618507638196992726e-02 6.867641371570959441e-01 1.522127496462122664e+01 5.991972102000678291e+01
5.979450149574882971e+02 1.000000000000000000e+00 2.713907265198935437e-01 2.345633095264564594e-01 1.994793126444849019e-01 1.487706302864839070e-01 1.266440109734146557e-01 1.031836382917315637e-01 8.645401990168317952e-02 6.668009572953366160e-01 1.479249491578302589e+01 5.844877526070550999e+01
6.000386523969983728e+02 1.000000000000000000e+00 3.569567901474359761e-01 2.236804708092165750e-01 1.925321831300029485e-01 1.569586725936442662e-01 1.232142341320939388e-01 1.020757459369898007e-01 8.644306952738169125e-02 6.464116854831897241e-01 1.445579773117788314e+01 5.706563795016086260e+01
6.021316061344980426e+02 1.000000000000000000e+00 4.378133854272200920e-01 2.706562752309151221e-01 1.914448611888869833e-01 1.491226150877847656e-01 1.210478568979931058e-01 1.016906458322894419e-01 8.670261271382506685e-02 6.284223750312645240e-01 1.408606340008333646e+01 5.579499295440006534e+01
6.042249972048517748e+02 1.000000000000000000e+00 4.624009465715810396e-01 2.816708873675509150e-01 1.977509355507117428e-01 1.569954528875021904e-01 1.268969516761439820e-01 1.037543883860962968e-01 8.668420426816660085e-02 6.081965949735217425e-01 1.366812427644266492e+01 5.437070916127440512e+01
6.063192760894660296e+02 9.999999999999998890e-01 4.195779000646220336e-01 2.385356898874561871e-01 1.929974032651914362e-01 1.493647394811868923e-01 1.227392220443172810e-01 1.038416143638046102e-01 8.663267856895588703e-02 5.895624313817584561e-01 1.331789194380462682e+01 5.277795771331463470e+01
6.084150216106399967e+02 9.999999999999998890e-01 3.357020423615973415e-01 2.297189363454120725e-01 1.924499763236032501e-01 1.566799948234776085e-01 1.221957447568613186e-01 1.020987107645468100e-01 8.650179899918201964e-02 5.753864206251984026e-01 1.300641929058863688e+01 5.169215349958871997e+01
6.105093846375350495e+02 1.000000000000000000e+00 2.576341670756198687e-01 2.666898507735826485e-01 1.951434212132312218e-01 1.488383709052691350e-01 1.274016357138872957e-01 1.019525933296362430e-01 8.656427816587969337e-02 5.577821248768768392e-01 1.265328165714793229e+01 5.039995876045562540e+01
6.126040632268012587e+02 9.999999999999998890e-01 2.327399112965641281e-01 2.728819885495950004e-01 1.936400687954289990e-01 1.581321549840201957e-01 1.207439530906279507e-01 1.034882956903588475e-01 8.678372662139141602e-02 5.440095248166940678e-01 1.235090414267930825e+01 4.933360927494552328e+01
6.147005383322473335e+02 1.000000000000000000e+00 2.736558912382997533e-01 2.418039877128661252e-01 1.937967638071641241e-01 1.478171325723458829e-01 1.244602880484557555e-01 1.035987127899487825e-01 8.642197880312506297e-02 5.277841606514378503e-01 1.207684645026176540e+01 4.819511655801426286e+01
6.167952341439762449e+02 1.000000000000000000e+00 3.537092721143847984e-01 2.387960313546567681e-01 1.942064344704217405e-01 1.590915430817804177e-01 1.253108223822075873e-01 1.022196781242660363e-01 8.674442780570749967e-02 5.130610911666606544e-01 1.171615479562889206e+01 4.685351654765418772e+01
6.188889822276647692e+02 1.000000000000000000e+00 4.280541521333773303e-01 2.654926352736088901e-01 1.927928707440061395e-01 1.462987934184956096e-01 1.213263752114997068e-01 1.025448779301399022e-01 8.663437694729626826e-02 5.004053728176628413e-01 1.150927273054139555e+01 4.585059834731754336e+01
6.209828695943464254e+02 1.000000000000000000e+00 4.526401219615746041e-01 2.642960814701456607e-01 1.961896137386428540e-01 1.598745472181551386e-01 1.260683989181627940e-01 1.031579979652886836e-01 8.733781980005522749e-02 4.849301434488156870e-01 1.112601754664754772e+01 4.467124518541317713e+01
6.230767360683975085e+02 9.999999999999998890e-01 4.158822909767240783e-01 2.415996507577874153e-01 1.917264564210681144e-01 1.464934534871432104e-01 1.236308890331557636e-01 1.032488142105430634e-01 8.670407888762128590e-02 4.716189184871591444e-01 1.091450707801616993e+01 4.357415637767319794e+01
6.251728313278765654e+02 1.000000000000000000e+00 3.405254877054115226e-01 2.462838198303708703e-01 1.938404627430614646e-01 1.596316971478427271e-01 1.221890322196028528e-01 1.022103893103542271e-01 8.657856913524210329e-02 4.601350517005993179e-01 1.062190311297563916e+01 4.263742989893141555e+01
6.272672133622505726e+02 1.000000000000000000e+00 2.729048839670505933e-01 2.667233131140259172e-01 1.985806131328857749e-01 1.465973769997329923e-01 1.260342076334067807e-01 1.028179988352683344e-01 8.648603097181989385e-02 4.471460167129615026e-01 1.034337168234355708e+01 4.160980898451953891e+01
6.293599109759630892e+02 1.000000000000000000e+00 2.495901758103345192e-01 2.589412298348464092e-01 1.875009418696417796e-01 1.587428261406883812e-01 1.226256563269062794e-01 1.031657392037394899e-01 8.642076389530767289e-02 4.341975704206347264e-01 1.007135231850096524e+01 4.063678246100097624e+01
6.314516137681961254e+02 9.999999999999998890e-01 2.828370244326239846e-01 2.396738030085314719e-01 1.965642702800100561e-01 1.474436332828871765e-01 1.237518427837994428e-01 1.024652724138607057e-01 8.664468857474974528e-02 4.250908863127580428e-01 9.894820776729831735e+00 3.974228097940905258e+01
6.335478625023006316e+02 1.000000000000000000e+00 3.492946298844683550e-01 2.485257083689997315e-01 1.978322676178220774e-01 1.581025768618817273e-01 1.256790485443384786e-01 1.023234312207563917e-01 8.679168570359453716e-02 4.110702862002234559e-01 9.576303846343691362e+00 3.855412251972553150e+01
6.356447848587720273e+02 1.000000000000000000e+00 4.091330410296724618e-01 2.681284196235959039e-01 1.856074938523401829e-01 1.478066661585657471e-01 1.217897468693835417e-01 1.032245499003134892e-01 8.718881823927474017e-02 4.008995378741439519e-01 9.371864281001281327e+00 3.792583630975837394e+01
6.377361418095657655e+02 1.000000000000000000e+00 4.299745068752426902e-01 2.597957193745285553e-01 2.017555965780644389e-01 1.583143202972209784e-01 1.251492688525029096e-01 1.030049965207748136e-01 8.706021864788750231e-02 3.904443981277902487e-01 9.129587291938346283e+00 3.702028344208675747e+01
6.398305820283386538e+02 1.000000000000000000e+00 4.015132020429660331e-01 2.399057306514054966e-01 1.934167319240112926e-01 1.473829028324721568e-01 1.236292863236003597e-01 1.026833508477037332e-01 8.692942540383513661e-02 3.794801226122354043e-01 8.899060288323662249e+00 3.619671894793985700e+01
6.419259021906950693e+02 9.999999999999998890e-01 3.429170570983212096e-01 2.466965267665530148e-01 1.872477935606350063e-01 1.593180715045200702e-01 1.232249209144852531e-01 1.020102499908711047e-01 8.663298474411738892e-02 3.705243344015453633e-01 8.647139977070196437e+00 3.528032090792374476e+01
6.440217699235045075e+02 1.000000000000000000e+00 2.914527161772344499e-01 2.651720247949608811e-01 2.022408600515671617e-01 1.467775124277712062e-01 1.245784914486134515e-01 1.033739155259016246e-01 8.654427794733039747e-02 3.592469986196851206e-01 8.455016334857587523e+00 3.442211897271751297e+01
6.461144832623982666e+02 9.999999999999998890e-01 2.756464172102151555e-01 2.624731941291421067e-01 1.886220029559357303e-01 1.594269325754717470e-01 1.236335214562789553e-01 1.043592366977677821e-01 8.623073292501795550e-02 3.509123339294983879e-01 8.271755042734200813e+00 3.368539405332944625e+01
6.482063972434083325e+02 1.000000000000000000e+00 3.019707772190143302e-01 2.452599717093946474e-01 1.951636766285263225e-01 1.476855707973504794e-01 1.240739974189230682e-01 1.020847193123951280e-01 8.691594803600243002e-02 3.450415340619028548e-01 8.089349422841069170e+00 3.311274034656716481e+01
6.503023673715947552e+02 9.999999999999998890e-01 3.529355316915062657e-01 2.442206642728608490e-01 1.976336887912470697e-01 1.582206770836280529e-01 1.248134353963786108e-01 1.020102095836949302e-01 8.682419678517576400e-02 3.339282525113594913e-01 7.874677882061623002e+00 3.213776088685410315e+01
6.523984665411041988e+02 1.000000000000000000e+00 3.949754669861553769e-01 2.580413955699657480e-01 1.869095453832411158e-01 1.488035064788736928e-01 1.234347330822656158e-01 1.036576227197084088e-01 8.708342383671352493e-02 3.261795632290132030e-01 7.672193943774539449e+00 3.142769278975417535e+01
6.544934835906227590e+02 1.000000000000000000e+00 4.067376297884664482e-01 2.623589988333964174e-01 2.020345510698279834e-01 1.566159883975065392e-01 1.244441246740041890e-01 1.039940616779979760e-01 8.712792966275977047e-02 3.193426132721270960e-01 7.496047704772634823e+00 3.075419021815419995e+01
6.565870652875998985e+02 1.000000000000000000e+00 3.780879651177773138e-01 2.536819692455591357e-01 1.898759335308558560e-01 1.497248988468309339e-01 1.232585593430978593e-01 1.024150271388404726e-01 8.692670584562035840e-02 3.112868373799719812e-01 7.301214961416787830e+00 2.997739763619778586e+01
6.586830676229177470e+02 9.999999999999998890e-01 3.337724717826590637e-01 2.466832260319412884e-01 1.904570291519418201e-01 1.560425741036729208e-01 1.248099300461663896e-01 1.017903075749340830e-01 8.684950054460732760e-02 3.041253953622816142e-01 7.153654569645916617e+00 2.932407131531255473e+01
6.607796067319254689e+02 1.000000000000000000e+00 2.979601778173449622e-01 2.509579406368653842e-01 2.040499681815772792e-01 1.495323993628357162e-01 1.235098986448882330e-01 1.035887579487248245e-01 8.652271966663692415e-02 2.960049939240233519e-01 6.985534165332671463e+00 2.864573392906394389e+01
6.628727716686599933e+02 1.000000000000000000e+00 2.930627581385652491e-01 2.575520129604220720e-01 1.834760123541206156e-01 1.568318254496593178e-01 1.239427701594832676e-01 1.039103623998194614e-01 8.684114453260834143e-02 2.890352243564043855e-01 6.794685869260015387e+00 2.795714487453292918e+01
6.649657150801026546e+02 1.000000000000000000e+00 3.213621769961686470e-01 2.579706211441907815e-01 1.970254213138477595e-01 1.493714001635806921e-01 1.250024357472174219e-01 1.023550016927483319e-01 8.682907734036167391e-02 2.825370503668767075e-01 6.649371653008851801e+00 2.737883626912235968e+01
6.670601390562451343e+02 1.000000000000000000e+00 3.647714385905313494e-01 2.522552941275166272e-01 2.001548206201509694e-01 1.566020122156852878e-01 1.227400844934827401e-01 1.022431992731902828e-01 8.703990187923986432e-02 2.755761040738410328e-01 6.492765908760693705e+00 2.675286995143044066e+01
6.691535255118573104e+02 1.000000000000000000e+00 3.965760360980984389e-01 2.500861907624185587e-01 1.830430833647371802e-01 1.495848161203795212e-01 1.246771648416496320e-01 1.033803156562020237e-01 8.679808420673411351e-02 2.693316811899766905e-01 6.344881237333077628e+00 2.619604745456279815e+01
6.712460703036313134e+02 1.000000000000000000e+00 3.978296578183412313e-01 2.532235102585167486e-01 2.015509789397723350e-01 1.555676108473091623e-01 1.250054276127213759e-01 1.037968627451231474e-01 8.686734209433619180e-02 2.631454762604638620e-01 6.175756093951467740e+00 2.554881062005011927e+01
6.733393497447384561e+02 1.000000000000000000e+00 3.668691479167281999e-01 2.562585052750480652e-01 1.929237185667792842e-01 1.510351528190895243e-01 1.222983131257819045e-01 1.024327837592335505e-01 8.678060208739232784e-02 2.572640187694294478e-01 6.035454559384746176e+00 2.499190795533609943e+01
6.754370220351049738e+02 1.000000000000000000e+00 3.237268646643631231e-01 2.539648285459568666e-01 1.892610405031195098e-01 1.541405002072000763e-01 1.264835498106498812e-01 1.023621818840082520e-01 8.685155063389121688e-02 2.522380711973790657e-01 5.892693949230686457e+00 2.448479769970646913e+01
6.775337842928857981e+02 1.000000000000000000e+00 2.922992302284228572e-01 2.515470388192221352e-01 2.018317491153314158e-01 1.524852042534539653e-01 1.224394419448662924e-01 1.035373469560430665e-01 8.692327642483822780e-02 2.464928885935840919e-01 5.750527789938969292e+00 2.388973168719841311e+01
6.796248883848304558e+02 1.000000000000000000e+00 2.930619975021381829e-01 2.558338633084101810e-01 1.862789075089152924e-01 1.542750894373154935e-01 1.241158731630236933e-01 1.034687413919938848e-01 8.704267646035990236e-02 2.409536147236235326e-01 5.623578435364427364e+00 2.346642233297467328e+01
6.817182981617891073e+02 1.000000000000000000e+00 3.232596984869626211e-01 2.571650352106554238e-01 1.970187922480725051e-01 1.521388278680674000e-01 1.258628668543184392e-01 1.026839056710265180e-01 8.719146363848294390e-02 2.357017830314123708e-01 5.495057520004616336e+00 2.294920265753598088e+01
6.838151691338297269e+02 1.000000000000000000e+00 3.686747187128677772e-01 2.488721845254426024e-01 1.980806135779155930e-01 1.542527833367851875e-01 1.220813165604241468e-01 1.026114872121282329e-01 8.696248930362955598e-02 2.303163427835863974e-01 5.365237488087001516e+00 2.233192908027309542e+01
6.859104104569820493e+02 1.000000000000000000e+00 3.994517900795452325e-01 2.483445881759888119e-01 1.842096113588569672e-01 1.522121900233340264e-01 1.256295169896957109e-01 1.033234724991300008e-01 8.679128658226133164e-02 2.255545099170346013e-01 5.243379331584516301e+00 2.184216383603003564e+01
6.880049122352362474e+02 1.000000000000000000e+00 4.016684369592249948e-01 2.594378706146600599e-01 2.030100385881717373e-01 1.535371385697399949e-01 1.243551903089430283e-01 1.032960888297765889e-01 8.674309427100379555e-02 2.218644668314832813e-01 5.110262224982507817e+00 2.132926214238633378e+01
6.901002291007631584e+02 1.000000000000000000e+00 3.744970164706024618e-01 2.632407672654261677e-01 1.930345445802780224e-01 1.534314977319463369e-01 1.228864057528434445e-01 1.026312968830369737e-01 8.674504384857836814e-02 2.164170700367720745e-01 5.005433370340606203e+00 2.089786463200413635e+01
6.921968375276176175e+02 1.000000000000000000e+00 3.320829638219576774e-01 2.490056962488023662e-01 1.876580069677990237e-01 1.518778808096526711e-01 1.262197541202454421e-01 1.031130198375127677e-01 8.709344280942556138e-02 2.125722403986188003e-01 4.877171827437191354e+00 2.039159572135043064e+01
6.942887566295678425e+02 1.000000000000000000e+00 2.980250348798463289e-01 2.406627167638600850e-01 2.024453244219563963e-01 1.551344999318196860e-01 1.225566551941876942e-01 1.031466450111662853e-01 8.678501037313998689e-02 2.088580917971554207e-01 4.770463695991128183e+00 1.998083257427482806e+01
6.963784263652523805e+02 1.000000000000000000e+00 2.918603493299294915e-01 2.553631617525632391e-01 1.901188601259462541e-01 1.514256304341013992e-01 1.243824450167630019e-01 1.027882604494715357e-01 8.734951912537411434e-02 2.046886412928166643e-01 4.682185579979705636e+00 1.957693572555989192e+01
6.984750002709160981e+02 1.000000000000000000e+00 3.119673012618114361e-01 2.687946696290769433e-01 1.930909016277287948e-01 1.548281085927829537e-01 1.251529760648236456e-01 1.031618062865523600e-01 8.707997255117387592e-02 2.001803624296702444e-01 4.557162945858635794e+00 1.908501939173909179e+01
7.005692981923951947e+02 1.000000000000000000e+00 3.493948122212390262e-01 2.548009853038205597e-01 1.976535467208550834e-01 1.516781465166988363e-01 1.220463326861712383e-01 1.036365728305129186e-01 8.704218791610247863e-02 1.971084334586741538e-01 4.476648280520728385e+00 1.877135267421477849e+01
7.026624192476868984e+02 1.000000000000000000e+00 3.832630524409957329e-01 2.399760973411327325e-01 1.885700469748397279e-01 1.548009571054836386e-01 1.255106124782338628e-01 1.026724639321609095e-01 8.683095523030082141e-02 1.932103891527542916e-01 4.354521038500014818e+00 1.832507268953564861e+01
7.047575278114836692e+02 1.000000000000000000e+00 3.945467219207468013e-01 2.498837022639208427e-01 1.980531271831274531e-01 1.506403254920259394e-01 1.234139492464920440e-01 1.028445254162831252e-01 8.680996936250354179e-02 1.904354024242887466e-01 4.256253377019773687e+00 1.789285003204117430e+01
7.068511637078592003e+02 1.000000000000000000e+00 3.812115863275324368e-01 2.663189148886582203e-01 1.938712590736674790e-01 1.562624918486217873e-01 1.240716547931669939e-01 1.035708530558015900e-01 8.688594241776281812e-02 1.865283966995814613e-01 4.149353149181249201e+00 1.753971604254408589e+01
7.089459023883364353e+02 1.000000000000000000e+00 3.513309400385612458e-01 2.579658066377780723e-01 1.893389020906137143e-01 1.493411339418636574e-01 1.245159709631362688e-01 1.035744511706609694e-01 8.715237250826894655e-02 1.836283199001179089e-01 4.062954902419214420e+00 1.713336561509413158e+01
7.110409389119085972e+02 1.000000000000000000e+00 3.225894010177857707e-01 2.429807269104613809e-01 1.997213469453118784e-01 1.570421123539287034e-01 1.234475227781026418e-01 1.026577663682409769e-01 8.723744626791148093e-02 1.807671538656730192e-01 3.988299895342108048e+00 1.682610848733058972e+01
7.131374941441443980e+02 1.000000000000000000e+00 3.098878128124133990e-01 2.509776931225187191e-01 1.921818635996841995e-01 1.497032518784281452e-01 1.246153615737651682e-01 1.030854685430250550e-01 8.699016991121777398e-02 1.771894367020336314e-01 3.889306743625277285e+00 1.648282558327994707e+01
7.152326144414314513e+02 1.000000000000000000e+00 3.169247885735463344e-01 2.647925016880050553e-01 1.917055519209103220e-01 1.564613644547163673e-01 1.238234525261624613e-01 1.036308983711070886e-01 8.706269839982296033e-02 1.738277016663830610e-01 3.784336739584089226e+00 1.603661127966251243e+01
7.173247698310910891e+02 1.000000000000000000e+00 3.377585636918953305e-01 2.558369250215284940e-01 1.977630501865322576e-01 1.499910677851856722e-01 1.244957489987394972e-01 1.036228006651321865e-01 8.705199016929478228e-02 1.717386722653989894e-01 3.713940429382528219e+00 1.577266294774427102e+01
7.194202272277874499e+02 1.000000000000000000e+00 3.603486429810095482e-01 2.402143417942763093e-01 1.931152776350446576e-01 1.568496934151241973e-01 1.242188918193060793e-01 1.028710001870577484e-01 8.699384391267347971e-02 1.685806966955143427e-01 3.641547749593941230e+00 1.547141180622964640e+01
7.215153840772392186e+02 1.000000000000000000e+00 3.715589509726044959e-01 2.518124906581364897e-01 1.935906009500461267e-01 1.494788782295445317e-01 1.240787951589151505e-01 1.026556590914427247e-01 8.743885444434880416e-02 1.656305302028699966e-01 3.540984769539362365e+00 1.504801003560409001e+01
7.236104875341280831e+02 1.000000000000000000e+00 3.670977131424195683e-01 2.693724268830601232e-01 1.946320720339465016e-01 1.568870097067888714e-01 1.244961883651354156e-01 1.041799066685635128e-01 8.704696533719318008e-02 1.632555889830669404e-01 3.477921706857190820e+00 1.479215266727097244e+01
7.257049634500723414e+02 1.000000000000000000e+00 3.504061080370892700e-01 2.578679677798109138e-01 1.934602714985523830e-01 1.487900345152200487e-01 1.237622344893566650e-01 1.030971605939494107e-01 8.708937795072915766e-02 1.608311405191143739e-01 3.404053501749872090e+00 1.447403536923251899e+01
7.277961333085689830e+02 1.000000000000000000e+00 3.349014683260159164e-01 2.368939491175708345e-01 1.948571044026271293e-01 1.566590476862960712e-01 1.247094266491034220e-01 1.024865488031128508e-01 8.666243708449145045e-02 1.585663850273006936e-01 3.323389376940859563e+00 1.417295385633766713e+01
7.298903422304678088e+02 1.000000000000000000e+00 3.279977309650325412e-01 2.455288461395536415e-01 1.948210640836884888e-01 1.503222005071538914e-01 1.239166337582262717e-01 1.032715667772002438e-01 8.704271651381426111e-02 1.563874701848062820e-01 3.263968311874998030e+00 1.393067938474360723e+01
7.319869658735090070e+02 1.000000000000000000e+00 3.323320239451351688e-01 2.682607105097293276e-01 1.926880219727335752e-01 1.556294153599244168e-01 1.239820887083614848e-01 1.036287081211951927e-01 8.733354709471027877e-02 1.537041278925398158e-01 3.182194128585618120e+00 1.354183851196932054e+01
7.340811003050025647e+02 9.999999999999998890e-01 3.465800853296436834e-01 2.647895315504936731e-01 1.939023097021023712e-01 1.508348220892109237e-01 1.248504561541784602e-01 1.031529810131103786e-01 8.718293973127737295e-02 1.515016868103755410e-01 3.124348994030190951e+00 1.335218871699870569e+01
7.361741333988724136e+02 1.000000000000000000e+00 3.588136660845579473e-01 2.428958734651532614e-01 1.967360098077438890e-01 1.557338136106428683e-01 1.233306849357219681e-01 1.028154992143482382e-01 8.726692184519425910e-02 1.493283642290850755e-01 3.052868461685257717e+00 1.300729229410436893e+01
7.382684599310101703e+02 9.999999999999998890e-01 3.634664720183831133e-01 2.424410818797412270e-01 1.908849463515482625e-01 1.505266136903086749e-01 1.251661667088244945e-01 1.033385706609427357e-01 8.720481488790166047e-02 1.475897170803589786e-01 2.989309368509402098e+00 1.277800133617478018e+01
7.403644422850218234e+02 9.999999999999998890e-01 3.584267844520209745e-01 2.625923886454946121e-01 1.927813309852758339e-01 1.552353885734329142e-01 1.238172640928655865e-01 1.032391783331953056e-01 8.715044147423646470e-02 1.456213852367876649e-01 2.921888484283706511e+00 1.252276213486915957e+01
7.424578760770574490e+02 1.000000000000000000e+00 3.466328309123095641e-01 2.632487247478452197e-01 1.979617475184811126e-01 1.523725848043524511e-01 1.239744664054469037e-01 1.032601980834087496e-01 8.710780073813438606e-02 1.432284781160640674e-01 2.852926418997226765e+00 1.222245365191689537e+01
7.445526339640207425e+02 1.000000000000000000e+00 3.328461775570051850e-01 2.456755320389842623e-01 1.911668507573953124e-01 1.533375143374903493e-01 1.253811110044560639e-01 1.034715307092936715e-01 8.726677936745046160e-02 1.419625765726175715e-01 2.793950396094203370e+00 1.202494686410615898e+01
7.466480723854759844e+02 1.000000000000000000e+00 3.279076276043283444e-01 2.455605098898609728e-01 1.939684255317622730e-01 1.528039222763293570e-01 1.228158805532797160e-01 1.030004978593826309e-01 8.764472269006477745e-02 1.399151859654962637e-01 2.733036458976656036e+00 1.175117655218877388e+01
7.487416363615271848e+02 1.000000000000000000e+00 3.292548433776185113e-01 2.628905165744361838e-01 1.964300084781330225e-01 1.538221511437745659e-01 1.254489280180084709e-01 1.029446555386668571e-01 8.718560304892424007e-02 1.378636542223154737e-01 2.666783432107654228e+00 1.149814909327080414e+01
7.508357023350041572e+02 1.000000000000000000e+00 3.415968521382087841e-01 2.637162116130736256e-01 1.905903134286667244e-01 1.530745815825125811e-01 1.239022031517304084e-01 1.036974768656486329e-01 8.732921994865500137e-02 1.362780130183846583e-01 2.625091514062731335e+00 1.131144093898557657e+01
7.529280476611795621e+02 1.000000000000000000e+00 3.538663991952931687e-01 2.446732198097672506e-01 1.976262762164683884e-01 1.527554205925636122e-01 1.239008427170289195e-01 1.036928836047178309e-01 8.718057341779289482e-02 1.348441470289926392e-01 2.565598013118463250e+00 1.105635165571808187e+01
7.550232688302112365e+02 1.000000000000000000e+00 3.619141191101152844e-01 2.415437395162081391e-01 1.946143805239540781e-01 1.543583086250452374e-01 1.256431174461399014e-01 1.027254418150864435e-01 8.737039287897485629e-02 1.332553535382686727e-01 2.523719698001110956e+00 1.088196713551838357e+01
7.571170325604690561e+02 1.000000000000000000e+00 3.643251168084303826e-01 2.596304711426957734e-01 1.886048789468909859e-01 1.520709497072432193e-01 1.231142574134978240e-01 1.033547532701679789e-01 8.768737014706619315e-02 1.313665785674062170e-01 2.456024047237414187e+00 1.063259474442090813e+01
7.592115732865282780e+02 1.000000000000000000e+00 3.590953175481060855e-01 2.677588582715421661e-01 1.999518853131778406e-01 1.541364043547271967e-01 1.250176733753988190e-01 1.039346011524052149e-01 8.735494801944819476e-02 1.301842739845806562e-01 2.410243696931628321e+00 1.042018069197008856e+01
7.613077130547183060e+02 1.000000000000000000e+00 3.492026680411905448e-01 2.516412672752216251e-01 1.933615043288529622e-01 1.531281389164804996e-01 1.240019797007769209e-01 1.031508382764148579e-01 8.709561757084323397e-02 1.284422456195723483e-01 2.353627736173924401e+00 1.019212943661258741e+01
7.634011971540638797e+02 9.999999999999998890e-01 3.407386434320665014e-01 2.412901723089349026e-01 1.900225249239385905e-01 1.532141882131367872e-01 1.242540658986612812e-01 1.029735216189484326e-01 8.710951202858556452e-02 1.270544143249502100e-01 2.313364602220068456e+00 1.006000439644209798e+01
7.654971669921251305e+02 9.999999999999998890e-01 3.356000956006080505e-01 2.529517273808594702e-01 1.990981561026135271e-01 1.534668745432623549e-01 1.247222091831651364e-01 1.038917992381142158e-01 8.718560493692530111e-02 1.255572838990789697e-01 2.260444777957639317e+00 9.800141020597394004e+00
7.675908262698084172e+02 9.999999999999998890e-01 3.329247599325880214e-01 2.618050008387191041e-01 1.907385486064936686e-01 1.532544455988003318e-01 1.242541690377844676e-01 1.036093279303752501e-01 8.738798424786495267e-02 1.246216515308342099e-01 2.230154722012922974e+00 9.653715630895856492e+00
7.696840268069731792e+02 1.000000000000000000e+00 3.347544998364859747e-01 2.549433950659453774e-01 1.936398120225143737e-01 1.531174544457203079e-01 1.244851321486432627e-01 1.029858463488050047e-01 8.765461413445832517e-02 1.231897532976133913e-01 2.170029026943144590e+00 9.432352119092472620e+00
7.717797368897363413e+02 1.000000000000000000e+00 3.402618157245436148e-01 2.470786653262042609e-01 1.987361942296634876e-01 1.524363214764511143e-01 1.242702407226509015e-01 1.033961878202693530e-01 8.739464432993319931e-02 1.212247730132961082e-01 2.114756400176146744e+00 9.214734277856903688e+00
7.738760164178403329e+02 1.000000000000000000e+00 3.461858377421716537e-01 2.537439855155680934e-01 1.878172957167567325e-01 1.550163309134535983e-01 1.244530814554470899e-01 1.038362525508845224e-01 8.727659907848139831e-02 1.203527503495390866e-01 2.073605690394501266e+00 9.032159229798637057e+00
7.759708606182108497e+02 1.000000000000000000e+00 3.517750177800090805e-01 2.609056860722194227e-01 1.957617329876485956e-01 1.514076107776862468e-01 1.243195585565209926e-01 1.031271594107089351e-01 8.706642427635988279e-02 1.192410968780433789e-01 2.035589341873906388e+00 8.889379026616344603e+00
7.780623137851310958e+02 1.000000000000000000e+00 3.555284752859943498e-01 2.537112124721048745e-01 1.982560534904823923e-01 1.547719997967120786e-01 1.253016790121995183e-01 1.035233778804806187e-01 8.734718085086919104e-02 1.181388274853117926e-01 1.996675519205515226e+00 8.699463533158143136e+00
7.801562253304797423e+02 1.000000000000000000e+00 3.578522538902389472e-01 2.464387485114906684e-01 1.886302508337140416e-01 1.515832575210594446e-01 1.238724575614469220e-01 1.038004169157575179e-01 8.738524287300052096e-02 1.171626209538171870e-01 1.962536902033121589e+00 8.563696558378357082e+00
7.822525476520592065e+02 1.000000000000000000e+00 3.547271003900341335e-01 2.504487528985495093e-01 1.957448844120935061e-01 1.556252550691070990e-01 1.245027039316678880e-01 1.030650091335713198e-01 8.760496450323676521e-02 1.156745379629004894e-01 1.912575111021431962e+00 8.375810320502907302e+00
7.843483814034320858e+02 1.000000000000000000e+00 3.487212785657251568e-01 2.588058696902243994e-01 1.953698776717059105e-01 1.506549178242517772e-01 1.251048715425253088e-01 1.035990883629728937e-01 8.742051163730796270e-02 1.150337304128289384e-01 1.877175846029777606e+00 8.210232777576640828e+00
7.864427834291169574e+02 1.000000000000000000e+00 3.439722794043749143e-01 2.594393240985347626e-01 1.905896532528648935e-01 1.556846937275671583e-01 1.234414483382036132e-01 1.037413486181330002e-01 8.756954214075952925e-02 1.138685483738824666e-01 1.834250611090157301e+00 8.066786856189603228e+00
7.885345801318310350e+02 1.000000000000000000e+00 3.380381389273516834e-01 2.523540872258160372e-01 1.981893123606743579e-01 1.512119058475422939e-01 1.258564072896583008e-01 1.029572005027529630e-01 8.759835693253943678e-02 1.130634182611298666e-01 1.810308821349236208e+00 7.948434749699846869e+00
7.906288698447258412e+02 1.000000000000000000e+00 3.380210946254562643e-01 2.498238786702656755e-01 1.932949611509064969e-01 1.550283020824201885e-01 1.228074879869736624e-01 1.037124944828382439e-01 8.743352559617852127e-02 1.118584652464470336e-01 1.771035780205791665e+00 7.772970966353713429e+00
7.927246642948422277e+02 1.000000000000000000e+00 3.403114531470661230e-01 2.519243045718227436e-01 1.910934068114906181e-01 1.516466389173738161e-01 1.255431115153876898e-01 1.038491191555703935e-01 8.754357559386792553e-02 1.107980783883705800e-01 1.731832490534747304e+00 7.608257657345434133e+00
7.948182359462176692e+02 1.000000000000000000e+00 3.466829653244850040e-01 2.545988407425426314e-01 1.969168166620710037e-01 1.549356425230433709e-01 1.245624822736980802e-01 1.032401273319562135e-01 8.731671844551998352e-02 1.098300991426654771e-01 1.697774708637537877e+00 7.465048915611136593e+00
7.969123776657039571e+02 9.999999999999998890e-01 3.520751280654197402e-01 2.552879920720817486e-01 1.943690527822670155e-01 1.522417597124738620e-01 1.237037800399973381e-01 1.031436292192121906e-01 8.754416823243668655e-02 1.088744629565442795e-01 1.664202464526997494e+00 7.342448714406724974e+00
7.990049393530231328e+02 1.000000000000000000e+00 3.528982518496624476e-01 2.537831076682286469e-01 1.928026677816070955e-01 1.535664488895301938e-01 1.254282653111631618e-01 1.044374735571503565e-01 8.792322291869804352e-02 1.083913523522271327e-01 1.636734818215551224e+00 7.204581066580177051e+00
8.010987253430084820e+02 1.000000000000000000e+00 3.499524169129041296e-01 2.533043453311442650e-01 1.951699612893388336e-01 1.536867577629158210e-01 1.231366830965772291e-01 1.037258358153576032e-01 8.780079237725943453e-02 1.072113575122159990e-01 1.600603911258459577e+00 7.057973876941409763e+00
8.031952447399694393e+02 1.000000000000000000e+00 3.438529629589129333e-01 2.536981139349353542e-01 1.937235263555798781e-01 1.534660370846335498e-01 1.253487458672044585e-01 1.031471335230941255e-01 8.740566290354885581e-02 1.066932060750086092e-01 1.568556518767597829e+00 6.925604669407381841e+00
8.052907945757150401e+02 9.999999999999998890e-01 3.358314390488501000e-01 2.559768490568111732e-01 1.939564684303201614e-01 1.533976967057990026e-01 1.239529917862127045e-01 1.038289432649519839e-01 8.753206281956865675e-02 1.061220653754453569e-01 1.539954534055803403e+00 6.818573628069469095e+00
8.073871113441635998e+02 1.000000000000000000e+00 3.337688825241575952e-01 2.543163263762805437e-01 1.951889495787726136e-01 1.527945836362654963e-01 1.247630439597690322e-01 1.038134624538054190e-01 8.735097919391519861e-02 1.050023370372773768e-01 1.505036724911053447e+00 6.659636895773503262e+00
8.094802801154401095e+02 1.000000000000000000e+00 3.400232573594085816e-01 2.497505972440951516e-01 1.947628996905476639e-01 1.538255659308046808e-01 1.245418026324938560e-01 1.036227828086562219e-01 8.773731439528473230e-02 1.044134854222550507e-01 1.481348667745652881e+00 6.557343600511563508e+00
8.115727167562459954e+02 9.999999999999998890e-01 3.494349135881443802e-01 2.498344626142674774e-01 1.921835437698135307e-01 1.528624140059528513e-01 1.246755547958326854e-01 1.037195532110147811e-01 8.786621904352721890e-02 1.037754935598919070e-01 1.450741937426552886e+00 6.428140753795422491e+00
8.136677092575645247e+02 9.999999999999998890e-01 3.605658561824632846e-01 2.564275932953526405e-01 1.940805301228615831e-01 1.529993282329045190e-01 1.247223903887863389e-01 1.035637052806321068e-01 8.747774953268666609e-02 1.028119450888090591e-01 1.414165633416366585e+00 6.294102833528008034e+00
8.157635520648296961e+02 9.999999999999998890e-01 3.668275270157753121e-01 2.613452416230260256e-01 1.962947449858387095e-01 1.537727560783666292e-01 1.243671492495617564e-01 1.034739193108775157e-01 8.775202793463593443e-02 1.020956193654758010e-01 1.396677933336818000e+00 6.197947660582748597e+00
8.178575039619116751e+02 1.000000000000000000e+00 3.626312240880754656e-01 2.539457069346134910e-01 1.926782901235596646e-01 1.527461224493306680e-01 1.252277487539268097e-01 1.043172727088072516e-01 8.756871484772489611e-02 1.015007298197478647e-01 1.367587163330079347e+00 6.085612715549731710e+00
8.199511252723693815e+02 1.000000000000000000e+00 3.519198962708708911e-01 2.465869028100708682e-01 1.940671866791650046e-01 1.543278234522471037e-01 1.241687293366282030e-01 1.033419742780111034e-01 8.758201032264324726e-02 1.011552106745265134e-01 1.342117927346390571e+00 5.986013202708985403e+00
8.220466331244738285e+02 1.000000000000000000e+00 3.366422810147426392e-01 2.515429275870104120e-01 1.956492996643827698e-01 1.515464649593818436e-01 1.252269617324336393e-01 1.035305204368077020e-01 8.782189597872230857e-02 1.002168294422843275e-01 1.309796707156915208e+00 5.850696421361326394e+00
8.241408759683504286e+02 1.000000000000000000e+00 3.246461085467784446e-01 2.586816134909890041e-01 1.907304149507607627e-01 1.555255872456965671e-01 1.238018238363875340e-01 1.042779804705353530e-01 8.754984275251546932e-02 9.978732135534768011e-02 1.289419082924424087e+00 5.743612463880477748e+00
8.262330605132885921e+02 1.000000000000000000e+00 3.218430873357248645e-01 2.565586475982116754e-01 1.962970288665169816e-01 1.517869419024774624e-01 1.252505490494809082e-01 1.039455376223189786e-01 8.739474560562687788e-02 9.901160034378300723e-02 1.262840241098523997e+00 5.648671964036521054e+00
8.283271683016273528e+02 1.000000000000000000e+00 3.298269106733402456e-01 2.482376327405469985e-01 1.967731801771805400e-01 1.548965938858083979e-01 1.239832030345037611e-01 1.032147480019348224e-01 8.798261895777834130e-02 9.873246812005655182e-02 1.241041853954190088e+00 5.549624274219365105e+00
8.304233266470507715e+02 1.000000000000000000e+00 3.450242113951476619e-01 2.496839474991288943e-01 1.899080673601690195e-01 1.518033821993682864e-01 1.248310776625857904e-01 1.042372483214978190e-01 8.767336872841954842e-02 9.778432217661243986e-02 1.215249236966227109e+00 5.453572693907227986e+00
8.325163870843224458e+02 1.000000000000000000e+00 3.601897570581967245e-01 2.608624737687813555e-01 1.956843336736933114e-01 1.546009420207438978e-01 1.248972263766335716e-01 1.039267195979908381e-01 8.776209875200760568e-02 9.749981160346744835e-02 1.196410902206086257e+00 5.363700476696668495e+00
8.346107753108263978e+02 1.000000000000000000e+00 3.676841520430129129e-01 2.610754651165847484e-01 1.957240277100987802e-01 1.529102483138889967e-01 1.239125017280979929e-01 1.034933216299395581e-01 8.782396030503850093e-02 9.681741443523329826e-02 1.174990553924578629e+00 5.265635558312560249e+00
8.367061980001685697e+02 1.000000000000000000e+00 3.635956630063730821e-01 2.494663388657540892e-01 1.905083123713642579e-01 1.528382776260226728e-01 1.254139089149898800e-01 1.038811064978214238e-01 8.764520150352729522e-02 9.612421790561123669e-02 1.150389974274888427e+00 5.163234891150822570e+00
8.388004619881395456e+02 1.000000000000000000e+00 3.533986399842572457e-01 2.437727777126232620e-01 1.977304353409388982e-01 1.540650536040314711e-01 1.239068657302214299e-01 1.038084703177244439e-01 8.817431870417621886e-02 9.575851774614020651e-02 1.133225135364027691e+00 5.081981468894420040e+00
8.408962939756190735e+02 9.999999999999998890e-01 3.378523357982673447e-01 2.540667743476295315e-01 1.949319891452373221e-01 1.526086596747521229e-01 1.252019121723915718e-01 1.037366708862013515e-01 8.782607301102232644e-02 9.534036973072504417e-02 1.110931788639304862e+00 4.976558139338077780e+00
8.429907812361484503e+02 1.000000000000000000e+00 3.297629631499900404e-01 2.619833579429027282e-01 1.902458274824266327e-01 1.549388159361208828e-01 1.243017217147524556e-01 1.041552675179305554e-01 8.758491232510663693e-02 9.518855673450048183e-02 1.095763983497735294e+00 4.917409552823564844e+00
8.450842299377354720e+02 1.000000000000000000e+00 3.298552317673090761e-01 2.552945474316142827e-01 1.965986321026294004e-01 1.517903401960761234e-01 1.251611427506934549e-01 1.038300435910221586e-01 8.810545505686008527e-02 9.416291832048929999e-02 1.073228928044618113e+00 4.811908635378427057e+00
8.471793868426841527e+02 1.000000000000000000e+00 3.397934322743301760e-01 2.471164142978200251e-01 1.944347955084941015e-01 1.543809665391038255e-01 1.242753562142401569e-01 1.039198998590718376e-01 8.808883353438910768e-02 9.398967566249341599e-02 1.051939660368617080e+00 4.734977271693071366e+00
8.492745519292925565e+02 1.000000000000000000e+00 3.543722399914799315e-01 2.521820351504686641e-01 1.920622516941687674e-01 1.528140329882817505e-01 1.251498216483474535e-01 1.041306711805701640e-01 8.796940301907132942e-02 9.351617549126420292e-02 1.034487669560090195e+00 4.651032566820963332e+00
8.513671024735971287e+02 1.000000000000000000e+00 3.661531207299211221e-01 2.612210458919176914e-01 1.966655699938393564e-01 1.541265457646250614e-01 1.244202888801649032e-01 1.034724073222414581e-01 8.757808631571298297e-02 9.316070563345735245e-02 1.013017872760571425e+00 4.572310249510236346e+00
8.534591437985255880e+02 1.000000000000000000e+00 3.678901480781983646e-01 2.578961446966271387e-01 1.937028692170669197e-01 1.532536291228876468e-01 1.253213120634883160e-01 1.040021449081662414e-01 8.799500852918241967e-02 9.254658592285228136e-02 9.957671630589446377e-01 4.493281757635089413e+00
8.555560552509863328e+02 1.000000000000000000e+00 3.594025739987509183e-01 2.483446554228754544e-01 1.920400330599789374e-01 1.526866865879935309e-01 1.244992285176837049e-01 1.041867649552458003e-01 8.814748758716726973e-02 9.244054656362951650e-02 9.754061051312584718e-01 4.408718582256583751e+00
8.576519000320377017e+02 9.999999999999998890e-01 3.436386885481338416e-01 2.464787658514295821e-01 1.950777725647215022e-01 1.541379125572142073e-01 1.248351536597867850e-01 1.035608437945397947e-01 8.813117132035624968e-02 9.182645441086760563e-02 9.578247159600024041e-01 4.324531237069478173e+00
8.597448028783734344e+02 9.999999999999998890e-01 3.279071884677138282e-01 2.557769401180089441e-01 1.948804771610823106e-01 1.533158423543597437e-01 1.251116081857290840e-01 1.040377710871600997e-01 8.776804365014514997e-02 9.152445759684051108e-02 9.411817750157828177e-01 4.251519699916971540e+00
8.618402674123188945e+02 1.000000000000000000e+00 3.194221697968741558e-01 2.599112347664462863e-01 1.942352397248495455e-01 1.538560976065762032e-01 1.240602738776440117e-01 1.044524383178130206e-01 8.792008801776093896e-02 9.110740657873249437e-02 9.255233170215115823e-01 4.190355108237444171e+00
8.639352545617186934e+02 1.000000000000000000e+00 3.233175782909118445e-01 2.538067537679501440e-01 1.944680152172749421e-01 1.532855027164342909e-01 1.256871714909265636e-01 1.036393614145605657e-01 8.817084285014860356e-02 9.069495760845838750e-02 9.110070698263508238e-01 4.110412515528447663e+00
8.660282360350950057e+02 1.000000000000000000e+00 3.364544174402207544e-01 2.492261474877540128e-01 1.948036895796032564e-01 1.530690120260462528e-01 1.237250265177287784e-01 1.037828333689258947e-01 8.787050384893692334e-02 9.041246168154129514e-02 8.935759150003956819e-01 4.050402401670518238e+00
8.681203443631262644e+02 1.000000000000000000e+00 3.517247925225397975e-01 2.538296064345081926e-01 1.934443235334648570e-01 1.550633169696725433e-01 1.256541098825159353e-01 1.042434626094934924e-01 8.784633015747662921e-02 8.990631101851941087e-02 8.775369627315535714e-01 3.981507689407358441e+00
8.702159394464248408e+02 1.000000000000000000e+00 3.653940959288030643e-01 2.583125167338684580e-01 1.932641554951333163e-01 1.519337184343729774e-01 1.241857777626090564e-01 1.039432482509467931e-01 8.820197593601256103e-02 8.977995530224514020e-02 8.653153788287691883e-01 3.926981567650619454e+00
8.723108301875124653e+02 1.000000000000000000e+00 3.683046873567987767e-01 2.554282285091606930e-01 1.958074143180776328e-01 1.548967417315541550e-01 1.253258908722402754e-01 1.042309572701068665e-01 8.828273213636868288e-02 8.942041664413868940e-02 8.488869515457185821e-01 3.853415819635716666e+00
8.744022445416425171e+02 1.000000000000000000e+00 3.616538588124350029e-01 2.505279279118181601e-01 1.952975357871953033e-01 1.516661507436372069e-01 1.246393602489382496e-01 1.038375045264316177e-01 8.813843946216691483e-02 8.896489490832967806e-02 8.363096866298022070e-01 3.790898821387035600e+00
8.764974180336515701e+02 1.000000000000000000e+00 3.483297738119572884e-01 2.501057392401078716e-01 1.920210423863606963e-01 1.553512544607954238e-01 1.248912894936860390e-01 1.040696521956566423e-01 8.776550663419324660e-02 8.891237989875544478e-02 8.218234820529402018e-01 3.734555020390321722e+00
8.785930434585976627e+02 1.000000000000000000e+00 3.362101186643556838e-01 2.529197569558807035e-01 1.961211142557125753e-01 1.527956836958936637e-01 1.246486545055285750e-01 1.044058669826513491e-01 8.819056470774350176e-02 8.831777132522797280e-02 8.067551156536567625e-01 3.662507927161949173e+00
8.806872209798642643e+02 9.999999999999998890e-01 3.305943387263544087e-01 2.554795591318961834e-01 1.941025847350308642e-01 1.537189483801835455e-01 1.251637714719057715e-01 1.038766774532238341e-01 8.811986327144517850e-02 8.851730324625982360e-02 7.931173236243829194e-01 3.612264719615375874e+00
8.827814871821682345e+02 1.000000000000000000e+00 3.332354600242817266e-01 2.557437749665516513e-01 1.909806227585968685e-01 1.533521927761162529e-01 1.245730007366426667e-01 1.041285171569951012e-01 8.838111072215901198e-02 8.765241841028693914e-02 7.786369126521425210e-01 3.540498622631277126e+00
8.848774865371552778e+02 1.000000000000000000e+00 3.430114291856577458e-01 2.549432082311930969e-01 1.972518628378376326e-01 1.525645360054241895e-01 1.251511921887638046e-01 1.045065442833396085e-01 8.803308302097545557e-02 8.768040611824094721e-02 7.677963626506254524e-01 3.490399679511833497e+00
8.869732065385470605e+02 1.000000000000000000e+00 3.538623963572554154e-01 2.535145072746272654e-01 1.952754941736896399e-01 1.544707067365499731e-01 1.248535000572184028e-01 1.038132902803048374e-01 8.833633394680173723e-02 8.721649387759188021e-02 7.515854282146338106e-01 3.429085393444339935e+00
8.890663801456234978e+02 1.000000000000000000e+00 3.625935362201084811e-01 2.531456992576000542e-01 1.916422507100001282e-01 1.532519160518606427e-01 1.255028101895722670e-01 1.042764017017074885e-01 8.836166548188226222e-02 8.695324571372484157e-02 7.397912060094903319e-01 3.366299459511113756e+00
8.911616420652851502e+02 1.000000000000000000e+00 3.632948037858639845e-01 2.546668824138583198e-01 1.964500448300246227e-01 1.535269912110592827e-01 1.245950778270361881e-01 1.044082304884170892e-01 8.825132132980821609e-02 8.675013529777077237e-02 7.286392981771319111e-01 3.324668706755556258e+00
8.932580002145275557e+02 9.999999999999998890e-01 3.558232664743182228e-01 2.558062455727582729e-01 1.948070672158860317e-01 1.537044657940655479e-01 1.247573793669946168e-01 1.040080900983718221e-01 8.811284880952846565e-02 8.636625292263998277e-02 7.173604954252311705e-01 3.268661945451822426e+00
8.953529436658665190e+02 1.000000000000000000e+00 3.436786016103511310e-01 2.531242682698727209e-01 1.908169421601803029e-01 1.529983738291205708e-01 1.251814088561701843e-01 1.043633351190064035e-01 8.853364045962866524e-02 8.638800141085238582e-02 7.045732085873150918e-01 3.218907807291794487e+00
8.974464493290977316e+02 9.999999999999998890e-01 3.334093476985247606e-01 2.497003767645560590e-01 1.962117136725233801e-01 1.544226848000514185e-01 1.244215741164720612e-01 1.039723808269661931e-01 8.848292430682018483e-02 8.617473502723106693e-02 6.942733755495049675e-01 3.175125973527350265e+00
8.995395440374740019e+02 1.000000000000000000e+00 3.287888180114418302e-01 2.502188973338470013e-01 1.958133398430244032e-01 1.531128041265086559e-01 1.253509506463778012e-01 1.043216308520812513e-01 8.814265165470651364e-02 8.571124248074067642e-02 6.823479540385967157e-01 3.119256947882904196e+00
9.016320188810868785e+02 9.999999999999998890e-01 3.303402268513692119e-01 2.569056932765295120e-01 1.922052244849445091e-01 1.538146198643847440e-01 1.245483235200734728e-01 1.041674192659500231e-01 8.817610419998166138e-02 8.559174333501935739e-02 6.698394760348002075e-01 3.061327945150250418e+00
9.037254271154116623e+02 1.000000000000000000e+00 3.368846944684914524e-01 2.587973913214091093e-01 1.958558396240380473e-01 1.534430625679359672e-01 1.254138731708668020e-01 1.041172316016371890e-01 8.863741340697553484e-02 8.538599176756382636e-02 6.597584274860361919e-01 3.014024457075525021e+00
9.058201462154216870e+02 1.000000000000000000e+00 3.467790883654596756e-01 2.537526306192290360e-01 1.952183604630554903e-01 1.526861018068369769e-01 1.250044527803576833e-01 1.046928401976986445e-01 8.838134874807133945e-02 8.505279563312864721e-02 6.511279454776496278e-01 2.968550132403393604e+00
9.079154456201514449e+02 1.000000000000000000e+00 3.529171043836032973e-01 2.496113581428083816e-01 1.930800584269373177e-01 1.550220652700801116e-01 1.255047075090751085e-01 1.042151129354296074e-01 8.802596929590050800e-02 8.505703144223793200e-02 6.413580530327857021e-01 2.926291604980648664e+00
9.100130064831108712e+02 1.000000000000000000e+00 3.551167637674732536e-01 2.537502922725767829e-01 1.936935243107973104e-01 1.522815064872842239e-01 1.246732333027665424e-01 1.042326974022874525e-01 8.851968317244585105e-02 8.477864932309595036e-02 6.308481360845791253e-01 2.888000356470079577e+00
9.121061958560094354e+02 1.000000000000000000e+00 3.544011386199599767e-01 2.599742317101098599e-01 1.948767058667133512e-01 1.553393814784778115e-01 1.251733512633093348e-01 1.046128484414508009e-01 8.869184450196869463e-02 8.435438841701352330e-02 6.208723886223371791e-01 2.837210452833331065e+00
9.141974860104344316e+02 1.000000000000000000e+00 3.484582848621509688e-01 2.567890715819956537e-01 1.946385457262605756e-01 1.523335377297277970e-01 1.248722901688542886e-01 1.041397676123165944e-01 8.820454309330026665e-02 8.435080657390825465e-02 6.103863871548258491e-01 2.793638838689713300e+00
9.162934499174766643e+02 1.000000000000000000e+00 3.445250535288888472e-01 2.490808281319399353e-01 1.938473657042613096e-01 1.538998376517349276e-01 1.255601562040599972e-01 1.043763787980381136e-01 8.831197104175061985e-02 8.410737867729525807e-02 6.020327892133691128e-01 2.750292692058005972e+00
9.183879995659971200e+02 1.000000000000000000e+00 3.419421255403421456e-01 2.474622009032439451e-01 1.949576651018777584e-01 1.535704819003027854e-01 1.243274256453208437e-01 1.043613298030366537e-01 8.863762351902486347e-02 8.372546152168980349e-02 5.919988966646271278e-01 2.711330795415753059e+00
9.204825177545448014e+02 9.999999999999998890e-01 3.420675748592956755e-01 2.548484890901541733e-01 1.961331649474489791e-01 1.533849860955133204e-01 1.257720198250465160e-01 1.043660255706877621e-01 8.849229061598022639e-02 8.387206883097059196e-02 5.823039765763219355e-01 2.665781639773296963e+00
9.225775608125957206e+02 1.000000000000000000e+00 3.440768273240663033e-01 2.593603918800498898e-01 1.928567482209686823e-01 1.542469437712696290e-01 1.241823670811916663e-01 1.044612741901387587e-01 8.830582999951833156e-02 8.340246084333358123e-02 5.736763869295679052e-01 2.629148000593619638e+00
9.246720153610285706e+02 1.000000000000000000e+00 3.475334711143768796e-01 2.539016203964535867e-01 1.933167054538166008e-01 1.532361207197966979e-01 1.260714578166230171e-01 1.041817447224093612e-01 8.860675456768832281e-02 8.355504071783163844e-02 5.665575623908082337e-01 2.592381056073701284e+00
9.267664088834967515e+02 1.000000000000000000e+00 3.507672362236152197e-01 2.487330211447922046e-01 1.962941344724364046e-01 1.539922358343277786e-01 1.246313821473127581e-01 1.047776962712708010e-01 8.860619920018744655e-02 8.359972282658884035e-02 5.590386859539075992e-01 2.552008188581328607e+00
9.288593546637288227e+02 1.000000000000000000e+00 3.522430947366375631e-01 2.514598514859928691e-01 1.933294753995773163e-01 1.540291759417350692e-01 1.257685925360733648e-01 1.044552264032983235e-01 8.833793219678859332e-02 8.271035378031449392e-02 5.499254631617009892e-01 2.512497209626556316e+00
9.309528570941124599e+02 1.000000000000000000e+00 3.521108747162809971e-01 2.577693572694070290e-01 1.925950412300697634e-01 1.527359032878205791e-01 1.248198334270158721e-01 1.041064781033628900e-01 8.876156689879333150e-02 8.290660858010745482e-02 5.419790354467366456e-01 2.481153556541246807e+00
9.330481269241290647e+02 1.000000000000000000e+00 3.505379121939394826e-01 2.589773646064801871e-01 1.972816785038779275e-01 1.543246468809784944e-01 1.253384078962048453e-01 1.046663393098546668e-01 8.885523259488749270e-02 8.310903249895289224e-02 5.330127376904710834e-01 2.437941504734797427e+00
9.351435478775737238e+02 1.000000000000000000e+00 3.500968058554621010e-01 2.542182626534684742e-01 1.939867164555919843e-01 1.537246445152818664e-01 1.250611440546766373e-01 1.042593194835139819e-01 8.843951527347429509e-02 8.224645583571005281e-02 5.233478224268315326e-01 2.402021803535863143e+00
9.372385485275705150e+02 1.000000000000000000e+00 3.484269469844041844e-01 2.508966864347167425e-01 1.924150069174704325e-01 1.534376976313072127e-01 1.254584172635045125e-01 1.044565634279945310e-01 8.851217143936136733e-02 8.233982572480373630e-02 5.202872948333659986e-01 2.372365568859105878e+00
9.393299499964224424e+02 1.000000000000000000e+00 3.469206139235418984e-01 2.527717291053145354e-01 1.961982679239378247e-01 1.545181423000864251e-01 1.249636194570279552e-01 1.045690101733673522e-01 8.889797811292764196e-02 8.283888340256657934e-02 5.097461019837595808e-01 2.338876374532809166e+00
9.414232526757307369e+02 1.000000000000000000e+00 3.444384240768872396e-01 2.551717206843493457e-01 1.943194625796070552e-01 1.522027662889890998e-01 1.254495173422289223e-01 1.044793687754705241e-01 8.876716505758618092e-02 8.202813115485550755e-02 5.021743650217436183e-01 2.294909567287696017e+00
9.435211993584963466e+02 1.000000000000000000e+00 3.422226949774336280e-01 2.544657038329729004e-01 1.921554552510037761e-01 1.543562643983236449e-01 1.247276921394087634e-01 1.047963082011092312e-01 8.858482711170219404e-02 8.172633880216051416e-02 4.965018742379140870e-01 2.273444180250693947e+00
9.456164437108138827e+02 1.000000000000000000e+00 3.391066332095826752e-01 2.525280259750935508e-01 1.950932492396246221e-01 1.525843747075013579e-01 1.261090225077947935e-01 1.042778961477381361e-01 8.872976086181297295e-02 8.232064781634326756e-02 4.880450884751422191e-01 2.237483848321734303e+00
9.477102019085709799e+02 1.000000000000000000e+00 3.391210559638330180e-01 2.522648174287587253e-01 1.949118263166376708e-01 1.544088758946710327e-01 1.244495225583483050e-01 1.047247424698474760e-01 8.867164365370619472e-02 8.192724870754779232e-02 4.795337405374818784e-01 2.201373059164493107e+00
9.498048247691176584e+02 1.000000000000000000e+00 3.400035255913513854e-01 2.525992866973744144e-01 1.937235149799389489e-01 1.542365006418023321e-01 1.258242038277443686e-01 1.044314846521783441e-01 8.887334519211691208e-02 8.120408256977235117e-02 4.745497166566302605e-01 2.181279523704627188e+00
9.518993470118265350e+02 1.000000000000000000e+00 3.440996445421300454e-01 2.525601988083277516e-01 1.944295485715007432e-01 1.533836521054126323e-01 1.248965121178495091e-01 1.046390124386936404e-01 8.905818736923162837e-02 8.183758934056188650e-02 4.688377899770934110e-01 2.148017973513868473e+00
9.539931246298413043e+02 1.000000000000000000e+00 3.484725231845717253e-01 2.547983158761063516e-01 1.949091823531896306e-01 1.541090545009203283e-01 1.257343346363204994e-01 1.046930547513111459e-01 8.851035258250256055e-02 8.226206742568259456e-02 4.605986564547322470e-01 2.115763906522017290e+00
9.560876809461574339e+02 1.000000000000000000e+00 3.513919641306486041e-01 2.563185332434447794e-01 1.952214380608860711e-01 1.534339158828120220e-01 1.251417060050008245e-01 1.046473410890206429e-01 8.881908802063889774e-02 8.078089010307336337e-02 4.533159547552819690e-01 2.083315506207263024e+00
9.581826441465052540e+02 1.000000000000000000e+00 3.523713524801228569e-01 2.551926729509818026e-01 1.936314443489510206e-01 1.530623002372031860e-01 1.253438910141118079e-01 1.048267046615761200e-01 8.889656831224734823e-02 8.086826665132235137e-02 4.470472020011238001e-01 2.052205365648259505e+00
9.602772273193462524e+02 1.000000000000000000e+00 3.490060674446377464e-01 2.522001180047132030e-01 1.936865352560878384e-01 1.538859060909923415e-01 1.254716101720364241e-01 1.045900007778168550e-01 8.895946436906386479e-02 8.221815879814799166e-02 4.411863517186671579e-01 2.032702174444508625e+00
9.623712624990271252e+02 1.000000000000000000e+00 3.441956416256521378e-01 2.520781845556714917e-01 1.956691762824267489e-01 1.533420803150254419e-01 1.252139920443873511e-01 1.048696321827191913e-01 8.879743807837349456e-02 8.091833605565759702e-02 4.353183922508863102e-01 2.000783691166244882e+00
9.644650236165496153e+02 1.000000000000000000e+00 3.380456651945575319e-01 2.559588608575058544e-01 1.938642160203982168e-01 1.541032557777453627e-01 1.254525375560868461e-01 1.046113051326587051e-01 8.901021210671694606e-02 8.002890032382216356e-02 4.283654524148842735e-01 1.982067661358762667e+00
9.665580764847952651e+02 1.000000000000000000e+00 3.344172275754566104e-01 2.587785267914657350e-01 1.919659383474500436e-01 1.547762008803705014e-01 1.250378835492818030e-01 1.048748531137668472e-01 8.893319158191100027e-02 8.137453532323558891e-02 4.225763398823298433e-01 1.945768785261140499e+00
9.686515079069329204e+02 9.999999999999998890e-01 3.349028658832256533e-01 2.549120385382446785e-01 1.960412396636365406e-01 1.527552044693925859e-01 1.255828633419476537e-01 1.051479538508303530e-01 8.903800186944194062e-02 8.137526265667856251e-02 4.178160810258602087e-01 1.930276996382334076e+00
9.707472283526113870e+02 1.000000000000000000e+00 3.398688944851115390e-01 2.505557593058256316e-01 1.953310611163698862e-01 1.547357252184519971e-01 1.252225434301420248e-01 1.043791883109964624e-01 8.920652834415597476e-02 8.011053083572190758e-02 4.113033272798437001e-01 1.897787021928525775e+00
9.728421862387386909e+02 1.000000000000000000e+00 3.482312868166923536e-01 2.502276316117807986e-01 1.922318417799185608e-01 1.530063734668575259e-01 1.257575345311172377e-01 1.051432537000601131e-01 8.885553279022229134e-02 8.036157326043262550e-02 4.058833312648374436e-01 1.871738739730392176e+00
9.749365329535589808e+02 1.000000000000000000e+00 3.544534580915026933e-01 2.551149367103124344e-01 1.951729816210150403e-01 1.537623807008486887e-01 1.255458593733825290e-01 1.046658070484258601e-01 8.862048643086990751e-02 8.115559662034529942e-02 3.995887150737953974e-01 1.846217970394282482e+00
9.770321593954358832e+02 1.000000000000000000e+00 3.605624486371001303e-01 2.581302745516627639e-01 1.965631381206368322e-01 1.540893044908037690e-01 1.257920881830448812e-01 1.049371495844569485e-01 8.918464135396918235e-02 8.021390740498005045e-02 3.950777080913334127e-01 1.832090975029686097e+00
9.791262471867233899e+02 1.000000000000000000e+00 3.591558586028603672e-01 2.534760345666565717e-01 1.932910751714879138e-01 1.530679900951479600e-01 1.254715677833935783e-01 1.046545804924346179e-01 8.935403034634546715e-02 8.000885531848113408e-02 3.910231563631282325e-01 1.810903874474506736e+00
9.812201797452001983e+02 9.999999999999998890e-01 3.539904529411309064e-01 2.488346228208879740e-01 1.945834258034393471e-01 1.542444012181252433e-01 1.256360094539569205e-01 1.050074568111093037e-01 8.907845911213876922e-02 8.070741598968292352e-02 3.844118992269062174e-01 1.778478679718897615e+00
9.833156709558470538e+02 9.999999999999998890e-01 3.466873789931351757e-01 2.503987097576894638e-01 1.960827633807919468e-01 1.536999332798750784e-01 1.249867820043458894e-01 1.049050156635623204e-01 8.891284088766417126e-02 8.062394677485971994e-02 3.797116427885974810e-01 1.758948201973755010e+00
9.854094027707837995e+02 1.000000000000000000e+00 3.392092004141150086e-01 2.556052641696276995e-01 1.939272396761753947e-01 1.536729907970353359e-01 1.256038021082223066e-01 1.047111619764570234e-01 8.858133513034795181e-02 7.944680513743487826e-02 3.745425461626930574e-01 1.738870647415844184e+00
9.875036787638556461e+02 1.000000000000000000e+00 3.349600315361044855e-01 2.572844252586874991e-01 1.932280797065658862e-01 1.542404117907575090e-01 1.251159359204809529e-01 1.053034338168609141e-01 8.910128345707096775e-02 8.003607161693979122e-02 3.695849907167513271e-01 1.714339778315346008e+00
9.895990294368945115e+02 1.000000000000000000e+00 3.369063410701397254e-01 2.538082359089424700e-01 1.943826077905811689e-01 1.540095267305906512e-01 1.260901150451114172e-01 1.045789380295508719e-01 8.969653391553202015e-02 8.082133466338307926e-02 3.660635053790531335e-01 1.702309668284489819e+00
9.916927366091778140e+02 1.000000000000000000e+00 3.426620551712526441e-01 2.504915260172491664e-01 1.943758935785110109e-01 1.529542347227674515e-01 1.253426678952748730e-01 1.051597094411979155e-01 8.961815384120008776e-02 7.963997307821564509e-02 3.602311783167361225e-01 1.673936533279208660e+00
9.937868062151590038e+02 1.000000000000000000e+00 3.492436354976260482e-01 2.523351553056296104e-01 1.945900993516108124e-01 1.547331609001379449e-01 1.258462273858989844e-01 1.049807636502473468e-01 8.911088827646095056e-02 7.912813960493637888e-02 3.563914878530887176e-01 1.657891961089301258e+00
9.958824377726509738e+02 9.999999999999998890e-01 3.582260587967363574e-01 2.549181268311360715e-01 1.933699473513484923e-01 1.526639998376535801e-01 1.254406848638084104e-01 1.050650189358575820e-01 8.866725919935330991e-02 8.044229599832318500e-02 3.520532221125752259e-01 1.635262138238018803e+00
9.979765290409238787e+02 9.999999999999998890e-01 3.604380720034200958e-01 2.563450958335588559e-01 1.937616270793783013e-01 1.538942173900695876e-01 1.255706068521966201e-01 1.049265829937255368e-01 8.867264177982399354e-02 8.023505393601197688e-02 3.480468378356967318e-01 1.621899451632994538e+00
1.000068920472776199e+03 1.000000000000000000e+00 3.586839431994586214e-01 2.549830013682843899e-01 1.959700497431898780e-01 1.539003074675906468e-01 1.255875495728620284e-01 1.053288439744198141e-01 8.953645623948368326e-02 7.898954074398718828e-02 3.439598345113238365e-01 1.604212570685942252e+00
1.002162239696438292e+03 9.999999999999998890e-01 3.536259895514465845e-01 2.543116989238068948e-01 1.938238299720549951e-01 1.530266882344163415e-01 1.253192716924493022e-01 1.049809017763320695e-01 9.012029213771967362e-02 7.962818446145579487e-02 3.388309943728977647e-01 1.584643513492032474e+00
1.004256786180994368e+03 1.000000000000000000e+00 3.461370978602131276e-01 2.543848808575978615e-01 1.933119460947066715e-01 1.544842739377097762e-01 1.256500291475801945e-01 1.049197016771461766e-01 8.952414349200409072e-02 8.041489355415090690e-02 3.351387993353121542e-01 1.562799649587386153e+00
1.006351229455202201e+03 1.000000000000000000e+00 3.398002574866189618e-01 2.538999268437091561e-01 1.966137615223863822e-01 1.536974596808563520e-01 1.251779762174998478e-01 1.053046959375203567e-01 8.901323215088079166e-02 7.917355256688889120e-02 3.310348150430218461e-01 1.545471948520003913e+00
1.008445983449848654e+03 1.000000000000000000e+00 3.364910326136563157e-01 2.542006383480490683e-01 1.952774118891066335e-01 1.538269241784890606e-01 1.261922690785379497e-01 1.049980735746856020e-01 8.848541634706316716e-02 7.868800668802071463e-02 3.267721901421199449e-01 1.529085034095382989e+00
1.010541425412046806e+03 9.999999999999998890e-01 3.381102122689209621e-01 2.556407630511579598e-01 1.927901745301884295e-01 1.542287410372776002e-01 1.250987238490688658e-01 1.052864035267415677e-01 8.869752027122820848e-02 8.020606171707490850e-02 3.241984504044453375e-01 1.515856036025047260e+00
1.012636502013241738e+03 1.000000000000000000e+00 3.412191907096434051e-01 2.566887748168955596e-01 1.952570479939750858e-01 1.539802020736772969e-01 1.263226057322434925e-01 1.051236137115725833e-01 9.002417322536797328e-02 7.994801886485346232e-02 3.188266092308834065e-01 1.496536436244164658e+00
1.014731868888421786e+03 1.000000000000000000e+00 3.469938588662572210e-01 2.547192307987016235e-01 1.962244694293516778e-01 1.538203301440723980e-01 1.252371919545334222e-01 1.052961227371456837e-01 9.018558690380451548e-02 7.876908223568787615e-02 3.161356588151278957e-01 1.483825106696824436e+00
1.016825360711495819e+03 9.999999999999998890e-01 3.510509993952655172e-01 2.509703247914688018e-01 1.937756442991137307e-01 1.547204771771534537e-01 1.260716730696982701e-01 1.047901412920190095e-01 9.017756161547674232e-02 7.930650941213931993e-02 3.125042244624978705e-01 1.469008833167780859e+00
1.018918497183810928e+03 1.000000000000000000e+00 3.538982515684805374e-01 2.516601825114950786e-01 1.939995321910824577e-01 1.535659636289908314e-01 1.258009871557505266e-01 1.054517423083171646e-01 8.927121324959996773e-02 8.014557240688584272e-02 3.079315597298031837e-01 1.450614234800188918e+00
1.021013692729094032e+03 9.999999999999998890e-01 3.530616375634227921e-01 2.546293097804943617e-01 1.951290176823600453e-01 1.535719339022633967e-01 1.254861737358249907e-01 1.049947598767969476e-01 8.847841747799636836e-02 7.899933611927061061e-02 3.055090974477101540e-01 1.438882635621143269e+00
1.023108078284652606e+03 9.999999999999998890e-01 3.508200674856970513e-01 2.576452983590642454e-01 1.947888953468125406e-01 1.547142071254247742e-01 1.258622632401150410e-01 1.054487959827239696e-01 8.924574477141777873e-02 7.858808225958099913e-02 3.016584501091264525e-01 1.418994074645320902e+00
1.025203743129323584e+03 1.000000000000000000e+00 3.467758144904731221e-01 2.552516684535545699e-01 1.946099427102236379e-01 1.529634409296823649e-01 1.252255068904932489e-01 1.052152522685191327e-01 8.956935432184488788e-02 7.969191591709873235e-02 2.984420946671311747e-01 1.406016757391119532e+00
1.027298109812993061e+03 1.000000000000000000e+00 3.442730871051138397e-01 2.504723199057053429e-01 1.930889796884582288e-01 1.543408174029301805e-01 1.261064182662299249e-01 1.054085749787299492e-01 9.019237374923949613e-02 7.979819006642226153e-02 2.942839323452759448e-01 1.394574875955401749e+00
1.029391694530919040e+03 1.000000000000000000e+00 3.416838368762397660e-01 2.503066964667625127e-01 1.943592479790316185e-01 1.537006145790932865e-01 1.254507358947807016e-01 1.051280256067139290e-01 8.999665233965893629e-02 7.865018003057235030e-02 2.926280425169556221e-01 1.387327787604788920e+00
1.031486388560550495e+03 1.000000000000000000e+00 3.419409482260034605e-01 2.534792015727497794e-01 1.951907683089878220e-01 1.534622077844234322e-01 1.261644022078428906e-01 1.055454307340786685e-01 8.927587126139385765e-02 7.892729484499348691e-02 2.888105061583284838e-01 1.371485166406741563e+00
1.033581505141713706e+03 1.000000000000000000e+00 3.421995523524314908e-01 2.569306420348532738e-01 1.936466080022967717e-01 1.537145704722591988e-01 1.255575545577057583e-01 1.051554832878546092e-01 8.891302588867561196e-02 7.984064425776325746e-02 2.855435631943700758e-01 1.355685496823463509e+00
1.035676213071961229e+03 1.000000000000000000e+00 3.429626241268639020e-01 2.550251266133592432e-01 1.928696493047397098e-01 1.539845343591848825e-01 1.259182409409134451e-01 1.052287030762257825e-01 8.942845653457053012e-02 7.930350667884900062e-02 2.824254240126217175e-01 1.344670851554507385e+00
1.037769943153003624e+03 1.000000000000000000e+00 3.442139255506466711e-01 2.519189783310101793e-01 1.954388937217859390e-01 1.532458554037887666e-01 1.258600518114933731e-01 1.052593849605950455e-01 8.992624323731761293e-02 7.852933109317480898e-02 2.801469229366821412e-01 1.337214410687568522e+00
1.039863729503999821e+03 1.000000000000000000e+00 3.451326867205252169e-01 2.511672441603153838e-01 1.954534384939092539e-01 1.538409235221962212e-01 1.256448460134122758e-01 1.052183114139509101e-01 9.090677751887320246e-02 7.902536740853453867e-02 2.772286390195170536e-01 1.320072730979292563e+00
1.041958178193355479e+03 1.000000000000000000e+00 3.455431029918111241e-01 2.523866714845427461e-01 1.927856937259623260e-01 1.544446768499890821e-01 1.262559491446945126e-01 1.054956094925376814e-01 8.999867670767590366e-02 7.972124445191450248e-02 2.746836453223222563e-01 1.311884333843270856e+00
1.044053258448172073e+03 1.000000000000000000e+00 3.460293565844793640e-01 2.541439432273058796e-01 1.939049144078054121e-01 1.530376077169858795e-01 1.257580048172824427e-01 1.053328143872625383e-01 8.960047656026279284e-02 7.897986176917197454e-02 2.717972657188303942e-01 1.300894894091896958e+00
1.046146565632553802e+03 1.000000000000000000e+00 3.461350526337148570e-01 2.547261542515460442e-01 1.959696312851841593e-01 1.547156435706782129e-01 1.260998317785931855e-01 1.054261223542919818e-01 8.909540773791721491e-02 7.835473725257753597e-02 2.689239928676940838e-01 1.290255383545869217e+00
1.048241463915075428e+03 9.999999999999998890e-01 3.484855195655393034e-01 2.531371590459617904e-01 1.941864891053637909e-01 1.540181021452576848e-01 1.258352761390286179e-01 1.053710919390523776e-01 8.941593409248985158e-02 7.911974509064254035e-02 2.666259487945065731e-01 1.280246591481266627e+00
1.050334823741878836e+03 1.000000000000000000e+00 3.484614788634464166e-01 2.530333801409604400e-01 1.937540603074057455e-01 1.536600365042965488e-01 1.259431839462632485e-01 1.057692343196474094e-01 9.022956009568965097e-02 7.978856478540319319e-02 2.647035422015961981e-01 1.274031846092352094e+00
1.052428061820206722e+03 9.999999999999998890e-01 3.480147628718375796e-01 2.529042524532932879e-01 1.946903020551267183e-01 1.545121739183291931e-01 1.263568116425016763e-01 1.055984501334864267e-01 9.034059626295264100e-02 7.873346197964592452e-02 2.626047766704772690e-01 1.264764698418296307e+00
1.054523279091665245e+03 1.000000000000000000e+00 3.469979817333840311e-01 2.521125724289724479e-01 1.948579561854610342e-01 1.539187638447712392e-01 1.259831293901341187e-01 1.060949932620493530e-01 9.036800631267971617e-02 7.852222584824292140e-02 2.596571144585878010e-01 1.253863148165018870e+00
1.056617393097481681e+03 1.000000000000000000e+00 3.432679050389557673e-01 2.521116913820210526e-01 1.952372073597879731e-01 1.540990578191732130e-01 1.263624271807440302e-01 1.058963049969143949e-01 8.975964768896370349e-02 7.936058641857955676e-02 2.577445149142436054e-01 1.245310380299615272e+00
1.058712741544074561e+03 1.000000000000000000e+00 3.402898976950665677e-01 2.539884664278668769e-01 1.940858847680843879e-01 1.542074773672743593e-01 1.260749502283051993e-01 1.056714391732994640e-01 8.928018206325660788e-02 7.944680633825257354e-02 2.550472746309045413e-01 1.235769261909384742e+00
1.060807146587884517e+03 1.000000000000000000e+00 3.381153364678615159e-01 2.554589056517438395e-01 1.937690460513270818e-01 1.546742039308099115e-01 1.257028799025755872e-01 1.058316794109708803e-01 8.924225058922070908e-02 7.867335267118504005e-02 2.529887797253843607e-01 1.228192137798289618e+00
1.062901109829352208e+03 1.000000000000000000e+00 3.378140265554485655e-01 2.546427831149812859e-01 1.954210125318169844e-01 1.533155933545654326e-01 1.264257842817747557e-01 1.056235350811687151e-01 8.992010972776172395e-02 7.858376709646201774e-02 2.509342185960677929e-01 1.216666750740203140e+00
1.064997011470600683e+03 1.000000000000000000e+00 3.393774326445400114e-01 2.513912881638492580e-01 1.960136140342843558e-01 1.544723362326637650e-01 1.259032068286247419e-01 1.056680093093119860e-01 9.085418361450026126e-02 7.919654114272717260e-02 2.487768692623120725e-01 1.210873133040280214e+00
1.067091946389066607e+03 1.000000000000000000e+00 3.438540102057224268e-01 2.505738571837289319e-01 1.936857112049266694e-01 1.543727751974194595e-01 1.265480321010784281e-01 1.056423367646908140e-01 9.020354542356047445e-02 7.913379439102950774e-02 2.470239639423700007e-01 1.203324752707239043e+00
1.069183954216339998e+03 1.000000000000000000e+00 3.482774419841266345e-01 2.532201818702884411e-01 1.937604719679748844e-01 1.534046616057167522e-01 1.258985267783851725e-01 1.053346215388004103e-01 9.008383916702472627e-02 7.899382372640340044e-02 2.446751296348873561e-01 1.191822443656035624e+00
1.071278576792183230e+03 1.000000000000000000e+00 3.513207936320839053e-01 2.562647019181946151e-01 1.960696256310120733e-01 1.547160295046676459e-01 1.262408704822646777e-01 1.056032602383798896e-01 8.950357734706328172e-02 7.868914037250279714e-02 2.431642248972026021e-01 1.189518467748103436e+00
1.073374364359302490e+03 1.000000000000000000e+00 3.538845042836702426e-01 2.574213105665457690e-01 1.949541765107875579e-01 1.539382390267809153e-01 1.261224072817941633e-01 1.054842854078094500e-01 8.961480321214605749e-02 8.064465996832449746e-02 2.401779874544109072e-01 1.170875180627810819e+00
1.075469039126183816e+03 1.000000000000000000e+00 3.540694283974528123e-01 2.531239481519543255e-01 1.935319576603208858e-01 1.537101395538699733e-01 1.259729977395075973e-01 1.052786144587085221e-01 9.015484194105945204e-02 7.919248735180073329e-02 2.369040806853536518e-01 1.148710723907145903e+00
1.077562632551596153e+03 9.999999999999998890e-01 3.512463689850509052e-01 2.509269321953391252e-01 1.944901462898610822e-01 1.541807583984130814e-01 1.263793752169688200e-01 1.054622104516584336e-01 9.034687497825241720e-02 7.902825524728437911e-02 2.328055887288438819e-01 1.124948188771963675e+00
1.079656543296830478e+03 1.000000000000000000e+00 3.466471367023801209e-01 2.520961189128654856e-01 1.954989706198079213e-01 1.543787083842113050e-01 1.260518477655870884e-01 1.052802369101609181e-01 9.087335530330950539e-02 7.894350863110308203e-02 2.297926467416647744e-01 1.104098599266073011e+00
1.081751752508558639e+03 1.000000000000000000e+00 3.401591650395690003e-01 2.546544435173034859e-01 1.946022138256300327e-01 1.538079504776766193e-01 1.263338474693361524e-01 1.055421058923019517e-01 9.038773532047274240e-02 7.880607829364233430e-02 2.263026000875197619e-01 1.085651656341479976e+00
1.083845001699139630e+03 1.000000000000000000e+00 3.359274812858071280e-01 2.562224871735548359e-01 1.944871045603857040e-01 1.538922013479938899e-01 1.262906763914745933e-01 1.057226757780683618e-01 9.020598856193633164e-02 7.865112740663378343e-02 2.229637154219009376e-01 1.063254300779126194e+00
1.085939428562480771e+03 1.000000000000000000e+00 3.355921252070638294e-01 2.551484093586193769e-01 1.941746358195616251e-01 1.547104004507771080e-01 1.257866885664127854e-01 1.058883673216304139e-01 8.954240236744365200e-02 7.910179619883694890e-02 2.194609275598586040e-01 1.044299277095564582e+00
1.088034222818080252e+03 1.000000000000000000e+00 3.407191800055237030e-01 2.531110142036160360e-01 1.943503187896629958e-01 1.536269728086881725e-01 1.263126996808656977e-01 1.057262122049287129e-01 8.985332142920042509e-02 7.906685045489644792e-02 2.169313435710101268e-01 1.027837389103596344e+00
1.090128217961450446e+03 9.999999999999998890e-01 3.457016206645545653e-01 2.529452110674278442e-01 1.959030993410863231e-01 1.541273470180329619e-01 1.260361598685896811e-01 1.063401790076456271e-01 9.027455807112937103e-02 7.865839426705785453e-02 2.138998736416391766e-01 1.010121519705617033e+00
1.092223310392521853e+03 1.000000000000000000e+00 3.499990913931526615e-01 2.536751606552826166e-01 1.952753006656541834e-01 1.545904055723735793e-01 1.263678138236860593e-01 1.058673951643298861e-01 9.061495112658989048e-02 7.894644844340333034e-02 2.104381970428950144e-01 9.921576955377869877e-01
1.094318396564963223e+03 1.000000000000000000e+00 3.522258198453950273e-01 2.527667567035880580e-01 1.932682352891752775e-01 1.540208957966901215e-01 1.264899313751805809e-01 1.065021547465936497e-01 9.082065476823189543e-02 7.899777732803626995e-02 2.079732293632409190e-01 9.738319617994247723e-01
1.096412566711700947e+03 1.000000000000000000e+00 3.523767384581724116e-01 2.538976183773760664e-01 1.944040779845828404e-01 1.541782048156237483e-01 1.260899733151524815e-01 1.057253853120729975e-01 9.070819139791640173e-02 7.898512784474395754e-02 2.051114476359025551e-01 9.562313006974800800e-01
1.098506695372116610e+03 1.000000000000000000e+00 3.535496820047886457e-01 2.552074348109512614e-01 1.963061087680538219e-01 1.543653087988646200e-01 1.267024916493088293e-01 1.062750022520813908e-01 9.011696064837902698e-02 7.861592633223926652e-02 2.021160270437944717e-01 9.418336469667173416e-01
1.100602158967694550e+03 1.000000000000000000e+00 3.519510870280568304e-01 2.554228167213088430e-01 1.943877872026669451e-01 1.548388247908587534e-01 1.258734079167747877e-01 1.061897436406334799e-01 8.992224634890395862e-02 7.854378184562478549e-02 1.994498684141842448e-01 9.262358961210122033e-01
1.102695993918269551e+03 1.000000000000000000e+00 3.485723521167742867e-01 2.550226103284064516e-01 1.932893568497802694e-01 1.532137253234819863e-01 1.264251354729286625e-01 1.063214613083128535e-01 9.035827397602629041e-02 7.923355534555094615e-02 1.968085787779219331e-01 9.084699909333926460e-01
1.104789375679098157e+03 1.000000000000000000e+00 3.444141920087968600e-01 2.527270554799024849e-01 1.946236397456830580e-01 1.543636667964538023e-01 1.260070044990194704e-01 1.060957981924770532e-01 9.040881737068161283e-02 7.906317374715662871e-02 1.941317465438170409e-01 8.946333665808292590e-01
1.106884134759741073e+03 1.000000000000000000e+00 3.405149323327913979e-01 2.506129557214875070e-01 1.955571262524715692e-01 1.547692134135083553e-01 1.262764661266406740e-01 1.058814266617387478e-01 9.076098624576048324e-02 7.865216789671680697e-02 1.919449203130906279e-01 8.812967089263455955e-01
1.108977251522718689e+03 1.000000000000000000e+00 3.387078314541092094e-01 2.531249506382071690e-01 1.947825350746246464e-01 1.533120779839431957e-01 1.262437435191641200e-01 1.059991515193235007e-01 9.069951045009948254e-02 7.862454938064565579e-02 1.898799463244946195e-01 8.643829908442761667e-01
1.111072335678291665e+03 1.000000000000000000e+00 3.424964433854490453e-01 2.559621457581798265e-01 1.949103047223864071e-01 1.543300892336766927e-01 1.269169961388866563e-01 1.061751109514064012e-01 9.113985338324477603e-02 7.886140396750386528e-02 1.872436169269535711e-01 8.518144696372415003e-01
1.113168327432720162e+03 1.000000000000000000e+00 3.455634608257513452e-01 2.569357324002909948e-01 1.937319503907782015e-01 1.545908688679754062e-01 1.261853292798150172e-01 1.061035037484646115e-01 9.038374717453630247e-02 7.921075310706017503e-02 1.848082290601651134e-01 8.372305975354971119e-01
1.115262432084090960e+03 1.000000000000000000e+00 3.466454277966296016e-01 2.552706087700825077e-01 1.944294666264677063e-01 1.538220111562085546e-01 1.270266015901496126e-01 1.060676061743703463e-01 9.051977227453998631e-02 7.872652274850004683e-02 1.828198652731982676e-01 8.246741206067425001e-01
1.117357206960801705e+03 9.999999999999998890e-01 3.460134001742148913e-01 2.515097450099078036e-01 1.959536073494031194e-01 1.540760211564850268e-01 1.259172105371768047e-01 1.061333464628486101e-01 9.030108841364328787e-02 7.874029042383254295e-02 1.803869796864678576e-01 8.105940470722601265e-01
1.119450661726259568e+03 9.999999999999998890e-01 3.449382786879058860e-01 2.510995279122103518e-01 1.955797794352658603e-01 1.543468100372287766e-01 1.263322588557719561e-01 1.058068623358301152e-01 9.070440478395869199e-02 7.893485103146383186e-02 1.784810096069320007e-01 7.975957836827486380e-01
1.121543693154871789e+03 1.000000000000000000e+00 3.451467170689653252e-01 2.539437308484999711e-01 1.936952095134003571e-01 1.546310328273011458e-01 1.264638933002379118e-01 1.063342447253362022e-01 9.042293252421176875e-02 7.890374900298269267e-02 1.762627102873429996e-01 7.845220643227094337e-01
1.123638931526533952e+03 1.000000000000000000e+00 3.480724647425047502e-01 2.547568517391642917e-01 1.941388278392481292e-01 1.534541639301374716e-01 1.262527672989744998e-01 1.061466398258139598e-01 9.069942055161184236e-02 7.905007438902482420e-02 1.738326168299473562e-01 7.707296088312889371e-01
1.125732812551609868e+03 9.999999999999998890e-01 3.492644204066129854e-01 2.555991006616579186e-01 1.959272495987082197e-01 1.542969557319212870e-01 1.263942564739955476e-01 1.061258943854486436e-01 9.062325177121598185e-02 7.877352962730037322e-02 1.726328159661174033e-01 7.610571821545351057e-01
1.127827850546267427e+03 1.000000000000000000e+00 3.501241339882874004e-01 2.550704472774920628e-01 1.958146123663765392e-01 1.549423296290201868e-01 1.269524257630552933e-01 1.066278883374128100e-01 9.077582319796784205e-02 7.884798786009789007e-02 1.699059208603054538e-01 7.471483958772643375e-01
1.129923492504966816e+03 1.000000000000000000e+00 3.490908791803771227e-01 2.537986856869051677e-01 1.941595864841973440e-01 1.536759435203975122e-01 1.259300601110601159e-01 1.059932605810173234e-01 9.073955496932534226e-02 7.896892595543487936e-02 1.680491861541454635e-01 7.350091758591459357e-01
1.132017271483304512e+03 1.000000000000000000e+00 3.482822478391879861e-01 2.540829865504757867e-01 1.948733203998104235e-01 1.544106686598041289e-01 1.269071760681466099e-01 1.066223514036244435e-01 9.113739867398505667e-02 7.887101477974330088e-02 1.667202663425438325e-01 7.239248848138158943e-01
1.134110454187221876e+03 1.000000000000000000e+00 3.485598578477366871e-01 2.532824977798294186e-01 1.944107799159891514e-01 1.544604156533955774e-01 1.264068208023802764e-01 1.062218378376287437e-01 9.098851689238773854e-02 7.906984193311071552e-02 1.640913637680096737e-01 7.105955207793659412e-01
1.136203656381680275e+03 1.000000000000000000e+00 3.490455916662791314e-01 2.521019013329821035e-01 1.955057037078774262e-01 1.544436365454321114e-01 1.262883656801808419e-01 1.066912741614962912e-01 9.093255432347895073e-02 7.916519666603771821e-02 1.627947360736417548e-01 7.022909943879751538e-01
1.138299440703964365e+03 9.999999999999998890e-01 3.466947283086852516e-01 2.525900258187047109e-01 1.953677792584743722e-01 1.537727111599269947e-01 1.267883162209859915e-01 1.063615036096366290e-01 9.068532095605273680e-02 7.881922801949070578e-02 1.610755627990737016e-01 6.898885295937414730e-01
1.140393654149308077e+03 1.000000000000000000e+00 3.433318054368979522e-01 2.557882991191537947e-01 1.947196643755445267e-01 1.542328677627722855e-01 1.267460429727652327e-01 1.063218562532921574e-01 9.092337239500616897e-02 7.876448555840520616e-02 1.591264280165787803e-01 6.797103201954018958e-01
1.142487373592088943e+03 1.000000000000000000e+00 3.385424704100992721e-01 2.564528182061160955e-01 1.935150394666053375e-01 1.553672220588681041e-01 1.262501287779637937e-01 1.066687084975246891e-01 9.076996298424490350e-02 7.899719828868539961e-02 1.573957168850700084e-01 6.701493495102602838e-01
1.144583212922060056e+03 1.000000000000000000e+00 3.358292748405633521e-01 2.557677903761864657e-01 1.949975320464549799e-01 1.535657052407328194e-01 1.271679081304364078e-01 1.062649338455957382e-01 9.114512864629235878e-02 7.920893255283201206e-02 1.559292750878646383e-01 6.582043644609869570e-01
1.146677708347187718e+03 1.000000000000000000e+00 3.383887715513161920e-01 2.536793660523591898e-01 1.959430507824823087e-01 1.541987981599450830e-01 1.263038442899600267e-01 1.065570958469059110e-01 9.117940161393120468e-02 7.919296457578371695e-02 1.541689431581207415e-01 6.486143637790798833e-01
1.148771280985036356e+03 1.000000000000000000e+00 3.428232426478899919e-01 2.503277482812829580e-01 1.949379142194816172e-01 1.549890409396525726e-01 1.263971703383633960e-01 1.064843546116400891e-01 9.130348241216212912e-02 7.900797205788334665e-02 1.526651283837155981e-01 6.379425927279207542e-01
1.150866870983900071e+03 1.000000000000000000e+00 3.491482286455203643e-01 2.517299886125823893e-01 1.933467964079097212e-01 1.541862324247521843e-01 1.266422132265866973e-01 1.064035607231591657e-01 9.108776866622994572e-02 7.873847805640815656e-02 1.512295371085057849e-01 6.294088238953698955e-01
1.152961208838450830e+03 1.000000000000000000e+00 3.528514133242810491e-01 2.549345183095823586e-01 1.946147462414334617e-01 1.539390430416900934e-01 1.267190596585074935e-01 1.065303552561018691e-01 9.108586000916053804e-02 7.907393900148365629e-02 1.493331110256726213e-01 6.212369653095840549e-01
1.155054770184082145e+03 1.000000000000000000e+00 3.538104111158454912e-01 2.567743760916589846e-01 1.953899850398233828e-01 1.542147717171793997e-01 1.263543927817307178e-01 1.064528353187178256e-01 9.076239710855918408e-02 7.908471095615544899e-02 1.484046581592496084e-01 6.113919063851200875e-01
1.157149934376605188e+03 1.000000000000000000e+00 3.537488835200500725e-01 2.554793393191175377e-01 1.950454526557839907e-01 1.547214228028378491e-01 1.271545066113781708e-01 1.067107879414893740e-01 9.108860681932719194e-02 7.923945496168052771e-02 1.466808569682461483e-01 6.018401355701402666e-01
1.159244983559887487e+03 1.000000000000000000e+00 3.529428813872062531e-01 2.545961555764740258e-01 1.952933185399836069e-01 1.545291213184294410e-01 1.263132440951294233e-01 1.065122726459948044e-01 9.100333275738262118e-02 7.888804751408792781e-02 1.453166739962627185e-01 5.932829061041180463e-01
1.161340041357110522e+03 1.000000000000000000e+00 3.522161604461654383e-01 2.527671608131115688e-01 1.947123997298787212e-01 1.537212002912660413e-01 1.268877805939495063e-01 1.066851724489624176e-01 9.136766042775266994e-02 7.919760611738438372e-02 1.437794342448785179e-01 5.859380055958088862e-01
1.163432496517780464e+03 1.000000000000000000e+00 3.494377462862724437e-01 2.523605366472149725e-01 1.932046904127118492e-01 1.550445167909401400e-01 1.269566728559677338e-01 1.068159486315218565e-01 9.118170234692093978e-02 7.920484459032922642e-02 1.422290764737632329e-01 5.770139095211268554e-01
1.165527653101994929e+03 1.000000000000000000e+00 3.445260544292839677e-01 2.542646503484531917e-01 1.951327063449734556e-01 1.548604261315223440e-01 1.269622619096164862e-01 1.063321405266099556e-01 9.156812999141891729e-02 7.901986264926560977e-02 1.410513759094239317e-01 5.660809139743733231e-01
1.167622838570417116e+03 1.000000000000000000e+00 3.390138503688829852e-01 2.530754972658373347e-01 1.963759168883940365e-01 1.536931434055677226e-01 1.266012126477348010e-01 1.067177128965523109e-01 9.123179992116700610e-02 7.906487200537336280e-02 1.397202497357792339e-01 5.595319412376761337e-01
1.169715039345337573e+03 1.000000000000000000e+00 3.360815056323628314e-01 2.535628470883601882e-01 1.950240545607657694e-01 1.541860573077814822e-01 1.272903344594068509e-01 1.065088021792860579e-01 9.133614839129089447e-02 7.928771986878277445e-02 1.385947904807512121e-01 5.510244750073564068e-01
1.171809516708050296e+03 1.000000000000000000e+00 3.373331011781519617e-01 2.546826460639341483e-01 1.934785931594430464e-01 1.546415059147599191e-01 1.265723773796574581e-01 1.065566248168594993e-01 9.106162063969595877e-02 7.927948202187755367e-02 1.374675361612454350e-01 5.437995084929652112e-01
1.173903832827921860e+03 1.000000000000000000e+00 3.415140814854984441e-01 2.563478506527879230e-01 1.941467770686769734e-01 1.548583666967733585e-01 1.268923661492930011e-01 1.068774625301514153e-01 9.124742821198437992e-02 7.923620107962592307e-02 1.361255091212238699e-01 5.362807321673165317e-01
1.175997438927495296e+03 1.000000000000000000e+00 3.460261660173161724e-01 2.554792142410478029e-01 1.957155958132237583e-01 1.542300255047906465e-01 1.271696828826471559e-01 1.065326417932057901e-01 9.137300955072562292e-02 7.910625358151610054e-02 1.352117328276760677e-01 5.284665398741275055e-01
1.178092003668601365e+03 1.000000000000000000e+00 3.490889567236729052e-01 2.541092585068251974e-01 1.954677071589205339e-01 1.540089450445148445e-01 1.267265024770611870e-01 1.069602599974562168e-01 9.125730897379517870e-02 7.915799946806503784e-02 1.335364422610255120e-01 5.214191853417953215e-01
1.180187699383458721e+03 1.000000000000000000e+00 3.492802704190898222e-01 2.512333598371913612e-01 1.949705820606734419e-01 1.554130201439338499e-01 1.266609951533612388e-01 1.067245587888314556e-01 9.164815491126089564e-02 7.948854718740486214e-02 1.326014500965957410e-01 5.135495984327481667e-01
1.182281624162936623e+03 1.000000000000000000e+00 3.478325794206075239e-01 2.510651682681709906e-01 1.946762115972678620e-01 1.543369986205188615e-01 1.273671400164451684e-01 1.068063607491578082e-01 9.116272866893326832e-02 7.942555081623123292e-02 1.312920269050674715e-01 5.059127062241348671e-01
1.184377284327840471e+03 1.000000000000000000e+00 3.476300011011576041e-01 2.530675585928948146e-01 1.939605423660713257e-01 1.539022535020416471e-01 1.270588687422096463e-01 1.071232216467482845e-01 9.157258400701952239e-02 7.952386386121729211e-02 1.303674709867847503e-01 4.989106395125805782e-01
1.186473221133613833e+03 1.000000000000000000e+00 3.475301824657187066e-01 2.562880543787124932e-01 1.941059921493434037e-01 1.543736635471727459e-01 1.267781584115944549e-01 1.068527257877797121e-01 9.143639894482083474e-02 7.919396387713938112e-02 1.289638539929320593e-01 4.922943466614063679e-01
1.188566144438745823e+03 1.000000000000000000e+00 3.493936459543929840e-01 2.569946223279845898e-01 1.959877005921709381e-01 1.545701400328434172e-01 1.273843384888257158e-01 1.072355346022811073e-01 9.133763472769793057e-02 7.936243208461832288e-02 1.278466447497721981e-01 4.852767593156935289e-01
1.190660006445212275e+03 1.000000000000000000e+00 3.501000672218901322e-01 2.551939167855500901e-01 1.962629735403187692e-01 1.548114605089503659e-01 1.269142688524625417e-01 1.070243655289909168e-01 9.163086775298948106e-02 7.947256440236928621e-02 1.273261341046615092e-01 4.794767980419000764e-01
1.192755411773423702e+03 1.000000000000000000e+00 3.487357825650719834e-01 2.536552044182203702e-01 1.937929474664748519e-01 1.543488312033772514e-01 1.270563837924405526e-01 1.069319606207405210e-01 9.143660522554841741e-02 7.943307538033710091e-02 1.259915639988557490e-01 4.720557096683099529e-01
1.194849589281075851e+03 1.000000000000000000e+00 3.480069410603147118e-01 2.529375818085712879e-01 1.932163314930715470e-01 1.537434840493444033e-01 1.266943598760322809e-01 1.070008321063566220e-01 9.183315376996455115e-02 7.928235653042910169e-02 1.251222180383444182e-01 4.649283746989417709e-01
1.196942433688976053e+03 1.000000000000000000e+00 3.470975420668516720e-01 2.532754088955635474e-01 1.948941248744112398e-01 1.554502407363196337e-01 1.274995904693318749e-01 1.070737077732279025e-01 9.159807950047044178e-02 7.942771389860341091e-02 1.240678968963611489e-01 4.588051935244777946e-01
1.199035921344153621e+03 1.000000000000000000e+00 3.461589310348839321e-01 2.529306593527193558e-01 1.959407547708556241e-01 1.547012617129104040e-01 1.265458204066025882e-01 1.069313526545944693e-01 9.188466469374996504e-02 7.957123710167605946e-02 1.232366788276898356e-01 4.533544875597577128e-01
1.201131096356108401e+03 1.000000000000000000e+00 3.469405326136648093e-01 2.534435641443908982e-01 1.950398046667217444e-01 1.543545076583893172e-01 1.272354055560013797e-01 1.072690872466512263e-01 9.159507081932244388e-02 7.966479726545411255e-02 1.222555041773547707e-01 4.481027339020227651e-01
1.203224554565239032e+03 1.000000000000000000e+00 3.457222409013578357e-01 2.530526933156260760e-01 1.955708700308622094e-01 1.543252013085433805e-01 1.274027861623145130e-01 1.071871324459970354e-01 9.189472090616515598e-02 7.936136816928181237e-02 1.211570374621719903e-01 4.412691584105090103e-01
1.205318622832252458e+03 1.000000000000000000e+00 3.435608156256981793e-01 2.552131413865680321e-01 1.944182852686565932e-01 1.547060764271713240e-01 1.271601771292947547e-01 1.069912167074644760e-01 9.171371622559366943e-02 7.952075264893215811e-02 1.206603156300963542e-01 4.371911908501926458e-01
1.207414020167677336e+03 1.000000000000000000e+00 3.400559009206056693e-01 2.559534985214513281e-01 1.939108317810527837e-01 1.548995711662412844e-01 1.265952482798959888e-01 1.071843987309497592e-01 9.173598478140936041e-02 7.962164912596748911e-02 1.196735720321479152e-01 4.299805694248530208e-01
1.209506902094162115e+03 1.000000000000000000e+00 3.375908309115804862e-01 2.566925699700943753e-01 1.945266565816324844e-01 1.544692551250373969e-01 1.277257439809923178e-01 1.069526633259504922e-01 9.196333604280899909e-02 7.959377824156599335e-02 1.189012970950113351e-01 4.242510811022475181e-01
1.211601760159804144e+03 1.000000000000000000e+00 3.379965603456006051e-01 2.543560060402314527e-01 1.964567557241340690e-01 1.536995820166412174e-01 1.271033303852055762e-01 1.073303899396583633e-01 9.177850390352705612e-02 7.973150074753009020e-02 1.179878429550918761e-01 4.203464841731286428e-01
1.213698478368028191e+03 1.000000000000000000e+00 3.402137855519430376e-01 2.512986354992922111e-01 1.962094499712633555e-01 1.553941176230719812e-01 1.269628436724694887e-01 1.071939476273965491e-01 9.194790333051593156e-02 7.955918195225733514e-02 1.171028039591295450e-01 4.149322619249657396e-01
1.215794655439427288e+03 1.000000000000000000e+00 3.449594359462614945e-01 2.505539598862343564e-01 1.941283009434954798e-01 1.548646367751098929e-01 1.271364571985552638e-01 1.070616254277403367e-01 9.201099973110567209e-02 7.978856239239513759e-02 1.165051302357564822e-01 4.093143117960017507e-01
1.217887910942862391e+03 9.999999999999998890e-01 3.487221255677510623e-01 2.530922873392899008e-01 1.949140277765395446e-01 1.546994186877823085e-01 1.273559164862833604e-01 1.073178950182459429e-01 9.166993835610710850e-02 7.977290845309341349e-02 1.154696540767877339e-01 4.040873447990198652e-01
1.219981318103825060e+03 1.000000000000000000e+00 3.532437659208277903e-01 2.547077369108285416e-01 1.949374265183095589e-01 1.544517408247946533e-01 1.270876601579095655e-01 1.074256870232286332e-01 9.222105346443296159e-02 8.009143653351004366e-02 1.146426025327109549e-01 3.995227659732608072e-01
1.222077483209999627e+03 1.000000000000000000e+00 3.544438493718528038e-01 2.561889028607981511e-01 1.947264026371111345e-01 1.538958850244364907e-01 1.270551482697120926e-01 1.073885138221991747e-01 9.200356740404952438e-02 7.984578400982271507e-02 1.140579242110852376e-01 3.943735007868628406e-01
1.224171552774063002e+03 9.999999999999998890e-01 3.550552245161728293e-01 2.563335418120484266e-01 1.954095769093297241e-01 1.551940219924870801e-01 1.277040711755387525e-01 1.077327229696216360e-01 9.208726815109069541e-02 7.986739029098935405e-02 1.130915412292754219e-01 3.888110579794099020e-01
1.226264867469559476e+03 9.999999999999998890e-01 3.540463834501776930e-01 2.540290907542536725e-01 1.962051041995296063e-01 1.548105675743164100e-01 1.272078793949691922e-01 1.076602500888803604e-01 9.196422465870432439e-02 7.978410078408341988e-02 1.128352515568320225e-01 3.849726770051973834e-01
1.228359689200535513e+03 1.000000000000000000e+00 3.520731982338045074e-01 2.542844366552948210e-01 1.957524292599977234e-01 1.536325434555991243e-01 1.272673342571358779e-01 1.070098216131179780e-01 9.233148592880426053e-02 8.003144410968118794e-02 1.118111078459790436e-01 3.797763059451732537e-01
1.230453218541359092e+03 1.000000000000000000e+00 3.491914898667424771e-01 2.544441998781924452e-01 1.940215737677576935e-01 1.542472794714181139e-01 1.271915170535956319e-01 1.076640551329687973e-01 9.227680097387543079e-02 7.999701995411871713e-02 1.111711708090203365e-01 3.746455594695551339e-01
1.232547604409436190e+03 9.999999999999998890e-01 3.453954213853975830e-01 2.542740273079925339e-01 1.937306685736355505e-01 1.549723992510774473e-01 1.277598031511973375e-01 1.072748086041490218e-01 9.224399173665517870e-02 7.979265106848246192e-02 1.103177054580902622e-01 3.705378131115436013e-01
1.234642080155902931e+03 9.999999999999998890e-01 3.425061766279250963e-01 2.518369162423516605e-01 1.961200805963199678e-01 1.551776155517534672e-01 1.271076203425714202e-01 1.074211687858728365e-01 9.204303735401078712e-02 8.000930338808738551e-02 1.097920724226202210e-01 3.671246010771532231e-01
1.236736227980733929e+03 1.000000000000000000e+00 3.406926125616569490e-01 2.518910678243642121e-01 1.960469898560363300e-01 1.550388276217423145e-01 1.272157329665242753e-01 1.077158424739000364e-01 9.246461390863143504e-02 7.983832554063227671e-02 1.092789987139978630e-01 3.613202389875555531e-01
1.238831678601579370e+03 9.999999999999998890e-01 3.404966579947595884e-01 2.524556968517340239e-01 1.955775841773871870e-01 1.538291500881366070e-01 1.278197812109944098e-01 1.077066127863990225e-01 9.215906649447452859e-02 8.006169344530096599e-02 1.083558504505817421e-01 3.581811862665849611e-01
1.240925276089553108e+03 1.000000000000000000e+00 3.404609061700113459e-01 2.546447114763695230e-01 1.949474370157475434e-01 1.542973899089046252e-01 1.277363573286436627e-01 1.076096754773285674e-01 9.241348189047560169e-02 8.016910616387798449e-02 1.077593975033910578e-01 3.535459998561992223e-01
1.243019611372683130e+03 1.000000000000000000e+00 3.422012044965768718e-01 2.574619858838689823e-01 1.946795824063152491e-01 1.554749740487023080e-01 1.274293686339301179e-01 1.077189698905152843e-01 9.239078903232567086e-02 8.016845812467664201e-02 1.072985955850024736e-01 3.501051594662291100e-01
1.245113395974981131e+03 1.000000000000000000e+00 3.433633323456838915e-01 2.574088316468101101e-01 1.936079399355139785e-01 1.547738936888460592e-01 1.267457934271445374e-01 1.081275588399490811e-01 9.225094276292228335e-02 8.017086236338499816e-02 1.068568966436115181e-01 3.458902605159441257e-01
1.247207072068681100e+03 1.000000000000000000e+00 3.443723318670457445e-01 2.553188972266164369e-01 1.941030302315468192e-01 1.546386067180670620e-01 1.280377096591948927e-01 1.073141769069969054e-01 9.259469681352677783e-02 8.018154420913564673e-02 1.058774634931624326e-01 3.416513585026325628e-01
1.249301744709407330e+03 1.000000000000000000e+00 3.442032014801526540e-01 2.525945877295711073e-01 1.958779428003339651e-01 1.541349395466043160e-01 1.274349708651967561e-01 1.076722542886131562e-01 9.241153153222582406e-02 8.038336518804166386e-02 1.055809120212404667e-01 3.381025724346540806e-01
1.251397024235649496e+03 1.000000000000000000e+00 3.449338463755541317e-01 2.519154448169145244e-01 1.973311546466713640e-01 1.541457024989104918e-01 1.277522514290546640e-01 1.077892191126965243e-01 9.244359689026693250e-02 8.029399230256686892e-02 1.048327889667023394e-01 3.337642941320200785e-01
1.253492881580297308e+03 9.999999999999998890e-01 3.457718810505803764e-01 2.527650432536689418e-01 1.952296090150701935e-01 1.554979344159275745e-01 1.271124500304352256e-01 1.077986881294645261e-01 9.261666075978472468e-02 8.049085555927382174e-02 1.046037767236837196e-01 3.304621652681123956e-01
1.255585324903979426e+03 1.000000000000000000e+00 3.461241074852605126e-01 2.527960713962710826e-01 1.936362976624981802e-01 1.552014171414649868e-01 1.281400344898921961e-01 1.077135831793815252e-01 9.239927547693022047e-02 8.019380636241063565e-02 1.035482316914062562e-01 3.266678714646402693e-01
1.257677508253817450e+03 1.000000000000000000e+00 3.461820449927335841e-01 2.542802875038436827e-01 1.948658937980297101e-01 1.541291269258707741e-01 1.280696986299111051e-01 1.082228007102438438e-01 9.237818100184530534e-02 8.008353812407588423e-02 1.033101055980526622e-01 3.226001685013158427e-01
1.259774330313546898e+03 1.000000000000000000e+00 3.462381257843611393e-01 2.534347848544448722e-01 1.945471873163820697e-01 1.540183536788048702e-01 1.268744725196502277e-01 1.076023178390668328e-01 9.279389578578732534e-02 8.060712989242962978e-02 1.030033504009265216e-01 3.196905524016382394e-01
1.261869847457182459e+03 1.000000000000000000e+00 3.469398737581961267e-01 2.535137231624544629e-01 1.947060346992370850e-01 1.546397902667054902e-01 1.274639776322910312e-01 1.076259825259602981e-01 9.247561892786078375e-02 8.036584157373241610e-02 1.021821866097512993e-01 3.166769233145095286e-01
1.263963420401341182e+03 1.000000000000000000e+00 3.500116963171098772e-01 2.557050471448705231e-01 1.958234658481496915e-01 1.548300929581246932e-01 1.278639898460957325e-01 1.079690271834595205e-01 9.275247195207556028e-02 8.040487691828364369e-02 1.017575821453637619e-01 3.127215114993139311e-01
1.266058418467751608e+03 9.999999999999998890e-01 3.522094098000315698e-01 2.573271495045388879e-01 1.969608693139504041e-01 1.554270137281485997e-01 1.284713207659529122e-01 1.084245391420932264e-01 9.298159827004863487e-02 8.060967570484327271e-02 1.011981057783880311e-01 3.091753568195258484e-01
1.268153030388938532e+03 1.000000000000000000e+00 3.543110129270822251e-01 2.566532118856273970e-01 1.953870488520630666e-01 1.547485579291628943e-01 1.275068774991975629e-01 1.077092155679100355e-01 9.254958943148128281e-02 8.038173991147491704e-02 1.007461699140991679e-01 3.062925307257732266e-01
1.270246289560802325e+03 1.000000000000000000e+00 3.560659058264899479e-01 2.542634883567684856e-01 1.940384692117879950e-01 1.539586966030578041e-01 1.274179211371370690e-01 1.078455651387507236e-01 9.291402105606219597e-02 8.076960358059762091e-02 1.003054656511026127e-01 3.027383028369614038e-01
1.272339760552267990e+03 1.000000000000000000e+00 3.549677564525680062e-01 2.523321160110368888e-01 1.935420920514457077e-01 1.546888434164390147e-01 1.279517364821390890e-01 1.081219301499613261e-01 9.290084052738641074e-02 8.046749895419338938e-02 9.993620074201124692e-02 2.995776206644675810e-01
1.274435248284123190e+03 1.000000000000000000e+00 3.508480379676656158e-01 2.504912824584050179e-01 1.949820064199293823e-01 1.550013587649487212e-01 1.282942346647866216e-01 1.080805153581845951e-01 9.273318533191578228e-02 8.066135935589059669e-02 9.936650743227105897e-02 2.970662287108656319e-01
1.276530574986830970e+03 9.999999999999998890e-01 3.460800659123496326e-01 2.513919911991769340e-01 1.960354424570257825e-01 1.555101393965598600e-01 1.276827211588972277e-01 1.077399829054046798e-01 9.288335319033307058e-02 8.060406246186588297e-02 9.893608900581565835e-02 2.931731912120026373e-01
1.278624241404170562e+03 1.000000000000000000e+00 3.408112834530229174e-01 2.534678850688953933e-01 1.955920843965072431e-01 1.552672842047957968e-01 1.274264717531088942e-01 1.083680165669641121e-01 9.316344119652335276e-02 8.066710587587160031e-02 9.851769732694362625e-02 2.898264477882310786e-01
1.280718903153699330e+03 1.000000000000000000e+00 3.379306021451486952e-01 2.550995151153234164e-01 1.955884955697919370e-01 1.538654458126930413e-01 1.280477043107285939e-01 1.082439011716876537e-01 9.299174366453519247e-02 8.080197749724291056e-02 9.807597140144022618e-02 2.876291166534632460e-01
1.282813979087988173e+03 9.999999999999998890e-01 3.367538900990737494e-01 2.549153520492368763e-01 1.966849124222482537e-01 1.544381022484663246e-01 1.281840523322223258e-01 1.082807577695998336e-01 9.326418075805219254e-02 8.071098493989142808e-02 9.799662282276142000e-02 2.854489133232090414e-01
1.284907920392679898e+03 1.000000000000000000e+00 3.369577698457316139e-01 2.551673673959776734e-01 1.945360761017714823e-01 1.554802935826383181e-01 1.279678831082698143e-01 1.078597921505969753e-01 9.318579064944926271e-02 8.073189315979577285e-02 9.691023371509345508e-02 2.817016485270417148e-01
1.287001722065239619e+03 1.000000000000000000e+00 3.384793141001825045e-01 2.555343992063244807e-01 1.938329429439896168e-01 1.553955018243783903e-01 1.277683456685156649e-01 1.086654456115232342e-01 9.292357044238336305e-02 8.103200477634396603e-02 9.679019382631796897e-02 2.794454753839401562e-01
1.289094920481408508e+03 1.000000000000000000e+00 3.408822548036424260e-01 2.554735966846079509e-01 1.940492805569813406e-01 1.545881478143396603e-01 1.279128792796620229e-01 1.081639770311184079e-01 9.311358531920926884e-02 8.074887112993914262e-02 9.640233128178619937e-02 2.758959874707754834e-01
1.291189264309415421e+03 1.000000000000000000e+00 3.419316179141753120e-01 2.558882415237760388e-01 1.959528402953886195e-01 1.554567539392008313e-01 1.286801867868932470e-01 1.078861355231539310e-01 9.337414280732360405e-02 8.085750820585124732e-02 9.605889884398853551e-02 2.734859808095745914e-01
1.293283695292494031e+03 9.999999999999998890e-01 3.453495856994869828e-01 2.555464263857805673e-01 1.963912673588229518e-01 1.541069050891972492e-01 1.279345750441879814e-01 1.084059768850033356e-01 9.315418536160048613e-02 8.116688437642496923e-02 9.566035720304312540e-02 2.702641391675110194e-01
1.295379162800104041e+03 1.000000000000000000e+00 3.462966704504930604e-01 2.535610668999556117e-01 1.956751702974171281e-01 1.541252175404962121e-01 1.281504168849896819e-01 1.087888455907688734e-01 9.297211018189135978e-02 8.095112912499621838e-02 9.540458861833983617e-02 2.686095676997816151e-01
1.297473294751109961e+03 1.000000000000000000e+00 3.491605476519168416e-01 2.507233584668998594e-01 1.956674578594826130e-01 1.559063401779074154e-01 1.275715055228284767e-01 1.080244945989061317e-01 9.369081833656159319e-02 8.105870638405929252e-02 9.517388712429035447e-02 2.658666961288891351e-01
1.299568054358431027e+03 1.000000000000000000e+00 3.478797597067994074e-01 2.499015814782475087e-01 1.957758730529594871e-01 1.552883707076787578e-01 1.281110098880638426e-01 1.081751045548423190e-01 9.327117262302993261e-02 8.117482837307868349e-02 9.481504681972961757e-02 2.632004406003010111e-01
1.301663960278916647e+03 1.000000000000000000e+00 3.475933974017357264e-01 2.517216001973527351e-01 1.947244029751127314e-01 1.551725189382917869e-01 1.288782135384749505e-01 1.081404247222516740e-01 9.310412737548476314e-02 8.113018100470147098e-02 9.396463107308763996e-02 2.601089050482790488e-01
1.303757087018383345e+03 1.000000000000000000e+00 3.465931930529231875e-01 2.542982670007726265e-01 1.941266621826937822e-01 1.550513771203372582e-01 1.279662515623072594e-01 1.091770865211844077e-01 9.341117221003483739e-02 8.110593723095364804e-02 9.404066547327419312e-02 2.579610157433052664e-01
1.305850075781404485e+03 1.000000000000000000e+00 3.470489829283711081e-01 2.559477665654015244e-01 1.938669552513740957e-01 1.542441312375576745e-01 1.281672920304749164e-01 1.086170385171806863e-01 9.352089139737512768e-02 8.141415119097529518e-02 9.351446738492483202e-02 2.557096630606689458e-01
1.307945474831970841e+03 1.000000000000000000e+00 3.470248495034441438e-01 2.560148384055805915e-01 1.959495954365417514e-01 1.544362296719046235e-01 1.277385138573134682e-01 1.083530438354605996e-01 9.323361438029056925e-02 8.095742524123850092e-02 9.313062872260986780e-02 2.529409994884299073e-01
1.310040623953866088e+03 9.999999999999998890e-01 3.495078111452121772e-01 2.553626668746956652e-01 1.968718867779058190e-01 1.556043200609794896e-01 1.282462110430012125e-01 1.083418736356027284e-01 9.332217392989282378e-02 8.147938716425735806e-02 9.302581334823252501e-02 2.513249765964025717e-01
1.312132863060928912e+03 1.000000000000000000e+00 3.510014953030712870e-01 2.546184220072256754e-01 1.959169587434887450e-01 1.557894947119256579e-01 1.288083641751783248e-01 1.089948745520602502e-01 9.389536421202117344e-02 8.127112537703047590e-02 9.252396825484185405e-02 2.494488468474179432e-01
1.314227819785158317e+03 1.000000000000000000e+00 3.536427421009100125e-01 2.554174483635088255e-01 1.958135451254020276e-01 1.553186916749549340e-01 1.280467959894496799e-01 1.085452878159395701e-01 9.338957638319306254e-02 8.130103321725705434e-02 9.237394432109022335e-02 2.474335742352320733e-01
1.316325058954970018e+03 1.000000000000000000e+00 3.551783774279285155e-01 2.568104526005380306e-01 1.958500938591887508e-01 1.551926507069857908e-01 1.283388277056382865e-01 1.084490285423959643e-01 9.339816801427638926e-02 8.124152552763123925e-02 9.205015480640495185e-02 2.444815047932727692e-01
1.318419881256976851e+03 9.999999999999998890e-01 3.542959627438276304e-01 2.559061108756153224e-01 1.957193253461811666e-01 1.546779656375229517e-01 1.281846736108009921e-01 1.085440362218573068e-01 9.365289749695240862e-02 8.147845296001082760e-02 9.168764964363121384e-02 2.422692101017413779e-01
1.320512529753515764e+03 1.000000000000000000e+00 3.530148974580666899e-01 2.539161672129313096e-01 1.930282042988545332e-01 1.538539229248969686e-01 1.285606723017157504e-01 1.091443592886493646e-01 9.401341644318225721e-02 8.145386594451897722e-02 9.156321570897256457e-02 2.409184201543987935e-01
1.322606877619202123e+03 1.000000000000000000e+00 3.508041594670655017e-01 2.517091431548504343e-01 1.936784652834671050e-01 1.553641211301509395e-01 1.288178217316813534e-01 1.087239520301020029e-01 9.344633334058465024e-02 8.133663254398788844e-02 9.115449490141411260e-02 2.381189969106977389e-01
1.324701990842441091e+03 9.999999999999998890e-01 3.483852891812862507e-01 2.510100011348044835e-01 1.951388609007664310e-01 1.559135727060998455e-01 1.282999627143031618e-01 1.086681361724186196e-01 9.357808933151977315e-02 8.179002429885644243e-02 9.082902149583718665e-02 2.363998796131374092e-01
1.326795047320031244e+03 1.000000000000000000e+00 3.456241930395121398e-01 2.502954999962127003e-01 1.967205424625808885e-01 1.556046660463480114e-01 1.283443831971694538e-01 1.083398116868391492e-01 9.389238860565510270e-02 8.158606585288362412e-02 9.079323454048415787e-02 2.337428815601085841e-01
1.328888333976635749e+03 1.000000000000000000e+00 3.428773954658019818e-01 2.537195959886403007e-01 1.960555402587984275e-01 1.554188951189318380e-01 1.281118496846710975e-01 1.090796261022643626e-01 9.400633270648500739e-02 8.158160787434190486e-02 9.037942008105150082e-02 2.318071817293167747e-01
1.330983344303315562e+03 1.000000000000000000e+00 3.404869831149384685e-01 2.542824393925114945e-01 1.960513570625510849e-01 1.547105916991659280e-01 1.279266281180583276e-01 1.092032103929455045e-01 9.378469242488438051e-02 8.156367538335856926e-02 8.984166069792669240e-02 2.295621622334219070e-01
1.333078495264640196e+03 1.000000000000000000e+00 3.383807105070706922e-01 2.558573559860326530e-01 1.959719337550523688e-01 1.541900482533372641e-01 1.284110294682109799e-01 1.084696116389798209e-01 9.371726980782499328e-02 8.192111632866910798e-02 8.998288463801099035e-02 2.280220877643154564e-01
1.335172042246708997e+03 9.999999999999998890e-01 3.373283835033382694e-01 2.546078779916451929e-01 1.965461836567333198e-01 1.547577065738135471e-01 1.286166087363455057e-01 1.085953413280641294e-01 9.440005525570455136e-02 8.157402421715183316e-02 8.960318579450853027e-02 2.265051104437092733e-01
1.337266281426675960e+03 1.000000000000000000e+00 3.364697824795419567e-01 2.543044894991182137e-01 1.947834038617459185e-01 1.557715025278350318e-01 1.291542585211253868e-01 1.090390567141363981e-01 9.400104235556852594e-02 8.171712959884382121e-02 8.933677381136259643e-02 2.244673264178854710e-01
1.339361375197694088e+03 1.000000000000000000e+00 3.375552114201441634e-01 2.550031707373107137e-01 1.932485478562420422e-01 1.552602554585410244e-01 1.279957956403937891e-01 1.092282197574232783e-01 9.373105923510947901e-02 8.186949599546607115e-02 8.912902740931454015e-02 2.222317542480335140e-01
1.341455369552490538e+03 9.999999999999998890e-01 3.389351479588580962e-01 2.567579953539314008e-01 1.937151067576647623e-01 1.556772344433635380e-01 1.278208732922064272e-01 1.094580251112605429e-01 9.367874833748549013e-02 8.162455645333149823e-02 8.890499372840442172e-02 2.210074524258845152e-01
1.343548122712306622e+03 1.000000000000000000e+00 3.426812740935261670e-01 2.567724261574208522e-01 1.956853121411553653e-01 1.558757937394274484e-01 1.289313194087844394e-01 1.090099821432555516e-01 9.430184381435841035e-02 8.154142509193026966e-02 8.842597304965565952e-02 2.189945678857896094e-01
1.345643039042106921e+03 1.000000000000000000e+00 3.436447995420316426e-01 2.566948862686340704e-01 1.958505325344663817e-01 1.544762900608696587e-01 1.291697181588756793e-01 1.085799441444749852e-01 9.470303285652388603e-02 8.184605937217546978e-02 8.869179129302176556e-02 2.175093806251525430e-01
1.347739521641354031e+03 1.000000000000000000e+00 3.451222722772978035e-01 2.546814472748097913e-01 1.952808409033375825e-01 1.543621548295547319e-01 1.289359600267983019e-01 1.091050160673873448e-01 9.410363052457042243e-02 8.209193507086472164e-02 8.844813860268291306e-02 2.152333243722059919e-01
1.349834475060470822e+03 1.000000000000000000e+00 3.450497343399627770e-01 2.519309295938141346e-01 1.960861677162268613e-01 1.550950327243758586e-01 1.283404264178985010e-01 1.095497784161460347e-01 9.382991117660512137e-02 8.264618911292047343e-02 8.817521568083028227e-02 2.139544715892988114e-01
1.351927434892708106e+03 1.000000000000000000e+00 3.448866428617781699e-01 2.506734529341660966e-01 1.974548013761253662e-01 1.551634165653579811e-01 1.279617376739236867e-01 1.096792338777264064e-01 9.413454028325594913e-02 8.207400373578924158e-02 8.805804125772345725e-02 2.122113243644091485e-01
1.354020399617284056e+03 9.999999999999998890e-01 3.445507512118547999e-01 2.514580279150461228e-01 1.968184024750150862e-01 1.555332159419730853e-01 1.291762822837582980e-01 1.088108042031449285e-01 9.449211796228752791e-02 8.173254866694602827e-02 8.794244632328016009e-02 2.105017756931797102e-01
1.356116090709253740e+03 1.000000000000000000e+00 3.445587175805971958e-01 2.525635166819771849e-01 1.956761891435712386e-01 1.565931107000483880e-01 1.284413704384780308e-01 1.089540180370624500e-01 9.439832681208298881e-02 8.196926870171138135e-02 8.778396127589375986e-02 2.093707457280597206e-01
1.358210476259215284e+03 1.000000000000000000e+00 3.449381251077173194e-01 2.532883720258288784e-01 1.938477168519434357e-01 1.560703677371988451e-01 1.286630151340365236e-01 1.092067805908385342e-01 9.398614739717341127e-02 8.176163554673189504e-02 8.724453103286364253e-02 2.075330605832479414e-01
1.360303747182000507e+03 1.000000000000000000e+00 3.453668756581962374e-01 2.534624346800017913e-01 1.943343059133401940e-01 1.548270300940752797e-01 1.298141604151343831e-01 1.095246496415299142e-01 9.403720617429325856e-02 8.262429041606506042e-02 8.739391761469368636e-02 2.057692396877899565e-01
1.362400535658319313e+03 9.999999999999998890e-01 3.479915090424595681e-01 2.522354978736467968e-01 1.953206484945596011e-01 1.547847529632693508e-01 1.290891400462929606e-01 1.095281443565008922e-01 9.455768706523892675e-02 8.277888737908520311e-02 8.720207652395536857e-02 2.047652283909210114e-01
1.364495739844143827e+03 1.000000000000000000e+00 3.488562961188417799e-01 2.522228132706916814e-01 1.946178404721810584e-01 1.554221196165409269e-01 1.282482870521634011e-01 1.093026518919764933e-01 9.455462064551266310e-02 8.250765525850208004e-02 8.687877254114749481e-02 2.027262733533567451e-01
1.366588262994561774e+03 1.000000000000000000e+00 3.516202233279901446e-01 2.531683916938469170e-01 1.940220611473690571e-01 1.541019885635450948e-01 1.281218711533455568e-01 1.093973518554381963e-01 9.479185768090707398e-02 8.230223677966418128e-02 8.667851118198165172e-02 2.006716979041276716e-01
1.368683189247194605e+03 1.000000000000000000e+00 3.534057403570646794e-01 2.552653519025362971e-01 1.952175758140870521e-01 1.550622006520970819e-01 1.286536730568925146e-01 1.089381534659121104e-01 9.405071280185102467e-02 8.182734396807113397e-02 8.653484502364833242e-02 1.993310292150776430e-01
1.370778319477116383e+03 1.000000000000000000e+00 3.548285833464037697e-01 2.580214323134594201e-01 1.970528235368389780e-01 1.563278126318558003e-01 1.292852593976828446e-01 1.095000257562749740e-01 9.442942983092977860e-02 8.230333504063150341e-02 8.657259700601807606e-02 1.984850858723180567e-01
1.372873108917453465e+03 9.999999999999998890e-01 3.559463087574001317e-01 2.586624031776409982e-01 1.975519608123096071e-01 1.560815948475639814e-01 1.291655093032105239e-01 1.097077884699026867e-01 9.465370549081179863e-02 8.261228409244882054e-02 8.601592494332817307e-02 1.966076957742454168e-01
1.374966446175575584e+03 1.000000000000000000e+00 3.577674740555767396e-01 2.582085245950708208e-01 1.970691795861423123e-01 1.557688126062856393e-01 1.294005044620057387e-01 1.099651497876650147e-01 9.510683831346955497e-02 8.288721854827482693e-02 8.599072585493619525e-02 1.956118075464298167e-01
1.377058610520125967e+03 1.000000000000000000e+00 3.573155168762741085e-01 2.557569113254016258e-01 1.961740366902151866e-01 1.562530795917986826e-01 1.297007924242613297e-01 1.094183031405939754e-01 9.471534690915772714e-02 8.293855525724318223e-02 8.605593019197896321e-02 1.945609250830581949e-01
1.379153986926703737e+03 1.000000000000000000e+00 3.553970107499474507e-01 2.538398851027561243e-01 1.955497637646921028e-01 1.554942050378305685e-01 1.283270837243809803e-01 1.094923553344162026e-01 9.435175238204915327e-02 8.257643996050320623e-02 8.578578048860560634e-02 1.927789707566367750e-01
1.381248801264587200e+03 9.999999999999998890e-01 3.543797709643095595e-01 2.530584128929606047e-01 1.961321553400569018e-01 1.545048451997561301e-01 1.282510580087392049e-01 1.092603202851704786e-01 9.443461245870607423e-02 8.245969757654934840e-02 8.581984596721455028e-02 1.919343875635647068e-01
1.383343398918839966e+03 9.999999999999998890e-01 3.499956459678558729e-01 2.538746706863086455e-01 1.951958601496208423e-01 1.544723616705220570e-01 1.291248681101738460e-01 1.096253921028553097e-01 9.507476213940845022e-02 8.261923626246633900e-02 8.558570439734837498e-02 1.904460801835869410e-01
1.385437928642209272e+03 1.000000000000000000e+00 3.467691129143946061e-01 2.541881975724583076e-01 1.938075410903663531e-01 1.553354686119965966e-01 1.289666760574245674e-01 1.102277047480263311e-01 9.534288032003047919e-02 8.281690699258818789e-02 8.589370150391929803e-02 1.894986007950250906e-01
1.387532167230832556e+03 1.000000000000000000e+00 3.445014901836964127e-01 2.547876914119580616e-01 1.938163201007027658e-01 1.551383006857323943e-01 1.294779664217367288e-01 1.100989855385235000e-01 9.474615207284854679e-02 8.302509291400980707e-02 8.547059506987120248e-02 1.876376581730066495e-01
1.389627412542565708e+03 1.000000000000000000e+00 3.425073651783727136e-01 2.543304672709436054e-01 1.950860913789953799e-01 1.553928408463191857e-01 1.295206704667407616e-01 1.098239736606287514e-01 9.454376962933827566e-02 8.307596578695720935e-02 8.533266548317791633e-02 1.864161301241489543e-01
1.391720835018028311e+03 1.000000000000000000e+00 3.423714917767596289e-01 2.510113185604860297e-01 1.952584501757759772e-01 1.567517054436549928e-01 1.298814990349536347e-01 1.096298094682352231e-01 9.500570857503497224e-02 8.305922432895933294e-02 8.510032959054196489e-02 1.852175114889286767e-01
1.393816322428680678e+03 1.000000000000000000e+00 3.429306855508097995e-01 2.494988146318424249e-01 1.957304194510780249e-01 1.565836260127407287e-01 1.292616962725488539e-01 1.098874309150905115e-01 9.491392350707983372e-02 8.270859500419673604e-02 8.484530281033700327e-02 1.839955046202201849e-01
1.395913058676872424e+03 1.000000000000000000e+00 3.451796495703366441e-01 2.493014047669881439e-01 1.955433561867157555e-01 1.559138091631568079e-01 1.287278745728985541e-01 1.096177059360774753e-01 9.497689030922513986e-02 8.274797725530670667e-02 8.484438848891261153e-02 1.824814486379769951e-01
1.398005942793966142e+03 1.000000000000000000e+00 3.456394094841112596e-01 2.506767283903832411e-01 1.964171433119672183e-01 1.550862843150183912e-01 1.288343607664750035e-01 1.096544894195405628e-01 9.511851629954762299e-02 8.292877053325450887e-02 8.468003324457491765e-02 1.815511296031287192e-01
1.400097987811482199e+03 9.999999999999998890e-01 3.473936919418724178e-01 2.537265306159495193e-01 1.976017006168863943e-01 1.560598975003821554e-01 1.294294711283793808e-01 1.107536243234325535e-01 9.544448310298671301e-02 8.346180268396184709e-02 8.442468961793045401e-02 1.804516285389936858e-01
1.402193529427280282e+03 1.000000000000000000e+00 3.474111250214639290e-01 2.547267253540615450e-01 1.979923866936202648e-01 1.547491183573991291e-01 1.286566466392452812e-01 1.105141209950721431e-01 9.510375392637410163e-02 8.355241591410025870e-02 8.456582954229734106e-02 1.795683171253287247e-01
1.404287010850064917e+03 1.000000000000000000e+00 3.472202304687389551e-01 2.549110815765533999e-01 1.956920262313782688e-01 1.545909432298011310e-01 1.292712833872026734e-01 1.099928358285210683e-01 9.499669145841652118e-02 8.314875095991487719e-02 8.483407702607441425e-02 1.784771988254470199e-01
1.406379514750296721e+03 1.000000000000000000e+00 3.465387504688492437e-01 2.557869853042400443e-01 1.958470061998884570e-01 1.542417095560115747e-01 1.308142765907074068e-01 1.099140517101110659e-01 9.469539815146217621e-02 8.315385771062586140e-02 8.470411619232290357e-02 1.768459607439755443e-01
1.408475517107035785e+03 1.000000000000000000e+00 3.442094730359293031e-01 2.542122355778920761e-01 1.962535393074152090e-01 1.550279425898571650e-01 1.293750937111494970e-01 1.100603338637254625e-01 9.563449360111180020e-02 8.304019145378564726e-02 8.417133074572166751e-02 1.760062268698845134e-01
1.410571298484275985e+03 1.000000000000000000e+00 3.427806481425578755e-01 2.551189602437706760e-01 1.961865501734453288e-01 1.554596927930802508e-01 1.296031221550302537e-01 1.099962235229402507e-01 9.574342709855042377e-02 8.341035090533292784e-02 8.406301408882728421e-02 1.746912702659242644e-01
1.412663481267778252e+03 9.999999999999998890e-01 3.396906069465737144e-01 2.561780113669024916e-01 1.955176016423786634e-01 1.557606192263433775e-01 1.298021353517434806e-01 1.100507439027100243e-01 9.551610486026937408e-02 8.350909070988100924e-02 8.375464028011896100e-02 1.737649151838878137e-01
1.414756057042713110e+03 1.000000000000000000e+00 3.375201844033482446e-01 2.571846540112944224e-01 1.947858185415633492e-01 1.564290803672980512e-01 1.288238909285601697e-01 1.109979964046829137e-01 9.522226065130472150e-02 8.378417187999001592e-02 8.372298861625987465e-02 1.725367874534222690e-01
1.416853683072616832e+03 1.000000000000000000e+00 3.333141907859415998e-01 2.595936769094395191e-01 1.928929354864860890e-01 1.572097830960154652e-01 1.287706597764881611e-01 1.107337642469253952e-01 9.531534481210793275e-02 8.314792686168188951e-02 8.385492522514120806e-02 1.713112800472636754e-01
1.418949373440370437e+03 1.000000000000000000e+00 3.316932004159894309e-01 2.582974012942301223e-01 1.942594995979691486e-01 1.560275553016681194e-01 1.292919075182907274e-01 1.104401764488786852e-01 9.576469903166634490e-02 8.334560135275929926e-02 8.409720108668802818e-02 1.700213587975747120e-01
1.421042495542925963e+03 9.999999999999998890e-01 3.286142672712804025e-01 2.575458642922457964e-01 1.947340397849570415e-01 1.552760349075623103e-01 1.289125044691721567e-01 1.111005730978402439e-01 9.566913091241084632e-02 8.397762301775754668e-02 8.407995359847424133e-02 1.700911759131107648e-01
1.423135748535529274e+03 1.000000000000000000e+00 3.288945043154760661e-01 2.548852188544413755e-01 1.954190639592018608e-01 1.568040519388162746e-01 1.296800755774511482e-01 1.097103785449122793e-01 9.590962873635870689e-02 8.389598022396586863e-02 8.386875773142547785e-02 1.692094566096159491e-01
1.425230685300588220e+03 1.000000000000000000e+00 3.303591659487279952e-01 2.537014284220168170e-01 1.951777437643343882e-01 1.555871695363464091e-01 1.302578903711020808e-01 1.098308630711897355e-01 9.634422907520283352e-02 8.362173841400506735e-02 8.332953663049068316e-02 1.675413692553784639e-01
1.427324266173205388e+03 9.999999999999998890e-01 3.312992002885163934e-01 2.544415235645234863e-01 1.953933738448756785e-01 1.546422847626629793e-01 1.299893238270937446e-01 1.103988145415754768e-01 9.601735662279499428e-02 8.324049460106511256e-02 8.336527554656138206e-02 1.670927290700116585e-01
1.429417966588982381e+03 9.999999999999998890e-01 3.361434949413465434e-01 2.545503700111539369e-01 1.965167860507554820e-01 1.551756204337123857e-01 1.295893038439344391e-01 1.102189304712253570e-01 9.541134536890326368e-02 8.366138927080007948e-02 8.335375891513385760e-02 1.659391754555165632e-01
1.431513634734481684e+03 1.000000000000000000e+00 3.406327089849003897e-01 2.574052171093728636e-01 1.986118415410490501e-01 1.548346147321642552e-01 1.305328979890274521e-01 1.104601533189842333e-01 9.591917651489931251e-02 8.446662837398659363e-02 8.351920123502244719e-02 1.643333180167168839e-01
1.433608708316983439e+03 1.000000000000000000e+00 3.438606554343274779e-01 2.564677093312077716e-01 1.977718259147190349e-01 1.548665866704807548e-01 1.297336706642290283e-01 1.107653120521484985e-01 9.563842247677384334e-02 8.437024007810825510e-02 8.314334869399289674e-02 1.640138449687831568e-01
1.435703405893887521e+03 1.000000000000000000e+00 3.473455642137903143e-01 2.560038372179103128e-01 1.965890574194378848e-01 1.547290455278634014e-01 1.293399791610761185e-01 1.108973758201693693e-01 9.551043077611108545e-02 8.366579524926294475e-02 8.323615218901812829e-02 1.627730689669810993e-01
1.437797102727795391e+03 1.000000000000000000e+00 3.476510012110686776e-01 2.528841970657233484e-01 1.963318035356211022e-01 1.546730036141092113e-01 1.306108864494071597e-01 1.110968345352259107e-01 9.529233850994259236e-02 8.324791002731635192e-02 8.312475788776996222e-02 1.627607835654890367e-01
1.439889452627959599e+03 1.000000000000000000e+00 3.481808793479323483e-01 2.512755721051309066e-01 1.967414520218194740e-01 1.565542663037507720e-01 1.287483020092943797e-01 1.107039235379693731e-01 9.602422793655925048e-02 8.353928277711965278e-02 8.254187710984149662e-02 1.613796279842341641e-01
1.441984326784723635e+03 1.000000000000000000e+00 3.486049436951961789e-01 2.495059788363126196e-01 1.980538885924265913e-01 1.560485461764861137e-01 1.283983355285424621e-01 1.109919987483486553e-01 9.660620463186808671e-02 8.448962411207742995e-02 8.326073177542746284e-02 1.609197209978763532e-01
1.444080675542435984e+03 1.000000000000000000e+00 3.471161962992468930e-01 2.496567546518504432e-01 1.977690351391379053e-01 1.552905243897828302e-01 1.297540471702984533e-01 1.106202563431768621e-01 9.626650291150362637e-02 8.434924800997707639e-02 8.313717059547717780e-02 1.595322728623028152e-01
1.446174941422311804e+03 1.000000000000000000e+00 3.471165057570164136e-01 2.512313706104193356e-01 1.961519489087915902e-01 1.571687575258847169e-01 1.292046366198877638e-01 1.106285426039553682e-01 9.586005324956195506e-02 8.381341474141772163e-02 8.335931419307630874e-02 1.593265068536565687e-01
1.448269909339067453e+03 1.000000000000000000e+00 3.459609597792892011e-01 2.516880601182186483e-01 1.958684913574800235e-01 1.574885779398843277e-01 1.295903203860208075e-01 1.102768192228043148e-01 9.723423611970517799e-02 8.381330057100638831e-02 8.252346339408032916e-02 1.580006714749415397e-01
1.450363691717096117e+03 1.000000000000000000e+00 3.470014940066470377e-01 2.519725082315116271e-01 1.953054677829260122e-01 1.559477237308137532e-01 1.302849600299908761e-01 1.102904430176254724e-01 9.666199532924642235e-02 8.477164811326122484e-02 8.315689949582778795e-02 1.570503768909007059e-01
1.452456696848266120e+03 1.000000000000000000e+00 3.471250371633989862e-01 2.506372068467679348e-01 1.958461585486999390e-01 1.565879223357865280e-01 1.306543341256578561e-01 1.106312074884332891e-01 9.450852969009257420e-02 8.499759961745187442e-02 8.250834799206503700e-02 1.573447661956018373e-01
1.454553241863339508e+03 1.000000000000000000e+00 3.467783725080990087e-01 2.496071085558154989e-01 1.966337140468024658e-01 1.565179520137578439e-01 1.298773362566877920e-01 1.107973968221822036e-01 9.704980416844045943e-02 8.358740124576155561e-02 8.271835998901233555e-02 1.553499005998376647e-01
1.456649265043942933e+03 1.000000000000000000e+00 3.495148305730944038e-01 2.480368510845910590e-01 1.939852425366240529e-01 1.572332112942461668e-01 1.310607694891202935e-01 1.110381243901480824e-01 9.638995990388890545e-02 8.344107974664639882e-02 8.258976363287949540e-02 1.545180341111662969e-01
1.458742314681138168e+03 1.000000000000000000e+00 3.507981464606097499e-01 2.479391428548401166e-01 1.927128187489782207e-01 1.560340679354997873e-01 1.307058923641764014e-01 1.114945674570484435e-01 9.487007813119897881e-02 8.471132375363350786e-02 8.268847689316391469e-02 1.539067701159103352e-01
1.460833243578661268e+03 1.000000000000000000e+00 3.529521101783604786e-01 2.496995618455009613e-01 1.922599340618725283e-01 1.551399056453094116e-01 1.297948602969963006e-01 1.109212681273748918e-01 9.686513520016463985e-02 8.488426308352674254e-02 8.266527484941758874e-02 1.534684129163427779e-01
1.462928450656394716e+03 1.000000000000000000e+00 3.557966053690436170e-01 2.529909663086764016e-01 1.935234161199006764e-01 1.557233364587313207e-01 1.309683024950057673e-01 1.117666549415501365e-01 9.794470441837674346e-02 8.434865103907250583e-02 8.298296625431544893e-02 1.533649078545603062e-01
1.465023022706571965e+03 1.000000000000000000e+00 3.575594106753874901e-01 2.555490035904273705e-01 1.942936411822148435e-01 1.563290780898805021e-01 1.302081355416220554e-01 1.109983046211183572e-01 9.504363289166625761e-02 8.409388887256552536e-02 8.293678225261003067e-02 1.519040684189318924e-01
1.467116112410237292e+03 1.000000000000000000e+00 3.600480984013705310e-01 2.561917355375150085e-01 1.938718560839227389e-01 1.546899389365207489e-01 1.305329897542432949e-01 1.118794640628794912e-01 9.737685299223879098e-02 8.544871324562065829e-02 8.251294636141154326e-02 1.516319314382119365e-01
1.469209592487180998e+03 1.000000000000000000e+00 3.617413848188615888e-01 2.560767711739653785e-01 1.935521705113036617e-01 1.539128051425847910e-01 1.299009025261405326e-01 1.118754823545035637e-01 9.835024476780389324e-02 8.546292294884827445e-02 8.260158352846692920e-02 1.506190295718364269e-01
1.471305411720845086e+03 1.000000000000000000e+00 3.637078032626902546e-01 2.555469229965147138e-01 1.923815828209104184e-01 1.547552138089141882e-01 1.303080320728779995e-01 1.113221921123103836e-01 9.504207386590088347e-02 8.464701428266437067e-02 8.218632614479291776e-02 1.494212958031818084e-01
1.473401178943140394e+03 1.000000000000000000e+00 3.647376196519921954e-01 2.542787594314688815e-01 1.933515151744819305e-01 1.547649402647180150e-01 1.295869272446007747e-01 1.113425562721440942e-01 9.745833807415034411e-02 8.426992914994133055e-02 8.321642080620346438e-02 1.497679609279916890e-01
1.475493559982847728e+03 1.000000000000000000e+00 3.617659022903902399e-01 2.545007827205427731e-01 1.962607611098289850e-01 1.549782546577319065e-01 1.289819068381359846e-01 1.112703117806442127e-01 9.850704549562466772e-02 8.547646963458024882e-02 8.213963595307802179e-02 1.477624443255280973e-01
1.477588782836064638e+03 1.000000000000000000e+00 3.599142949651294443e-01 2.552869644209860289e-01 1.964011701506298557e-01 1.530946615944181743e-01 1.297577039889298012e-01 1.106750122694939165e-01 9.562770007016088702e-02 8.573446896370884307e-02 8.204118672785337685e-02 1.477578685234869349e-01
1.479684586427345266e+03 1.000000000000000000e+00 3.548770153732542787e-01 2.572796727461151289e-01 1.960350317380130658e-01 1.552206794070592755e-01 1.291759009856009166e-01 1.112960165198726703e-01 9.705164735218917149e-02 8.407397009162323465e-02 8.214392250301695564e-02 1.468455787012500902e-01
1.481778837843804013e+03 1.000000000000000000e+00 3.520111476737544098e-01 2.587496137913115613e-01 1.957519910893978921e-01 1.557965000651560794e-01 1.289285114695510326e-01 1.104198553763957730e-01 9.823239022704584322e-02 8.471313487252968288e-02 8.294639518037498493e-02 1.463773876248432027e-01
1.483872536693007760e+03 1.000000000000000000e+00 3.473272839333360062e-01 2.606486311196025696e-01 1.953276068644325680e-01 1.561909316379792578e-01 1.294245161041640557e-01 1.108673471443062108e-01 9.500115349467323778e-02 8.554454157706015138e-02 8.261194518589279334e-02 1.455101767608142083e-01
1.485967290148519396e+03 1.000000000000000000e+00 3.448569964642475560e-01 2.611302560288551455e-01 1.969273434857113925e-01 1.552158993125178632e-01 1.303774528119089615e-01 1.107553160271274179e-01 9.621848175917148416e-02 8.504521455913936767e-02 8.216360304600490994e-02 1.447030843625147778e-01
1.488063290239493881e+03 1.000000000000000000e+00 3.452367814170744231e-01 2.591733551417370052e-01 1.986088056154397541e-01 1.558414198186769406e-01 1.295206795331360072e-01 1.107544395273386828e-01 9.795485197280173750e-02 8.368742853834909567e-02 8.266570132569996121e-02 1.445925066751230781e-01
1.490156854498155326e+03 1.000000000000000000e+00 3.433149357297323734e-01 2.551949741027566554e-01 1.982237283972949071e-01 1.566581383275371386e-01 1.301743467353442540e-01 1.115756146189760545e-01 9.534463813034456392e-02 8.611479768793448009e-02 8.248943512790218868e-02 1.434640714500057812e-01
1.492249470892878207e+03 1.000000000000000000e+00 3.457547049046241217e-01 2.554786726496195426e-01 1.980091815532590560e-01 1.573816439419234159e-01 1.311461520410234505e-01 1.112787674187024622e-01 9.651859755959842080e-02 8.529778606559591803e-02 8.279837225496619602e-02 1.429068520189632763e-01
1.494345452307565438e+03 1.000000000000000000e+00 3.480906347068161155e-01 2.537171696981031510e-01 1.964767918889886722e-01 1.561037177283763899e-01 1.306305105483180906e-01 1.120434689671314238e-01 9.849274801913981969e-02 8.462879065068022733e-02 8.214054792383622405e-02 1.416567129197317809e-01
1.496441232600252988e+03 1.000000000000000000e+00 3.510212744735999868e-01 2.551926378826316344e-01 1.968839518016708978e-01 1.565561477832891624e-01 1.303580501604079400e-01 1.116207761847843039e-01 9.534778947970500018e-02 8.462703473810537225e-02 8.293080430525458235e-02 1.411076110571714837e-01
1.498533159114298769e+03 1.000000000000000000e+00 3.514683856634552850e-01 2.571854236363292912e-01 1.972072983388202250e-01 1.570277569213499869e-01 1.305612239243385264e-01 1.116225157781766814e-01 9.731836246366501464e-02 8.715550818588063686e-02 8.228048000702072040e-02 1.405713423958167285e-01
1.500623762028632655e+03 1.000000000000000000e+00 3.528196554420042208e-01 2.586673958102735926e-01 1.988731580086392225e-01 1.577540453726428427e-01 1.319434642094777788e-01 1.124210194348180120e-01 9.845128528973270954e-02 8.504397169164926162e-02 8.236759716482887350e-02 1.397336261576516414e-01
1.502718509926261504e+03 1.000000000000000000e+00 3.567960661228188335e-01 2.594887504141317192e-01 1.989388296363670539e-01 1.570891002443811357e-01 1.305459470042298342e-01 1.115734017971970471e-01 9.526408689038499966e-02 8.460107195591368145e-02 8.201083211589710320e-02 1.387523583688907991e-01
1.504815604852076376e+03 1.000000000000000000e+00 3.535079676500149648e-01 2.583602909606382836e-01 1.973456270594666218e-01 1.564238050766499355e-01 1.307660013773103425e-01 1.119812481789886627e-01 9.855033971841700713e-02 8.653849819823380973e-02 8.252907283556439044e-02 1.373969443298802273e-01
1.506908085989598703e+03 1.000000000000000000e+00 3.555332631214199735e-01 2.577180176951613944e-01 1.954070128123694683e-01 1.563324605315029037e-01 1.309375455509273756e-01 1.131418099933145516e-01 9.851862248562860691e-02 8.584830826697321948e-02 8.168433637505767564e-02 1.371529968124328702e-01
1.509001381914021522e+03 1.000000000000000000e+00 3.550909713130956380e-01 2.537366041473139155e-01 1.952109226580747703e-01 1.575642150615049752e-01 1.317518149804495220e-01 1.112312169844610621e-01 9.610334908297007983e-02 8.528385651479895857e-02 8.210676781590042772e-02 1.354845065268375504e-01
1.511097816581667757e+03 1.000000000000000000e+00 3.548388753085749969e-01 2.516423614367565564e-01 1.969409669575223343e-01 1.571258048306509170e-01 1.311565420166048435e-01 1.127638652986819590e-01 9.893014973776155518e-02 8.573301770349912865e-02 8.227645676119697826e-02 1.346412396124889443e-01
1.513193117548573127e+03 1.000000000000000000e+00 3.537078258527877606e-01 2.511968469395623460e-01 1.973772488183760110e-01 1.563287588671893602e-01 1.304475468751542522e-01 1.122139629125524646e-01 9.792492701282050349e-02 8.712959012396011282e-02 8.219457002549863944e-02 1.344833527661526973e-01
1.515285842018482299e+03 1.000000000000000000e+00 3.503078794335249269e-01 2.510150906876104648e-01 1.978198312814451743e-01 1.550617955703186002e-01 1.318095124858804923e-01 1.116259610307878403e-01 9.608750861727351211e-02 8.462030510114369741e-02 8.146327246029708147e-02 1.331883191899493613e-01
1.517379775658785547e+03 1.000000000000000000e+00 3.484956107533236924e-01 2.541782151336876572e-01 1.955066084547652516e-01 1.562212816208948529e-01 1.308789748921786178e-01 1.125929440835151535e-01 9.905581057247163368e-02 8.606328980906242931e-02 8.212569279702529312e-02 1.325730561553168652e-01
1.519477469605446913e+03 1.000000000000000000e+00 3.456595416517341257e-01 2.570529838947480106e-01 1.948025085097921938e-01 1.570268840903836782e-01 1.300295414615986744e-01 1.120460272915222988e-01 9.724606682673327118e-02 8.677887367513215100e-02 8.221445320548767532e-02 1.318991943122097554e-01
1.521571274149597002e+03 9.999999999999998890e-01 3.421047066393817504e-01 2.582629428205781008e-01 1.946816646437454501e-01 1.571544146119215890e-01 1.302098564457108698e-01 1.127806096571459665e-01 9.676172271555427695e-02 8.509212462316680103e-02 8.153781606804040571e-02 1.307440416273802086e-01
1.523662544683223814e+03 9.999999999999998890e-01 3.382727100455961700e-01 2.589881779800570216e-01 1.954522140223912685e-01 1.547569783245580366e-01 1.320271659771292683e-01 1.119139121680418764e-01 9.946695145659413539e-02 8.622087237099060331e-02 8.187680476196397550e-02 1.291644375338944217e-01
1.525758392647952178e+03 1.000000000000000000e+00 3.357706092842361323e-01 2.557348718265330945e-01 1.975938061644507970e-01 1.558637633645851839e-01 1.306079740240328746e-01 1.129223497513802688e-01 9.600006215751380467e-02 8.639471118158634222e-02 8.204364749398093681e-02 1.292052324418089815e-01
1.527854540795377261e+03 1.000000000000000000e+00 3.341301103979334997e-01 2.532575404078480363e-01 1.976719925592691496e-01 1.565113672734720351e-01 1.301997642053360493e-01 1.122772532526129657e-01 9.841778911204872304e-02 8.611185842642489485e-02 8.169792953396730339e-02 1.285359880079227635e-01
1.529948425280603715e+03 9.999999999999998890e-01 3.336348025147238272e-01 2.526857784697058018e-01 1.980475930425396325e-01 1.567947355942892751e-01 1.310929774414159865e-01 1.111941929607171559e-01 9.907304764611936376e-02 8.633347709108826762e-02 8.188513929247163980e-02 1.274250827164034316e-01
1.532042205934646290e+03 1.000000000000000000e+00 3.344978769878935165e-01 2.513573343483948008e-01 1.951332446391200459e-01 1.568393801276184440e-01 1.320832535259427731e-01 1.141480278082388361e-01 9.560021288761609559e-02 8.660112826878814396e-02 8.194942620402009825e-02 1.272900637624167219e-01
1.534136477448929327e+03 1.000000000000000000e+00 3.380600109031919320e-01 2.518788402867363496e-01 1.940366162346001677e-01 1.554300842482576883e-01 1.301744822523033807e-01 1.114120620986391308e-01 1.004779783497242035e-01 8.653719412852792225e-02 8.152298014806109994e-02 1.257882999624668485e-01
1.536232331076056880e+03 1.000000000000000000e+00 3.421497617314662731e-01 2.524225803266488821e-01 1.956474512580707037e-01 1.554353860066114146e-01 1.308479376108236392e-01 1.129379375352342479e-01 9.737103275546708792e-02 8.638462563910664915e-02 8.245520055928985681e-02 1.255758923085573964e-01
1.538326000544233921e+03 1.000000000000000000e+00 3.481736796439875437e-01 2.541144048317334203e-01 1.966496150549339184e-01 1.562145633756045759e-01 1.306569243129041269e-01 1.120163431485391853e-01 9.726221557197016476e-02 8.678473287296871452e-02 8.189418516929392045e-02 1.259953499088106721e-01
1.540419770047493103e+03 1.000000000000000000e+00 3.536738472481925077e-01 2.570046696070141246e-01 1.984083187936516723e-01 1.585180417115816254e-01 1.320948244324425536e-01 1.134188402498909065e-01 1.011287033365585730e-01 8.655972818731327845e-02 8.166821725682672783e-02 1.253159374065081211e-01
1.542516116260198487e+03 1.000000000000000000e+00 3.579235704224982273e-01 2.591053036678428456e-01 1.985509503054247449e-01 1.565885486062289500e-01 1.307220678186896690e-01 1.123843994913107519e-01 9.547666999896010920e-02 8.702130492348771063e-02 8.242946838813368371e-02 1.243798297574308653e-01
1.544610169285858092e+03 1.000000000000000000e+00 3.597556599514132869e-01 2.592594716609235017e-01 1.957989720983323578e-01 1.559275310801764014e-01 1.305158155132804532e-01 1.125572783722887521e-01 9.957677709603537930e-02 8.602980809773431992e-02 8.152762421908173185e-02 1.235037724898510186e-01
1.546701452860036397e+03 1.000000000000000000e+00 3.604065197919965602e-01 2.569709115542085365e-01 1.948721411038773221e-01 1.552478751377293076e-01 1.309934432846061314e-01 1.144360757519323896e-01 9.919127566677823915e-02 8.725962329014143315e-02 8.152950922646999554e-02 1.231393314945354311e-01
1.548794138170147335e+03 9.999999999999998890e-01 3.605440556698212839e-01 2.527002612243714474e-01 1.940924277474477821e-01 1.573420388543521065e-01 1.324948213474324843e-01 1.115758664616790102e-01 9.624707273769793348e-02 8.713414622360252104e-02 8.220641969143026306e-02 1.223492461079958016e-01
1.550891522596994491e+03 1.000000000000000000e+00 3.585848413135098167e-01 2.505951205829527462e-01 1.961013936243883593e-01 1.579764521946488420e-01 1.311709096301592326e-01 1.139208832770712831e-01 1.015269924406290991e-01 8.628789670717509908e-02 8.218665803643980527e-02 1.229855659201246065e-01
1.552986214910133185e+03 1.000000000000000000e+00 3.536088435070006697e-01 2.491874540756411349e-01 1.978345290373619836e-01 1.573439004537738606e-01 1.307707138968908778e-01 1.125668319198692008e-01 9.640028618223248080e-02 8.808508239561355091e-02 8.178606346448101527e-02 1.212164497385014028e-01
1.555077989145967649e+03 1.000000000000000000e+00 3.515538508077210578e-01 2.493814717611506082e-01 1.987161821330906408e-01 1.554497312602080572e-01 1.313628671875985976e-01 1.136819603681997887e-01 9.921124712976121807e-02 8.594111448179950208e-02 8.176851805079191071e-02 1.210093930004415563e-01
1.557173676014467901e+03 1.000000000000000000e+00 3.458672691638469132e-01 2.520751545133149141e-01 1.978912925787477961e-01 1.551794981003353224e-01 1.326193802165740454e-01 1.117606598038273780e-01 9.989162965275166783e-02 8.668300483277782686e-02 8.183487103093174675e-02 1.201262786037129299e-01
1.559271568139731016e+03 1.000000000000000000e+00 3.428034218831575441e-01 2.561547524788656549e-01 1.951136686275558030e-01 1.571514308452208186e-01 1.313071033257074693e-01 1.129348332584453884e-01 9.631877395023678845e-02 8.792817799498696407e-02 8.216615562870269174e-02 1.203254320377692976e-01
1.561364683287528806e+03 1.000000000000000000e+00 3.398339357215369727e-01 2.567383433694928052e-01 1.940449593679535178e-01 1.575705876599967359e-01 1.302586013843273494e-01 1.141260336071031473e-01 1.019859744079077424e-01 8.604840078530653913e-02 8.135834849582262995e-02 1.197212771339223880e-01
1.563456337385312281e+03 1.000000000000000000e+00 3.387714551855929845e-01 2.594813133788040349e-01 1.931317681043127066e-01 1.575672924369341255e-01 1.314011519775356018e-01 1.123531550556676056e-01 9.588331787629211789e-02 8.761066645475075465e-02 8.220182028603233160e-02 1.188969269067452067e-01
1.565554540621847082e+03 1.000000000000000000e+00 3.367373727854602317e-01 2.594488444152822093e-01 1.960247673924072065e-01 1.556074506103438948e-01 1.323617826974030354e-01 1.138472075167342445e-01 1.005085476498216168e-01 8.676166598227282034e-02 8.230596157910526067e-02 1.188633832493206782e-01
1.567648602323127534e+03 1.000000000000000000e+00 3.353203982156052754e-01 2.581087348078184851e-01 1.964914816345951221e-01 1.548956189073628920e-01 1.321950360924293577e-01 1.117906916180415322e-01 9.790194345709711532e-02 8.730497894504804512e-02 8.103142476177754849e-02 1.179510398166656038e-01
1.569736506275605279e+03 1.000000000000000000e+00 3.339702954154186720e-01 2.562723572828563556e-01 1.992567460696122728e-01 1.554008199250017652e-01 1.306388990377094217e-01 1.158678545705495999e-01 9.810676297217477138e-02 8.816488251067723658e-02 8.277698773520668352e-02 1.180974047390716819e-01
1.571830661590205409e+03 1.000000000000000000e+00 3.340368695712467861e-01 2.535315308054198469e-01 1.986519945293568068e-01 1.585128480125831962e-01 1.309948053875104323e-01 1.107149668009091287e-01 1.022805577018966461e-01 8.648032744533289129e-02 8.201634625865508732e-02 1.167649793408261638e-01
1.573928221327719939e+03 1.000000000000000000e+00 3.359150471068810262e-01 2.514718415193068490e-01 1.968404794173929384e-01 1.577107248560648267e-01 1.329107041520675159e-01 1.148586547534563573e-01 9.512305343348423370e-02 8.798434260690274344e-02 8.170649430105089706e-02 1.174516528349052596e-01
1.576021136743521765e+03 1.000000000000000000e+00 3.353869376554467485e-01 2.489343814114964026e-01 1.954863355667845470e-01 1.565128234191633938e-01 1.317326672809033261e-01 1.128138029696872380e-01 1.031145347331191980e-01 8.705889305730196703e-02 8.226750777443139762e-02 1.169374283009242815e-01
1.578112590113181795e+03 9.999999999999998890e-01 3.375526698658766200e-01 2.485934838788818324e-01 1.926701587836963381e-01 1.550779223536833396e-01 1.314060116039514059e-01 1.146526199483004771e-01 9.688152499282019769e-02 8.781024498879788642e-02 8.177264133625880560e-02 1.158438807834584888e-01
1.580209124197928986e+03 1.000000000000000000e+00 3.399712722707434187e-01 2.501699937498917947e-01 1.948461521818216080e-01 1.545134000940018570e-01 1.304115802166645466e-01 1.119614893064880545e-01 1.002092809860168354e-01 8.740079204475129093e-02 8.206201520372419234e-02 1.154838762052430162e-01
1.582305113586145126e+03 9.999999999999998890e-01 3.421965815812249567e-01 2.543325922038948139e-01 1.964999912938968363e-01 1.570264129961332911e-01 1.323425280106635959e-01 1.136526042490227650e-01 9.937075681582792364e-02 8.698844456496888922e-02 8.194094610504910892e-02 1.158701776509209885e-01
1.584398362488023622e+03 1.000000000000000000e+00 3.450171347712693848e-01 2.583025820377878867e-01 1.992340789999257067e-01 1.576745721168429926e-01 1.325336389715787710e-01 1.145357071648052116e-01 9.794526863935866523e-02 8.862749441704580178e-02 8.240362130518590067e-02 1.150933388417606090e-01
1.586493079302726755e+03 1.000000000000000000e+00 3.511258050452529811e-01 2.616557580747346790e-01 2.009253271591715240e-01 1.587784845853356941e-01 1.336259690771739450e-01 1.135213986326217284e-01 1.022102152227828270e-01 8.670972833409079650e-02 8.161014043821991637e-02 1.150219312384770792e-01
1.588587580309618488e+03 9.999999999999998890e-01 3.568825992029817651e-01 2.612156340146051803e-01 1.977649243968785109e-01 1.564415386445871803e-01 1.297596417017555237e-01 1.133562299694109154e-01 9.519634179668935714e-02 8.841655772582175665e-02 8.281556063337590368e-02 1.143634368217747721e-01
1.590683275749582435e+03 1.000000000000000000e+00 3.611032522424863500e-01 2.599992450063133287e-01 1.958287253578655795e-01 1.554720598344861704e-01 1.320321883608887026e-01 1.125405949805001887e-01 1.042353338102842558e-01 8.791708807817914806e-02 8.219023914732011271e-02 1.149421807501829762e-01
1.592778478680221497e+03 1.000000000000000000e+00 3.638455461931168200e-01 2.566249634438757532e-01 1.939817341116541194e-01 1.546209493677160318e-01 1.315910495513118172e-01 1.160879772515651387e-01 9.583308588525242533e-02 8.822681502902088302e-02 8.224709590636734846e-02 1.137941124107744173e-01
1.594870391562886198e+03 1.000000000000000000e+00 3.683875851335609575e-01 2.522761615967937243e-01 1.932103920394578622e-01 1.578190099876426999e-01 1.336261365957034652e-01 1.112301895324180889e-01 1.025663210109132861e-01 8.772232948385276508e-02 8.237694480229516836e-02 1.136897677544549123e-01
1.596969217405533527e+03 9.999999999999998890e-01 3.696210039755579713e-01 2.492104250488607620e-01 1.950868152413935963e-01 1.589375691197978391e-01 1.319402124441214352e-01 1.152027844984804400e-01 9.743343623484772287e-02 8.873705635987770568e-02 8.167001426541480036e-02 1.132724237309534754e-01
1.599068130225616642e+03 1.000000000000000000e+00 3.674317620889772651e-01 2.492357155849109773e-01 1.968080691482989031e-01 1.584193220314439599e-01 1.312859128009966903e-01 1.118346904105039091e-01 1.017254571690619919e-01 8.737870977932513106e-02 8.293275556963142225e-02 1.133747495067303074e-01
1.601157056270396424e+03 1.000000000000000000e+00 3.661276144005377042e-01 2.476459216699027632e-01 1.998647536389644985e-01 1.568995670063955128e-01 1.304811430819827478e-01 1.182355822526751921e-01 9.967706399808826112e-02 8.868137178792108444e-02 8.201465985541631087e-02 1.132815751994547121e-01
1.603249731265306082e+03 1.000000000000000000e+00 3.614774801820470618e-01 2.493369221479677655e-01 2.006569956114593045e-01 1.535496195956463639e-01 1.340349618148394539e-01 1.104781248254480125e-01 9.827749657468468070e-02 8.897342402154581609e-02 8.340767473767234097e-02 1.127659256644870239e-01
1.605348552681979072e+03 1.000000000000000000e+00 3.550985596683952084e-01 2.526151631232657624e-01 1.991106074306370766e-01 1.555792028755486334e-01 1.328757386069386592e-01 1.157445440359373967e-01 1.026561754155837780e-01 8.656072016083676823e-02 8.184848197479370480e-02 1.119665230687405255e-01
1.607443194177233181e+03 9.999999999999998890e-01 3.478571323037530916e-01 2.534759258800532988e-01 1.978217667104284483e-01 1.558893687000167116e-01 1.327104936567805871e-01 1.107663607764842323e-01 9.738574434552091375e-02 9.082205867381805409e-02 8.316462799661514249e-02 1.130020198834935652e-01
1.609532365603016160e+03 1.000000000000000000e+00 3.405929630961971877e-01 2.566108963628875306e-01 1.933156602918075506e-01 1.589360513844639833e-01 1.299000003644276702e-01 1.194137243339374321e-01 1.032020615832674043e-01 8.656062682605415726e-02 8.195600306543905644e-02 1.116704044536590279e-01
1.611630225344973496e+03 1.000000000000000000e+00 3.290182425099905106e-01 2.607554797055657847e-01 1.926045203695907759e-01 1.597122685924264318e-01 1.328627997782651782e-01 1.100341588483277205e-01 9.625383863131438400e-02 9.022604446617131513e-02 8.268983496443531311e-02 1.114641059203739099e-01
1.613730664530573222e+03 1.000000000000000000e+00 3.240477591114423461e-01 2.615912440601231848e-01 1.953851476745216142e-01 1.568390615879886596e-01 1.327960438835052159e-01 1.172144347063163589e-01 1.051004976534233998e-01 8.693515171541030262e-02 8.222441697572978325e-02 1.116977275298460526e-01
1.615820248617442303e+03 1.000000000000000000e+00 3.204963686592348093e-01 2.644452260217240447e-01 1.945062337976543321e-01 1.546637828769996115e-01 1.346162672082428791e-01 1.098714410691460919e-01 9.516757499938455211e-02 9.088545669039074792e-02 8.328829320006904402e-02 1.109253943871217479e-01
1.617910822488894382e+03 1.000000000000000000e+00 3.161378468514716711e-01 2.624521179546794314e-01 1.987906924743280401e-01 1.543714066063424650e-01 1.328063932821219595e-01 1.193481944983891957e-01 1.049975530963231790e-01 8.754588928778106460e-02 8.272428470146059309e-02 1.119659644227041367e-01
1.620009826098140593e+03 9.999999999999998890e-01 3.166987791140417063e-01 2.575175892651813681e-01 1.997749932233609249e-01 1.569091096892070714e-01 1.299739431429482728e-01 1.117385496050076893e-01 9.656601544559745287e-02 8.914374571024945293e-02 8.287679858529858890e-02 1.114051168940540099e-01
1.622104979464824510e+03 1.000000000000000000e+00 3.189346986846035015e-01 2.534208931777342522e-01 2.015251545574519854e-01 1.575148546123792126e-01 1.323873243590548976e-01 1.167163624235983271e-01 1.055023700221555533e-01 8.918147502280754368e-02 8.346315796148562338e-02 1.111229707320476601e-01
1.624195788407485679e+03 1.000000000000000000e+00 3.220266532158940209e-01 2.501051622565923505e-01 1.992720472020230171e-01 1.598321760335678077e-01 1.315417091886290357e-01 1.104309819368058387e-01 9.587469248898909668e-02 8.956630447875917056e-02 8.266827187081469963e-02 1.102545448945327772e-01
1.626291519795021486e+03 9.999999999999998890e-01 3.285530339422250701e-01 2.425060661263902517e-01 1.949433239929259654e-01 1.583679207267404965e-01 1.360581787626964634e-01 1.181024055161817160e-01 1.040642834400481859e-01 8.811682330520467787e-02 8.306024871833776746e-02 1.101310190516254228e-01
1.628390471724366307e+03 9.999999999999998890e-01 3.347181081104923517e-01 2.445673575575144643e-01 1.932012437178566855e-01 1.567898527009090603e-01 1.312925332483047824e-01 1.141400823566110917e-01 9.788693395253697527e-02 9.063907100851681387e-02 8.381806723155359184e-02 1.106263370774314969e-01
1.630483654841067619e+03 1.000000000000000000e+00 3.402627098763204572e-01 2.448257680347035448e-01 1.918928043361097791e-01 1.555911289182680401e-01 1.332643004814982324e-01 1.151614388277802103e-01 1.042601537419319130e-01 8.766517710653369544e-02 8.174322698711433688e-02 1.087747166244849018e-01
1.632572272800977544e+03 1.000000000000000000e+00 3.454469650800940372e-01 2.475798632066056604e-01 1.906845670776155244e-01 1.529639335646354181e-01 1.295170355702315035e-01 1.130924333876280746e-01 9.649166333094773285e-02 8.976353976898150677e-02 8.352567074134080449e-02 1.094016841430536235e-01
1.634667723572085833e+03 9.999999999999998890e-01 3.547996756743435065e-01 2.568584843116276661e-01 1.970815990456736277e-01 1.573845136956552315e-01 1.329600150523308488e-01 1.135241821589467320e-01 1.037298964559582176e-01 8.837991009818906007e-02 8.361855770846195191e-02 1.093045835306363789e-01
1.636765397432724285e+03 1.000000000000000000e+00 3.587642794795179446e-01 2.620629817487846736e-01 2.002460379884168917e-01 1.589295743563812202e-01 1.344151506342802227e-01 1.174046744291138283e-01 9.797751788523929861e-02 9.079793125855013802e-02 8.267525566174747931e-02 1.083714438719255296e-01
1.638858507772952407e+03 1.000000000000000000e+00 3.650292192363122079e-01 2.622530019904222298e-01 2.017208835816289292e-01 1.597670872985837986e-01 1.341530366088235227e-01 1.123905895181198933e-01 1.048380406517983171e-01 8.767682663611163496e-02 8.363322421487617842e-02 1.089074180069705827e-01
1.640949426731875519e+03 1.000000000000000000e+00 3.676699108186196052e-01 2.659609412984186849e-01 2.024808295788334267e-01 1.606721804139082388e-01 1.338421669571074335e-01 1.188045221443246868e-01 9.651039596134662613e-02 9.011363862699722782e-02 8.322526858763501512e-02 1.094250840834666560e-01
1.643044000169045376e+03 1.000000000000000000e+00 3.689491850489951541e-01 2.642751439195913932e-01 1.992712795324367847e-01 1.548194105137040144e-01 1.298129761298945362e-01 1.084324063030948637e-01 1.048033430363291274e-01 8.953381738334539874e-02 8.358320140718626667e-02 1.091285065810553845e-01
1.645144931902276539e+03 1.000000000000000000e+00 3.720204891539211633e-01 2.622976539438084398e-01 1.954189486960456190e-01 1.552076163086939242e-01 1.328835638316910317e-01 1.222718016732037560e-01 9.794577463835472952e-02 9.060439683356863450e-02 8.284848221146765002e-02 1.083905998684367294e-01
1.647239615038326292e+03 1.000000000000000000e+00 3.686840835494714086e-01 2.600271158399002913e-01 1.947176021808717239e-01 1.539674260486314505e-01 1.314398651058652501e-01 1.083608187971859260e-01 1.060906514858044603e-01 8.888624907256077734e-02 8.387061622665328842e-02 1.086648552387748240e-01
1.649326318615279433e+03 1.000000000000000000e+00 3.680088249773341147e-01 2.555460761724321905e-01 1.917366448851312299e-01 1.561017276668190401e-01 1.356987423974246321e-01 1.243724450796538233e-01 9.621311832304924039e-02 9.019680672729245285e-02 8.376604265799519888e-02 1.082894764712860891e-01
1.651425110980791715e+03 1.000000000000000000e+00 3.685770828176899161e-01 2.532251854478299036e-01 1.918508150487538699e-01 1.582899645378419706e-01 1.336968230393954238e-01 1.050371218489620923e-01 1.048123715255458860e-01 8.996298439814415238e-02 8.317003737688503928e-02 1.087248327436637907e-01
1.653523808525983213e+03 1.000000000000000000e+00 3.663425655526341140e-01 2.505100246598667146e-01 1.947195437134754958e-01 1.592863048779815383e-01 1.335486194816173644e-01 1.225511583386300618e-01 9.737326027231631154e-02 9.011731168348707799e-02 8.410549456135558988e-02 1.084591208962178976e-01
1.655607845360733563e+03 1.000000000000000000e+00 3.677384882721878023e-01 2.464003307167502432e-01 1.941542472936925723e-01 1.619559263157236972e-01 1.320477446265334309e-01 1.062069933073839373e-01 1.068770894858809412e-01 8.887241167024145794e-02 8.389256676562896475e-02 1.078516362719942751e-01
1.657699250573839663e+03 1.000000000000000000e+00 3.624772554089420451e-01 2.444754436634504202e-01 1.988842962220769839e-01 1.567892303251795239e-01 1.296001349221973520e-01 1.242828326043979026e-01 9.690834064522149682e-02 8.956688981222830914e-02 8.403326111020123501e-02 1.075802979859174779e-01
1.659805153820552050e+03 9.999999999999998890e-01 3.619960628337154374e-01 2.441853325182284373e-01 2.031957108737175721e-01 1.555543945440001907e-01 1.345920487778794195e-01 1.115921753832788132e-01 1.044162044872098544e-01 9.051159943102234096e-02 8.318641678557270325e-02 1.079511626079221881e-01
1.661900803635986676e+03 1.000000000000000000e+00 3.638523608198205306e-01 2.437375079643905318e-01 2.042506877507891394e-01 1.547594874290552924e-01 1.327010320497084839e-01 1.168564095013926163e-01 9.797038418561251905e-02 8.982257196861896664e-02 8.442556338251962222e-02 1.066031244574544568e-01
1.663983437528285776e+03 1.000000000000000000e+00 3.592617580028525937e-01 2.427690714389345583e-01 2.043544756860643796e-01 1.521013191045275381e-01 1.375819362509116406e-01 1.141177527998666480e-01 1.059556620911227959e-01 8.958054424481630418e-02 8.349479037757810695e-02 1.069007841244465767e-01
1.666080639676379633e+03 1.000000000000000000e+00 3.524844234379697072e-01 2.512101836408363598e-01 1.973534426806616282e-01 1.582550270087496047e-01 1.319647270408759177e-01 1.118012270711803563e-01 1.002384213648315481e-01 9.009718321263868179e-02 8.417291656804813671e-02 1.082919859260573908e-01
1.668185654644113129e+03 1.000000000000000000e+00 3.492626740550817122e-01 2.544751791946001651e-01 1.934457653925378551e-01 1.596249047815651578e-01 1.321105639296109302e-01 1.243100352419108656e-01 1.024588233207040511e-01 9.191077551522759681e-02 8.447329114414145468e-02 1.082360753172571105e-01
1.670276327930786010e+03 9.999999999999998890e-01 3.496442662799202905e-01 2.626160794352557781e-01 1.907493836568408818e-01 1.611232069022394964e-01 1.311147509217079066e-01 1.084115557067421298e-01 9.932210209142232349e-02 8.990991211632558266e-02 8.387066833917293518e-02 1.062021549206494109e-01
1.672359184609518479e+03 1.000000000000000000e+00 3.418699615928185720e-01 2.690352102293722125e-01 1.850387787833009945e-01 1.625508834053065732e-01 1.303064355793982221e-01 1.269579056409067819e-01 1.032429549900039517e-01 9.045846845739799469e-02 8.433689738651627132e-02 1.070473871668707194e-01
1.674458248640518377e+03 1.000000000000000000e+00 3.339061991476264257e-01 2.730480052455992457e-01 1.922627338563610566e-01 1.569760824308464586e-01 1.363497364377690424e-01 1.029206295418076539e-01 1.031439398661876117e-01 8.984094882410077754e-02 8.404127326353937055e-02 1.075825894663481885e-01
1.676563066689224797e+03 1.000000000000000000e+00 3.286419024924587817e-01 2.755013519448607506e-01 1.959856862956390888e-01 1.569440045157540486e-01 1.340043235544628175e-01 1.238617541868026473e-01 1.026427715109688998e-01 9.259389104357058919e-02 8.602867011456448443e-02 1.061540272322316764e-01
1.678652913519199274e+03 9.999999999999998890e-01 3.213953046220858201e-01 2.739339018724552544e-01 1.979494103213897960e-01 1.550175495503690326e-01 1.388701142392314847e-01 1.091621389637156270e-01 1.009032737819560710e-01 9.031630677919126604e-02 8.459395655308386830e-02 1.072074376237841936e-01
1.680744331681020185e+03 1.000000000000000000e+00 3.122506972458386487e-01 2.653153408239125599e-01 2.034421357225063287e-01 1.509551683250537624e-01 1.318370485567817718e-01 1.218191062221090637e-01 1.013728146562957455e-01 9.125910146879505358e-02 8.428249470017629141e-02 1.072433792547330539e-01
1.682843026605312616e+03 1.000000000000000000e+00 3.033252419361475161e-01 2.585258805743412269e-01 2.045209721309256268e-01 1.563411179825598130e-01 1.299461937850939774e-01 1.188637212003907789e-01 1.010292018406341447e-01 8.858818405643034688e-02 8.389572019537638869e-02 1.059776134883874954e-01
1.684940483004787211e+03 1.000000000000000000e+00 2.989797584785205964e-01 2.510915142100886288e-01 2.025196359378999278e-01 1.573118528093808421e-01 1.317114859216375056e-01 1.090386070660668838e-01 1.054797447586426906e-01 9.301661305831754323e-02 8.540508058836998595e-02 1.049680769050781587e-01
1.687023276263274965e+03 1.000000000000000000e+00 2.861312430647408034e-01 2.427148422717995691e-01 2.062763871972733143e-01 1.593921994518028018e-01 1.282603901849432015e-01 1.259399350331822098e-01 1.016231922769744306e-01 9.106972218408859732e-02 8.444786863616579597e-02 1.069028432481814311e-01
1.689116047532093262e+03 1.000000000000000000e+00 2.873116181935344571e-01 2.366617208529037397e-01 2.005617834699980617e-01 1.662895812826864217e-01 1.400897506686523686e-01 1.008912976340267248e-01 1.013817022970291137e-01 9.236594099115966183e-02 8.454283239687242213e-02 1.062097914285856093e-01
1.691225124663872975e+03 1.000000000000000000e+00 2.842790264210596773e-01 2.334770461802087027e-01 1.979144702975431380e-01 1.616823838985340933e-01 1.340658657869604198e-01 1.282785327074516535e-01 9.956306031804346146e-02 8.871114651114195282e-02 8.420244356735474833e-02 1.055916614874248260e-01
1.693315417031129300e+03 1.000000000000000000e+00 2.841209684792672663e-01 2.361218473259111827e-01 1.949777716835094377e-01 1.608434207052081011e-01 1.358153358125572530e-01 1.092603775356296159e-01 1.046938821441424083e-01 9.168467359634260849e-02 8.609319246729120467e-02 1.051091998521599263e-01
1.695397771808700099e+03 1.000000000000000000e+00 2.847616074465609826e-01 2.330192334237817242e-01 1.889986456214732824e-01 1.556216817846881595e-01 1.388901058619153306e-01 1.224821985630553389e-01 1.035301481020899084e-01 9.142088928834354866e-02 8.522710132390903803e-02 1.061486850861280695e-01
1.697494817448360891e+03 1.000000000000000000e+00 2.920980656611897874e-01 2.424272410713808612e-01 1.867579100351168253e-01 1.493205971869404625e-01 1.269052682945519261e-01 1.193841855453353223e-01 1.035746447526146724e-01 9.254548597454859138e-02 8.471112855379636652e-02 1.069102564890757195e-01
1.699601082868093727e+03 1.000000000000000000e+00 2.996559462667689466e-01 2.465975931147666722e-01 1.867799165698282582e-01 1.530446640962752902e-01 1.353726412426153047e-01 1.043985111142863437e-01 1.036088510946661795e-01 9.027303706370769232e-02 8.378265814494254005e-02 1.053002974278252485e-01
1.701692846021956029e+03 9.999999999999998890e-01 3.062026776465638367e-01 2.541313391976157132e-01 1.845841923372061599e-01 1.534711634588038498e-01 1.280035472934008545e-01 1.286630182517531917e-01 9.884494418325003029e-02 9.018567856337426913e-02 8.633638413848261639e-02 1.061511525576610410e-01
1.703775132412879429e+03 1.000000000000000000e+00 3.228182222174826865e-01 2.563533983107481595e-01 1.921690417477162349e-01 1.570019932479262414e-01 1.289656163585831405e-01 1.010895139162191897e-01 1.049509370269483682e-01 9.121128938314705670e-02 8.546388874738768127e-02 1.067961573516425233e-01
1.705876227440486900e+03 1.000000000000000000e+00 3.392290188659282668e-01 2.655768345831881483e-01 2.021988426963252372e-01 1.621976908802856276e-01 1.416481694366881761e-01 1.286412044217527251e-01 1.000139109613539384e-01 9.254024543952416026e-02 8.674117139818454669e-02 1.077104934349192716e-01
1.707978753410860463e+03 9.999999999999998890e-01 3.526154938696991481e-01 2.655368400064151979e-01 2.044548874530201232e-01 1.613359717869023713e-01 1.343761713696791371e-01 1.160896322182680407e-01 1.104204478572500814e-01 9.385858277550178375e-02 8.370394766776666218e-02 1.057501637645370390e-01
1.710066499135793038e+03 1.000000000000000000e+00 3.688839866543780488e-01 2.666615051996875652e-01 2.113972972066327782e-01 1.643948847426028315e-01 1.424075935136932258e-01 1.123483682662636957e-01 1.002078462294343913e-01 9.093325971838384092e-02 8.568002925612017151e-02 1.046691116354115936e-01
1.712156768621425726e+03 1.000000000000000000e+00 3.909031049590918072e-01 2.732601186956102879e-01 2.167171858017843400e-01 1.641201424792587404e-01 1.364756586321238252e-01 1.306684315756194703e-01 1.037224352036793251e-01 9.136568067029715579e-02 8.609313321040601430e-02 1.078223541360246174e-01
1.714266037096866512e+03 1.000000000000000000e+00 4.109351568825994061e-01 2.737623888077317935e-01 2.104604634218136539e-01 1.585241816798175774e-01 1.259133444748573583e-01 9.676885972136461955e-02 9.976185595104067327e-02 8.952409675406236556e-02 8.708347157126168636e-02 1.062443046723833412e-01
1.716363565154125581e+03 1.000000000000000000e+00 4.275446737433097333e-01 2.713669203655462714e-01 2.047674391690630924e-01 1.602612807093348191e-01 1.364426330102339047e-01 1.273026387752679012e-01 1.010930002376791009e-01 9.431715753983321848e-02 8.431261208392140660e-02 1.045081671470594886e-01
1.718430063829538994e+03 1.000000000000000000e+00 4.418553323172483838e-01 2.767357544877888653e-01 2.001114121443890448e-01 1.548802966376936763e-01 1.247403336519233158e-01 1.075043409534654770e-01 1.065601891184382588e-01 9.374436188267594450e-02 8.561798090951762419e-02 1.052542975710825113e-01
1.720521615068504161e+03 1.000000000000000000e+00 4.556061662324082384e-01 2.749490346337765678e-01 1.882728783717252108e-01 1.471047230053454946e-01 1.321640838885326241e-01 1.147604203937033357e-01 1.017417084304162445e-01 9.226732741241591707e-02 8.601319332183234023e-02 1.064203753103789840e-01
1.722638997191443195e+03 1.000000000000000000e+00 4.637563561018250846e-01 2.698876259746810780e-01 1.830492804958560038e-01 1.498592575863618437e-01 1.399039207336421897e-01 1.344732740652020420e-01 1.109475117684606549e-01 9.065175575466773161e-02 8.734806227372818310e-02 1.061265333333946403e-01
1.724735431302268125e+03 1.000000000000000000e+00 4.781652031022174953e-01 2.748596013685228878e-01 1.831753311780777160e-01 1.479252372963293649e-01 1.290779281844016135e-01 1.033376022961651763e-01 9.931358972056660017e-02 9.073738080210676238e-02 8.562297313990956116e-02 1.055698510941341928e-01
1.726811711496213320e+03 1.000000000000000000e+00 4.860116712717313936e-01 2.723523853006040163e-01 1.805649931377261430e-01 1.524421806200637886e-01 1.434280346485355129e-01 1.324120593423975811e-01 1.038200294668548129e-01 9.345298519601775988e-02 8.531575877449659728e-02 1.053633114700762707e-01
1.728909805983932529e+03 1.000000000000000000e+00 4.808286527765459062e-01 2.561728702252239476e-01 1.838441345485416212e-01 1.667804614905785132e-01 1.411843025389071249e-01 1.096173609855326525e-01 1.002185421076486199e-01 9.251287272894627434e-02 8.492642992296668691e-02 1.050239520947751914e-01
1.731019598690900011e+03 1.000000000000000000e+00 4.795271922722641467e-01 2.531405707098761670e-01 1.912655640938002999e-01 1.670789546340959164e-01 1.308824361792029767e-01 1.032006568419516213e-01 9.865486002784429331e-02 9.661407927268918228e-02 8.663082329748167387e-02 1.083410802319456495e-01
1.733106609237189787e+03 1.000000000000000000e+00 4.751429775232374197e-01 2.455839376373791516e-01 1.910830928460630906e-01 1.712353607812333312e-01 1.447258022012951340e-01 1.313111391829959451e-01 1.111106111224465093e-01 9.089585741430873667e-02 8.765374085753650790e-02 1.067577061734613503e-01
1.735191537006084218e+03 9.999999999999998890e-01 4.667960342643857619e-01 2.324167506265109318e-01 1.980322029757233815e-01 1.748504680890116958e-01 1.268975898750335785e-01 9.914335190854400848e-02 1.021214780369146397e-01 9.140699701128568444e-02 8.666717830943321266e-02 1.054943620731485371e-01
1.737298431238428066e+03 1.000000000000000000e+00 4.496820860280647536e-01 2.208054300236276246e-01 2.017540368708158338e-01 1.593244373482714804e-01 1.225096299536894279e-01 1.267893333001024470e-01 1.107133908249400833e-01 9.066613116881651335e-02 8.705549300360281018e-02 1.058943638894529332e-01
1.739400674655925059e+03 1.000000000000000000e+00 4.375166143723118184e-01 2.119605356513787342e-01 2.016565062654571416e-01 1.600130568941053599e-01 1.359885059118875195e-01 1.268504670006540824e-01 9.925280990318410823e-02 9.131132769445234054e-02 8.443508956049644576e-02 1.061202914622589311e-01
1.741470740085667330e+03 1.000000000000000000e+00 4.256532259621325087e-01 2.030514014608665596e-01 2.062369276620510117e-01 1.580131624128509604e-01 1.206489519419575301e-01 1.072426199618924381e-01 1.002483764284806400e-01 9.755813141171310043e-02 8.505502527860424322e-02 1.066135527895828300e-01
1.743559317511040035e+03 1.000000000000000000e+00 3.976300424514774279e-01 1.975858773887174125e-01 2.126531515358582314e-01 1.409563861429330989e-01 1.362262550246774451e-01 1.395527286174034487e-01 1.068062675162506775e-01 9.320838505996884016e-02 8.771959307093682434e-02 1.068830198782684676e-01
1.745685681589179694e+03 1.000000000000000000e+00 3.763440852078857035e-01 1.982893604932055298e-01 2.100838092291466841e-01 1.481507017276337823e-01 1.494643431307092485e-01 1.093982020622600165e-01 9.502908304267174144e-02 9.611932315179455566e-02 8.949327022966739598e-02 1.081008251399648290e-01
1.747779032040699576e+03 1.000000000000000000e+00 3.576177635605831684e-01 1.995556685862932833e-01 2.187810505011294482e-01 1.519547053268375247e-01 1.328625950296877245e-01 1.089060140128062792e-01 1.117382518779063555e-01 9.064757025032732507e-02 8.803729182260147668e-02 1.051014622707509144e-01
1.749831260196822313e+03 1.000000000000000000e+00 3.428492513065982683e-01 2.021949361492685615e-01 2.228958567197718843e-01 1.430205905418226731e-01 1.522222594999597389e-01 1.267237649284649048e-01 1.034468661666144013e-01 9.073518238085062637e-02 8.692758951451703964e-02 1.046627390221529369e-01
1.751929112830274562e+03 1.000000000000000000e+00 2.965904918482870078e-01 2.243840808795079522e-01 2.118642114097001039e-01 1.567546368663232936e-01 1.457271737416911961e-01 9.402652857013218957e-02 1.064267837035134251e-01 9.302569969957749652e-02 8.543948014649462019e-02 1.069552659391549143e-01
1.754068547434497077e+03 1.000000000000000000e+00 2.767488966567168140e-01 2.369877095778203102e-01 2.121890290762540043e-01 1.620184397979216040e-01 1.241933858950156899e-01 1.222595445724055790e-01 1.178602095571661124e-01 8.915030877387392083e-02 8.443740368229861459e-02 1.093805925471224016e-01
1.756159355403591007e+03 9.999999999999998890e-01 2.537176169064050968e-01 2.534393074400095869e-01 2.118980651186727349e-01 1.502142801570158226e-01 1.404538362738562696e-01 1.286324755452670221e-01 9.579066341693405484e-02 1.004701532858658236e-01 8.882506466410500234e-02 1.086317178438354347e-01
1.758210840185259940e+03 1.000000000000000000e+00 2.248513441608255004e-01 2.778898586211132615e-01 1.932020222834658907e-01 1.618173175387206397e-01 1.338448399702137082e-01 1.080432125751163569e-01 1.065052468743469399e-01 9.469863549298548899e-02 9.002439955992236342e-02 1.075224249460103310e-01
1.760316953526088582e+03 1.000000000000000000e+00 1.934607913542003288e-01 3.040312715375372288e-01 1.774934465434911957e-01 1.745165684339775591e-01 1.144345813501329995e-01 1.406741422474778180e-01 9.831946398895534400e-02 9.783875575424774707e-02 8.804965990749089033e-02 1.064692599747725232e-01
1.762442651401428520e+03 1.000000000000000000e+00 1.733250426967889446e-01 3.145758051440614156e-01 1.778308376599177509e-01 1.634639724946795325e-01 1.367425782102861809e-01 1.210649454695094801e-01 9.066983342710949190e-02 9.617628638735448154e-02 9.061740058782370710e-02 1.016805732135836610e-01
1.764527556915047398e+03 1.000000000000000000e+00 1.533214987953664954e-01 3.348150741055191393e-01 1.626282041441443893e-01 1.739090500533843897e-01 1.301052029955791778e-01 1.078896326760033081e-01 1.140280261317414556e-01 8.792532388971603663e-02 8.593746677872482476e-02 1.074121452905610619e-01
1.766596766615357637e+03 1.000000000000000000e+00 1.230183710120707347e-01 3.561512666714450881e-01 1.425473631667077690e-01 1.888066023925699111e-01 1.162742407852584564e-01 1.345083821530813906e-01 1.014919566993803118e-01 9.213821503835330218e-02 8.600687360102593493e-02 1.083119550403512377e-01
1.768703924000978532e+03 9.999999999999998890e-01 1.097736487079910284e-01 3.581535216050353854e-01 1.530159377825392741e-01 1.698430891403253096e-01 1.456585787459448444e-01 1.040300294548053422e-01 1.121586493540869950e-01 8.615617465613245596e-02 8.602779676120467234e-02 1.086248801333909719e-01
1.770817676898644550e+03 1.000000000000000000e+00 9.461180260691529065e-02 3.654756440582451749e-01 1.505583964287793841e-01 1.711813114651148937e-01 1.381358385885518014e-01 1.060415457923856719e-01 1.178152697360882600e-01 9.456037800304072094e-02 8.624917802678014334e-02 1.101628800751789095e-01
1.772883474332465767e+03 1.000000000000000000e+00 7.832138390433233954e-02 3.758265427265531922e-01 1.397730543052209951e-01 1.808650098692263508e-01 1.251026747485284862e-01 1.279955657636349386e-01 9.864252341264709290e-02 9.920221393448119818e-02 9.015181808055447443e-02 1.066690365955538650e-01
1.774974453784748221e+03 9.999999999999998890e-01 7.344992864414080780e-02 3.650935266931221723e-01 1.667213223380726861e-01 1.484437498663480071e-01 1.596692959031142667e-01 9.892650240931545602e-02 1.120206265644284049e-01 9.487758828661353727e-02 9.048186488978279818e-02 1.053696910021580530e-01
1.777110181937475318e+03 1.000000000000000000e+00 7.709097182529542347e-02 3.452751144817530204e-01 1.917621544710538528e-01 1.356426252905466590e-01 1.551937162640333046e-01 1.120380183241100336e-01 1.036812574051800412e-01 1.045503202837577555e-01 9.451578994340389950e-02 1.054296354648016076e-01
1.779195678243665270e+03 1.000000000000000000e+00 7.228842211714571475e-02 3.460869912530749049e-01 1.937639591733817668e-01 1.428553573608559168e-01 1.389137994810801247e-01 1.292468621473638057e-01 9.240302382410295334e-02 9.407237199073829881e-02 8.787474620966626015e-02 1.084825652267766283e-01
1.781228493855582883e+03 1.000000000000000000e+00 7.081028001005539030e-02 3.409967048251217325e-01 2.123025833068465928e-01 1.154237162380056525e-01 1.702909494858002026e-01 1.006900829027462946e-01 1.094493517256821119e-01 9.253984108458609970e-02 8.672098756743813752e-02 1.067298747049618274e-01
1.783356995406091301e+03 9.999999999999998890e-01 9.445357968110983105e-02 2.900639368121200601e-01 2.585157215759118499e-01 1.019769756456667259e-01 1.516410559282484749e-01 1.284513926236359738e-01 9.377346984841376798e-02 9.639595214469015572e-02 8.693940786320930592e-02 1.100099712908004790e-01
1.785519020914444127e+03 1.000000000000000000e+00 1.072386401821758956e-01 2.683343364022726663e-01 2.649629444025276559e-01 1.199247513753296107e-01 1.237562846353336271e-01 1.473992625868612849e-01 9.068775056377646748e-02 8.530513789153053306e-02 8.121885054948688176e-02 1.133306992254873025e-01
1.787564057575679499e+03 1.000000000000000000e+00 1.149516421337186262e-01 2.576626728515287734e-01 2.695194846664999977e-01 1.181709678648429906e-01 1.385609406336356653e-01 1.211050132284483133e-01 1.128164551879436983e-01 9.063414428528084044e-02 8.963870202165789836e-02 1.037529485398293733e-01
1.789589834183748053e+03 9.999999999999998890e-01 1.286776139428936483e-01 2.285180928028440750e-01 2.955748196232493852e-01 1.109136564407197240e-01 1.247018364892964470e-01 1.449301664873605955e-01 9.428370986080845950e-02 9.111604707803915015e-02 8.527081982752220124e-02 1.085885374329301906e-01
1.791756819854648938e+03 1.000000000000000000e+00 1.663562664641259625e-01 1.747754961227034887e-01 2.993344762531272574e-01 1.544068665559069908e-01 8.880483381807866006e-02 1.427226266879657313e-01 1.117341233000984091e-01 8.293486204670626194e-02 8.657344988618581594e-02 1.077329019443250269e-01
1.793923425699085783e+03 1.000000000000000000e+00 1.871605896519061285e-01 1.541111583948788777e-01 2.864207200833510658e-01 1.765154782081741758e-01 9.627533770696071469e-02 1.116446796889375842e-01 1.334769855788652815e-01 9.735037095649212713e-02 9.875007884805774017e-02 9.910372605801744117e-02
1.795900439114273695e+03 9.999999999999998890e-01 1.986622733436595178e-01 1.364031484806345618e-01 3.003797512828954575e-01 1.636837337453782015e-01 1.047352801752243490e-01 1.255181615456629762e-01 1.107413380343115483e-01 9.963033810714401473e-02 9.210246983882901251e-02 1.146611618319683251e-01
1.797928991708519561e+03 1.000000000000000000e+00 2.307110752479848981e-01 9.485850294477428390e-02 2.964409589488897767e-01 2.021798940823187618e-01 8.165749963980745152e-02 1.121490191169911971e-01 1.313503194831567578e-01 9.846092053615909667e-02 9.699344698788293917e-02 1.052052829758286095e-01
1.800148824254958527e+03 1.000000000000000000e+00 2.717886847013567531e-01 6.463152069144365020e-02 2.594574665502643041e-01 2.364314925506498244e-01 1.068693233433893192e-01 7.716650392423091143e-02 1.321529963523944973e-01 1.169203871354319718e-01 1.015107202341256898e-01 1.050476991630047013e-01
1.802319119842638202e+03 9.999999999999998890e-01 2.957382756220172659e-01 5.720795615420230101e-02 2.321768146867194405e-01 2.347293797969455531e-01 1.388445672605333470e-01 7.972086211310186465e-02 1.006535916115958162e-01 1.126742129460908126e-01 8.544219129060744156e-02 1.174963465684007585e-01
1.804218641767690542e+03 1.000000000000000000e+00 3.019304098961669292e-01 4.554007951465063181e-02 2.420989828669442012e-01 2.368106548328273164e-01 1.195688603253221849e-01 9.036584192561274154e-02 1.105502795830899249e-01 1.045571074659555622e-01 9.048206285517104708e-02 1.101847393801334146e-01
1.806273867558798884e+03 9.999999999999998890e-01 3.472918066352732036e-01 2.803875077606885965e-02 1.854126287050427146e-01 2.614579160763809140e-01 1.579082396872485972e-01 7.241158149245967290e-02 9.254393250172610053e-02 1.083715788877117753e-01 8.290184127271102432e-02 1.215278342276612800e-01
1.808563633697978730e+03 1.000000000000000000e+00 3.830823433495329500e-01 3.090678987231557789e-02 1.371826654542373514e-01 2.496513192972927286e-01 1.941608213643860048e-01 9.033278877171389831e-02 6.521231360137698385e-02 8.673407771186882054e-02 6.959947622213316643e-02 1.206863146432886891e-01
1.810739260338312761e+03 1.000000000000000000e+00 4.029743919089467941e-01 4.216104822485917253e-02 1.149053335120712588e-01 2.252729185560984615e-01 2.022913952767778634e-01 1.211769303914846246e-01 6.415198841691853449e-02 6.443726473733872584e-02 7.027048589791289046e-02 1.116496470645868822e-01
1.812550008560664764e+03 1.000000000000000000e+00 4.027888573375423276e-01 3.514164633441558411e-02 1.178187372301871261e-01 2.403198548807250756e-01 1.979296478224912281e-01 1.040092519145343758e-01 7.439428646544997414e-02 8.315069284856724252e-02 8.065806623219629046e-02 1.122256569914667906e-01
1.814638242702763591e+03 1.000000000000000000e+00 4.423344866737555781e-01 5.491716601652968377e-02 6.762342571209706277e-02 2.017555991018458728e-01 2.211703538770110888e-01 1.408075033337988224e-01 6.709421994701934844e-02 6.069737577076801671e-02 8.099013336471277968e-02 9.818350696545831424e-02
1.816984600008318921e+03 1.000000000000000000e+00 4.714194974193201548e-01 7.714479507762465882e-02 3.738132671218707959e-02 1.626427894632793414e-01 2.250846450701580737e-01 1.719834287072198042e-01 7.925309794757466608e-02 5.881161834022029244e-02 9.585801010085841234e-02 9.354096695023621233e-02
1.819161325477333321e+03 1.000000000000000000e+00 4.894493947439547132e-01 9.966996945198124125e-02 3.022909819649120464e-02 1.314832273975499732e-01 2.060238483474515492e-01 1.841137140165945707e-01 1.066763692961934379e-01 7.646734718961115118e-02 1.119933496269992085e-01 9.184934724144791507e-02
1.820905154727244053e+03 1.000000000000000000e+00 4.882695146445635848e-01 9.569942388701936642e-02 2.799376825309302444e-02 1.382283225393886317e-01 2.174167036313973400e-01 1.838200586176671758e-01 9.615387674757046310e-02 6.933734935156340984e-02 1.038163592234008781e-01 9.808919598532489514e-02
1.823011294558099962e+03 1.000000000000000000e+00 5.175974672676886268e-01 1.308421132908239581e-01 1.527794006049021380e-02 8.880876123909117736e-02 1.893616095557690004e-01 2.042714033189138856e-01 1.323318465710855152e-01 9.113862224133949252e-02 1.221722540575494037e-01 9.445129718664692364e-02
1.825392676368858019e+03 1.000000000000000000e+00 5.381361485531136468e-01 1.598669323152833166e-01 1.535050485069230572e-02 5.780645851507133781e-02 1.584958048468968206e-01 2.015651518899413686e-01 1.613630857893530168e-01 1.179803008147853882e-01 1.262528795015296357e-01 1.134703836187867382e-01
1.827569731264390384e+03 1.000000000000000000e+00 5.528808007544850911e-01 1.853690012755250804e-01 2.473298735572433335e-02 3.793331070382675863e-02 1.285828194604444197e-01 1.844033027974881223e-01 1.766863667747954614e-01 1.411697274063879737e-01 1.185113832212202484e-01 1.265057023661093349e-01
1.829240881539633619e+03 1.000000000000000000e+00 5.532344007851349721e-01 1.843910515402106820e-01 2.202625620989524455e-02 3.953760068639163017e-02 1.328829550594711473e-01 1.875655195152357291e-01 1.709979342972810235e-01 1.332798062452386079e-01 1.215488348710853511e-01 1.195842731889098925e-01
1.831398194619357810e+03 1.000000000000000000e+00 5.700141780030824057e-01 2.155796309904115804e-01 3.660106135946992328e-02 1.988877643150424590e-02 9.327331729850731057e-02 1.619480377513712877e-01 1.819640701160762097e-01 1.548389421381378694e-01 1.072069303165204962e-01 1.384856761400531933e-01
1.833797256117921961e+03 1.000000000000000000e+00 5.831556481745275855e-01 2.387029111073484533e-01 5.099760031445375874e-02 1.084032758694441004e-02 6.734865726756965321e-02 1.364420881564720189e-01 1.815155774059863114e-01 1.600960253387221643e-01 8.294479871151221040e-02 1.443289756790628042e-01
1.835709424558265709e+03 1.000000000000000000e+00 5.919752990169123708e-01 2.573851832888751634e-01 6.420296397706919123e-02 9.446990117629536915e-03 5.012734784860686799e-02 1.136529536391795714e-01 1.674337157519336372e-01 1.552888986888722178e-01 7.001545663062781755e-02 1.421859894496746712e-01
1.837426104733830243e+03 1.000000000000000000e+00 5.961935202577121062e-01 2.654757360398523613e-01 7.130997954908457892e-02 9.474525971182787970e-03 4.508590913750289142e-02 1.073680573537874189e-01 1.668708279866768784e-01 1.556680045131990653e-01 7.058626389041364191e-02 1.484970727311186456e-01
1.839798619366756157e+03 1.000000000000000000e+00 6.044663091647094477e-01 2.836556707173444880e-01 8.838714578231468555e-02 1.291401572533265769e-02 3.046236931975097872e-02 8.717525796252312276e-02 1.521557268933413642e-01 1.446982336541336456e-01 5.971586507975613911e-02 1.438849349698930746e-01
1.842199657487143668e+03 1.000000000000000000e+00 6.109266145061177378e-01 2.982207026843058384e-01 1.017823444543743683e-01 1.678863332152210827e-02 2.347736702716948787e-02 7.184769273722946270e-02 1.391527607677878198e-01 1.336510863491167656e-01 4.971721622596244478e-02 1.309493821535617497e-01
1.844054227594003123e+03 1.000000000000000000e+00 6.154826600771016176e-01 3.114841728808869226e-01 1.179847706352854658e-01 2.247913790981347082e-02 2.141048178767096175e-02 6.234920240504249200e-02 1.330635038413827131e-01 1.244474290653033305e-01 5.266562110099173161e-02 1.199340071480309161e-01
1.845799138732461415e+03 1.000000000000000000e+00 6.185199109688841457e-01 3.176189424333951128e-01 1.210998779565757161e-01 2.523992431674886364e-02 1.805809794893659809e-02 5.475298696743071541e-02 1.185524970483229079e-01 1.122636275405337059e-01 4.704549932534021761e-02 1.126606846349152563e-01
1.848194348890450328e+03 1.000000000000000000e+00 6.226248734063567492e-01 3.251780858583013800e-01 1.265199925113602852e-01 2.873317884041333425e-02 1.628797081794149462e-02 5.007879015723012278e-02 1.143766592026625867e-01 1.113790307737511781e-01 4.290021156850275935e-02 1.155176030546491706e-01
1.850579871155538740e+03 1.000000000000000000e+00 6.285182165762834838e-01 3.329303493196731911e-01 1.396466974508810410e-01 3.554901589978069765e-02 1.478458186198120666e-02 4.184761485338624881e-02 1.087851608575264584e-01 9.998529444580082914e-02 4.676328381727899025e-02 9.279087914179126595e-02
1.852497768894738101e+03 1.000000000000000000e+00 6.263296981011567954e-01 3.388346388667212716e-01 1.312558073270009840e-01 3.858963086545703219e-02 1.803814766452814175e-02 4.260209184474714889e-02 8.209836571017367635e-02 9.550650431448766409e-02 7.655977462078662754e-02 1.297644841839903085e-01
1.854093988890649825e+03 9.999999999999998890e-01 6.549367642304312342e-01 4.097842683983152767e-01 4.720730617465783707e-01 4.078039791268591729e-01 8.151684512753675227e-01 7.418941527902810362e-01 1.065210613402371553e+00 1.035025388655290257e+00 2.400799512724144158e+00 4.667845965031665934e+00
1.856294815574680797e+03 1.000000000000000000e+00 6.735317341755230427e+08 1.338847112857842207e+09 1.419292897306290150e+09 4.336948165372696877e+09 7.614977634331184387e+09 1.328079494608415794e+10 3.406026647712474346e+09 1.307189964342971420e+10 1.064338237654954529e+10 4.156946437860105896e+10
