# 1. row: tau values; 1. column: k values; remaining: normalized power spectrum values
0.000000000000000000e+00 1.000000000000000000e+00 1.200000047683715820e+00 1.399999976158141868e+00 1.600000023841857910e+00 1.799999952316284180e+00 2.000000000000000000e+00 2.200000047683715820e+00 2.400000095367432085e+00 2.599999904632568803e+00 2.799999952316284180e+00 3.000000000000000000e+00
0.000000000000000000e+00 0.000000000000000000e+00 0.000000000000000000e+00 0.000000000000000000e+00 0.000000000000000000e+00 0.000000000000000000e+00 0.000000000000000000e+00 0.000000000000000000e+00 0.000000000000000000e+00 0.000000000000000000e+00 0.000000000000000000e+00 0.000000000000000000e+00
3.018344589761749130e+00 4.579928542073831682e-10 3.942316915621630054e-09 8.419248776411802380e-09 8.038149464115098719e-09 3.292176211191146669e-09 2.675803883178210844e-09 5.647248591599225543e-09 1.882545403879948627e-09 4.891375669778619600e-07 9.580607788221530557e-07 1.496531418359344652e-06
5.051871067197241771e+00 1.552529924486184604e-10 4.723293582507218306e-09 5.316694198402054835e-09 4.978477913530490764e-10 7.439014150610045720e-09 9.802407829794210198e-09 2.265996221914306400e-09 7.122486064793676367e-10 3.846017632555547427e-06 1.125297284059643087e-05 1.936080350666523681e-05
7.174389237224321647e+00 2.773278752309625351e-10 1.997370331982974318e-08 2.158152567789000930e-09 2.838600935901315091e-08 1.392213777373840665e-08 2.648780949777481385e-08 1.795993207081456978e-08 4.051751150346754679e-09 2.187624124699615033e-05 8.269448407944710500e-05 1.149208507717819941e-04
9.294090994165314257e+00 1.513787974945171550e-10 1.606757150552532768e-08 8.870308307583401629e-09 1.347682086448849077e-08 2.939404639455749230e-08 8.746243999655844284e-09 2.489985621224357185e-08 2.502483222091074641e-09 8.587184417835959935e-05 3.376678405709621642e-04 3.950533646471904542e-04
1.146867615720785416e+01 1.746848292561454727e-10 1.640614863334749773e-08 4.105526771477218214e-08 2.067605336254234337e-08 1.834948809884839863e-08 4.688033713128084750e-08 3.172357296133795496e-08 5.788255161844391469e-09 2.808084296410460600e-04 1.289431811520997707e-03 1.309441055750042767e-03
1.350291419661390790e+01 2.154739625340949662e-10 8.763220448406910108e-09 4.369904302914765132e-08 8.591125295665557582e-08 9.930533960677206537e-08 7.083691981727291940e-08 3.608374823236116161e-08 6.637956802431632977e-09 5.500847239613443785e-04 2.253861982908469692e-03 1.966511283928716689e-03
1.560117777934555860e+01 2.126099481378815978e-10 1.149325338523010001e-09 6.009182823046953157e-09 1.710271916007036147e-08 3.536541919783023973e-08 5.427738635735463171e-08 5.808625266106443084e-08 1.292523672203522226e-08 1.353578682575273025e-03 4.741921846038759519e-03 3.338898909934305288e-03
1.770299493057700957e+01 2.039563378475525568e-10 1.776895309598059550e-08 6.831660422311784370e-08 1.307722752138294371e-07 1.628058299281116000e-07 1.353403904285901793e-07 7.775694806070251957e-08 1.335655265001247282e-08 2.732007424449894775e-03 9.062169119966812653e-03 5.633792340545817554e-03
1.982781011180588848e+01 1.954452235364241162e-10 6.417111404205146944e-08 1.385959448295745802e-07 7.617151241378981434e-08 5.849618730723787501e-08 1.419432474326475535e-07 1.188041814722039450e-07 1.831907644148467406e-08 5.035102521090700604e-03 1.477568708973051037e-02 7.471609846016816214e-03
2.192881885816348486e+01 2.080524196956645065e-10 1.290929343972113117e-07 7.195876381108407809e-08 8.953615932826891199e-08 2.334118092644022820e-07 9.606021430402682942e-08 1.582945988769141255e-07 2.156575622153848387e-08 8.923428000195564661e-03 2.514075455496023181e-02 1.283991484550864835e-02
2.399574368981868133e+01 2.099417484882827011e-10 1.690150156008017763e-07 2.037077550995280965e-08 2.529123778762020086e-07 9.871183993873044686e-08 2.542342097073119931e-07 1.505617682516993349e-07 2.388417926665359656e-08 1.374310379907511641e-02 3.451432739580838349e-02 1.691217101362052500e-02
2.609967589513566466e+01 1.925288542581498381e-10 1.378263300074454581e-07 1.826961965349907541e-07 3.966888691138437567e-08 2.753103726014262360e-07 2.400500254000366874e-07 1.413697292468462831e-07 2.499020061007021443e-08 2.246730961143838731e-02 5.142121175785426684e-02 2.421976161110226886e-02
2.824161153918527489e+01 1.951689090036440603e-10 7.468188130415236415e-08 2.600333531252520522e-07 3.116060987086851528e-07 1.845688293013300171e-07 1.469971094672416918e-07 2.000503037154423641e-07 2.350813742465208851e-08 3.405286349191451178e-02 6.945310555296228816e-02 3.047536125145810029e-02
3.032845171323304001e+01 2.042573001573353550e-10 1.241433562867519594e-08 6.874632879091464310e-08 1.748924402481428116e-07 3.027179449868730641e-07 3.684075007795324006e-07 3.090488735840369655e-07 2.094030729851474883e-08 5.153597209027657722e-02 9.447336459212737902e-02 4.090409511312184665e-02
3.240834103759748785e+01 2.050707646814131365e-10 1.961413210220969743e-08 8.672837649136020771e-08 2.061067975963815635e-07 3.488199867484995880e-07 4.124503479622669148e-07 3.802388315806063207e-07 1.954649650336068551e-08 7.061310448299257247e-02 1.260310455422648801e-01 5.432676385567599547e-02
3.449690791959856284e+01 1.996355889637498192e-10 1.226411569169446144e-07 3.993060693125600556e-07 4.971762460011443384e-07 3.085938944476839942e-07 1.960833493620019946e-07 3.477135243630956082e-07 2.440804718587207715e-08 1.001251013801698619e-01 1.638105595675084236e-01 6.364486922835790872e-02
3.659108657744439341e+01 2.125301357514837077e-10 3.060619587791110538e-07 4.022232700534795572e-07 9.503731597537941318e-08 5.414423625756748798e-07 5.635914909321476201e-07 3.642147132703085956e-07 6.925230140360643182e-08 1.379611634977459811e-01 2.130168005265331288e-01 8.143504908839686862e-02
3.868936203192978240e+01 2.025372692473025492e-10 4.243861973161338974e-07 5.693431352469727497e-08 6.083252826874023687e-07 2.943511653304797275e-07 5.628638678354113880e-07 4.079009830606060664e-07 2.207872468175378796e-07 1.842485895752259684e-01 2.611550191286496347e-01 1.018350608182864020e-01
4.079349005425879682e+01 2.165180271050026147e-10 4.565486293252224806e-07 2.517330362110244878e-07 3.587630622185795067e-07 8.029057355912020193e-07 3.481243955104938710e-07 6.521705544596721748e-07 6.905315479002367577e-07 2.461432543476743673e-01 3.168481976764073726e-01 1.180320602267283525e-01
4.289811891289524226e+01 2.093149746621254206e-10 2.985353224592091147e-07 7.015759777821567659e-07 3.645637872749233394e-07 2.740995523886580127e-07 7.547027885862448471e-07 8.251406169579821933e-07 1.624883362568170956e-06 3.141133055054495804e-01 3.847485169601014277e-01 1.400586530204521452e-01
4.498738344355804486e+01 1.991584249053124050e-10 9.683211552024390072e-08 4.288007146809459569e-07 8.232996671781956979e-07 9.793988023432461164e-07 7.375707936715742786e-07 7.754430748775259161e-07 3.512112452590103365e-06 4.034652506561182128e-01 4.537674921523223714e-01 1.668537420428587992e-01
4.706883764281892013e+01 2.130132553000992083e-10 9.330951919808984345e-09 4.963072977173689887e-08 1.391646468380923313e-07 2.867050668157024690e-07 4.215962982926653229e-07 7.476248336211634880e-07 8.384024102255025612e-06 5.336015421226666389e-01 5.552911062588667956e-01 1.963109945892011765e-01
4.917483818497966297e+01 2.061039155218994318e-10 1.268899170396585955e-07 5.180787693308085312e-07 9.915831215728282997e-07 1.216684941130556619e-06 9.708710226476890495e-07 9.020456318653516637e-07 2.155190806295113085e-05 7.177781673050369626e-01 6.618370070430136254e-01 2.293815286290504518e-01
5.126550500057081905e+01 2.006842886270881223e-10 4.214959431529341903e-07 9.614260748167584541e-07 5.163725273193914735e-07 3.423176802685755781e-07 9.598016964116329353e-07 1.382512853213438362e-06 5.685725807489456547e-05 9.536334297912584246e-01 7.826998980880408574e-01 2.630390869267268950e-01
5.335881610931814123e+01 2.016839898506973225e-10 7.340160662319064252e-07 4.139094279814855752e-07 5.268537998452753533e-07 1.331012628312354949e-06 5.170031880640509450e-07 2.022365809007529131e-06 1.260957465194138360e-04 1.185759033381958094e+00 8.607528551298745390e-01 2.952783246708333142e-01
5.546964308576502845e+01 1.989353802612972651e-10 8.494273863897616786e-07 1.052960052017075658e-07 1.257086793378241559e-06 5.296614732742648106e-07 1.171919933787333162e-06 2.306216714682508132e-06 2.164940110314739295e-04 1.258942200534454159e+00 9.189043530258446113e-01 3.134859424571923014e-01
5.757648287013140731e+01 2.029816708592343793e-10 7.113451440044889977e-07 9.290129609091590247e-07 2.136809609258043974e-07 1.376687188414953809e-06 1.135915951101092058e-06 2.392454568872966038e-06 3.211141726756584964e-04 1.290113363693060622e+00 9.181586432165573797e-01 3.269595544800723563e-01
5.966165581587768685e+01 2.033796723602284886e-10 3.538127925212769199e-07 1.209996371136319074e-06 1.467311144808791629e-06 8.767429711745228060e-07 5.656172744891358147e-07 2.744071658995790580e-06 4.594302840135528940e-04 1.328488086177813443e+00 9.730977235109281587e-01 3.636810978304369502e-01
6.174819722986473636e+01 2.070284146623883825e-10 6.272073626878535682e-08 3.224419429347116812e-07 7.937848661499312646e-07 1.340569743089489203e-06 1.414134831264302416e-06 5.620115826202519022e-06 1.031598786515199213e-03 1.516341044061646937e+00 1.027398613122724402e+00 3.836707732551538075e-01
6.382956587491554501e+01 2.114998686902994833e-10 6.881688740113684452e-08 3.209754349071410124e-07 7.833054972952203254e-07 1.376435275261230912e-06 1.398470040136738211e-06 9.496624000590563736e-06 1.707283277850938199e-03 1.397244777238153324e+00 1.026142925203800127e+00 4.055488107650793150e-01
6.593254403737920200e+01 2.088989160220150420e-10 4.590117179722808638e-07 1.500596930526141673e-06 1.835412579226113149e-06 1.165960080720384970e-06 7.334052609351328030e-07 9.064500116053489484e-06 1.376451690425282157e-03 1.027338025684853884e+00 9.831910408369469723e-01 4.337662349993295363e-01
6.803387393989792997e+01 2.102824796565127402e-10 1.035564447483525556e-06 1.364264885481810340e-06 2.878028156143273378e-07 1.956015117613745763e-06 1.570862639602077970e-06 7.965833346790787077e-06 1.009582496666786662e-03 9.532392631515608228e-01 1.024008017924386227e+00 4.680008417063515336e-01
7.013397482485352441e+01 2.114907085125179859e-10 1.441838129910806734e-06 1.965012596116347425e-07 2.072150298275836443e-06 1.010700846206148353e-06 1.480857362871896964e-06 1.576480036400010193e-05 1.376632103119556326e-03 9.582633627423414735e-01 1.080285240365609800e+00 5.072469635927069342e-01
7.223284092814810720e+01 2.092824079150357757e-10 1.381628346957267456e-06 7.515155222768073007e-07 1.078434060794339252e-06 2.496764695830509355e-06 7.669243359692632856e-07 1.874625155967905247e-05 7.423714281841703282e-04 8.868412989775675825e-01 1.064353945183921013e+00 5.166720235833727193e-01
7.432580078642820354e+01 2.062468101794417303e-10 8.845663422527450537e-07 2.035304263368438712e-06 1.040289176139742154e-06 8.403409733676796401e-07 1.516550177291825526e-06 9.127473400461945860e-06 1.196129504077927686e-04 9.142526822646845908e-01 1.137215179606628102e+00 5.741640873832122294e-01
7.642303636613816309e+01 2.090902128244734231e-10 2.971683008817471972e-07 1.291119760907196969e-06 2.474601179430598230e-06 3.022206630571896065e-06 1.575809043722421586e-06 9.208500173533884552e-06 4.089246684025142755e-05 8.997426754195526621e-01 1.214844266243219284e+00 6.013641630193821142e-01
7.850700326227224934e+01 2.056863580755495272e-10 2.532617430806450035e-08 1.341632333025263998e-07 3.754208740805677126e-07 7.917063134490879808e-07 8.169684041556003992e-07 7.084990094503206809e-06 7.044708046650759573e-06 9.138430929414794734e-01 1.216058068328698338e+00 6.412024740895796437e-01
8.059927811109677975e+01 2.162618910953928182e-10 3.479501872577474463e-07 1.443092511571542724e-06 2.774151986097645694e-06 3.502193926810247891e-06 1.555323684422848697e-06 1.177653434961477928e-06 8.447349683985307174e-06 8.902147625677787612e-01 1.259820400143097485e+00 6.682267663914192024e-01
8.269744427220382477e+01 2.054103287091445759e-10 1.093362554269358057e-06 2.509449431360304855e-06 1.383794312886122356e-06 1.022061998832383648e-06 2.326764517337056683e-06 6.554237718645732489e-07 5.625791075292136066e-06 8.982461297569789282e-01 1.318783757720065619e+00 7.134352717543837041e-01
8.478516908456445833e+01 2.063362246467007111e-10 1.860474970663601251e-06 1.062898141957496792e-06 1.327066597864467031e-06 3.572691929584139286e-06 1.565562705281634448e-06 2.330794708900745907e-06 6.535949590470576003e-06 8.853524674125565763e-01 1.333416568264113922e+00 7.364225066802913000e-01
8.687992313461185745e+01 2.094840403649366179e-10 2.160205989762862119e-06 2.788525042729779828e-07 3.175403705730844073e-06 1.504920955360608053e-06 2.643285616518983101e-06 1.874247251420275062e-06 6.224518771360430184e-06 8.753949211720262191e-01 1.370067391099288878e+00 7.806920130425853976e-01
8.897727648556065105e+01 2.093221685520714998e-10 1.721604788735447965e-06 2.255576819569173457e-06 4.955939936834111545e-07 3.527934188062983317e-06 5.676178732483947512e-06 2.663230101430064887e-06 6.407213530990754948e-06 8.315258937060605593e-01 1.380063683106943051e+00 7.915129765057693501e-01
9.108283466151847563e+01 2.121726149625604288e-10 8.522744436684362798e-07 2.860048056574127382e-06 3.440052345984952496e-06 2.306115989993901805e-06 2.974600232543407491e-06 1.216950295923966580e-06 7.596223129452458475e-06 8.219180657781809396e-01 1.431088965546438718e+00 8.328614798204985181e-01
9.318628726448643818e+01 2.056692733534259313e-10 1.354331050337610950e-07 6.863235100825019036e-07 1.698051190959269118e-06 3.161762277029006867e-06 6.132659538589718879e-06 1.994417282539181074e-06 7.976388831424384066e-06 7.997353138891208912e-01 1.449583661880028185e+00 8.854539057185920603e-01
9.528079633743112709e+01 2.134204698676359265e-10 1.603503691475505371e-07 7.553190664889210920e-07 1.831258444154022746e-06 3.413346249951252252e-06 6.315164911988376903e-06 2.711828083973674893e-06 8.803956289422833819e-06 7.772267570151862870e-01 1.466594800481259453e+00 9.015241745152459130e-01
9.736436185488821593e+01 2.131488858842662899e-10 9.957983838439355799e-07 3.281796975114375922e-06 4.033927080904426642e-06 2.898945255541386450e-06 2.658735746355823212e-06 1.580707286582295049e-06 9.718942118882513385e-06 7.427529555674050599e-01 1.475998574906704164e+00 9.347691419131847201e-01
9.945017816258395271e+01 2.130862608396140649e-10 2.167273194353198706e-06 2.880674231479875950e-06 6.216820523173389063e-07 4.408020268170573186e-06 4.687442530135745623e-06 1.467325321330510315e-06 1.057870009296007452e-05 7.012376649645898352e-01 1.491212341032871702e+00 9.645742256642064749e-01
1.015478590484001984e+02 2.120098057740086774e-10 2.950218495272972464e-06 4.025613245775735668e-07 4.271510912592390575e-06 2.484399446103615622e-06 3.729912049846792437e-06 2.449713918588163911e-06 1.160828423692422251e-05 6.733607259933995781e-01 1.498618328265877375e+00 1.002603654457171478e+00
1.036444129914653445e+02 2.119984008383167370e-10 2.808863822974510308e-06 1.531939436923633112e-06 2.192472954328000075e-06 5.327615191320599617e-06 2.384340772142057877e-06 3.141589415119486231e-06 1.246834264178772508e-05 6.277415568304625104e-01 1.493956282172051342e+00 1.026197728205228588e+00
1.057406468532325050e+02 2.204552630498750808e-10 1.878034083970731869e-06 4.312225250072023942e-06 2.203505924138993501e-06 2.069145551000289663e-06 5.810447035219513602e-06 2.025336637174009928e-06 1.373382547493951919e-05 6.050404684704454583e-01 1.502507202476545789e+00 1.072934767378967758e+00
1.078413327314416392e+02 2.155253189093883837e-10 5.981366320557397902e-07 2.572335251042440158e-06 4.946708447436474642e-06 5.818262133988722518e-06 6.240748040017980828e-06 2.155738456866462311e-06 1.435585994233104230e-05 5.746851322356713032e-01 1.500390513277606086e+00 1.108426218101165706e+00
1.099405782569373002e+02 2.143059405986193034e-10 4.999209127013462370e-08 2.642345317542826305e-07 7.446699482899927214e-07 1.531607836303858167e-06 2.712647111320105169e-06 2.219242468870495513e-06 1.536375403514207325e-05 5.520961373034251052e-01 1.480966474191033777e+00 1.109927465554640946e+00
1.120408684253967806e+02 2.158719924280697794e-10 6.635498406973942386e-07 2.754824035132972228e-06 5.286048250260008821e-06 5.709454303927762037e-06 5.105657133532127613e-06 2.480489358684936198e-06 1.597337929021677550e-05 5.325673652821198978e-01 1.517329090011269033e+00 1.135111957004601546e+00
1.141248853456106360e+02 2.152586805609751528e-10 2.120804016217827488e-06 4.862332822981687327e-06 2.652386727529859801e-06 1.557211462454561676e-06 6.063622833541564897e-06 3.643811303431903560e-06 1.649451032237220170e-05 5.227036118781633878e-01 1.495737517868715782e+00 1.160287327608963137e+00
1.162175463239393736e+02 2.155350493849855392e-10 3.554683732415605500e-06 1.980818386538783834e-06 2.639391370339563986e-06 5.508373589293410810e-06 3.115632685592952027e-06 2.866522744631262232e-06 1.641283226498545925e-05 5.101478110685312428e-01 1.512392716277400462e+00 1.195430184292853415e+00
1.183152482173078255e+02 2.146367513703328574e-10 3.981587418668131136e-06 5.077073957071641551e-07 5.948950342923907744e-06 2.378528699564362167e-06 6.964999924534770394e-06 2.388492871164698099e-06 1.655185759848877656e-05 5.067681612779877387e-01 1.479629362296426054e+00 1.218654928159749185e+00
1.203987292351758640e+02 2.159121950668909049e-10 3.157931447189365773e-06 4.111152243920149044e-06 9.112489641390350695e-07 5.694467009008136108e-06 5.894984585486868376e-06 2.466785067719159746e-06 1.569962702555055415e-05 5.010918107508749442e-01 1.456305212960694373e+00 1.229789466075659199e+00
1.224937468622142092e+02 2.207667395378385877e-10 1.570842782305404965e-06 5.237740761479328960e-06 6.277512427606204444e-06 3.828256404937473284e-06 3.365958972178039419e-06 3.321115974069706560e-06 1.468201103188706128e-05 5.026989407221313932e-01 1.445470805614572640e+00 1.242817423982415015e+00
1.245897016475089600e+02 2.197463389659809601e-10 2.602336221203336874e-07 1.305517829344521565e-06 3.311081978252514076e-06 5.657346965040910031e-06 7.513728358807641159e-06 4.121096630660655286e-06 1.325474273168239814e-05 5.002002042974013074e-01 1.417528988614481289e+00 1.288051806714461067e+00
1.266899293398321191e+02 2.164118124028359676e-10 2.643544497052777485e-07 1.258266862683330439e-06 2.995205906546222924e-06 4.887117640984932252e-06 6.882059589150948454e-06 3.525498359587498280e-06 1.125204590681661037e-05 5.013530410567063056e-01 1.414738836147522161e+00 1.286625311394353099e+00
1.287860676534380673e+02 2.165369356786199091e-10 1.679452029815867980e-06 5.572598087609049048e-06 6.946238979562075529e-06 4.336644134706574894e-06 3.479725346760464218e-06 2.893014234025367203e-06 9.222750889733247694e-06 5.042610401020853894e-01 1.408292273702989039e+00 1.313888523117926255e+00
1.308727164100970981e+02 2.209103358654884153e-10 3.739098035728348050e-06 5.007103219677787949e-06 1.080474026337320369e-06 6.245280310684245169e-06 7.821636668717947907e-06 2.937939135367665286e-06 7.219127301874572405e-06 5.039375251791721189e-01 1.378825538661810679e+00 1.308426628704979500e+00
1.329769015280994040e+02 2.200532135567875929e-10 5.015808449868490785e-06 6.863591736819816200e-07 7.062146015881959777e-06 3.247089765771952624e-06 7.832982559974591190e-06 3.669699052394839479e-06 5.583681530295539245e-06 5.024273429551706638e-01 1.336342552827465724e+00 1.338940243156288901e+00
1.350704110842121395e+02 2.234319375239806588e-10 4.817070640161758961e-06 2.610901185786105256e-06 3.780182920755777975e-06 8.496906387578779624e-06 3.879150500907632720e-06 5.025900914814594291e-06 4.023355673506993182e-06 4.976410870872650660e-01 1.328684463323952958e+00 1.339071313677984820e+00
1.371652580988595389e+02 2.239184522063718165e-10 3.055632784162037336e-06 7.037177921071408262e-06 3.464021204277188189e-06 2.841327024793132002e-06 8.286477782916772841e-06 4.249879848007135743e-06 3.092676156506310088e-06 5.049087243784999846e-01 1.297994499598152274e+00 1.372417870498964021e+00
1.392617489193071378e+02 2.256990656122181137e-10 1.004763068640911044e-06 4.319447840770606431e-06 7.981780941851071356e-06 9.499816185641453637e-06 8.821658931018626210e-06 3.481416124772262249e-06 2.523034345066601135e-06 4.916295847860469581e-01 1.283598653686412794e+00 1.374986782643515149e+00
1.413479875455977890e+02 2.259054547253988795e-10 8.533155930110525841e-08 4.522941063792118867e-07 1.224052819911656175e-06 2.503453016168565137e-06 4.338582395127030420e-06 3.403620132826182049e-06 2.378683572231930223e-06 4.876446004509834009e-01 1.244759387098033354e+00 1.383911831945306314e+00
1.434488089942413751e+02 2.253050991661533559e-10 1.055659928775653502e-06 4.423202178714008456e-06 8.165366325815278869e-06 9.863614396021326612e-06 9.158019480207387300e-06 4.475131471547782203e-06 2.238122501404583593e-06 4.785431667448973858e-01 1.224912267871053784e+00 1.372384971859314184e+00
1.455465404124969098e+02 2.251958145405957554e-10 3.409043715473156590e-06 7.856707888320295678e-06 4.080220550023232976e-06 2.922964973916892946e-06 9.315073680340857281e-06 5.417598536658637787e-06 2.258686264956228846e-06 4.646950862418393058e-01 1.202593687454323934e+00 1.384717694372091801e+00
1.476344304941266330e+02 2.270830242555807084e-10 5.735000180114128750e-06 3.258142931791681642e-06 4.153557829954383941e-06 1.039068906621785289e-05 4.662340191051683432e-06 5.252900862525193551e-06 2.486571653138631790e-06 4.556639288375598507e-01 1.178848383656053267e+00 1.381380529951947933e+00
1.497223495728729290e+02 2.265374973479407000e-10 6.375874384727788130e-06 7.941247856439992158e-07 9.265241691190836067e-06 3.790538357890861055e-06 1.006419729331480017e-05 3.896197608477737454e-06 2.433958039225865834e-06 4.511080548571115290e-01 1.162861120584509633e+00 1.394595714257816033e+00
1.518150018152000769e+02 2.293112424510994192e-10 5.038419713137839100e-06 6.516015433220565190e-06 1.428990109900855550e-06 9.326386953593411564e-06 9.850366869283405099e-06 3.838112513025134550e-06 2.460130852879412543e-06 4.477943303544403841e-01 1.130831518978590911e+00 1.396085899009074316e+00
1.539223762523700145e+02 2.289736756637143372e-10 2.445950658553349167e-06 8.157048295133056552e-06 9.761636351182799131e-06 5.823220730951750805e-06 5.243681763544314698e-06 5.163985221536345168e-06 2.543071741506450458e-06 4.361924806810872912e-01 1.091110241290826899e+00 1.397139607534523931e+00
1.560226251003945492e+02 2.313399045292694426e-10 4.019345088442310095e-07 2.018477434187885793e-06 4.972026491608791865e-06 8.356380805421036238e-06 1.105699203475806726e-05 6.515498610074874705e-06 2.604893905706398431e-06 4.257701308454788225e-01 1.079848169989208184e+00 1.399918059364753331e+00
1.581173485810110435e+02 2.298040304129987790e-10 4.085165069730212491e-07 1.942602785241326975e-06 4.629293353989517240e-06 7.679878105356721606e-06 1.057511005401158490e-05 5.760962765409812238e-06 2.471115209294761907e-06 4.184137083410341962e-01 1.055166881672167545e+00 1.382177960650208481e+00
1.602129988273014760e+02 2.321851836620358318e-10 2.641931565772247250e-06 8.749975115859511985e-06 1.056932875132333743e-05 6.592137975033219957e-06 5.495142813781756668e-06 4.675522012945101761e-06 2.542567591375919872e-06 4.178125966274165437e-01 1.037750549810208867e+00 1.396692887433108154e+00
1.623017682628209855e+02 2.325945514698415526e-10 5.716844980726235200e-06 7.632699382638663137e-06 1.642504267799121022e-06 1.033721752578425493e-05 1.177079299061024172e-05 4.425672558792974052e-06 2.557796404050489913e-06 4.155478823831630919e-01 1.009438103801191700e+00 1.381410804014616467e+00
1.643910045684928320e+02 2.352299759493772289e-10 7.757738085360022298e-06 1.070709022907676148e-06 1.103894172663896295e-05 5.328689599910295694e-06 1.177453337868991876e-05 5.885323707349147750e-06 2.543512093335866363e-06 4.135368434451723862e-01 9.871590495664678278e-01 1.377211431760852811e+00
1.664846467883680532e+02 2.349056630076488392e-10 7.264946536014098793e-06 3.834129452339715229e-06 5.615242980970510543e-06 1.228808362856304868e-05 5.769479512709082403e-06 7.250698766597770487e-06 2.512306099482128042e-06 4.118772705644130339e-01 9.637527121800231189e-01 1.375146237418702011e+00
1.685730436815255757e+02 2.344480654326590584e-10 4.607075548873518961e-06 1.043734013760543735e-05 5.283327602549387110e-06 4.136093651156680803e-06 1.265068981506459120e-05 6.748002363272790153e-06 2.608708945248907675e-06 4.076483947833577925e-01 9.472878161609585845e-01 1.379473319271443899e+00
1.706652097306524070e+02 2.380142035284814705e-10 1.534507544839739496e-06 6.517728586374927716e-06 1.227752331181478317e-05 1.418401401764924777e-05 1.261162856815335781e-05 5.312782642437428685e-06 2.757497299755352548e-06 4.087140126962973685e-01 9.083004399363945325e-01 1.379017216843702931e+00
1.727719449470905886e+02 2.391646419596971843e-10 1.292560364231072254e-07 6.822371042225719126e-07 1.895646036513983223e-06 3.827142115094962293e-06 6.495386906928520307e-06 5.087715503912969829e-06 2.891414041051504655e-06 4.014249731934198540e-01 9.041793629541092780e-01 1.353684892116589378e+00
1.748706907921407776e+02 2.401981484185929383e-10 1.551313407112813258e-06 6.473614728616077776e-06 1.239196018818030039e-05 1.491316977211065028e-05 1.357271687427468907e-05 6.572380876369337323e-06 2.967953582493003425e-06 3.969993377501359055e-01 8.795581309387002777e-01 1.335397959592585782e+00
1.769595983050924985e+02 2.433955584211240498e-10 5.057873572923806902e-06 1.171278841019784403e-05 6.465738184676908296e-06 4.246830536308134027e-06 1.348584535582805857e-05 8.277247316534267128e-06 3.187495118971794813e-06 3.880115259111839854e-01 8.534355370156655463e-01 1.341489589100584690e+00
1.790534865550272343e+02 2.429316246098518978e-10 8.384630112739444637e-06 4.798442105391450597e-06 6.021497575196530343e-06 1.495420475362242405e-05 6.942051042957195574e-06 7.722607842538145275e-06 3.276419502563467386e-06 3.802611065914962563e-01 8.427039063330961088e-01 1.315815361723410737e+00
1.811536559565658138e+02 2.418215999346670952e-10 9.341365103125996342e-06 1.150017839037999188e-06 1.372705251253472167e-05 5.674296635030364230e-06 1.471856016987507210e-05 5.922316771149706285e-06 3.390119020500275781e-06 3.739425230835207725e-01 8.275895219911024725e-01 1.306484633169616494e+00
1.832486900622262169e+02 2.451166018836766074e-10 7.359531873760918823e-06 9.404709467821881645e-06 2.113220878449633545e-06 1.391024837670350784e-05 1.422022298628106245e-05 5.670896249724421159e-06 3.450990973085013570e-06 3.643266454362522055e-01 8.108501327978684392e-01 1.301229446022997616e+00
1.853322064299712792e+02 2.480318176423797047e-10 3.636649832220721932e-06 1.196078125361636764e-05 1.403246488488813691e-05 8.051575265166067242e-06 7.189756891304047319e-06 7.557710278151296058e-06 3.609521454764855953e-06 3.485804990247149404e-01 7.849677522949797259e-01 1.304655800484067374e+00
1.874294881955092364e+02 2.486333163544091782e-10 6.249128074649026293e-07 3.049283183673863259e-06 7.379302387382963176e-06 1.221957271045992721e-05 1.578814322184101526e-05 9.129579701461865642e-06 3.487799473222112346e-06 3.370486917976770469e-01 7.789978771857400952e-01 1.293656658496280976e+00
1.895346780328466707e+02 2.498861371578459540e-10 5.759005197354105669e-07 2.793850158165585926e-06 6.778244737963880861e-06 1.137249450382601047e-05 1.559511232057213666e-05 8.824108247689587192e-06 3.592061082510541009e-06 3.335794715076885186e-01 7.632278319698899693e-01 1.262763360024378390e+00
1.916277690395992579e+02 2.513677656125940927e-10 3.722594532763168016e-06 1.252009771200696510e-05 1.563498636954170490e-05 1.009428564358445419e-05 7.875940828233945134e-06 6.676844659711353169e-06 3.488036344879136783e-06 3.206149890373465872e-01 7.468200178557512503e-01 1.263206062705916954e+00
1.937192876853670498e+02 2.520080741692610610e-10 8.162750450337413508e-06 1.106193608793348035e-05 2.363166379959578848e-06 1.451675619205133187e-05 1.692168966300572976e-05 6.314522908943351546e-06 3.504794956442679546e-06 3.117242889295648300e-01 7.330383131282555143e-01 1.249604831564026464e+00
1.958140829038742368e+02 2.538008253017709937e-10 1.105515665695974333e-05 1.585867365138062581e-06 1.560598333890173399e-05 7.784548632854890854e-06 1.634333070089890170e-05 8.410559890300559025e-06 3.482266819292248087e-06 3.060551023097883294e-01 7.199878876423644325e-01 1.228326435687423501e+00
1.979067919360426799e+02 2.543254282908814870e-10 1.036355031294542465e-05 5.364625727271122647e-06 8.245664218200785879e-06 1.742034248418692434e-05 8.350068507818968314e-06 1.033765863585020605e-05 3.480866626608058540e-06 2.971438670956227934e-01 7.112497084129438818e-01 1.219667061419086762e+00
1.999999817988633026e+02 2.536919758316964382e-10 6.564555909176317369e-06 1.472213530813291705e-05 7.211536458676443281e-06 6.048521131546023147e-06 1.807323782956892655e-05 9.558272036219021782e-06 3.518999845016611023e-06 2.909032172606531019e-01 7.047661248664239819e-01 1.208367393743335461e+00
2.020901921734253790e+02 2.549466040149461844e-10 2.191376856162935049e-06 9.245433661411489086e-06 1.722637355470631656e-05 1.963775195755143067e-05 1.697508555241192187e-05 7.256360620887458839e-06 3.620458649615672811e-06 2.868926302843053944e-01 6.950511795232618972e-01 1.180361920448201651e+00
2.041832203636279246e+02 2.586665156396626789e-10 1.812506424287063615e-07 9.603251128480203502e-07 2.664966268485960095e-06 5.376922743743119950e-06 9.027314366332250126e-06 7.134993014515626802e-06 3.850884536576811298e-06 2.829426158784008050e-01 6.844509333571295873e-01 1.169551353524449278e+00
2.062834777421155081e+02 2.598593546297835205e-10 2.070935494736920941e-06 8.779780558359648687e-06 1.706326824244758106e-05 2.096190194508894668e-05 1.945504241884731035e-05 9.451578834822363476e-06 4.030855212201246108e-06 2.792630390955658237e-01 6.749740236541715843e-01 1.154839870417596837e+00
2.083778992733039388e+02 2.607829652597931601e-10 6.855256362805747001e-06 1.616441484303880632e-05 9.299309878434658023e-06 5.829702012329142977e-06 1.798441501219236622e-05 1.135099670896072992e-05 4.175553448991762924e-06 2.739801260276810146e-01 6.715452009106247511e-01 1.136330390715271310e+00
2.104684424691360505e+02 2.604788818760768437e-10 1.146177228954784297e-05 6.810172975539131752e-06 7.879259896376040589e-06 2.075765337553829565e-05 9.385998965895787273e-06 1.062185605548329777e-05 4.327598345078056738e-06 2.749680333021038425e-01 6.603119020307404163e-01 1.136717401142815831e+00
2.125676537554758454e+02 2.640876785358446345e-10 1.297968219847333261e-05 1.516240104116427415e-06 1.917000624370993997e-05 7.572808453691294723e-06 2.064774915557129176e-05 8.169854239488001974e-06 4.525434200149248351e-06 2.735518132925114920e-01 6.592560799580929887e-01 1.107232141981662865e+00
2.146627699859425320e+02 2.671859110036589383e-10 1.027240999527015867e-05 1.283849877026259755e-05 2.906747776829757430e-06 1.971883458143761954e-05 1.920682557866424821e-05 7.794148396554530719e-06 4.706885697332582283e-06 2.726273036032670904e-01 6.473514380700816639e-01 1.091561560539703324e+00
2.167570309481580750e+02 2.688045644361450042e-10 5.058488016348938271e-06 1.647442918511484461e-05 1.880821762055018490e-05 1.062618058902848043e-05 1.026814472383080689e-05 1.052387824245256865e-05 4.682690790295532249e-06 2.697245348068579296e-01 6.403743791106081273e-01 1.089492524725057088e+00
2.188537026697396755e+02 2.683489160600062961e-10 8.831708824935171919e-07 4.334514301264304625e-06 1.040423295185663073e-05 1.709542001165485864e-05 2.186679335647436772e-05 1.262606508789034449e-05 4.693383762040453445e-06 2.673783592117080499e-01 6.380895914972815053e-01 1.069750374217687483e+00
2.209464684169307134e+02 2.715845976874361948e-10 7.161725965718629987e-07 3.472198985374390257e-06 8.520752865895403849e-06 1.449080114240072911e-05 2.001777024889956898e-05 1.165473485862514379e-05 4.680430296148428870e-06 2.645401060882601740e-01 6.310479197052060174e-01 1.055673962033769842e+00
2.230403310086188355e+02 2.732758868687717986e-10 4.884301540971352029e-06 1.660319303147213737e-05 2.124363702225546093e-05 1.420135902716792324e-05 1.074376240460742336e-05 8.952963483663613331e-06 4.604715405825428541e-06 2.632004010531940885e-01 6.267884443013367335e-01 1.036027177104656083e+00
2.251364961024536910e+02 2.715115349459117862e-10 1.077508064973531436e-05 1.509947304533159685e-05 3.301959876265818032e-06 1.868122190322586928e-05 2.308677156330536136e-05 8.708527527501624919e-06 4.594754619421308530e-06 2.625807026566168156e-01 6.225108657005916646e-01 1.021151852809726757e+00
2.272286391006203701e+02 2.768385470993076001e-10 1.483938039246807018e-05 2.310032317359689716e-06 2.066308755479031049e-05 1.115185923331664351e-05 2.117830216389325433e-05 1.166526977245033097e-05 4.564517865184742959e-06 2.609237670416187926e-01 6.168166678467947861e-01 9.991104686011847980e-01
2.293205550981930116e+02 2.769764393987970362e-10 1.399163706796475094e-05 6.866915203045713990e-06 1.173786423670018555e-05 2.282547362953937214e-05 1.156592975933422368e-05 1.384103611081556232e-05 4.660733308413796163e-06 2.605873750614334239e-01 6.104884802166156144e-01 9.895386660621956487e-01
2.314122516385980077e+02 2.798595120738056357e-10 9.067607724622171825e-06 1.981351154305193091e-05 9.081431012548319410e-06 8.715530290726978101e-06 2.515973307740682006e-05 1.275100583337850245e-05 4.664056143042650432e-06 2.591886154348193583e-01 6.119032131180696110e-01 9.762029443041496668e-01
2.335066429832561710e+02 2.791053659748725858e-10 3.083871463265037197e-06 1.282866810485814603e-05 2.332581158868516372e-05 2.575568278057769209e-05 2.164914799512293042e-05 9.765482414012724004e-06 4.855431665245975946e-06 2.580200914326982176e-01 6.033771898465080108e-01 9.606467565235934369e-01
2.356049348534037051e+02 2.835813290687464147e-10 2.468507132432661245e-07 1.308962865484067848e-06 3.621586649025121237e-06 7.272334034997005451e-06 1.206673918161079520e-05 9.550684983448421087e-06 4.988285050028142602e-06 2.559101203146637582e-01 6.037120034896612530e-01 9.451638481423427773e-01
2.377014039388489834e+02 2.836090438806254372e-10 2.621702044131160121e-06 1.123463103241574653e-05 2.213514161424425764e-05 2.772370642334174085e-05 2.620356296325430782e-05 1.273991288998356476e-05 5.234281495604506569e-06 2.552942224601914001e-01 5.994283351503602031e-01 9.343491281955587091e-01
2.397980402378023257e+02 2.852980401940520149e-10 8.886896190051837079e-06 2.156574573827605031e-05 1.319349111665659997e-05 7.495781077675795231e-06 2.283893194801161816e-05 1.525328854245363895e-05 5.487892140052807716e-06 2.538049752857807762e-01 5.974042552074364520e-01 9.208089815456521610e-01
2.418952200762976474e+02 2.890735999741027074e-10 1.512709011386404095e-05 9.632181331002368318e-06 9.731004193122845983e-06 2.812080542604054425e-05 1.284378715042199598e-05 1.384050936077667072e-05 5.729739759355335701e-06 2.524041666740946543e-01 5.956757429643622093e-01 9.021251618665649952e-01
2.439891685064362719e+02 2.887275136992851515e-10 1.712155176772502691e-05 1.816698486586734133e-06 2.567453478567847410e-05 9.331032182705784443e-06 2.793249698336623712e-05 1.056361995007751592e-05 5.890735083663660145e-06 2.524974894919045365e-01 5.911475690203498168e-01 8.907894089141645821e-01
2.460843450104443093e+02 2.919247078866514040e-10 1.364843394308444203e-05 1.623951719902418992e-05 4.082807634178839634e-06 2.657275501205707456e-05 2.374712103059786495e-05 1.063356189260049847e-05 5.984393024705398807e-06 2.531621920296376893e-01 5.879807977656599238e-01 8.751929040131534165e-01
2.481762579426604702e+02 2.910932547991210477e-10 6.831293815326394236e-06 2.179135100607366540e-05 2.387723203524523734e-05 1.278355218375008893e-05 1.348411261732969881e-05 1.414083791360416148e-05 6.078379771194918905e-06 2.501749778881016684e-01 5.868668870349460498e-01 8.632463460998104354e-01
2.502630976439281767e+02 2.948263421601424505e-10 1.298804373024251656e-06 6.302970818422616357e-06 1.488514695384126250e-05 2.390709150429035768e-05 2.977579840526188527e-05 1.674457499996962254e-05 6.088551104820220235e-06 2.501326987451197859e-01 5.828671537740063302e-01 8.498932842781661279e-01
2.523593390325217172e+02 2.974987040217280007e-10 8.323855565698077231e-07 4.063128704804715232e-06 1.008243960579301068e-05 1.742833737474000177e-05 2.445964646215606812e-05 1.468395799910816287e-05 5.935517551225735972e-06 2.486552256000333361e-01 5.776909551240411167e-01 8.391974376530554336e-01
2.544554261401835618e+02 2.981614925359753384e-10 6.007085018429036712e-06 2.090722946315025450e-05 2.802390524303688824e-05 2.007704581305174807e-05 1.453797890591288595e-05 1.131646392676990106e-05 5.832239310569143794e-06 2.483897218512228777e-01 5.766501467636612199e-01 8.278291751791484465e-01
2.565494747993802775e+02 3.003414648739864582e-10 1.381797468041857418e-05 2.048527860772928540e-05 4.553781391325570104e-06 2.289010074255741964e-05 3.151446060762277284e-05 1.166692418084089968e-05 5.863185195500529359e-06 2.458704450803035346e-01 5.777334731162488968e-01 8.143947908117077361e-01
2.586472105510317760e+02 3.018822657617799435e-10 1.893956231505157043e-05 3.494363373462875094e-06 2.533770620292974396e-05 1.613563899717540448e-05 2.514416432702060370e-05 1.563064159732683266e-05 5.812752588313395439e-06 2.465840118552314331e-01 5.715096183464579704e-01 7.984078769344677973e-01
2.607450040560485718e+02 3.045985923180231074e-10 1.823754246106394766e-05 8.026636654495133665e-06 1.660032407249915586e-05 2.803474259205026610e-05 1.534478846492552548e-05 1.805177507005166149e-05 5.838721354471707416e-06 2.451869825152503957e-01 5.757861619111035445e-01 7.920997180861228948e-01
2.628445342612729405e+02 3.084093034422876730e-10 1.203904679315567880e-05 2.519616069046701307e-05 1.061497816978716711e-05 1.260005079744520559e-05 3.317265787358786121e-05 1.581956607097095309e-05 6.064956203680657046e-06 2.440362953799525836e-01 5.714958664149639711e-01 7.823042710531686872e-01
2.649305574869803763e+02 3.105590375751007246e-10 4.325826963828219312e-06 1.764840141327282447e-05 3.111594266752164056e-05 3.287440590544044825e-05 2.642504020342177040e-05 1.222178558050690287e-05 6.187932561595223957e-06 2.422998622017375203e-01 5.693990203200364197e-01 7.668288606463216084e-01
2.670170581357955939e+02 3.107678256456443837e-10 3.658119831494955562e-07 1.928881501131238428e-06 5.271396909259201986e-06 1.040863846064726354e-05 1.681437193611409127e-05 1.308120528506653255e-05 6.509712860464794263e-06 2.423282660367264696e-01 5.657819314385402754e-01 7.550402331325213323e-01
2.691128101552500880e+02 3.121511521651433995e-10 3.034487653859357613e-06 1.323795291339960294e-05 2.689062188755109400e-05 3.517726277230058779e-05 3.490464333611784770e-05 1.716003564195865160e-05 6.722431746132016826e-06 2.395159619412675911e-01 5.613432135743821050e-01 7.465736683594994538e-01
2.712083279953758392e+02 3.160116635818268098e-10 1.084431259566159513e-05 2.757179418330112761e-05 1.891319450632152418e-05 9.559491450844427287e-06 2.651930067911146611e-05 1.940681924079729493e-05 7.055687102197141057e-06 2.378886132470852399e-01 5.642384708404155624e-01 7.392682318229198968e-01
2.733057666480582384e+02 3.163852400235726548e-10 1.892045900538620530e-05 1.349408969537363269e-05 1.074450103756678495e-05 3.635153857226833724e-05 1.753567347788119116e-05 1.674778589208479821e-05 7.259532686355132856e-06 2.363715371587379044e-01 5.648336516337678637e-01 7.210818237256387819e-01
2.753990849136353631e+02 3.178480132805324658e-10 2.182538275295239154e-05 2.046668922921169456e-06 3.328646564799174950e-05 1.085298658094953677e-05 3.681102580643238684e-05 1.304716838679510356e-05 7.410482145530667366e-06 2.352914612213777013e-01 5.633257003642474503e-01 7.150800357887067138e-01
2.774972312934216916e+02 3.218811622305387163e-10 1.776416039179432642e-05 1.936141661098882345e-05 5.870631780658061424e-06 3.522238536736458845e-05 2.751647798471947452e-05 1.416766121649608838e-05 7.511363548807090369e-06 2.332988473532690288e-01 5.593814784120442196e-01 7.064391074963972672e-01
2.795993051463354391e+02 3.229866382074185617e-10 9.232333431809703714e-06 2.817254490169043707e-05 2.839155084823213001e-05 1.439544298151838693e-05 1.889970663698475246e-05 1.880743604384785384e-05 7.483296763919264745e-06 2.302535799837047148e-01 5.566932242637664396e-01 6.987490102320387253e-01
2.816884570146863211e+02 3.241992576055132754e-10 1.927768998844552810e-06 9.177514797263178225e-06 2.107979232156042808e-05 3.263695958285535204e-05 3.903406658744914301e-05 2.106379570730527705e-05 7.490054513900452917e-06 2.281119527192413676e-01 5.585783079397936834e-01 6.880093585502815579e-01
2.837767408237548352e+02 3.275285593635286189e-10 8.699829250507573193e-07 4.297977266699955508e-06 1.085499276251486309e-05 1.923244999817137359e-05 2.778846144598618416e-05 1.745632641778710754e-05 7.309907694087142168e-06 2.247676974870393141e-01 5.583016871513392099e-01 6.777214353473622888e-01
2.858739175781350355e+02 3.291568621762136544e-10 7.013443401846656702e-06 2.519825822440884065e-05 3.593457951172049017e-05 2.831369575738429062e-05 2.022572877305939336e-05 1.410741369050774726e-05 7.270707205470708378e-06 2.235009609706044009e-01 5.516650142884966801e-01 6.719567767717092854e-01
2.879692488149414658e+02 3.313970869715282811e-10 1.663767988869209184e-05 2.680904499315921969e-05 6.797134434537471074e-06 2.519303291894290882e-05 4.065676749111642131e-05 1.572123488112274454e-05 7.153079997073544835e-06 2.184307990752205331e-01 5.514368915889119593e-01 6.589288788563758548e-01
2.900619215753260391e+02 3.333407172819123322e-10 2.358797445821223811e-05 5.472645582817409122e-06 2.951615361987900419e-05 2.362311500277045358e-05 2.830309318497328401e-05 2.064809172334853402e-05 7.227111451649182935e-06 2.168873645882527512e-01 5.487381532844385346e-01 6.535419122490425670e-01
2.921553239745344968e+02 3.366591030052244822e-10 2.323964860499765821e-05 8.572942914884974238e-06 2.379520056715338547e-05 3.175026307380981951e-05 2.164571198439516414e-05 2.217589168075222543e-05 7.308871905508934308e-06 2.140878738534676140e-01 5.498468110096107475e-01 6.448144673456082110e-01
2.942507548947098144e+02 3.375209730069653268e-10 1.573364908007160199e-05 3.031717407407165962e-05 1.086104833230209542e-05 1.910829272674288405e-05 4.226972450706989589e-05 1.816303833772390066e-05 7.653511035211456670e-06 2.111038196496394237e-01 5.470308319915639927e-01 6.372839311709028731e-01
2.963450397608684739e+02 3.404417245753827525e-10 6.054057751983860039e-06 2.370686644335147326e-05 3.899227419669076572e-05 3.761084005448361747e-05 2.884545042656548063e-05 1.508590063403666067e-05 7.815208891405128560e-06 2.069015042200602617e-01 5.442162098641093460e-01 6.324306803983072989e-01
2.984367508331891941e+02 3.409419786947040756e-10 5.784230473579768783e-07 3.007306285429821599e-06 8.008826997162425213e-06 1.526520581217548944e-05 2.352777952507907944e-05 1.752494399520070038e-05 8.202156613297007930e-06 2.053765409293042410e-01 5.431399805596390795e-01 6.228617791630038925e-01
3.005324961693291925e+02 3.442018873166772779e-10 3.261634625734282234e-06 1.450811978516046461e-05 3.050959979773269629e-05 4.198628215082376969e-05 4.429781291074341210e-05 2.237896729386517575e-05 8.459207406771595574e-06 2.016556003215335402e-01 5.402290168477115184e-01 6.205350476670460358e-01
3.026283769440020137e+02 3.476365291843974357e-10 1.259411676471093389e-05 3.393758884765334024e-05 2.683185116918603122e-05 1.307032792404804212e-05 2.904786699695996815e-05 2.332874384409173383e-05 8.767771515818588996e-06 1.987668988853593943e-01 5.412351902895888855e-01 6.162632556520611926e-01
3.047254121491717456e+02 3.498064216840947296e-10 2.287480011397747837e-05 1.915008693244630279e-05 1.097188247257167512e-05 4.464182042978492886e-05 2.564049967215812332e-05 1.922689277807372696e-05 8.914664070355477561e-06 1.949116679208431901e-01 5.370804961748574247e-01 6.065423682762143276e-01
3.068216168087043343e+02 3.529202224684880023e-10 2.737559986116987957e-05 2.445500069645550768e-06 4.199591279593563900e-05 1.318272852571955029e-05 4.670081258772795725e-05 1.637676240134277892e-05 9.170098943012047947e-06 1.913061198792845030e-01 5.378208916449224164e-01 6.010435842338923695e-01
3.089150753920563375e+02 3.554151565084495897e-10 2.292863209887165569e-05 2.154161222450353484e-05 9.628061045785857921e-06 4.523210164847408539e-05 2.959376138689809527e-05 1.962526003430193806e-05 9.050366219513373281e-06 1.886230999909247752e-01 5.368963187366585510e-01 5.937244435779459595e-01
3.110113938845437360e+02 3.566554787131181185e-10 1.248112001175384205e-05 3.542477189035682654e-05 3.113779621321901051e-05 1.555981164889934357e-05 2.740239335078659399e-05 2.412717919306437642e-05 9.025420134336538470e-06 1.833168078521289768e-01 5.326122531116592729e-01 5.912494999564733567e-01
3.131094481108236209e+02 3.591002516004217160e-10 3.040945937723797761e-06 1.394360856490096008e-05 3.022410293312651069e-05 4.336705649631559427e-05 4.800501172854130031e-05 2.450768258961939395e-05 8.929683501916888178e-06 1.804026852798160663e-01 5.311617726751417523e-01 5.853941490973865180e-01
3.151997320758243859e+02 3.600021889928946618e-10 8.235607304602259272e-07 4.135752136385431627e-06 1.070885487537114524e-05 1.966409189331572098e-05 2.964737033828439796e-05 1.984481607049845453e-05 8.772581360454114499e-06 1.767689668022449923e-01 5.313869036773173349e-01 5.771996717461282955e-01
3.172892433891730661e+02 3.644551631460855572e-10 7.664472525864561681e-06 2.874517087712935782e-05 4.461513458059420594e-05 4.023497239200735646e-05 3.012492096718990872e-05 1.789598255267041098e-05 8.807023378364743838e-06 1.719465642228466540e-01 5.284581015253845271e-01 5.741723898900357170e-01
3.193810088996767149e+02 3.672826214672933836e-10 1.938135463571554837e-05 3.486585953480872435e-05 1.152374601173691234e-05 2.574884981127405944e-05 4.970406554259605329e-05 2.159253566703475910e-05 8.842767968696779591e-06 1.690932513323848418e-01 5.255754995777836003e-01 5.680767810843022625e-01
3.214789417022079760e+02 3.672856682926189021e-10 2.837820799636897034e-05 9.201304329445675947e-06 3.129167128395064952e-05 3.488203808714178031e-05 3.022605102234371047e-05 2.588569194753059148e-05 8.997217928159898474e-06 1.651974684780087854e-01 5.259386135802706086e-01 5.649311780924344273e-01
3.235790836574502691e+02 3.717808157043130072e-10 2.889759292246753725e-05 8.303438791690536609e-06 3.364785605658294587e-05 3.282420831265457731e-05 3.186154360628764794e-05 2.533142473742441909e-05 9.152731628849917529e-06 1.612793076629371325e-01 5.191070447734673632e-01 5.615656593266457053e-01
3.256699193691247274e+02 3.730416782527346297e-10 2.056598776272216460e-05 3.493161839022492648e-05 1.076350111954222124e-05 2.953764629178052159e-05 5.060887090718438266e-05 2.086217554967511242e-05 9.404628369493875709e-06 1.575103044333493185e-01 5.195063183061139345e-01 5.534322683573947854e-01
3.277613320317389594e+02 3.752126621508659963e-10 8.662733450862393131e-06 3.168235697999974537e-05 4.650088783646625024e-05 3.927645921779070751e-05 3.044439577295945769e-05 1.945613092391780297e-05 9.773146465732987547e-06 1.540275335628397413e-01 5.155541181440497223e-01 5.530401796369620593e-01
3.298528775465114791e+02 3.772681004586796064e-10 1.112343550104785738e-06 5.579609049184738749e-06 1.404133656538179259e-05 2.482639228918797979e-05 3.507423051761934628e-05 2.371041001976433463e-05 1.010783682620236082e-05 1.500890419675610654e-01 5.144579090820317058e-01 5.495580344314235921e-01
3.319490954754789982e+02 3.809602480954496987e-10 3.114148962069601878e-06 1.419242409260664965e-05 3.113729146671222615e-05 4.556862797494027885e-05 5.198971780099262164e-05 2.768791973837381415e-05 1.040647611802718912e-05 1.465132881477094473e-01 5.127563593668742481e-01 5.466753395964233375e-01
3.340459497813984058e+02 3.847206213276741131e-10 1.376227649218560037e-05 4.003399268740935255e-05 3.813599731754187147e-05 2.100278335797077555e-05 3.106454931136899412e-05 2.608486339060548656e-05 1.059195094650544501e-05 1.432913462665112991e-01 5.107018420578259832e-01 5.400543695081706508e-01
3.361354794442510183e+02 3.860967168662642059e-10 2.637396980554588042e-05 2.723765764909353204e-05 1.080956363285242772e-05 5.035158681320261656e-05 3.800188007268393594e-05 2.183002421614587597e-05 1.063078876028053797e-05 1.395738881710839041e-01 5.084597159647431530e-01 5.350528685470485879e-01
3.382319288274690052e+02 3.906686188554404856e-10 3.310874160979243824e-05 3.867465089568749293e-06 4.898552989382293866e-05 1.933153511565308095e-05 5.314690892414646040e-05 2.180746396541735817e-05 1.076902976569635512e-05 1.357798523465107154e-01 5.016810271918473729e-01 5.333940491688347052e-01
3.403313906495239394e+02 3.933102548066550704e-10 2.904037382670387544e-05 2.181481205780717573e-05 1.718532468739261915e-05 5.316158541294162135e-05 3.232466652998671874e-05 2.600367717433580637e-05 1.067109496618410340e-05 1.330933446241792939e-01 5.013789600060705176e-01 5.283736953027491356e-01
3.424251922559437844e+02 3.927801771164932982e-10 1.699339703832440966e-05 4.277228722097956080e-05 3.059723105963401009e-05 1.898990798560160656e-05 4.044163124845326330e-05 2.897460912365324421e-05 1.059464826085984888e-05 1.295573236681237805e-01 4.995449323506512274e-01 5.266039382893782372e-01
3.445202593968003839e+02 3.962165349694581906e-10 5.017814167513367914e-06 2.154513754212346416e-05 4.219647467445880406e-05 5.360714962388139678e-05 5.382594732325576305e-05 2.698770034079345974e-05 1.051935634629798817e-05 1.262232185139550433e-01 4.982014617092372921e-01 5.213459755572543708e-01
3.466163809680483610e+02 3.984277221866059016e-10 8.512875502961311372e-07 4.341037924952926842e-06 1.143500755279406636e-05 2.149863723207058055e-05 3.311013824152130486e-05 2.333589183788373444e-05 1.064327090021484919e-05 1.230830869360150653e-01 4.946212609485213796e-01 5.203724127882080053e-01
3.487095132464762628e+02 4.025353857995945577e-10 7.524254559990731366e-06 2.953281373081126360e-05 5.005048968076144481e-05 5.189901643303209875e-05 4.357658729859138904e-05 2.363917089851201518e-05 1.061876690445033702e-05 1.197024689629932886e-01 4.912482518592869440e-01 5.181414513241658915e-01
3.508016682810064708e+02 4.045035507619292387e-10 2.109604735908453862e-05 4.343154774347894890e-05 2.093036799888167715e-05 2.564314831789771940e-05 5.410578539034765805e-05 2.792932952678894951e-05 1.081948441383677074e-05 1.167967611860941529e-01 4.895790517909720529e-01 5.128366020678446491e-01
3.528940798048799365e+02 4.085412047469799357e-10 3.303736188472675687e-05 1.605435497164785929e-05 2.977055483595097130e-05 4.882987681691158068e-05 3.437722489297564071e-05 3.033700903432730346e-05 1.102397699774735848e-05 1.137563943526127969e-01 4.851060568263413919e-01 5.087107163122044362e-01
3.549886298168478334e+02 4.099317084027947499e-10 3.523907875264757053e-05 7.261573208970662776e-06 4.620375866949466342e-05 3.117110877814875750e-05 4.635809876378758638e-05 2.757263878918638205e-05 1.128485921773651285e-05 1.104412249538404001e-01 4.824622412649887671e-01 5.061287563360468145e-01
3.570861039437531304e+02 4.113075760724921402e-10 2.685027111878939815e-05 3.712897845328612037e-05 1.242050053521542743e-05 4.419783105498354835e-05 5.434862648662457644e-05 2.491485411510400017e-05 1.149506614816328411e-05 1.078635322356047560e-01 4.789464084134184008e-01 5.017561249216667685e-01
3.591818594594960246e+02 4.170149506025996973e-10 1.278453410787396807e-05 4.157899707555330057e-05 5.092085742148124794e-05 3.810405464656292283e-05 3.608524834863334279e-05 2.586130794433585880e-05 1.185241742520848637e-05 1.046924036133891067e-01 4.749430178892279364e-01 4.997793415687334928e-01
3.612754445157758028e+02 4.187412118191741255e-10 2.388261727067156416e-06 1.119188324690839873e-05 2.537753914132850999e-05 3.944956407012889082e-05 4.914134219980315771e-05 2.985610188478715361e-05 1.212798799177835459e-05 1.023357364455767526e-01 4.708400690990852677e-01 4.984329165125249705e-01
3.633698445783157354e+02 4.208022171688808811e-10 2.689116077546310832e-06 1.255409349260377219e-05 2.871355463918704703e-05 4.465061312576506467e-05 5.506090462374051803e-05 3.156985451745088748e-05 1.237148982526168817e-05 9.877334035891041641e-02 4.669089634162784108e-01 4.932700924488189198e-01
3.654637240977297097e+02 4.240664178307391519e-10 1.382402728421018825e-05 4.373653124644183237e-05 5.048517204134926091e-05 3.521173438938423071e-05 3.810300492464103512e-05 2.908603109742918937e-05 1.234995333343264954e-05 9.645178511637259033e-02 4.657428038314045948e-01 4.929283775706643778e-01
3.675608756924722798e+02 4.270795616115543616e-10 2.912758615509123167e-05 3.808085896567446865e-05 1.417886597387787428e-05 5.091762824967199238e-05 5.193572184629725738e-05 2.673100177960757435e-05 1.258013627663440474e-05 9.396473147273656790e-02 4.610358529220556223e-01 4.886285516640779258e-01
3.696548398984324422e+02 4.274609087252937494e-10 3.837990045438409735e-05 7.951830060839555368e-06 5.098864344744289041e-05 3.171255519997105048e-05 5.511538509650720351e-05 2.819789263593425226e-05 1.241497848207208358e-05 9.116228011483507032e-02 4.580064664544605813e-01 4.859850080195683986e-01
3.717422975218383954e+02 4.314227950233354236e-10 3.606450940052737398e-05 1.930628192162075072e-05 3.060729133212285484e-05 5.492871841888099843e-05 3.996886717792416221e-05 3.156269144038530139e-05 1.248022405758998543e-05 8.876250378862056423e-02 4.566731581520474537e-01 4.833333351518495080e-01
3.738345316973552031e+02 4.326322519947147464e-10 2.332981126188559063e-05 4.817505689394719373e-05 2.742062140187055051e-05 2.960196856175610424e-05 5.359827024624519957e-05 3.258739432053047011e-05 1.242630869157911834e-05 8.609522197674640553e-02 4.489434289443875459e-01 4.808179472331858273e-01
3.759313468695743268e+02 4.377540354425671121e-10 8.633055640066598390e-06 3.278202680667912874e-05 5.364175659640681973e-05 5.765887243592706610e-05 5.582016217244521581e-05 3.055716623808957033e-05 1.248295133301790979e-05 8.394885596420066654e-02 4.474351471641058731e-01 4.766359138384774208e-01
3.780303344363657061e+02 4.411145089148165020e-10 1.372752356619855935e-06 6.781163648335470608e-06 1.685611878872405841e-05 2.952888514384529345e-05 4.214322349802366978e-05 2.838435906491254949e-05 1.251384957100354216e-05 8.169185668448593340e-02 4.430934802505772097e-01 4.753597751535027505e-01
3.801218269149396178e+02 4.439453199464137815e-10 6.691600152619590348e-06 2.747687540134666296e-05 5.060633780901215717e-05 5.936919616116704233e-05 5.611059105335037677e-05 3.012543475092118017e-05 1.278943357867635363e-05 7.975840513448653746e-02 4.402953520143847999e-01 4.719423281573761342e-01
3.822135393523385005e+02 4.467892708614910508e-10 2.150310583029662774e-05 5.120290768900475107e-05 3.616409933357846667e-05 3.168824056683889560e-05 5.715942647411891112e-05 3.340760894944069798e-05 1.294656406172308304e-05 7.739317441327388247e-02 4.345342035386959290e-01 4.704348321255948373e-01
3.843146175400823950e+02 4.488542439622094269e-10 3.643084229886215010e-05 2.710284102912952702e-05 2.724280105723517382e-05 5.808673953997756182e-05 4.480196505322740124e-05 3.432826213578520633e-05 1.316193941523205110e-05 7.511187204500802128e-02 4.308294954304071611e-01 4.672003033402342131e-01
3.864101056160100143e+02 4.517899847521427570e-10 4.218565370311823083e-05 8.034216312422138320e-06 5.652272716966099135e-05 3.523713723868871731e-05 5.741899138538718626e-05 3.233963461869608441e-05 1.350075945408782807e-05 7.306995689929131343e-02 4.262305357418718077e-01 4.643192766538272731e-01
3.885033793022761870e+02 4.525419089796015246e-10 3.466169422125373782e-05 3.538879985911527558e-05 2.060972642217103091e-05 5.590357022513181893e-05 5.787508810178589410e-05 3.010440954812845132e-05 1.376113884999738135e-05 7.126877774257933673e-02 4.231112994008292549e-01 4.628634669505822807e-01
3.905981588752549101e+02 4.570817804287407460e-10 1.909848106029182031e-05 5.101654364537373468e-05 4.916772517820569842e-05 3.994759228260654751e-05 4.693083195457705407e-05 3.159911099625140198e-05 1.404057948792569912e-05 6.912886952603100599e-02 4.191737159203594021e-01 4.595956586194743232e-01
3.926962830464490253e+02 4.587803923392438925e-10 5.296291838242067455e-06 2.179432116510987232e-05 4.092861883764145489e-05 5.264701773809242046e-05 5.909950554812579365e-05 3.536378682494686486e-05 1.429101523129905169e-05 6.743989695170511667e-02 4.138725663763354601e-01 4.574863390311692535e-01
3.947896741701724181e+02 4.628541554639028538e-10 2.375394987630068716e-06 1.141870624844636545e-05 2.731163323770122102e-05 4.510315106994593914e-05 5.944064695220632516e-05 3.615159024547047397e-05 1.440439772165209529e-05 6.555529585668175285e-02 4.105426592330730373e-01 4.539152858100131138e-01
3.968786767830940221e+02 4.659491908080691619e-10 1.261515000911844249e-05 4.313326181306366246e-05 5.831295699841162816e-05 4.952409004730794380e-05 4.884417748809835103e-05 3.367602560722034481e-05 1.450871901185197213e-05 6.379989728691935758e-02 4.060261725443342629e-01 4.520538555543759940e-01
3.989711898920450039e+02 4.679568704998574068e-10 2.955236567477044333e-05 4.902311436628234209e-05 2.513307224975596716e-05 5.083436704791055393e-05 6.079452758673460237e-05 3.134574366956875501e-05 1.441480557430581588e-05 6.221984094745259403e-02 4.006256054498607000e-01 4.497618271728665573e-01
4.010676534742564172e+02 4.714436215013374373e-10 4.284553218381106492e-05 1.760498102216957259e-05 4.797289709553972047e-05 4.605336070154924399e-05 6.115573548576180483e-05 3.399823602912609627e-05 1.436812123957327718e-05 6.055168296873382483e-02 3.960009056525130022e-01 4.446833048217503914e-01
4.031627293156664678e+02 4.741429308405597438e-10 4.380893456245897388e-05 1.684812333480887310e-05 4.572019465275215791e-05 5.588709624386272150e-05 4.989845192098488262e-05 3.785045887768007447e-05 1.434441568103682631e-05 5.892122933299315940e-02 3.923186690945222321e-01 4.415501644704298845e-01
4.052550878295390930e+02 4.793078209966471521e-10 3.206909841575559405e-05 4.918941861435936253e-05 2.883472559285855504e-05 4.369315343916513133e-05 6.356486661905509899e-05 3.787810874154204875e-05 1.453738431467901506e-05 5.733988213003106404e-02 3.862811611439166959e-01 4.407323374879364430e-01
4.073503648607934906e+02 4.803263233847063103e-10 1.484345668552995691e-05 4.580720776640907494e-05 5.896157785358431189e-05 6.001627662771195069e-05 6.276868314839445431e-05 3.453234431198404903e-05 1.468817760618078024e-05 5.558011298626625019e-02 3.826751241755897981e-01 4.386789063275271516e-01
4.094473217349765264e+02 4.837647305403308893e-10 3.498751769189158257e-06 1.503986922743363350e-05 3.032558555114791188e-05 4.252993812833694148e-05 5.196573867692094891e-05 3.351472787405864476e-05 1.485500264562957104e-05 5.444276333064405199e-02 3.769783780285608232e-01 4.368254116435491552e-01
4.115447743192759162e+02 4.873784292292201415e-10 5.486581965350248785e-06 2.364136622950459757e-05 4.735689291114056674e-05 6.246158794025253778e-05 6.611299908300319729e-05 3.659538003665200055e-05 1.501916258628281047e-05 5.294366756811328539e-02 3.739249854205725088e-01 4.327322455972964499e-01
4.136345193598958190e+02 4.889422128853006788e-10 1.972938630762794611e-05 5.327717393683550050e-05 4.953920998285535755e-05 4.222174310387566892e-05 6.378978256727630249e-05 4.037735506820325649e-05 1.546864810249354896e-05 5.164480654334197701e-02 3.697591562453604319e-01 4.291274921017570465e-01
4.157253868667381766e+02 4.899442257016039128e-10 3.769068545637303119e-05 4.119786042399186033e-05 3.125334774208997948e-05 6.372084573097496407e-05 5.313177914559909638e-05 3.873845175222264650e-05 1.576574657859824145e-05 5.030916511499962385e-02 3.642712773476748933e-01 4.283402017163165931e-01
4.178222580190098938e+02 4.938668623063295193e-10 4.752591839073292502e-05 1.437646774953331579e-05 5.872871162713440778e-05 4.404385169596592169e-05 6.907309321619255790e-05 3.529174940645683734e-05 1.593583047704233839e-05 4.902958045123630149e-02 3.594501765407412952e-01 4.254028481782382021e-01
4.199170854077906370e+02 4.976393963768842574e-10 4.369787372375455236e-05 3.102612515617928841e-05 3.464762034184407774e-05 6.351196379729145568e-05 6.409030681012043221e-05 3.564141846497445706e-05 1.619507016004923159e-05 4.796669208759617858e-02 3.548805099549271480e-01 4.222387369718944017e-01
4.220111480546859184e+02 5.009451169787189740e-10 2.825008418127958446e-05 5.556702643774019261e-05 4.751180739425432507e-05 4.715004949124769625e-05 5.494133503011308959e-05 3.966367873991611472e-05 1.626567190057906655e-05 4.655627564325515860e-02 3.523629174398913988e-01 4.195078333201663345e-01
4.241058578563795436e+02 5.021352782802984856e-10 1.115047073803803067e-05 3.632823158138231409e-05 5.219737759708345829e-05 6.180463612955625031e-05 7.280403715400710096e-05 4.182375863661080264e-05 1.626902193735707845e-05 4.553718970520939657e-02 3.471549499503077119e-01 4.177711623408473796e-01
4.262018175540064249e+02 5.055274829521394194e-10 3.528301654572117420e-06 1.584195175064965542e-05 3.422547817985001714e-05 5.124514677085542625e-05 6.406379941188140414e-05 3.932289083533529539e-05 1.632317629372777084e-05 4.438206202918537624e-02 3.414708380546814803e-01 4.145599802087879815e-01
4.282959535252458068e+02 5.095584666095683950e-10 1.037538151980947656e-05 3.829745943689238257e-05 5.950066414822779021e-05 5.930004280817839364e-05 5.755523329259470863e-05 3.684642055026625499e-05 1.633725086683899007e-05 4.324767730501669072e-02 3.379117031925798487e-01 4.123393119561712949e-01
4.303922364496140744e+02 5.124043848120520543e-10 2.779002929960305398e-05 5.588435249864868076e-05 3.862263705097073585e-05 5.620169165383580745e-05 7.518840819622871631e-05 3.887666178166593745e-05 1.650769466755494779e-05 4.214111918351029495e-02 3.333920539269020766e-01 4.098873321863794050e-01
4.324889947899308709e+02 5.147476574574119482e-10 4.462052725547202629e-05 3.214561280062742612e-05 4.868301623727302237e-05 5.647199684036229830e-05 6.377305242693253348e-05 4.235736218570752652e-05 1.646419651917180245e-05 4.105871836787972767e-02 3.280455240700785868e-01 4.055439756050051581e-01
4.345810296701118887e+02 5.190330360289402947e-10 5.068776794546638433e-05 1.938759359332845104e-05 5.449537760483901802e-05 6.118232166982970018e-05 6.155038254697665890e-05 4.271363388564781126e-05 1.666701960851828487e-05 4.025090507917193638e-02 3.244844905259377521e-01 4.049168634185197901e-01
4.366728580083176325e+02 5.206774617720791199e-10 4.211162394983587379e-05 4.492665395899625192e-05 3.708309872131717639e-05 5.362551146952530454e-05 7.719883285130749336e-05 4.073364636431366646e-05 1.676127848593935416e-05 3.918483611015145113e-02 3.206665226813000258e-01 4.021716178079523529e-01
4.387675665773857645e+02 5.238190729888622020e-10 2.427812979350652282e-05 5.398500193648477820e-05 6.071039682646332445e-05 6.572619147999758909e-05 6.346770202111119946e-05 3.924367611554761939e-05 1.695804873231230640e-05 3.827407449817270962e-02 3.159156934140883721e-01 3.984407636170549383e-01
4.408626667365114145e+02 5.285210570204471652e-10 8.901493029894139248e-06 2.882312888354363005e-05 4.145789667199896634e-05 5.123827018330804500e-05 6.547771335890169059e-05 4.133869913509504156e-05 1.726607396706531541e-05 3.741221425352939806e-02 3.109087046065840410e-01 3.955774430485779480e-01
4.429555762195456623e+02 5.306535248278435618e-10 5.631250308077695297e-06 2.472996164077208170e-05 5.112294673596110071e-05 7.072883971210589731e-05 7.903104937537921526e-05 4.443681714664643570e-05 1.780064540342256858e-05 3.658397586250080463e-02 3.056875464710767099e-01 3.924531782318150808e-01
4.450486794052857817e+02 5.342805764890475428e-10 1.669572791108460356e-05 5.056473067773797230e-05 5.756979268741485052e-05 4.985351464050634298e-05 6.458685551471241156e-05 4.444195999937489269e-05 1.811376414762318646e-05 3.562898478612020609e-02 3.031964307118448776e-01 3.910268883659115957e-01
4.471472511764327464e+02 5.347510420562672120e-10 3.538223461791756318e-05 5.136052570352225464e-05 3.902324136206102966e-05 7.294881004466312162e-05 6.923064898212876513e-05 4.225667177527790518e-05 1.805670986070966033e-05 3.490038866156076197e-02 2.987186570368869920e-01 3.867736702734290155e-01
4.492440270172272108e+02 5.387630238502727580e-10 5.009521609944578611e-05 2.689806416271894318e-05 6.331152465983805354e-05 4.916692447655710501e-05 7.872837933590595770e-05 4.138613700797634791e-05 1.822394333795270634e-05 3.418799269018116260e-02 2.948871850285607055e-01 3.830694380242616881e-01
4.513342678925079099e+02 5.423183105806298809e-10 5.192809868923248755e-05 3.070816697974928020e-05 4.406268418808711204e-05 7.571410648276912230e-05 6.625505517089595004e-05 4.374895081348449362e-05 1.834388179974367415e-05 3.338004637781378375e-02 2.903540653850266717e-01 3.811989358048776255e-01
4.534279398518581843e+02 5.466718380466626789e-10 3.971358314504369814e-05 5.410370072295321353e-05 5.203114745750381210e-05 5.005458342902022298e-05 7.300884080713230910e-05 4.637510694341186505e-05 1.835695508280572153e-05 3.270513108438080629e-02 2.867558170595139733e-01 3.776075509825829180e-01
4.555222950128259640e+02 5.475462867108625527e-10 2.114073412062472066e-05 4.753570042763245702e-05 6.101536282757411494e-05 7.637248080420183823e-05 7.963545173465289104e-05 4.601035550705982047e-05 1.834661107072700536e-05 3.198880784931240617e-02 2.820053061872373479e-01 3.760626586016905804e-01
4.576175673840336344e+02 5.514943722576448829e-10 8.389207318652493775e-06 2.712538220456150298e-05 4.006459043165627244e-05 5.230954131432653722e-05 6.901913807715871318e-05 4.395392408769716833e-05 1.857085399708655854e-05 3.123856840637311005e-02 2.781579182274655504e-01 3.725734324121038332e-01
4.597121864611017372e+02 5.551742320357213497e-10 9.422023926604874202e-06 3.760592068930740286e-05 6.654415238549435147e-05 7.649808618738373925e-05 7.556105382842812817e-05 4.358686774954094998e-05 1.860830867275568246e-05 3.051263169340038411e-02 2.745069079062687489e-01 3.703578588851461073e-01
4.618035845536060719e+02 5.586953234832084262e-10 2.386078253073788285e-05 5.657182517642867664e-05 4.795047532732280363e-05 5.546032145562250433e-05 8.145232318644297226e-05 4.700137878805483608e-05 1.898559706707116392e-05 2.987447146416733271e-02 2.706749283084705082e-01 3.685355258613770557e-01
4.638999424021318987e+02 5.617040394072394154e-10 4.258451854747181845e-05 4.388677548867645460e-05 5.154957048448483774e-05 7.587356068553463215e-05 7.103060282531104756e-05 4.859864819880508761e-05 1.913112477210565228e-05 2.930282247345825444e-02 2.660632529351568687e-01 3.642711664665390092e-01
4.659952084727078727e+02 5.648757700540399093e-10 5.420184736762229604e-05 2.859284151571008127e-05 6.664676986990317783e-05 5.863642781424619962e-05 7.793089136441144792e-05 4.718920521091350012e-05 1.931189683013272187e-05 2.860683538714585070e-02 2.617084474096167956e-01 3.614163537947085447e-01
4.680896863433834483e+02 5.671499055140462648e-10 5.174017453753668855e-05 4.446165830208035507e-05 4.059877096822978195e-05 7.374888474423420054e-05 8.269446971527091535e-05 4.512748699241613009e-05 1.967667247244579015e-05 2.794054917415697559e-02 2.584504522593782938e-01 3.586774797764361034e-01
4.701853136705894372e+02 5.689774689161122944e-10 3.675798519550049824e-05 5.711783596192085698e-05 6.804256051121366589e-05 6.347881194888801157e-05 7.295106504182748760e-05 4.676124117088645862e-05 1.989668965296400286e-05 2.744133217380465353e-02 2.540406200131767878e-01 3.571872001502429672e-01
4.722796667883229702e+02 5.755465203854472953e-10 1.907853727540618127e-05 4.023234929581148293e-05 5.384299932510795196e-05 7.186890843218448114e-05 8.118619887944662121e-05 4.972724364300683866e-05 2.005534078575160463e-05 2.682397405398896303e-02 2.510930398732765800e-01 3.529166498598287349e-01
4.743731081744988387e+02 5.773051124523358246e-10 9.704788676154989908e-06 3.181139714959437719e-05 4.975641025194139602e-05 6.722130798157486653e-05 8.393262484660363946e-05 5.000492159777363829e-05 2.028292335893215769e-05 2.643022858105890938e-02 2.466966323868310107e-01 3.500310554921919337e-01
4.764663194103498540e+02 5.788304758904931224e-10 1.476124148894690994e-05 5.086027410439773955e-05 7.204521040685245563e-05 6.980850306318379494e-05 7.424631714443108519e-05 4.813051478240325021e-05 2.034293856496684427e-05 2.593218567886040188e-02 2.433137153443350742e-01 3.475936793600965524e-01
4.785626880887456309e+02 5.840786258113908611e-10 3.089468572533029774e-05 5.617630164298639204e-05 4.361149521082046337e-05 7.151891640851281069e-05 8.479132972758053426e-05 4.802648926443870721e-05 2.049077319711513088e-05 2.523549221366837986e-02 2.405126465851636919e-01 3.452531642488475550e-01
4.806594230190371491e+02 5.862368611629932000e-10 4.852214809461294202e-05 3.726745941930932507e-05 6.724982328790755318e-05 6.852912348013980330e-05 8.507122387414166331e-05 5.021040036154289087e-05 2.066045684313202115e-05 2.469229558804252392e-02 2.364447687703018219e-01 3.420362870879592454e-01
4.827515984537249096e+02 5.904130467949409320e-10 5.670285502769538112e-05 3.650451394100904178e-05 6.162025872767930529e-05 7.578297743105872578e-05 7.668951958325180031e-05 5.162608359351718258e-05 2.080451936979703671e-05 2.423035106263207381e-02 2.328530880864145558e-01 3.387687595645246796e-01
4.848444945058063809e+02 5.924403962172583876e-10 5.047575372460702688e-05 5.655878297942561525e-05 4.845526489799498090e-05 6.708074893460442526e-05 8.897664687987388204e-05 5.113268471927677244e-05 2.082549664950492305e-05 2.380004848636086204e-02 2.283960346754060622e-01 3.349459195638037623e-01
4.869401476562634912e+02 5.960462507016178714e-10 3.418343569327438123e-05 5.424971005987567894e-05 7.509066110794451255e-05 7.891485254348849332e-05 8.432837357286222953e-05 5.006881923951872124e-05 2.099290536698970335e-05 2.325632640455360320e-02 2.255625940496582549e-01 3.328612493858212895e-01
4.890371632825397228e+02 5.995110771523818174e-10 1.849635166704847206e-05 3.513215448917163350e-05 4.895827761992202709e-05 6.624845270515810302e-05 7.978240442375678836e-05 5.080351798649402402e-05 2.126899604244111594e-05 2.283658588333277104e-02 2.221629308964144234e-01 3.294076777312965332e-01
4.911313406170218627e+02 5.994270485802069902e-10 1.301068104155025457e-05 4.165979870229617038e-05 6.406321361570384721e-05 8.143396916766314675e-05 9.112393123893703880e-05 5.214303127576875734e-05 2.140213627022138741e-05 2.240506587107389536e-02 2.193121490654391936e-01 3.266185418489610526e-01
4.932236927991997959e+02 6.029723652838681475e-10 2.115446516939773261e-05 6.095671603454178922e-05 6.828812208799984649e-05 6.647116907962044314e-05 8.460735139323360076e-05 5.349373602635004737e-05 2.176866234305367979e-05 2.189066010929328551e-02 2.156357338019780912e-01 3.237525539690730425e-01
4.953190833088673912e+02 6.065130925616480968e-10 3.789184159282375775e-05 5.180741876823560392e-05 4.946177658394502444e-05 8.345451173512297670e-05 8.377843559008027799e-05 5.279511586999645746e-05 2.198953021507536236e-05 2.154996970181152771e-02 2.119334388865087571e-01 3.213098309399838870e-01
4.974115705940560019e+02 6.106013740300354661e-10 5.259892207664987725e-05 3.439058623177213871e-05 7.494929694517620173e-05 6.722543107309000539e-05 9.211592141331251932e-05 5.225916990741652122e-05 2.194193145454757197e-05 2.109644192711294247e-02 2.094589641648158806e-01 3.188142818209670493e-01
4.995011867802634811e+02 6.149054689269587509e-10 5.688761133949240178e-05 4.721723730927934271e-05 5.653609690532094157e-05 8.429706056591203646e-05 8.585514604821598494e-05 5.312227125021804419e-05 2.223199796242139459e-05 2.063147889549239028e-02 2.059167838015458774e-01 3.151720424873046267e-01
5.015956169017093202e+02 6.178978406494180518e-10 4.837809841886862568e-05 6.454715882347028912e-05 6.218666738055211158e-05 6.922579297730613540e-05 8.842415398169538798e-05 5.517108675836018448e-05 2.238256108715377607e-05 2.029626016849651188e-02 2.031755033830318358e-01 3.130129517608274403e-01
5.036923583201559040e+02 6.211063573271215222e-10 3.252826712616677178e-05 4.961268501049617393e-05 7.309713110764727594e-05 8.550343674918840775e-05 9.390945341959417315e-05 5.548301816462636896e-05 2.258263378794006285e-05 1.991554014254700092e-02 1.995738799309033640e-01 3.095801885810001153e-01
5.057875742324567909e+02 6.238063215052835144e-10 1.989925343317306848e-05 3.487629853992044193e-05 5.350252588028218866e-05 7.080785844241050092e-05 8.830412219744884230e-05 5.426739355720111113e-05 2.268535556406892122e-05 1.945811817538359648e-02 1.969091112412053868e-01 3.072712269401845497e-01
5.078832170778152317e+02 6.247294968084331235e-10 1.803597678834786104e-05 5.296966326339075051e-05 7.439111194063398097e-05 8.614010448539114937e-05 9.094795439010787278e-05 5.468773593399610280e-05 2.291134778021645802e-05 1.913588625686528377e-02 1.937024738762288534e-01 3.041968731537192383e-01
5.099797051358510203e+02 6.311531560738741295e-10 2.822456471487378357e-05 6.662341370569355213e-05 6.273846898282922353e-05 7.349250928940152491e-05 9.488830046551438395e-05 5.652361018136122222e-05 2.307859400166087220e-05 1.872223516239523641e-02 1.907118549250801653e-01 3.019439028665561464e-01
5.120770832352587831e+02 6.335854895445943185e-10 4.415747649805554882e-05 4.743530345675196400e-05 6.331755177312026715e-05 8.584050779707585034e-05 9.062802480145899613e-05 5.704831665922301294e-05 2.336483121391150818e-05 1.839920260175511441e-02 1.879187472015768079e-01 2.990450847108722110e-01
5.141705940684560119e+02 6.362776678184494397e-10 5.543227522497547389e-05 3.621506659024177545e-05 7.489321441965340854e-05 7.626601160415947829e-05 9.291267987398284364e-05 5.668746609760488988e-05 2.348487228076032859e-05 1.798152620564254234e-02 1.845676542136710230e-01 2.955490706623050690e-01
5.162616741448513267e+02 6.383992889793509711e-10 5.578620696542184210e-05 5.775232175557093618e-05 5.802948269333711956e-05 8.504051137230994736e-05 9.672599581358378037e-05 5.680049709497012468e-05 2.365000743018943785e-05 1.765696169238932522e-02 1.819999965024546307e-01 2.935223213338712944e-01
5.183580454577377168e+02 6.405219641901608595e-10 4.554493225128761696e-05 6.774280684922458847e-05 7.460751500548132081e-05 7.883884963342017126e-05 9.168036124817090650e-05 5.778198662757664302e-05 2.383647635615307385e-05 1.738017960591637170e-02 1.798579996184306862e-01 2.906949648537613951e-01
5.204527896619756575e+02 6.442014909620334151e-10 3.144594076747552608e-05 4.587825058125751600e-05 6.657965197889158411e-05 8.486701407933623382e-05 9.659113450379437074e-05 5.823495562960389010e-05 2.389687595204660107e-05 1.693747608747417019e-02 1.764540931188587347e-01 2.877415694184375927e-01
5.225433902606454240e+02 6.467519093356938286e-10 2.236808418352622524e-05 3.872057222989662743e-05 6.464624205597705939e-05 8.193607542432597424e-05 9.824287166231848180e-05 5.864592687601486207e-05 2.419702840526026630e-05 1.665251057747234656e-02 1.736576199221108729e-01 2.843660173780314659e-01
5.246382473770604520e+02 6.488343392360651208e-10 2.426323948521163121e-05 6.195026684639708548e-05 7.780964072613871698e-05 8.439357403987420481e-05 9.362871164631441983e-05 5.849263767612970907e-05 2.418290833296471494e-05 1.628763404210980051e-02 1.707351150437714793e-01 2.814205430573002431e-01
5.267348628909923036e+02 6.539143580425913898e-10 3.538702849185184100e-05 6.791818943000517926e-05 6.069837220407318636e-05 8.468046969724981265e-05 1.001656318529876025e-04 5.940852673287531162e-05 2.447544951995205578e-05 1.601742832550602166e-02 1.683053838797040902e-01 2.786596969119330414e-01
5.288288088098518074e+02 6.574568841951099424e-10 4.938809559890443908e-05 4.534405426744012203e-05 7.651777344290561407e-05 8.427938838946809916e-05 9.835078521071322782e-05 6.008104982455519694e-05 2.464554926143228459e-05 1.565690746636948238e-02 1.660814950278485247e-01 2.763872358242026595e-01
5.309203479009860303e+02 6.601952752687823088e-10 5.674296975583885654e-05 4.191007191450430309e-05 7.127326522477116168e-05 8.678366433766488894e-05 9.766464500090333331e-05 6.020589731693251959e-05 2.486255008024849231e-05 1.536983355429886143e-02 1.629676374035044228e-01 2.735471245696711740e-01
5.330158238197313949e+02 6.643764720974073573e-10 5.405890221983170480e-05 6.561404439991171112e-05 6.447500276028799208e-05 8.444636137472469762e-05 1.024925519918970225e-04 6.064301147257075236e-05 2.524822746722315056e-05 1.508531602104151888e-02 1.610827833598607872e-01 2.708960454203145352e-01
5.351143876150887309e+02 6.662642949473360336e-10 4.286880563311384022e-05 6.739238647105621517e-05 8.229761180902690385e-05 8.966331719326628012e-05 9.959359580215237223e-05 6.093286064809268850e-05 2.538977371646948785e-05 1.473893221032074666e-02 1.585082870682780753e-01 2.677619933353368453e-01
5.372069595479000554e+02 6.667039731362891938e-10 3.123646494188720649e-05 4.588616692411309609e-05 6.430454175208697050e-05 8.468857472105786692e-05 1.018016751100453513e-04 6.225822145926230460e-05 2.558202381508489697e-05 1.444476764519723490e-02 1.556439961465789223e-01 2.651600992318369210e-01
5.392995375237818507e+02 6.738349631978867702e-10 2.641613401308407971e-05 4.636613515100282564e-05 7.550233385665157631e-05 9.211083599817945268e-05 1.031143380358711070e-04 6.259619638158405797e-05 2.586638181312731773e-05 1.418488681467544761e-02 1.535461411512900609e-01 2.629924667285234441e-01
5.413947492355487157e+02 6.771281835041357806e-10 3.152396405310940616e-05 6.791312006998298024e-05 7.902008835921904258e-05 8.560692779126976215e-05 1.028339749427280400e-04 6.220693950569507723e-05 2.587189078374577071e-05 1.391516018581399894e-02 1.514988769390030465e-01 2.604108860534032899e-01
5.434885356846050399e+02 6.795861818671951789e-10 4.328728510322747876e-05 6.646560575859552784e-05 6.450019320307231075e-05 9.418371796598869314e-05 1.047502943624065863e-04 6.294316496472991565e-05 2.602738719422834310e-05 1.363689222392987059e-02 1.488018799730319308e-01 2.569653213954069537e-01
5.455833306294434806e+02 6.821977921039146150e-10 5.403377059076382925e-05 4.705236095304098499e-05 8.398892564896677428e-05 8.626037862432639437e-05 1.044753738723972120e-04 6.429867463793541413e-05 2.607350540188208392e-05 1.336928686923449100e-02 1.469634090441521157e-01 2.541204309470703193e-01
5.476773081830593810e+02 6.862679388187160582e-10 5.749545930047142601e-05 5.091427706005136148e-05 7.166949044066589719e-05 9.535027705125627222e-05 1.047937088439346239e-04 6.435668898478763035e-05 2.626924239352564316e-05 1.308104611288323990e-02 1.447060811580794526e-01 2.528568817697237070e-01
5.497700562822764141e+02 6.871040192201700539e-10 5.135317914787383703e-05 6.953127626103903776e-05 7.255204360842098458e-05 8.758387972735622051e-05 1.068649803700770832e-04 6.380298248844122676e-05 2.643651645179594302e-05 1.275807063152161608e-02 1.422936440202375308e-01 2.495660987843752177e-01
5.518648777108212471e+02 6.944636225713985655e-10 4.064939539992143961e-05 6.516153479767596045e-05 8.460862358449513056e-05 9.690764466650710627e-05 1.075528550364204534e-04 6.488674540386061304e-05 2.694840007855932534e-05 1.258487073353845194e-02 1.404126995960752189e-01 2.475360296242270219e-01
5.539601856136171136e+02 6.951528317711165442e-10 3.157949437966518666e-05 4.905667925677356899e-05 6.887139397102969398e-05 8.902979932686793730e-05 1.069850161254765438e-04 6.568726350121460516e-05 2.700608713151703366e-05 1.226185785355696396e-02 1.376237227918291617e-01 2.445075320608723901e-01
5.560567849672725060e+02 7.008708726224743149e-10 3.094626567787181075e-05 5.655361302415158831e-05 8.196228522730044969e-05 9.747548101314364752e-05 1.104511477104601049e-04 6.708032012183420725e-05 2.744468524697248028e-05 1.208718866189306164e-02 1.361968850758595029e-01 2.429171709302777593e-01
5.581503751447530703e+02 6.985493084319958718e-10 3.880586433530588188e-05 7.067360796980325067e-05 7.893366687565403451e-05 9.130494221939353626e-05 1.079858125647368541e-04 6.614446458421812400e-05 2.738336513390562295e-05 1.172217693413854858e-02 1.333946064279035171e-01 2.381921603697516876e-01
5.602412329118784555e+02 7.047794319495855679e-10 5.067097817456139109e-05 6.307021592739349631e-05 7.411739258031215297e-05 9.760603259589535705e-05 1.111747689344377051e-04 6.604858688580529582e-05 2.788941293487304942e-05 1.153216423372796853e-02 1.321444415651888693e-01 2.362363319106792481e-01
5.623382906065681937e+02 7.082490989243574223e-10 5.887757754933013699e-05 5.137602719082461501e-05 8.506131907932953159e-05 9.390962886670802792e-05 1.114778632073644914e-04 6.752582263744609297e-05 2.789064702717764383e-05 1.133290326935243800e-02 1.300635057349338319e-01 2.349694947758308727e-01
5.644366525925661335e+02 7.112418795121341648e-10 5.809763341822472116e-05 6.168878234989523155e-05 7.580894955508461655e-05 9.820608844918047621e-05 1.096079735498225007e-04 6.902255384582833451e-05 2.791476491871539806e-05 1.107874611981578793e-02 1.281922480730900427e-01 2.320090105391133251e-01
5.665277017742956787e+02 7.090101319988214370e-10 4.892490836079984857e-05 7.165228771784969207e-05 8.085855854840876824e-05 9.528571570765947203e-05 1.141169243497092725e-04 6.821439378590470331e-05 2.782787997471379337e-05 1.077643622522261348e-02 1.256067359791788740e-01 2.284416343067048605e-01
5.686215733679467803e+02 7.204358510699945870e-10 3.845149823848401408e-05 6.178666733558591450e-05 8.301274529994418069e-05 9.906710848680644419e-05 1.123089871399183599e-04 6.811322520595252262e-05 2.829990672797108540e-05 1.064908490281981160e-02 1.247197645467470334e-01 2.271841800883840634e-01
5.707184637929102564e+02 7.181287943067315422e-10 3.189031417788802545e-05 5.331495638239172971e-05 7.734636965502149179e-05 9.807011043000592046e-05 1.133417880569604654e-04 6.858894340490030305e-05 2.840395844664742847e-05 1.032264027564373451e-02 1.219395477409153800e-01 2.242402554547465454e-01
5.728131146061854224e+02 7.253230079753562350e-10 3.526300161561859981e-05 6.668902073533318042e-05 8.668837656307130045e-05 9.977582699035775801e-05 1.177161846486515486e-04 7.119087881262987352e-05 2.882640278734580617e-05 1.017005911289188373e-02 1.207918942290209935e-01 2.221184749850106388e-01
5.749074041034737093e+02 7.227807651454352633e-10 4.551898947389698263e-05 7.307890652056123388e-05 7.874899537822842126e-05 9.923326588696513141e-05 1.126471327547107286e-04 7.072745011007845696e-05 2.901331226717915025e-05 9.901208873285678030e-03 1.182940554890142271e-01 2.190042477934600051e-01
5.769994639719242286e+02 7.283730305330954598e-10 5.755861783520578009e-05 6.072411805969481582e-05 8.336383971793767526e-05 1.007470640747171604e-04 1.169727148896103905e-04 7.033876588914561860e-05 2.935687341576207968e-05 9.694421315741622025e-03 1.166094537306378853e-01 2.171371556700212591e-01
5.790960084489871633e+02 7.347844032300740933e-10 6.358863583665246911e-05 5.572825399340220344e-05 8.723671109330696197e-05 1.012437718300755529e-04 1.193715459336030182e-04 7.059487658594770440e-05 2.969898441498985473e-05 9.506928089593325373e-03 1.157059590290125950e-01 2.152225296131255183e-01
5.811896428196663464e+02 7.316645608511260233e-10 5.927394700700367873e-05 7.004296397680533927e-05 7.914107952792930631e-05 1.021307906978639136e-04 1.152781491497884025e-04 7.208044029492359549e-05 2.959023594862771791e-05 9.259844247178843080e-03 1.128813624114267389e-01 2.119796657008293783e-01
5.832805405534110150e+02 7.380895910205754558e-10 4.840870950556953184e-05 7.521547375652830141e-05 8.912340014325958483e-05 1.015581428010498807e-04 1.203941742208426946e-04 7.351743281950253611e-05 2.986119335681674443e-05 9.107598226489960203e-03 1.119134342940073107e-01 2.100728105532265189e-01
5.853764954557684632e+02 7.417165475379797646e-10 3.724926712333423705e-05 6.098358556020843719e-05 8.531184780789903630e-05 1.053725902438031948e-04 1.212850205824590651e-04 7.288606949474850404e-05 2.995047004239808025e-05 8.893252822688766865e-03 1.100766829715553591e-01 2.080340537156090408e-01
5.874714889428527158e+02 7.437016088608573831e-10 3.261526591810806142e-05 5.707163587904111611e-05 8.268013547304569233e-05 1.017433533410007097e-04 1.171432272505347689e-04 7.150717113016069278e-05 2.991778009594721872e-05 8.710141275474821143e-03 1.083929703447026605e-01 2.056035807650376246e-01
5.895657062850251577e+02 7.485028492224055863e-10 3.855027456874903218e-05 7.314132064911269980e-05 9.147392551678415256e-05 1.075815264976468703e-04 1.250291162429184740e-04 7.396497672949636695e-05 3.035264400949519369e-05 8.502166532489811163e-03 1.066473906376700642e-01 2.029633075050057411e-01
5.916600943803775863e+02 7.491438539727003765e-10 5.084734299381900524e-05 7.679693553166395199e-05 8.467481001179558956e-05 1.026492821656941159e-04 1.207241047623010797e-04 7.540309290245895599e-05 3.071372599942415464e-05 8.292919040015693175e-03 1.050689700597828846e-01 2.008142948631337077e-01
5.937554946562310079e+02 7.548606072508069645e-10 6.319421715414026935e-05 6.222495904722141855e-05 8.707049616589868210e-05 1.092130373801504609e-04 1.211104640885434441e-04 7.492726264300286906e-05 3.084969360130513641e-05 8.139657981188987493e-03 1.035935959447234211e-01 1.986608848897456758e-01
5.958501144411602581e+02 7.551101080271917805e-10 6.723550614513114018e-05 5.952150516982276343e-05 9.083375777159345536e-05 1.035737884880660100e-04 1.272219536080208704e-04 7.386041869873475533e-05 3.109741699662947763e-05 7.904636238402991399e-03 1.015651453177437713e-01 1.957236192164731325e-01
5.979450149574882971e+02 7.629170110510707003e-10 6.210768770344577815e-05 7.456058917365600692e-05 8.668560896237720228e-05 1.109049356954893052e-04 1.221563167946415455e-04 7.580315380436868815e-05 3.138915319516475874e-05 7.783722179905876518e-03 1.008057527359888100e-01 1.948187091408250804e-01
6.000386523969983728e+02 7.599032294440374842e-10 4.927075700897240825e-05 7.726373155454893508e-05 8.983585067146931068e-05 1.049448771413793221e-04 1.254074373652861189e-04 7.656873457161587199e-05 3.137841135385269719e-05 7.556873171622744204e-03 9.852045302500686552e-02 1.908035196943491107e-01
6.021316061344980426e+02 7.660032072382547327e-10 3.765791829797030725e-05 6.498397265191488610e-05 9.117885133197111921e-05 1.118126633227493004e-04 1.292164621880234805e-04 7.764395161313707400e-05 3.166949532201031385e-05 7.416442982399788775e-03 9.768184644449556808e-02 1.903169305329523164e-01
6.042249972048517748e+02 7.668970439579090525e-10 3.414282349974499098e-05 6.240285954444835649e-05 8.867335401403195249e-05 1.064307044106683271e-04 1.234493565636285070e-04 7.630319029593725627e-05 3.174254294063927448e-05 7.212174309116575234e-03 9.574472007239231974e-02 1.871955122145147199e-01
6.063192760894660296e+02 7.735378760301138077e-10 4.122881510943070900e-05 7.553896307620889096e-05 9.214658083477377329e-05 1.135748990468350331e-04 1.294803854325051807e-04 7.734320628450277969e-05 3.214293843102099322e-05 7.072767641350678931e-03 9.473777061662308485e-02 1.855942078576703347e-01
6.084150216106399967e+02 7.740786762745821024e-10 5.426538497406173308e-05 7.800953957399593480e-05 9.259295449950784491e-05 1.084051593016041105e-04 1.305411676636036183e-04 7.895809693793811679e-05 3.232396122203565095e-05 6.920193062828879950e-03 9.324552371252073368e-02 1.834210687583554822e-01
6.105093846375350495e+02 7.809048772988810902e-10 6.661671454621944885e-05 6.780749404523410840e-05 9.196342471337055197e-05 1.150358112888203295e-04 1.258364241026621339e-04 7.951122657163765004e-05 3.254020507979799574e-05 6.750456144488706754e-03 9.177147770420966688e-02 1.813665379691185298e-01
6.126040632268012587e+02 7.815967182176741807e-10 7.064524717895808640e-05 6.655685635023835163e-05 9.308223546086914638e-05 1.085164996523560048e-04 1.334181747945342364e-04 7.869124253473096914e-05 3.259560517198172930e-05 6.602516926928540114e-03 9.043225425966375242e-02 1.790534545359924457e-01
6.147005383322473335e+02 7.848459714173227682e-10 6.470661844820856557e-05 7.626901762511837637e-05 9.370888697803755820e-05 1.172164521539519587e-04 1.307260547416781043e-04 7.930818443622495307e-05 3.300309068133987407e-05 6.462012586473283617e-03 8.925007178098032234e-02 1.771349620627557520e-01
6.167952341439762449e+02 7.847125059423037478e-10 5.239973971757636094e-05 7.729307887710480576e-05 9.395072956136697349e-05 1.092530896086678360e-04 1.302109312962827553e-04 8.076761491065883062e-05 3.305706313979998710e-05 6.288989164627164369e-03 8.749892453173728490e-02 1.751066869378917201e-01
6.188889822276647692e+02 7.904904401620921649e-10 4.101390965796915754e-05 6.976435584964624985e-05 9.529900858545142480e-05 1.195747603558975383e-04 1.354436430416594279e-04 8.095629604388016758e-05 3.326185122997588273e-05 6.129381298544806650e-03 8.643698937492044765e-02 1.729416921827541531e-01
6.209828695943464254e+02 7.909750456300936075e-10 3.757488741162503512e-05 7.082313002005088769e-05 9.429249968602894784e-05 1.101606201821150026e-04 1.313213609746872871e-04 8.115222225421844554e-05 3.327397735064901150e-05 5.990620978430511410e-03 8.476665141375791523e-02 1.705806227824484267e-01
6.230767360683975085e+02 7.975757801384808595e-10 4.390019368165303497e-05 7.822456006071463086e-05 9.712161347968799633e-05 1.212126290243570201e-04 1.348021033675311699e-04 8.161873858327635628e-05 3.371522672226312707e-05 5.860146899620593403e-03 8.404167967204700940e-02 1.689460736256178930e-01
6.251728313278765654e+02 7.995292050164233647e-10 5.629130795770030232e-05 7.702203826136682144e-05 9.658092874725412503e-05 1.114909149772377661e-04 1.370590671712372988e-04 8.280014004123775469e-05 3.388972926209542056e-05 5.729641652958137807e-03 8.248420053509084027e-02 1.670348412783365377e-01
6.272672133622505726e+02 7.998496139103508690e-10 6.758255476990631468e-05 7.127630629493161081e-05 9.474176623237143594e-05 1.224603620037714312e-04 1.336136366659300282e-04 8.283441146889790807e-05 3.418479893643360169e-05 5.586075124507493966e-03 8.142841179568852117e-02 1.647530651624280196e-01
6.293599109759630892e+02 8.025827068907072893e-10 7.170368598028208703e-05 7.420606521524616788e-05 1.010587861450164287e-04 1.137682041076827128e-04 1.384854955150761143e-04 8.322472120122867574e-05 3.451175289983405978e-05 5.430050356197346426e-03 7.995233672196823405e-02 1.623492698065775730e-01
6.314516137681961254e+02 8.057736574726629293e-10 6.604198924108951613e-05 8.011690348605771388e-05 9.657376589883689055e-05 1.227670951872816666e-04 1.373082697484750156e-04 8.382128094501293647e-05 3.443059085798689384e-05 5.314242034894693309e-03 7.875777897259761406e-02 1.605280551410816214e-01
6.335478625023006316e+02 8.148490498431468490e-10 5.611538271550353554e-05 7.891429444717994624e-05 9.769459392125378803e-05 1.164641890277054638e-04 1.376760209345736965e-04 8.555386332621848307e-05 3.505654397431285773e-05 5.227678583192302102e-03 7.817454024788501876e-02 1.593624501736667087e-01
6.356447848587720273e+02 8.124052504585097552e-10 4.601961872967334576e-05 7.261001902682171470e-05 1.036707400860282840e-04 1.244395478757308999e-04 1.416405582685975346e-04 8.446436996110481138e-05 3.476190683977774389e-05 5.061586303925957181e-03 7.646546307660549713e-02 1.567042026145452349e-01
6.377361418095657655e+02 8.139030104600870795e-10 4.293456887632480991e-05 7.551412463483604383e-05 9.576178847989619519e-05 1.163883382513940956e-04 1.384858684114035916e-04 8.503719596028821754e-05 3.490507446444284352e-05 4.935663480337668801e-03 7.524441537113210621e-02 1.549108429788970676e-01
6.398305820283386538e+02 8.204591829650944029e-10 4.846513943358364779e-05 8.249327127424952138e-05 1.012373175348832275e-04 1.266985323255879190e-04 1.417507528936030425e-04 8.642087163790302512e-05 3.542877832347825234e-05 4.843787491982065770e-03 7.461168069588515472e-02 1.535781623382999062e-01
6.419259021906950693e+02 8.220746923929000686e-10 5.879485385808331865e-05 8.067416128025391609e-05 1.048529349788009161e-04 1.174429738299091866e-04 1.428857224863565062e-04 8.723675000819838571e-05 3.562148500089390099e-05 4.728018659754485917e-03 7.310453727848709171e-02 1.511953706020501276e-01
6.440217699235045075e+02 8.285729019790790994e-10 6.836386653739497609e-05 7.591120896453390770e-05 9.813178234722733854e-05 1.292459735204676903e-04 1.430212484943758043e-04 8.712357704670058308e-05 3.612739243550633394e-05 4.625526652689134106e-03 7.245619374847575567e-02 1.500739590305097404e-01
6.461144832623982666e+02 8.249274490697048905e-10 7.066995586325199128e-05 7.663373327765495534e-05 1.052254526425957241e-04 1.184820023139769129e-04 1.437488429938324204e-04 8.612147328136248977e-05 3.620108463550277672e-05 4.472827750642277903e-03 7.068445876401600880e-02 1.464267749603487545e-01
6.482063972434083325e+02 8.300148834589425186e-10 6.642298580429567946e-05 8.259841400563303689e-05 1.023849089628423324e-04 1.291065049450971895e-04 1.443594789125616173e-04 8.879057656444344128e-05 3.622249852614819858e-05 4.403287980100220253e-03 7.020210043498531505e-02 1.459547298905545243e-01
6.503023673715947552e+02 8.338141041560741746e-10 5.778543698502974833e-05 8.330445261022160065e-05 1.016902910208995417e-04 1.212130290105468061e-04 1.444560105813796859e-04 8.941288742550665902e-05 3.653208054572522248e-05 4.281375809015442770e-03 6.892988341607794722e-02 1.435857570559148089e-01
6.523984665411041988e+02 8.368499173560625649e-10 5.085589487315727870e-05 7.965714542542488949e-05 1.086629816423046715e-04 1.302327312894181635e-04 1.473842804384889427e-04 8.876120652274538348e-05 3.671125022750594666e-05 4.185069654317982203e-03 6.821527076372686793e-02 1.426864826511639872e-01
6.544934835906227590e+02 8.416046712090071719e-10 4.898771866580196876e-05 7.855239063107071948e-05 1.003138336407129926e-04 1.236899972542332274e-04 1.463871548141783968e-04 8.857819840998357012e-05 3.674757089532408952e-05 4.080806225222056473e-03 6.690052610629869390e-02 1.406734940776928899e-01
6.565870652875998985e+02 8.405447906452866063e-10 5.466100499956741448e-05 8.196449461062467739e-05 1.078130232413261467e-04 1.306427005377784893e-04 1.488616556278388810e-04 9.069993184786022085e-05 3.706127642750176845e-05 3.988372141776354990e-03 6.588852094924463332e-02 1.387196025888128292e-01
6.586830676229177470e+02 8.451620984356946031e-10 6.322365070582963340e-05 8.470819727349589504e-05 1.084570528117188875e-04 1.260991307751741777e-04 1.481851584498658091e-04 9.192757144316888269e-05 3.739098606159144849e-05 3.905001769300013408e-03 6.521550808924621301e-02 1.376307620405424759e-01
6.607796067319254689e+02 8.502651547760940240e-10 6.998872058127304405e-05 8.359190220132081954e-05 1.012021000922596600e-04 1.323073002789420572e-04 1.503401592048600162e-04 9.061498477473136194e-05 3.768225395426924433e-05 3.795662381459884941e-03 6.394242189063760462e-02 1.353955602208900821e-01
6.628727716686599933e+02 8.520241426554424547e-10 7.125335760785048080e-05 8.208689422790899212e-05 1.134134631144720438e-04 1.268329985056700006e-04 1.509305505020470440e-04 9.104247795613682674e-05 3.784847711824306080e-05 3.689991453087009422e-03 6.289985933006546348e-02 1.335902312685138538e-01
6.649657150801026546e+02 8.545648285990510388e-10 6.622778836152775337e-05 8.234903915216824975e-05 1.061848582260757216e-04 1.337510985287907719e-04 1.500812004992428206e-04 9.281449431613634582e-05 3.799386337055809778e-05 3.614126212010009432e-03 6.204592991602755209e-02 1.323129198284863084e-01
6.670601390562451343e+02 8.566435949388021170e-10 5.859727803665066366e-05 8.477440907543536239e-05 1.052317636131171787e-04 1.284724093354545828e-04 1.540119330933580185e-04 9.355133299436606221e-05 3.816873407808462569e-05 3.524581638351966060e-03 6.116446871844871680e-02 1.306808704622470507e-01
6.691535255118573104e+02 8.588309640322212015e-10 5.297604215544676537e-05 8.590616852192189512e-05 1.156000618304213213e-04 1.352859034486256337e-04 1.524241339465541144e-04 9.300245849609105732e-05 3.851111159844552957e-05 3.452285547587219307e-03 6.018886468090766523e-02 1.291409654261359841e-01
6.712460703036313134e+02 8.608133462953172343e-10 5.305724344427220466e-05 8.531031346166326407e-05 1.054509920606603614e-04 1.307872600402837599e-04 1.529169404278006670e-04 9.325593613094422041e-05 3.866132389810437010e-05 3.357881399336168794e-03 5.923395567709067999e-02 1.269644181651387316e-01
6.733393497447384561e+02 8.658263506093299548e-10 5.931254052098564023e-05 8.491654340885416746e-05 1.114755149529821239e-04 1.358114084618596907e-04 1.575325129615849878e-04 9.519617346088346207e-05 3.902762573282471051e-05 3.290091173606712101e-03 5.862846944561335427e-02 1.259660115355655530e-01
6.754370220351049738e+02 8.708802894388316199e-10 6.782199693300663339e-05 8.624567051927554517e-05 1.141347547404618617e-04 1.337089934337714584e-04 1.530459154278597999e-04 9.575555824612134732e-05 3.921395806116357088e-05 3.215379539748500215e-03 5.776654320305268930e-02 1.245906969667783804e-01
6.775337842928857981e+02 8.709898177598148163e-10 7.401729069148897991e-05 8.744867183928158863e-05 1.070029246196312696e-04 1.357764818678986330e-04 1.587516784500173561e-04 9.503752379559022635e-05 3.937517115802507148e-05 3.128189788810974408e-03 5.679596022039724162e-02 1.227144103940558256e-01
6.796248883848304558e+02 8.713993732167321032e-10 7.408128423476653961e-05 8.612786198604678752e-05 1.166690934481174664e-04 1.344566292422277691e-04 1.570933763660212158e-04 9.535856323296352795e-05 3.938251316271004863e-05 3.050140859743491039e-03 5.579879532016909088e-02 1.206691186282461692e-01
6.817182981617891073e+02 8.794307787046582105e-10 6.887682533231756716e-05 8.619382647223268500e-05 1.111559464986770172e-04 1.374435511545364847e-04 1.559973621781116700e-04 9.692926265363716824e-05 3.962119386083841902e-05 2.996498778083782951e-03 5.520519530599085622e-02 1.199732585836384841e-01
6.838151691338297269e+02 8.804416532352641798e-10 6.073823396041787287e-05 8.988415387462435487e-05 1.114051077872207533e-04 1.368389420801320513e-04 1.624183600519078059e-04 9.778158545254994215e-05 4.007441322874148384e-05 2.921686801284113441e-03 5.434684758894549328e-02 1.182979965551083507e-01
6.859104104569820493e+02 8.848221462239393363e-10 5.516746647571814881e-05 9.079085884607812108e-05 1.204662182117829206e-04 1.393330698582344611e-04 1.586012092532242536e-04 9.767555453508044137e-05 4.035242525221549684e-05 2.849514673257253806e-03 5.347364833946129797e-02 1.168121755829593933e-01
6.880049122352362474e+02 8.829854921581698849e-10 5.495734920721491863e-05 8.719069505867440412e-05 1.095178155971596623e-04 1.387381098966231454e-04 1.608295732327527975e-04 9.808979827868859679e-05 4.059565799803932886e-05 2.774600786803494215e-03 5.260482582979403299e-02 1.150961118441345687e-01
6.901002291007631584e+02 8.906738961546852680e-10 6.071232706892793488e-05 8.629237499587925821e-05 1.164487449647165089e-04 1.397744649699318947e-04 1.641123309626334149e-04 9.946269688353025662e-05 4.086021474006443997e-05 2.721519050794363442e-03 5.191758303840190297e-02 1.139055943606256394e-01
6.921968375276176175e+02 8.921689001128200863e-10 6.931685961595781393e-05 9.175735480054013978e-05 1.201805775185941903e-04 1.419287036967604629e-04 1.603000245267696331e-04 9.947476655145686200e-05 4.095235504522165386e-05 2.654621164203064577e-03 5.100186476397392671e-02 1.126431921310189072e-01
6.942887566295678425e+02 8.893946473788688493e-10 7.603692285046229624e-05 9.501052527311553103e-05 1.113597768036324206e-04 1.391571534382496779e-04 1.655142956608621002e-04 9.956782860892427671e-05 4.109981052686092026e-05 2.582546426026218877e-03 5.016384461666736905e-02 1.104396046329731151e-01
6.963784263652523805e+02 8.943045999928171993e-10 7.750842155993083388e-05 9.024425824662379110e-05 1.196984221658796383e-04 1.433180284067005748e-04 1.640250570800611256e-04 1.005485940848982191e-04 4.110576756099597058e-05 2.527429778443036901e-03 4.950484051363820276e-02 1.091218458478055847e-01
6.984750002709160981e+02 9.050609514471606172e-10 7.437223919365458730e-05 8.644327828689909814e-05 1.191293068139956412e-04 1.418714697855742225e-04 1.649772888230090911e-04 1.014249067835937658e-04 4.175321377345202949e-05 2.480067868024218771e-03 4.900580228031305857e-02 1.083495799827465106e-01
7.005692981923951947e+02 8.994644178835468954e-10 6.656056471765225177e-05 9.113769216006887587e-05 1.157764315455269311e-04 1.443266535299120583e-04 1.685241683157780103e-04 1.004875155189741094e-04 4.153363964872872928e-05 2.405836445919784343e-03 4.787718538752055997e-02 1.061686289117801385e-01
7.026624192476868984e+02 9.065655375299140847e-10 6.065390854543404637e-05 9.770261480079765412e-05 1.230177477701131956e-04 1.428581832626971929e-04 1.657429878153140839e-04 1.027004227173394877e-04 4.218438481166075489e-05 2.367689615700622509e-03 4.757705150530534138e-02 1.056033418400441487e-01
7.047575278114836692e+02 9.064310833634945192e-10 5.877205814046237357e-05 9.427897101622292094e-05 1.173360463845204407e-04 1.475515090548881920e-04 1.691397035693117598e-04 1.029017383465420378e-04 4.239667109813483932e-05 2.301296755983573469e-03 4.670373613389610518e-02 1.039025178428455432e-01
7.068511637078592003e+02 9.109549394021740571e-10 6.205751655635981235e-05 8.870493828863597948e-05 1.207409952986204164e-04 1.429419986869341207e-04 1.694205952656454922e-04 1.027178954369965499e-04 4.259275075091639831e-05 2.244532583421518599e-03 4.600985107172988336e-02 1.026945385154590801e-01
7.089459023883364353e+02 9.128347375837091280e-10 6.863409271980194988e-05 9.257064733495136552e-05 1.244393014660158121e-04 1.506816591553156463e-04 1.698604401513216164e-04 1.035848408885044062e-04 4.275134680006027873e-05 2.199426819374703922e-03 4.539278463979386918e-02 1.013067659857679464e-01
7.110409389119085972e+02 9.155860766863727313e-10 7.460721647215683573e-05 9.853708655078868026e-05 1.180882139961446419e-04 1.434386235255694650e-04 1.717904386880391625e-04 1.047581684594862988e-04 4.281575968670114229e-05 2.147267917100285917e-03 4.458498174275680320e-02 9.991950069453381378e-02
7.131374941441443980e+02 9.183132407583195481e-10 7.752117568009608633e-05 9.599210923801511635e-05 1.237501409236359056e-04 1.516723725496986583e-04 1.712897878545090961e-04 1.049365844813441283e-04 4.323261113631451669e-05 2.102288676572082113e-03 4.394299828543449943e-02 9.861843327343403076e-02
7.152326144414314513e+02 9.204323424667143940e-10 7.649513832250872585e-05 9.131672440935108596e-05 1.249531285265010141e-04 1.461186234777841976e-04 1.737594994651225824e-04 1.052181406956065134e-04 4.350693835857779733e-05 2.057394886064081631e-03 4.323781482426952705e-02 9.756595989692008752e-02
7.173247698310910891e+02 9.226997333702608261e-10 7.186239151723667837e-05 9.466258264881603106e-05 1.209670688010636781e-04 1.525408432783394641e-04 1.727272755696834610e-04 1.051582895276393563e-04 4.353623943233136088e-05 2.000180999516774309e-03 4.248853597353963868e-02 9.591959301886324174e-02
7.194202272277874499e+02 9.291796037189186974e-10 6.781027288086958278e-05 1.018834144516827308e-04 1.252881635957383936e-04 1.469211401542493427e-04 1.746919872603930508e-04 1.070079349386710520e-04 4.397439085516277249e-05 1.967917139933241227e-03 4.209225328599743715e-02 9.524267150922988145e-02
7.215153840772392186e+02 9.275549580559346228e-10 6.577427298153116239e-05 9.769977856895233808e-05 1.251496336523614747e-04 1.549401458103635701e-04 1.755821586053377397e-04 1.075126950220659108e-04 4.390207657586861918e-05 1.913355658719188834e-03 4.128104819312786167e-02 9.343571930556379690e-02
7.236104875341280831e+02 9.356130015133144849e-10 6.745667385784460479e-05 9.143050665400463629e-05 1.255321276744611491e-04 1.486329634576173664e-04 1.763550618125236881e-04 1.068577949887880129e-04 4.443014899534832620e-05 1.876201643147359455e-03 4.082690708827165643e-02 9.295768658127523398e-02
7.257049634500723414e+02 9.335661432335591154e-10 7.117657067941402774e-05 9.583453481415238698e-05 1.263010587911244439e-04 1.567530672584775773e-04 1.773124997100095632e-04 1.079131582837117618e-04 4.439253175727869721e-05 1.824146017274843679e-03 4.010759912257966936e-02 9.105909886184557211e-02
7.277961333085689830e+02 9.364533628212976751e-10 7.520247557046284132e-05 1.050329395678446760e-04 1.264698134100239457e-04 1.499925485513860604e-04 1.774874802274095588e-04 1.095469917761420853e-04 4.502436050486389768e-05 1.789435351374554914e-03 3.949730118235618426e-02 9.031891047957874008e-02
7.298903422304678088e+02 9.415226289052490024e-10 7.695385611932670992e-05 1.020074463577756116e-04 1.269606442518003090e-04 1.572915677470796509e-04 1.795161245799233702e-04 1.092084406583161536e-04 4.504131350751391287e-05 1.750059311217690063e-03 3.902248800358527198e-02 8.913583336088259923e-02
7.319869658735090070e+02 9.450889863481032051e-10 7.642801081421154010e-05 9.361093288347253102e-05 1.291975673790603501e-04 1.526849238768278956e-04 1.805547661937548514e-04 1.095480639613585777e-04 4.521693835955024085e-05 1.711854002817331287e-03 3.834714701625422523e-02 8.803530069693779603e-02
7.340811003050025647e+02 9.449541451627013465e-10 7.320871771850102612e-05 9.512524759904725745e-05 1.285710177626835896e-04 1.578265556649431926e-04 1.792251133039172799e-04 1.100960872541680675e-04 4.529662531441219021e-05 1.671364112146671126e-03 3.779683938554855016e-02 8.663923477732890510e-02
7.361741333988724136e+02 9.469390295908941091e-10 7.104068976953070204e-05 1.048328773046682720e-04 1.276875367660282984e-04 1.539561402328404099e-04 1.830676460876822702e-04 1.113495049388986435e-04 4.558000929521618841e-05 1.635146549578654586e-03 3.724124207768897410e-02 8.556212392109649456e-02
7.382684599310101703e+02 9.517849589088833880e-10 7.025104572942799113e-05 1.052141778028437230e-04 1.319768029080350188e-04 1.600078705015991229e-04 1.809380455173899142e-04 1.113701542261413379e-04 4.590582676176435082e-05 1.601490120517896562e-03 3.662114064400252139e-02 8.456223875290769243e-02
7.403644422850218234e+02 9.551865007086936154e-10 7.184961504250129949e-05 9.748171006954143832e-05 1.316177312621714729e-04 1.560134929267524063e-04 1.842765002738327041e-04 1.121085469201989670e-04 4.613421364117248406e-05 1.568402741229168312e-03 3.612864087113194789e-02 8.355184211204474964e-02
7.424578760770574490e+02 9.536249829492772325e-10 7.475806255723359522e-05 9.764805867386696422e-05 1.285318380365456554e-04 1.596912206375514145e-04 1.845838952627262483e-04 1.123706227529947850e-04 4.636642762560802246e-05 1.524637218317616717e-03 3.547574619281759073e-02 8.216014078107436447e-02
7.445526339640207425e+02 9.619220345109395863e-10 7.847783812162787320e-05 1.060094292617818219e-04 1.343544946918334173e-04 1.598233230507226381e-04 1.839881474390085399e-04 1.131896872425813008e-04 4.668037483538720311e-05 1.503198899119311200e-03 3.509805348137522846e-02 8.160164454689577962e-02
7.466480723854759844e+02 9.607819518495765387e-10 7.977494251629347200e-05 1.063236779875104311e-04 1.326961043046456410e-04 1.610172212626301324e-04 1.886457463981556647e-04 1.141157887442815588e-04 4.663929598186161772e-05 1.464933364715137725e-03 3.443127003067191633e-02 8.019141528723826295e-02
7.487416363615271848e+02 9.659955208617543557e-10 8.005800722199045991e-05 9.967363479403483462e-05 1.319195560715260196e-04 1.611553194340705961e-04 1.859132222270695441e-04 1.150674742609162797e-04 4.724658967186160657e-05 1.434847973228985411e-03 3.404672418129761624e-02 7.936326694004908200e-02
7.508357023350041572e+02 9.650124996595873959e-10 7.730030575227338891e-05 9.928835985940540586e-05 1.362693733225468730e-04 1.618941168698912250e-04 1.883534770233065338e-04 1.141597994679150759e-04 4.714881825449460063e-05 1.402234848412515188e-03 3.343685206544335514e-02 7.819862821963372013e-02
7.529280476611795621e+02 9.692227519154075738e-10 7.495572035778061762e-05 1.078723545353462712e-04 1.318727041647520346e-04 1.630918245133112783e-04 1.893525864451215757e-04 1.149090100945675909e-04 4.753926976677476883e-05 1.368773384868155352e-03 3.295402201942847914e-02 7.709341324537116735e-02
7.550232688302112365e+02 9.704598087007192446e-10 7.369245847757897969e-05 1.099162537253322984e-04 1.347040180885245508e-04 1.624441315713010328e-04 1.878341751202532097e-04 1.166876538355066676e-04 4.771036216175310383e-05 1.346763022107457094e-03 3.253114760400042244e-02 7.629529618522502832e-02
7.571170325604690561e+02 9.721657633517578626e-10 7.351913309736448146e-05 1.025818970345088063e-04 1.396323131395419055e-04 1.653775358068862444e-04 1.924938271178926923e-04 1.163496346692217661e-04 4.773458604113535247e-05 1.308450137772537150e-03 3.187134465922774468e-02 7.481780913122743071e-02
7.592115732865282780e+02 9.777654891861504319e-10 7.528677469908410906e-05 9.994533288952193008e-05 1.324797405240907137e-04 1.644855394752149289e-04 1.908691982490394771e-04 1.165720706388790858e-04 4.826848232098611473e-05 1.286810029370456581e-03 3.157048856524291569e-02 7.450604309020623928e-02
7.613077130547183060e+02 9.791360512281427393e-10 7.784211214824246581e-05 1.073990808859362202e-04 1.378494524763742679e-04 1.662671449818463516e-04 1.933670639627804732e-04 1.180345793401232668e-04 4.858597277865817304e-05 1.258404777569724397e-03 3.105066574193339479e-02 7.320376904449973909e-02
7.634011971540638797e+02 9.799424074641097204e-10 7.963724292143410416e-05 1.116476791902745616e-04 1.401582587678156422e-04 1.660719743157209878e-04 1.929519686558867195e-04 1.182038061610366278e-04 4.865385627894833063e-05 1.231361891565831623e-03 3.052385311725032413e-02 7.215334309865047147e-02
7.654971669921251305e+02 9.864886400886017071e-10 8.175456556903346354e-05 1.078977750626458051e-04 1.352291355397813053e-04 1.679816477017773472e-04 1.946947202189477704e-04 1.186419237820289854e-04 4.922046070672475647e-05 1.208396549486857527e-03 3.015217327440317813e-02 7.175837238426423237e-02
7.675908262698084172e+02 9.810324603673456068e-10 8.151846775487499547e-05 1.031813313728409105e-04 1.404078498186643316e-04 1.669497534510548599e-04 1.938949525484827830e-04 1.180830200193760368e-04 4.872876159086599279e-05 1.176948552618947491e-03 2.953606054591718585e-02 7.012624396859817866e-02
7.696840268069731792e+02 9.917490523760863597e-10 8.234465412758027738e-05 1.080678031095041184e-04 1.404318406043492823e-04 1.695247624737352982e-04 1.965470229778671274e-04 1.206995651146708831e-04 4.932373029610864285e-05 1.157884158385434842e-03 2.927178182538958673e-02 6.979063755205143493e-02
7.717797368897363413e+02 9.891440752099363868e-10 8.153174012453535122e-05 1.121674381725313246e-04 1.371934051275060858e-04 1.712874647606689438e-04 1.978652907084417522e-04 1.207070739081347475e-04 4.970448340272184024e-05 1.128182733237420360e-03 2.870881840591158266e-02 6.836439805934856062e-02
7.738760164178403329e+02 9.972668702379733744e-10 8.100397616224933723e-05 1.100290620107179307e-04 1.467202967969178848e-04 1.698611264466078693e-04 1.993573286702283716e-04 1.213688557251508485e-04 5.024442114963751169e-05 1.112749206140276840e-03 2.844374163572269132e-02 6.790648348083402897e-02
7.759708606182108497e+02 9.946368658246701025e-10 7.946218147581258693e-05 1.062576351576181063e-04 1.401356855288416457e-04 1.732665733427591107e-04 1.987541002782232402e-04 1.217178448642508120e-04 5.019076656497354499e-05 1.081277565351117980e-03 2.778917150691788407e-02 6.670065358439548897e-02
7.780623137851310958e+02 9.970218273269906870e-10 7.911514122760453899e-05 1.101297398829730875e-04 1.391347139263599648e-04 1.702390161265237352e-04 1.983339272597370382e-04 1.220026959116067306e-04 5.036189717424987118e-05 1.060875650761860384e-03 2.743565469893356409e-02 6.593154748822065148e-02
7.801562253304797423e+02 1.005027985294190519e-09 7.888441401501995222e-05 1.138240253174589581e-04 1.469780554726163562e-04 1.748241922222665246e-04 2.014786779913273305e-04 1.222007811946765625e-04 5.052176144248408376e-05 1.041266475425133399e-03 2.705682870332843173e-02 6.522467442629123480e-02
7.822525476520592065e+02 1.004510240285577191e-09 8.029102838350995976e-05 1.129816186685294054e-04 1.426035844993486508e-04 1.715432292164431832e-04 2.022967961465261763e-04 1.241960588790441656e-04 5.079420322379139406e-05 1.021571836811210800e-03 2.668195088769693621e-02 6.433728223132408053e-02
7.843483814034320858e+02 1.007137359215410219e-09 8.187177523326697424e-05 1.095293279788004916e-04 1.434028947033531463e-04 1.777822695524923871e-04 2.017338334379327100e-04 1.238739112469251238e-04 5.112490455567387441e-05 9.984487577661337824e-04 2.627745801811813553e-02 6.337796902909462182e-02
7.864427834291169574e+02 1.009226528131464642e-09 8.333925705456147060e-05 1.098895421807334871e-04 1.477496775754253712e-04 1.725265819102303640e-04 2.053380096573098959e-04 1.241701658039094192e-04 5.118355696219129328e-05 9.777019587482152409e-04 2.584822749586976331e-02 6.258011232542277924e-02
7.885345801318310350e+02 1.007799045249122357e-09 8.464089470949070213e-05 1.128948076248204751e-04 1.416150785879276069e-04 1.778039959371305681e-04 2.010619638295919485e-04 1.250394538934270687e-04 5.117001494357436561e-05 9.555236511375247641e-04 2.539751559242808127e-02 6.151491379608724913e-02
7.906288698447258412e+02 1.015601286409482805e-09 8.566095185130596207e-05 1.152168733304694546e-04 1.471882560023132888e-04 1.751770577848456138e-04 2.086655517971798567e-04 1.256172219898432966e-04 5.190322281774029301e-05 9.417606185780415815e-04 2.515697387377285182e-02 6.119444940461198079e-02
7.927246642948422277e+02 1.014972977284230288e-09 8.509197232096345155e-05 1.141984145777119971e-04 1.488606627136985962e-04 1.794585080537492057e-04 2.042587586487515621e-04 1.255470209095151633e-04 5.185070594970015920e-05 9.166056646972344521e-04 2.458915638234498990e-02 6.011575004503640768e-02
7.948182359462176692e+02 1.017858934833988522e-09 8.404752190578579048e-05 1.139106329219986504e-04 1.454450061960971437e-04 1.767555615470135441e-04 2.073964312940772389e-04 1.272197536080291462e-04 5.234581087578496245e-05 9.033251013252205277e-04 2.438646849585419593e-02 5.947927914259037996e-02
7.969123776657039571e+02 1.017623498027050706e-09 8.269434059673955108e-05 1.138015878471383208e-04 1.477324449592973276e-04 1.801604405580746503e-04 2.090556289129808128e-04 1.274497212493100784e-04 5.229650595968072981e-05 8.818109307713607172e-04 2.396783217141120956e-02 5.853952039457986645e-02
7.990049393530231328e+02 1.022041006551617275e-09 8.282784915517625373e-05 1.150237952636441491e-04 1.494977926849732524e-04 1.793033147588028308e-04 2.070367361953350958e-04 1.265018838856267730e-04 5.235391210103207041e-05 8.651485641715377659e-04 2.361548463169535136e-02 5.776368010837330813e-02
8.010987253430084820e+02 1.026116489817893135e-09 8.416772216841015078e-05 1.160839796141790206e-04 1.486365645447378938e-04 1.806657385276482896e-04 2.125840153659372921e-04 1.283382497000094791e-04 5.280165632277312532e-05 8.494417500177756835e-04 2.325946407248442524e-02 5.704983452977980402e-02
8.031952447399694393e+02 1.032964328144205172e-09 8.622296215025073644e-05 1.165094913634141821e-04 1.505959131454769073e-04 1.816990134952729428e-04 2.098028704394673657e-04 1.297726315646594063e-04 5.331540544140539765e-05 8.327323305157190506e-04 2.292354979128101433e-02 5.628598870326005643e-02
8.052907945757150401e+02 1.030473856727271993e-09 8.857813625149194589e-05 1.155748155875454451e-04 1.507122953635493768e-04 1.821025515076682140e-04 2.126801257956839857e-04 1.291881114836668318e-04 5.340114000763428301e-05 8.146450903981965414e-04 2.252841262944380377e-02 5.561449960336257992e-02
8.073871113441635998e+02 1.034643302392604695e-09 8.992714155633747440e-05 1.170036283646189547e-04 1.509223143441361999e-04 1.841596507088252659e-04 2.128404262999921619e-04 1.301362780529715865e-04 5.387574172450243710e-05 7.999309166732180383e-04 2.223908315125304805e-02 5.493405052622896828e-02
8.094802801154401095e+02 1.034151810082190102e-09 8.815440014884593954e-05 1.188646188889619891e-04 1.506667302473236941e-04 1.824956210874374956e-04 2.125150587202343845e-04 1.299776491657446029e-04 5.348780979389289639e-05 7.809718431382262158e-04 2.178424332697493498e-02 5.401772197864727204e-02
8.115727167562459954e+02 1.040941238472477066e-09 8.658369040839795374e-05 1.201802644192391945e-04 1.541403090545749664e-04 1.852977217166040260e-04 2.144879805712054184e-04 1.311509159098167565e-04 5.397284661287847339e-05 7.699695580992687444e-04 2.161302589361267443e-02 5.370432897986808507e-02
8.136677092575645247e+02 1.040078535111137277e-09 8.397468738965582194e-05 1.176167160975071858e-04 1.534402784921898343e-04 1.860108568630797741e-04 2.153229962607536047e-04 1.319599118560564437e-04 5.444522842821168738e-05 7.516754348789820434e-04 2.118544765632919200e-02 5.261547794623802621e-02
8.157635520648296961e+02 1.044163498429797909e-09 8.258676108504577399e-05 1.157445883391157562e-04 1.523566073212829206e-04 1.860080303123365830e-04 2.170577763572740604e-04 1.327863839594815040e-04 5.455268836758645190e-05 7.397410640477564961e-04 2.094958753106858709e-02 5.222235063766363095e-02
8.178575039619116751e+02 1.042058399384551283e-09 8.362304304263347193e-05 1.193576016276968283e-04 1.555376519205969041e-04 1.875757077777839377e-04 2.158254206817347015e-04 1.318448470208702925e-04 5.472927559314784825e-05 7.224329480217771401e-04 2.044972661893805846e-02 5.125869426175016369e-02
8.199511252723693815e+02 1.050194826633889495e-09 8.687893425675799269e-05 1.236551248359939398e-04 1.551372365308286306e-04 1.864183611592572210e-04 2.188760871429179728e-04 1.339122971011130270e-04 5.506066209349130450e-05 7.114848257973288136e-04 2.029022562400499899e-02 5.080656088359387923e-02
8.220466331244738285e+02 1.050819378058805859e-09 9.153527886396322234e-05 1.219924598024333718e-04 1.547739970456005177e-04 1.914105152074200330e-04 2.185877443079505726e-04 1.346091201538683526e-04 5.529913847667173259e-05 6.956268228497142258e-04 1.989092692398689022e-02 5.004801989489200686e-02
8.241408759683504286e+02 1.051161718395598962e-09 9.493189798054935146e-05 1.185869304419672805e-04 1.593875927498021334e-04 1.866923643895119123e-04 2.216849225964331567e-04 1.339304692580797274e-04 5.559884702971483288e-05 6.829030457588503803e-04 1.960142057470517368e-02 4.942484104156838476e-02
8.262330605132885921e+02 1.052492091275159874e-09 9.599191168439076462e-05 1.200415406410499796e-04 1.552408122564554664e-04 1.920927926068648423e-04 2.196275066588082136e-04 1.348452374306494150e-04 5.590702665541885105e-05 6.684915612463122360e-04 1.927724970966676610e-02 4.865342468645986185e-02
8.283271683016273528e+02 1.056924269265951138e-09 9.446422601974375566e-05 1.252313443140300674e-04 1.558260031577584736e-04 1.891939335351228103e-04 2.233684976712962023e-04 1.366606475396530112e-04 5.588072497735131159e-05 6.578231739341984042e-04 1.899979800451860601e-02 4.815147357079483520e-02
8.304233266470507715e+02 1.060517828811885357e-09 9.070111274125210925e-05 1.250823296998050205e-04 1.622583463195996294e-04 1.940679778141035281e-04 2.228392932642236273e-04 1.358264148498379369e-04 5.629802595853553477e-05 6.464248754979663768e-04 1.869855563101542259e-02 4.745160781048491511e-02
8.325163870843224458e+02 1.060440729121431056e-09 8.657695169057708562e-05 1.194107346893257037e-04 1.572895874628060667e-04 1.905421824648249939e-04 2.227882780629191753e-04 1.364362763084282380e-04 5.629590343108286889e-05 6.317065565037467299e-04 1.839135878181319753e-02 4.671645822480938182e-02
8.346107753108263978e+02 1.065204245828171566e-09 8.502657476099346036e-05 1.198253467880532828e-04 1.582093629426390531e-04 1.938741307139729784e-04 2.259612053183483694e-04 1.378433318494663240e-04 5.662917972153401730e-05 6.226643740498606248e-04 1.820788352641470112e-02 4.625413357276531717e-02
8.367061980001685697e+02 1.068999597498185627e-09 8.676856384007931508e-05 1.264937901040673871e-04 1.638257331329301620e-04 1.949940822360587934e-04 2.244423648942123835e-04 1.380344907312894124e-04 5.707654643385569722e-05 6.097321570762486917e-04 1.789354490277885942e-02 4.556932639083501740e-02
8.388004619881395456e+02 1.066456781528680006e-09 8.970229839134108473e-05 1.293333999370859476e-04 1.575207970714863652e-04 1.934366004389344220e-04 2.273455208519231142e-04 1.381919245406762410e-04 5.673721580968494428e-05 5.970793202474522889e-04 1.759998287088271329e-02 4.505521547454267861e-02
8.408962939756190735e+02 1.072415473367474802e-09 9.506294475522215285e-05 1.252855607892114993e-04 1.615238446863738301e-04 1.974395446963814692e-04 2.271786455671195902e-04 1.397372698394129878e-04 5.755969634949738100e-05 5.887043061309568540e-04 1.736102935468704714e-02 4.450193848737171026e-02
8.429907812361484503e+02 1.070093251242219080e-09 9.693350646620605250e-05 1.206100646826474478e-04 1.647123130402024748e-04 1.933388903344189405e-04 2.277810468412399321e-04 1.385450709219812691e-04 5.747164796893088409e-05 5.751758997806805541e-04 1.700353274827175881e-02 4.376134370725466571e-02
8.450842299377354720e+02 1.077536033441956514e-09 9.780964639782250029e-05 1.253895837088419511e-04 1.605854599052062659e-04 1.992442814126194495e-04 2.283414941868185165e-04 1.403051627617498440e-04 5.765802175519426731e-05 5.653136421455790201e-04 1.679864504659745253e-02 4.331604813217609928e-02
8.471793868426841527e+02 1.077232311452084508e-09 9.502472285329904486e-05 1.299213821823704592e-04 1.628871068303531448e-04 1.960484353226414774e-04 2.303159110527825380e-04 1.403706275648316029e-04 5.776788258484572003e-05 5.537113339198897026e-04 1.650471280456840620e-02 4.269281615669871799e-02
8.492745519292925565e+02 1.081829129824267575e-09 9.142666327206298003e-05 1.280725459841489946e-04 1.661526378674007490e-04 1.996728129911793910e-04 2.303506966076774274e-04 1.411261781199719414e-04 5.827049662187170113e-05 5.449824203996895145e-04 1.626507853338653858e-02 4.217517944830044552e-02
8.513671024735971287e+02 1.081193641628487996e-09 8.807256919912437743e-05 1.233338186389352793e-04 1.621976353427134635e-04 1.981119361775937810e-04 2.320497735743385248e-04 1.422342415909690527e-04 5.862725824820205165e-05 5.327405919042537720e-04 1.598628167138186132e-02 4.156954769535504274e-02
8.534591437985255880e+02 1.083855839594536015e-09 8.797602915961455516e-05 1.257659780194460958e-04 1.657645928709560173e-04 2.003377091294826766e-04 2.315426688588599537e-04 1.422566092944326714e-04 5.872771611335315478e-05 5.240192029627481962e-04 1.578677209444209056e-02 4.107822824577109927e-02
8.555560552509863328e+02 1.091766553102926098e-09 9.107133688553502142e-05 1.318666893998977788e-04 1.684335767924900230e-04 2.026731143973053246e-04 2.350755598566845394e-04 1.433056363867891427e-04 5.907559213118241043e-05 5.159887088498054525e-04 1.554382329586526112e-02 4.068379160787244375e-02
8.576519000320377017e+02 1.090435239061833983e-09 9.572103716102805301e-05 1.328978829595785379e-04 1.659536457132582956e-04 2.010563552895521129e-04 2.347140141323453483e-04 1.442518956657127106e-04 5.911801776775210535e-05 5.040798733972222173e-04 1.528195695848883623e-02 3.994853076907211448e-02
8.597448028783734344e+02 1.091093046142117039e-09 1.008229799831727135e-04 1.285691290661953483e-04 1.671813389864507235e-04 2.031754428761808971e-04 2.353438640567357201e-04 1.443285190829858144e-04 5.975480199501321686e-05 4.945620119670531478e-04 1.503480492337161065e-02 3.949900011828938462e-02
8.618402674123188945e+02 1.096698586373560860e-09 1.036317967850516316e-04 1.269142191475068344e-04 1.682145146438866691e-04 2.030817429704016483e-04 2.382130379025382630e-04 1.442168983329377037e-04 5.980692770181318587e-05 4.873783887494577091e-04 1.482938800374649681e-02 3.907613213761038096e-02
8.639352545617186934e+02 1.097120091082457462e-09 1.027060744229120763e-04 1.306939097343031656e-04 1.683911479182859041e-04 2.042704038530513094e-04 2.356176583209360716e-04 1.458519300427984003e-04 5.984692091294451037e-05 4.777997257517031977e-04 1.456600253312214516e-02 3.842737099990926886e-02
8.660282360350950057e+02 1.099736963935489269e-09 9.918432897188028598e-05 1.336205321498886193e-04 1.686372975282074394e-04 2.054518932935887258e-04 2.405154600477608831e-04 1.461170821535639781e-04 6.027957749771482686e-05 4.689944480072780067e-04 1.436432958835640386e-02 3.796910092072182386e-02
8.681203443631262644e+02 1.098612429232623577e-09 9.486081716513141565e-05 1.312423687654216021e-04 1.700578092876848147e-04 2.030895263018698085e-04 2.369856631651660872e-04 1.458834329603533593e-04 6.042868240599007148e-05 4.594196159328112379e-04 1.410114358891947743e-02 3.734671570000555607e-02
8.702159394464248408e+02 1.105934073733845578e-09 9.157982657198461671e-05 1.297228946688290410e-04 1.716969467342620488e-04 2.089739375238896775e-04 2.418095451564471676e-04 1.474168339770154433e-04 6.070346524729786569e-05 4.533928517926450429e-04 1.395464480883852089e-02 3.714134949159394322e-02
8.723108301875124653e+02 1.102908268920530972e-09 9.085242402839004063e-05 1.313489064866149277e-04 1.694868596411013006e-04 2.047502870207986651e-04 2.396710586681887996e-04 1.470690045461400461e-04 6.063786378514058494e-05 4.427005597968270301e-04 1.369444776007342456e-02 3.642366584498959309e-02
8.744022445416425171e+02 1.106818280213903219e-09 9.328885274739220879e-05 1.344306338912915880e-04 1.704759888966774460e-04 2.101194584107321018e-04 2.418498660277499279e-04 1.481719376198452917e-04 6.092665524036223199e-05 4.360089132739799231e-04 1.346015820642639665e-02 3.594190492199241665e-02
8.764974180336515701e+02 1.111338824257670590e-09 9.782861114672525336e-05 1.351493210445120366e-04 1.743239890217642438e-04 2.058598507127705956e-04 2.425510675115135533e-04 1.484975768077528315e-04 6.152747039284703822e-05 4.288065677167635743e-04 1.329902223321513359e-02 3.555478108597803083e-02
8.785930434585976627e+02 1.108785180736788267e-09 1.019173096535778782e-04 1.341155172222677542e-04 1.710166411195604527e-04 2.104119616028263934e-04 2.438338268475502210e-04 1.486145473159431742e-04 6.152149245427166585e-05 4.204104314520560703e-04 1.305089794497783437e-02 3.503984433177567692e-02
8.806872209798642643e+02 1.116103898537509837e-09 1.041419664165417540e-04 1.336241884242998649e-04 1.737592902360057486e-04 2.100331645830241973e-04 2.443231696127202567e-04 1.502948503519433007e-04 6.189815184877659067e-05 4.145588741491017205e-04 1.286161817152188871e-02 3.465711028218490530e-02
8.827814871821682345e+02 1.114312031654389967e-09 1.037679789973155586e-04 1.342817317637499746e-04 1.776829317217572257e-04 2.116560289199545736e-04 2.466100810822080308e-04 1.506376491724889185e-04 6.198846320927680633e-05 4.059449037442599173e-04 1.268122131070781658e-02 3.418630963688709667e-02
8.848774865371552778e+02 1.119414685642797969e-09 1.008233817954682943e-04 1.348623160987715583e-04 1.720692360902171007e-04 2.130260677729750606e-04 2.458625333238489085e-04 1.503569360568108204e-04 6.243167629229478838e-05 3.997997885683635469e-04 1.249497285296786303e-02 3.376797768739971117e-02
8.869732065385470605e+02 1.121316946390808401e-09 9.787624589221062814e-05 1.362824523598225813e-04 1.749315984633837990e-04 2.116030290701079338e-04 2.478646964099578964e-04 1.522985141980219006e-04 6.255178326801159882e-05 3.927290882673064145e-04 1.230274334162034626e-02 3.329583915951352807e-02
8.890663801456234978e+02 1.122930797943879028e-09 9.557457089555952169e-05 1.371402685257369972e-04 1.791861065251262734e-04 2.142385004446891654e-04 2.476245263766870290e-04 1.522599964230104475e-04 6.281641691000286150e-05 3.843150821302978790e-04 1.208500375945702719e-02 3.281688459099591643e-02
8.911616420652851502e+02 1.130272166459140080e-09 9.581020693866746111e-05 1.368747373261071972e-04 1.751350581463787534e-04 2.147777077092219618e-04 2.506376738325783913e-04 1.527929826054730993e-04 6.323036959776927616e-05 3.801258582290874440e-04 1.193380689009001551e-02 3.250144715011066970e-02
8.932580002145275557e+02 1.126788757999893255e-09 9.798878223005176677e-05 1.358372162955035964e-04 1.764978220087034698e-04 2.141144920210094691e-04 2.499654167356188286e-04 1.532004435145933885e-04 6.324962901269921703e-05 3.719696612732080010e-04 1.170739228263169979e-02 3.204068647773487127e-02
8.953529436658665190e+02 1.131024410797636707e-09 1.023500371193484013e-04 1.380842927294279791e-04 1.814614333647085692e-04 2.165424616967517272e-04 2.506554583237457275e-04 1.536778343814717510e-04 6.335340764379102508e-05 3.661911006109806245e-04 1.154698529745527141e-02 3.168300503608847962e-02
8.974464493290977316e+02 1.131728919005834707e-09 1.055767150607149788e-04 1.402019556532238813e-04 1.762790347308285349e-04 2.145820327867065905e-04 2.524843027319039748e-04 1.542980214027173862e-04 6.336215928370067096e-05 3.595164655943591196e-04 1.135658807322320434e-02 3.120378597462366774e-02
8.995395440374740019e+02 1.134973772570906608e-09 1.074910563334547921e-04 1.407121748828764677e-04 1.777813442744275536e-04 2.176904459322435081e-04 2.517007099081333557e-04 1.546107260825581580e-04 6.401092479726078947e-05 3.537337925238682101e-04 1.118887445166171987e-02 3.083137733641926753e-02
9.016320188810868785e+02 1.135465297404639309e-09 1.074370944182186403e-04 1.376173216753414817e-04 1.822509759711163271e-04 2.177328135258645072e-04 2.547405735770225652e-04 1.556576017466654532e-04 6.432145267739297590e-05 3.484020127045992974e-04 1.102681539421743531e-02 3.033577762678302259e-02
9.037254271154116623e+02 1.138431097454499013e-09 1.056869914603560931e-04 1.370443880982119447e-04 1.792613194016872314e-04 2.190143277046410525e-04 2.540857274462379354e-04 1.565149378657457440e-04 6.427293941030958933e-05 3.424153532192428023e-04 1.086151169509052411e-02 3.005737859214521746e-02
9.058201462154216870e+02 1.140994704399972672e-09 1.027511030762609658e-04 1.403381035919729959e-04 1.802604515344947023e-04 2.207486902994395931e-04 2.555021905245223818e-04 1.559334558904796361e-04 6.463318138926958765e-05 3.371838183535980082e-04 1.067477380381320201e-02 2.965592313844845826e-02
9.079154456201514449e+02 1.143454126300677084e-09 1.012272635536163071e-04 1.433773726471311225e-04 1.829107814500612039e-04 2.179570794616403795e-04 2.553963959334524928e-04 1.572853754570146634e-04 6.511395441032572558e-05 3.320053913947682294e-04 1.052807339767664573e-02 2.930177797651329838e-02
9.100130064831108712e+02 1.146134038306363471e-09 1.010086477676405312e-04 1.413324609945610278e-04 1.827866954159163883e-04 2.230366338565956260e-04 2.578982805318499774e-04 1.578370900977580033e-04 6.501253163005033268e-05 3.269780909803889253e-04 1.037202559222256092e-02 2.893887556243857420e-02
9.121061958560094354e+02 1.144032656236107861e-09 1.014550406632217422e-04 1.375640355459177848e-04 1.818265953897391693e-04 2.182057548531460972e-04 2.569447645950072604e-04 1.572209282143252423e-04 6.488947760581358971e-05 3.206377443873245398e-04 1.017397047918493919e-02 2.845798588302244844e-02
9.141974860104344316e+02 1.149788865218470008e-09 1.040791123802407782e-04 1.401753837623974353e-04 1.832163833524537737e-04 2.242398111533339740e-04 2.593071671701288844e-04 1.589940856244778883e-04 6.568996921062057476e-05 3.156595778138684559e-04 1.003917296305551973e-02 2.818443301108864221e-02
9.162934499174766643e+02 1.154937331840384262e-09 1.061111739417353652e-04 1.457927398220969792e-04 1.852665270590398425e-04 2.231302008707281861e-04 2.595158778975930388e-04 1.597099686152022723e-04 6.604493735117795213e-05 3.120620092385938799e-04 9.902472661005398691e-03 2.787299109528170588e-02
9.183879995659971200e+02 1.153638734195665505e-09 1.068842183240091554e-04 1.466319635567435214e-04 1.842280823216410255e-04 2.237350679571808965e-04 2.621744738499820395e-04 1.597486056554766470e-04 6.582220520529705773e-05 3.059583660894859289e-04 9.736326412961758547e-03 2.742922839781692865e-02
9.204825177545448014e+02 1.157441770197822427e-09 1.075163207961837034e-04 1.430899342946277187e-04 1.841021891932252750e-04 2.255034910172575870e-04 2.606483401000599738e-04 1.607836237698602086e-04 6.638688718332610961e-05 3.023741184733693549e-04 9.586906002445608893e-03 2.714248165367590809e-02
9.225775608125957206e+02 1.158634989412917305e-09 1.069356750484900121e-04 1.406021149061893066e-04 1.875801979895239081e-04 2.246552344900347128e-04 2.647923024948527562e-04 1.609904080176126318e-04 6.668036665927036077e-05 2.970912507930119329e-04 9.428273996758280984e-03 2.675687213378427978e-02
9.246720153610285706e+02 1.161111698422396441e-09 1.060576361050564776e-04 1.444061241632506169e-04 1.876666585220949967e-04 2.266917194407827205e-04 2.612577190218786944e-04 1.619052052044255572e-04 6.661314273145310183e-05 2.931024332454634307e-04 9.300882890587617441e-03 2.644351593391722557e-02
9.267664088834967515e+02 1.161838753852247328e-09 1.051956136526760758e-04 1.478166205537023595e-04 1.847420472033211409e-04 2.258655740635848424e-04 2.649436541387076792e-04 1.612332572478297472e-04 6.679907837524103899e-05 2.884299845272841737e-04 9.131950367008900490e-03 2.607022153421720279e-02
9.288593546637288227e+02 1.159739380579998881e-09 1.053036553560534602e-04 1.468570906919850296e-04 1.888393128713516825e-04 2.268056908229770644e-04 2.635941640299018819e-04 1.625991066658814290e-04 6.731057382271177691e-05 2.838394946413806208e-04 9.010499888179290470e-03 2.573746910942510679e-02
9.309528570941124599e+02 1.167367013895724545e-09 1.055152308638023542e-04 1.431012103493748517e-04 1.898097474177212046e-04 2.290655574275422791e-04 2.659648853836592817e-04 1.633525727993193326e-04 6.708026680073240090e-05 2.800984917779899674e-04 8.882807700426322353e-03 2.538172472050837306e-02
9.330481269241290647e+02 1.171185828894559552e-09 1.069056000226577063e-04 1.436745222493623203e-04 1.865647584141394443e-04 2.285821005366232850e-04 2.670841338577107835e-04 1.637109904594056706e-04 6.756134480438312408e-05 2.761573739076586521e-04 8.762174234239968745e-03 2.516108665659875024e-02
9.351435478775737238e+02 1.171475666308544510e-09 1.070279016993379756e-04 1.466825768798550047e-04 1.900093050894428480e-04 2.295688254124112805e-04 2.678281177538049821e-04 1.645926160144494104e-04 6.794923239357155917e-05 2.716759852871177125e-04 8.600302308867076653e-03 2.470512266361507905e-02
9.372385485275705150e+02 1.174727098053056143e-09 1.077530048564535198e-04 1.490786259039610638e-04 1.922625766235606774e-04 2.308067708542798344e-04 2.678451786791718895e-04 1.647418792665965033e-04 6.809394178315612682e-05 2.685179888434943013e-04 8.502695223480459183e-03 2.451082572840429866e-02
9.393299499964224424e+02 1.168684382210167465e-09 1.078548436824135106e-04 1.474250408250652171e-04 1.877265687259210239e-04 2.284474764155321636e-04 2.684161651508922019e-04 1.642781860276537457e-04 6.767321815221245460e-05 2.626887216538790321e-04 8.327137157197562339e-03 2.401998267989801858e-02
9.414232526757307369e+02 1.181920812179538277e-09 1.101748884052715144e-04 1.479945430611435053e-04 1.925113657912987271e-04 2.355287172180829506e-04 2.711619663908906657e-04 1.668239179012940339e-04 6.880839793343505992e-05 2.620927849333466839e-04 8.270411370892662151e-03 2.399369011327395773e-02
9.435211993584963466e+02 1.180505219351817236e-09 1.105510534846886078e-04 1.481011006528549037e-04 1.941611498109728311e-04 2.313374021151760613e-04 2.721507368972699036e-04 1.660021740952356242e-04 6.881934564467658303e-05 2.570922238904210116e-04 8.111957575427916622e-03 2.354304147780890075e-02
9.456164437108138827e+02 1.183295794412814491e-09 1.120243159695628616e-04 1.498266223813746667e-04 1.917889334113090751e-04 2.352895986037084749e-04 2.700580286336864543e-04 1.674406579829837275e-04 6.895110297207608110e-05 2.531227423519539360e-04 8.015008164408676458e-03 2.327293440360029067e-02
9.477102019085709799e+02 1.182663817766793277e-09 1.125750378298799608e-04 1.505835754376024123e-04 1.930094184210134759e-04 2.333333533490537760e-04 2.751172689472780922e-04 1.674015814519735836e-04 6.928886084772211751e-05 2.496509870242105971e-04 7.873595390260597002e-03 2.295399771921775856e-02
9.498048247691176584e+02 1.184668309512130036e-09 1.122619612585489706e-04 1.502824339515803265e-04 1.941821475031553252e-04 2.335648409021718849e-04 2.718362985865826142e-04 1.680775570472001798e-04 6.928114185612316452e-05 2.463384553168332532e-04 7.761386805135327659e-03 2.269387009671673672e-02
9.518993470118265350e+02 1.187588225244817837e-09 1.113272228684746923e-04 1.510183563515547604e-04 1.942144992420714378e-04 2.359047277928401777e-04 2.752911100051016980e-04 1.683334778342325522e-04 6.939870748950121703e-05 2.429987687051988262e-04 7.654533653631402298e-03 2.236694631985974499e-02
9.539931246298413043e+02 1.189051733990842050e-09 1.101967432990147184e-04 1.503727438991953795e-04 1.945854020718471380e-04 2.356799245531155220e-04 2.743620799547068093e-04 1.689909996903162523e-04 7.003543549857915045e-05 2.391371638094846376e-04 7.542595223681448392e-03 2.210702606545065368e-02
9.560876809461574339e+02 1.193486736454073930e-09 1.095314145322192115e-04 1.498867117100622845e-04 1.949070826712398312e-04 2.374579294030431601e-04 2.769139581807065955e-04 1.697302552451229057e-04 7.008775214316881428e-05 2.362636014794917939e-04 7.428324411874622987e-03 2.189509937278207724e-02
9.581826441465052540e+02 1.195796594694313312e-09 1.096380337706691458e-04 1.512769195400433047e-04 1.973567123707947713e-04 2.391008034197117653e-04 2.776352547291957248e-04 1.702313974488229480e-04 7.043169388596954694e-05 2.332971248879766278e-04 7.326847574133762281e-03 2.155489324217647884e-02
9.602772273193462524e+02 1.196834398251262273e-09 1.108100629775953520e-04 1.533724922556194126e-04 1.974902429144938395e-04 2.379421575717225899e-04 2.774601519644229685e-04 1.707676856803044460e-04 7.041809649269953450e-05 2.293182853533907940e-04 7.212554217219172698e-03 2.127423367227895129e-02
9.623712624990271252e+02 1.199431856782751190e-09 1.132403224443205591e-04 1.544668764151301606e-04 1.963590025009075298e-04 2.403381877927931044e-04 2.798605717427832653e-04 1.713696002050222851e-04 7.103812826730197848e-05 2.272134469155793948e-04 7.102384023416989482e-03 2.106011773624423197e-02
9.644650236165496153e+02 1.198112313400956050e-09 1.152732118456327166e-04 1.516756025707755441e-04 1.979779021387264388e-04 2.388918238140702653e-04 2.788609764311510727e-04 1.715940381276228417e-04 7.073392025520725793e-05 2.236521454384933808e-04 6.992637958156454683e-03 2.072631004479279920e-02
9.665580764847952651e+02 1.203502916067361488e-09 1.173605924441840849e-04 1.506734971694279263e-04 2.013699808402592080e-04 2.392156288177506426e-04 2.816046079083210358e-04 1.722880111177354091e-04 7.127791154251460854e-05 2.208371304579189495e-04 6.900147086427165476e-03 2.055027782149540516e-02
9.686515079069329204e+02 1.205309664789671032e-09 1.173100008645377979e-04 1.531529757001235195e-04 1.969809442385399517e-04 2.427334814889690786e-04 2.804097704169490049e-04 1.718445152119910612e-04 7.128641310043308749e-05 2.173815307401411783e-04 6.777647661805327045e-03 2.024802792342491470e-02
9.707472283526113870e+02 1.209479283564889473e-09 1.166171615478872484e-04 1.574253117492670445e-04 1.994918196421994539e-04 2.412453161071807534e-04 2.838019456087995172e-04 1.747039504622112523e-04 7.178404146520323535e-05 2.155694162211991443e-04 6.700472494315658570e-03 2.004796151530397613e-02
9.728421862387386909e+02 1.207710339693970289e-09 1.136627341119950401e-04 1.575548110597795211e-04 2.030453330244511739e-04 2.443102316780939968e-04 2.826716169230966648e-04 1.734426601612460057e-04 7.199269786794982738e-05 2.124781253651923966e-04 6.591101428737200507e-03 1.978152970893878523e-02
9.749365329535589808e+02 1.215511008992510583e-09 1.120829525711326385e-04 1.551179709527530123e-04 2.009994680219960952e-04 2.443497900635714648e-04 2.849635969473451815e-04 1.753785350454947127e-04 7.266870634395342283e-05 2.099247126578647189e-04 6.513676845961506069e-03 1.959804232779458616e-02
9.770321593954358832e+02 1.213932139408272610e-09 1.097767111284392300e-04 1.528922504455208070e-04 1.992488561717271163e-04 2.435594862836615488e-04 2.841073159724648496e-04 1.748360464518092141e-04 7.222804233923384447e-05 2.073483684097325109e-04 6.412469071852858367e-03 1.930778576716399297e-02
9.791262471867233899e+02 1.214195319434741416e-09 1.102567492966726376e-04 1.560240577996055921e-04 2.029472222880171288e-04 2.453247672402123869e-04 2.847658292442183515e-04 1.753710320917187802e-04 7.214065701096512037e-05 2.042802339920422839e-04 6.293007323543196342e-03 1.906700222195244557e-02
9.812201797452001983e+02 1.219192591375271690e-09 1.130081127093446374e-04 1.603370949066143124e-04 2.029429661941538278e-04 2.452518974421428305e-04 2.865714295585008618e-04 1.760462213766014999e-04 7.300381168531766497e-05 2.022920889032177078e-04 6.216364479762265770e-03 1.885294496702534864e-02
9.833156709558470538e+02 1.221474163098275340e-09 1.160666523765933894e-04 1.597269126356430104e-04 2.018157875394040429e-04 2.470255716056006350e-04 2.890333011871787220e-04 1.769182864224467708e-04 7.327154531632942911e-05 1.995353869613015498e-04 6.136793706974871636e-03 1.864908419294410494e-02
9.854094027707837995e+02 1.220293612093921161e-09 1.189697109099537405e-04 1.562479623269540552e-04 2.044188300236523420e-04 2.471988313213782326e-04 2.877804039211999398e-04 1.774132468497724652e-04 7.355076213463018471e-05 1.974152229611993549e-04 6.028271590913770149e-03 1.834435044969614723e-02
9.875036787638556461e+02 1.226564906211643805e-09 1.212803868093512637e-04 1.562180981647216186e-04 2.063272472283667308e-04 2.479413538520566546e-04 2.908938683265284864e-04 1.775529258278149493e-04 7.371026539268587933e-05 1.957986864537924478e-04 5.955270032608695613e-03 1.823512212662999066e-02
9.895990294368945115e+02 1.224906525715648739e-09 1.202076887215527257e-04 1.582450620169778164e-04 2.044922365772686461e-04 2.475621355523813303e-04 2.879644072815705394e-04 1.784856286703233829e-04 7.313688736730113865e-05 1.923929538368846360e-04 5.862319573346737658e-03 1.797025419365424342e-02
9.916927366091778140e+02 1.229226944684325381e-09 1.189113441693007253e-04 1.616238645332865743e-04 2.059518331457269762e-04 2.511103717237489767e-04 2.918085435254918212e-04 1.787170875685194422e-04 7.378534122503695408e-05 1.909228756394745026e-04 5.783288220481743250e-03 1.775497710868259582e-02
9.937868062151590038e+02 1.231211987071580769e-09 1.165107412080831721e-04 1.605146525542738563e-04 2.058915960796902571e-04 2.481788625297383279e-04 2.908344096155064044e-04 1.791902049388293587e-04 7.424400912825570339e-05 1.890421223175750109e-04 5.699546032859914221e-03 1.758217063464240920e-02
9.958824377726509738e+02 1.234507997011521861e-09 1.135797181482008507e-04 1.592318818863290119e-04 2.079774108733090945e-04 2.526635829142048913e-04 2.929249634789295761e-04 1.796503313495203071e-04 7.470306525157845233e-05 1.866736053175600395e-04 5.613735695978789263e-03 1.736034146148589946e-02
9.979765290409238787e+02 1.233729578788141348e-09 1.127313649924398519e-04 1.584149794957398385e-04 2.076826502068476407e-04 2.505001592311232586e-04 2.924848851552322871e-04 1.800237812401018741e-04 7.476172654141169350e-05 1.841423490884679711e-04 5.533612409831074712e-03 1.713944227985113658e-02
1.000068920472776199e+03 1.235062504555577948e-09 1.136504821472731676e-04 1.598111550611820936e-04 2.055333601587209472e-04 2.509931040567037110e-04 2.933864257741416104e-04 1.798790810695881392e-04 7.445805497914893020e-05 1.826934738875931143e-04 5.443830923147076339e-03 1.695680073383444564e-02
1.002162239696438292e+03 1.237417034777946238e-09 1.161202701179882995e-04 1.609426574918429713e-04 2.090102278822997880e-04 2.538431703294664215e-04 2.951853038832129186e-04 1.813249182043981899e-04 7.440424562815152725e-05 1.809134375985624148e-04 5.387302591103871642e-03 1.675625395133406928e-02
1.004256786180994368e+03 1.243653385903723590e-09 1.194363273788513497e-04 1.614940332940559438e-04 2.106493382756268384e-04 2.524179548455667151e-04 2.956635031416800035e-04 1.821849060274365365e-04 7.525400420475170809e-05 1.786490717323117037e-04 5.301790968088341931e-03 1.657946396376983739e-02
1.006351229455202201e+03 1.244098029884668262e-09 1.220982272182835040e-04 1.622479925713824465e-04 2.072377163027825048e-04 2.544716812927872514e-04 2.977284636822486634e-04 1.821015153384483709e-04 7.579827154952580742e-05 1.769951186181498029e-04 5.221193767876932020e-03 1.638965824737237398e-02
1.008445983449848654e+03 1.249252390005673735e-09 1.238679994818348863e-04 1.629053008550411562e-04 2.098168974143489263e-04 2.554343121849921797e-04 2.967469382802985847e-04 1.835841440582932716e-04 7.646077140944919999e-05 1.759944271754128092e-04 5.159024949647520245e-03 1.619130085719731882e-02
1.010541425412046806e+03 1.246800850277902223e-09 1.228485352899204351e-04 1.614785006177321116e-04 2.122793560213635724e-04 2.541814012032152063e-04 2.988190614902501473e-04 1.827316555669048208e-04 7.617124249205578610e-05 1.733267694528087472e-04 5.069742069694716489e-03 1.599368175598075634e-02
1.012636502013241738e+03 1.252248982013471657e-09 1.225059798940105176e-04 1.618935154424276754e-04 2.109615387103592414e-04 2.565263536433399572e-04 2.981300360240632017e-04 1.843693445163514647e-04 7.574184145332808207e-05 1.724500153529105566e-04 5.017481696958850726e-03 1.586556768727043903e-02
1.014731868888421786e+03 1.250982579648059745e-09 1.201251171248244530e-04 1.630336638642242088e-04 2.096727212817011353e-04 2.567648659060425441e-04 3.006900338515136563e-04 1.839717958023563899e-04 7.569225646150369222e-05 1.705218760114478999e-04 4.942423877145335140e-03 1.566738163318382934e-02
1.016825360711495819e+03 1.252180788361177069e-09 1.187172422745339667e-04 1.659029435571698680e-04 2.128975777479020419e-04 2.553942852055770792e-04 2.989749266801521293e-04 1.852337788767586418e-04 7.595083570508364269e-05 1.689737072295728886e-04 4.875768146385260626e-03 1.549591220733415042e-02
1.018918497183810928e+03 1.253101039298549833e-09 1.182835561973154373e-04 1.663151816618259858e-04 2.134964790862275345e-04 2.587785889234849924e-04 3.012052568560347329e-04 1.849463047225910603e-04 7.693868305164073510e-05 1.674378215196650559e-04 4.805238119209510189e-03 1.532759427204449625e-02
1.021013692729094032e+03 1.259790099601925617e-09 1.188701505445586632e-04 1.643922746138750367e-04 2.124836042313985767e-04 2.590986772221655853e-04 3.025151682841821618e-04 1.862598208829211062e-04 7.766327180104546138e-05 1.663410607291614985e-04 4.751366768662943982e-03 1.516765395289467952e-02
1.023108078284652606e+03 1.260855682555898670e-09 1.202740323761559358e-04 1.628294201214358454e-04 2.138549882139715664e-04 2.580052246504434916e-04 3.030496515138084569e-04 1.863459405065769482e-04 7.740861989788023491e-05 1.645352492363398686e-04 4.674101224695029026e-03 1.498369364382822963e-02
1.025203743129323584e+03 1.264089150919531671e-09 1.225182802145494620e-04 1.654400442650794372e-04 2.150996051384390954e-04 2.628381877877383689e-04 3.062231124056335194e-04 1.876964531129433791e-04 7.756533734483256305e-05 1.635713881226980666e-04 4.635482957350571011e-03 1.487887709646234027e-02
1.027298109812993061e+03 1.261732557413763333e-09 1.232924365607703605e-04 1.686473187494809791e-04 2.165731694694493395e-04 2.597898994088750297e-04 3.034133592137569285e-04 1.872076850755418395e-04 7.721154649605168957e-05 1.615268430649231823e-04 4.552594794671815416e-03 1.464670683823521280e-02
1.029391694530919040e+03 1.269440027710449514e-09 1.244335943668025129e-04 1.691119117737013811e-04 2.156057895095662643e-04 2.615461646595310520e-04 3.059600007085796569e-04 1.880701044788104029e-04 7.747106032433349106e-05 1.610754986554817055e-04 4.507696964705426058e-03 1.452791736703059298e-02
1.031486388560550495e+03 1.268717517230622733e-09 1.246179588820707669e-04 1.672342009106781954e-04 2.151693717974173699e-04 2.627294462930652866e-04 3.049251483418122482e-04 1.879257160299180839e-04 7.833545004565630127e-05 1.591809377523505748e-04 4.435162724117009715e-03 1.432429340701948418e-02
1.033581505141713706e+03 1.275083641047060510e-09 1.251101408795175242e-04 1.656653988807217268e-04 2.182739274606286712e-04 2.638798308728958881e-04 3.086339084305399910e-04 1.898665608174480784e-04 7.903095278696382171e-05 1.581890664945414669e-04 4.393456580258148399e-03 1.423437885657239874e-02
1.035676213071961229e+03 1.271700417644331138e-09 1.245338954778367339e-04 1.668367291906425057e-04 2.189539689245286391e-04 2.629569017012604870e-04 3.070245726269444850e-04 1.894568303849839561e-04 7.846760691264400797e-05 1.565420613935176769e-04 4.322389810868504552e-03 1.403192448749412610e-02
1.037769943153003624e+03 1.276802822467765481e-09 1.245423916678002445e-04 1.697867245524915488e-04 2.166105196985267545e-04 2.653100467677645667e-04 3.085325182367148599e-04 1.901272742573141832e-04 7.850991368238301106e-05 1.560378866518313389e-04 4.279926007593069272e-03 1.395196931962148883e-02
1.039863729503999821e+03 1.276881568820611056e-09 1.244611385409470519e-04 1.704861678599909290e-04 2.169407765747655864e-04 2.647502745189932692e-04 3.098670838846417116e-04 1.906713871118547832e-04 7.792238211173857585e-05 1.541901859811142296e-04 4.217741094386714268e-03 1.376021078867932339e-02
1.041958178193355479e+03 1.283731913917672862e-09 1.250312683773607836e-04 1.703900769384516492e-04 2.214567660612365560e-04 2.649328296847885413e-04 3.097212850596883630e-04 1.911621647358256585e-04 7.918881358338325494e-05 1.532713446996165777e-04 4.176763675189178876e-03 1.364758719522918447e-02
1.044053258448172073e+03 1.281582738114837226e-09 1.247726039053826145e-04 1.689317444624564022e-04 2.198120031917898793e-04 2.674425168516752875e-04 3.109201652366888179e-04 1.914165372394034074e-04 7.943758515802504044e-05 1.522476210370168372e-04 4.123047180515619289e-03 1.347425155289232353e-02
1.046146565632553802e+03 1.285024048126102789e-09 1.254103379230628030e-04 1.696697260655349025e-04 2.184331484200955503e-04 2.657000319863706450e-04 3.118070489751268424e-04 1.924076049123953915e-04 8.015872206269992898e-05 1.513954375859494867e-04 4.075800057691305808e-03 1.335839294717231472e-02
1.048241463915075428e+03 1.289445133135372843e-09 1.247547014458324404e-04 1.711429312898946975e-04 2.212606933449264815e-04 2.677120546766295173e-04 3.132077105312911099e-04 1.929466481188101316e-04 8.006418540960419860e-05 1.504058486018968626e-04 4.023551846041512232e-03 1.323938406357914703e-02
1.050334823741878836e+03 1.288104431223417511e-09 1.242307187137747142e-04 1.706055185289105343e-04 2.210490949612913165e-04 2.675941356370923371e-04 3.121645435090214548e-04 1.918317138948612765e-04 7.926658966506644575e-05 1.486462882094146125e-04 3.969874564596149319e-03 1.307061283561239927e-02
1.052428061820206722e+03 1.292577438576374466e-09 1.248611498433043864e-04 1.714176963484777565e-04 2.208686641855062767e-04 2.672169190981540541e-04 3.125814863892676016e-04 1.931327760793838291e-04 7.974373931607011410e-05 1.481379574721898660e-04 3.929584022380605904e-03 1.297823329301567644e-02
1.054523279091665245e+03 1.295577032013003362e-09 1.256716724585409963e-04 1.726217213323981902e-04 2.215422093503866907e-04 2.693740107416738396e-04 3.145562416800727797e-04 1.927883131839303120e-04 8.001683319628488927e-05 1.477130357456483034e-04 3.885265972217449935e-03 1.284484261804370170e-02
1.056617393097481681e+03 1.295551517312677429e-09 1.271627552933071454e-04 1.728086952030150178e-04 2.212309419231572503e-04 2.690579658989956696e-04 3.139801890851011998e-04 1.935141081592677741e-04 8.059481832038918787e-05 1.460833472995025286e-04 3.835795794859349697e-03 1.272199121444702458e-02
1.058712741544074561e+03 1.301485010774521180e-09 1.292652368030747245e-04 1.725424055302490322e-04 2.238641299753993093e-04 2.707003561319568986e-04 3.166223072354858777e-04 1.951665328480744284e-04 8.138098086865311516e-05 1.458239752830278973e-04 3.801915143433545752e-03 1.261995849807524307e-02
1.060807146587884517e+03 1.297603286206304576e-09 1.299745299459757330e-04 1.709903444145089986e-04 2.239918207923097065e-04 2.692314411960422494e-04 3.169675265394783894e-04 1.944278870759094191e-04 8.127795783268575321e-05 1.444892731037157000e-04 3.742564623575872235e-03 1.244096009334654494e-02
1.062901109829352208e+03 1.305810312666628667e-09 1.311609204517475747e-04 1.729038450233123044e-04 2.237385145115518173e-04 2.740150129087142025e-04 3.174092624169033076e-04 1.963266128966948798e-04 8.134472966962265534e-05 1.442979559925643444e-04 3.714480781618183843e-03 1.238609271125255297e-02
1.064997011470600683e+03 1.304890898761171618e-09 1.304882959969005214e-04 1.752809098326869083e-04 2.227782320010344866e-04 2.716229360014672605e-04 3.190487179770994846e-04 1.962794900617916797e-04 8.061605159507458248e-05 1.429437537896853776e-04 3.671555991341116792e-03 1.225368246580323811e-02
1.067091946389066607e+03 1.308566453713278772e-09 1.288830772758623778e-04 1.762814380761836474e-04 2.260521425229980116e-04 2.721706545609214336e-04 3.175924580433957516e-04 1.965724630096077601e-04 8.147288825355418756e-05 1.423704623503839245e-04 3.632299662181604112e-03 1.214590068288888373e-02
1.069183954216339998e+03 1.308247244969147545e-09 1.274599888831542775e-04 1.749286168856290619e-04 2.269239429095901378e-04 2.751774554194704034e-04 3.208902184644668934e-04 1.980253596637646747e-04 8.195227764419813659e-05 1.412138209566242734e-04 3.585613430833719910e-03 1.200404712122387849e-02
1.071278576792183230e+03 1.317115236769073669e-09 1.265058087685030246e-04 1.730217518880333434e-04 2.245104173741043299e-04 2.734479933373840403e-04 3.208027627457799708e-04 1.980958755962551078e-04 8.262300508656539018e-05 1.414527038054004071e-04 3.562859019321236269e-03 1.195423495018740900e-02
1.073374364359302490e+03 1.313011425982129778e-09 1.257629727434896462e-04 1.730605530987968787e-04 2.265793217879397462e-04 2.756775594244923497e-04 3.223249748141029459e-04 1.988326119582412661e-04 8.269170636116888171e-05 1.403037236682072965e-04 3.513767134430076985e-03 1.178980234631448777e-02
1.075469039126183816e+03 1.313357068571915353e-09 1.263306996958803825e-04 1.767540379545778169e-04 2.292583407688883197e-04 2.769374761187288017e-04 3.238998400862236186e-04 2.000874429113018969e-04 8.257239619149223304e-05 1.398097545972812967e-04 3.469569335010196705e-03 1.164097846876230476e-02
1.077562632551596153e+03 1.306507685767978671e-09 1.279998955935656498e-04 1.788234885315792230e-04 2.285151966217455676e-04 2.767978224160823515e-04 3.235451518305411476e-04 2.002929515197085107e-04 8.280491957834656383e-05 1.390440775509366254e-04 3.411326427683533669e-03 1.144038170234157673e-02
1.079656543296830478e+03 1.308233862128257310e-09 1.308844934014666858e-04 1.791291426386200846e-04 2.288853992732161214e-04 2.784151697101389642e-04 3.267449670986161017e-04 2.020749038058725674e-04 8.287068247548245656e-05 1.388552443491674032e-04 3.378064299539596319e-03 1.131529020856883103e-02
1.081751752508558639e+03 1.302498705610672416e-09 1.335951271586794168e-04 1.772164223025667008e-04 2.302368151193794467e-04 2.796611774999167876e-04 3.263751074129235042e-04 2.020004389268512221e-04 8.350248704971516224e-05 1.381809172035123408e-04 3.321818788426810637e-03 1.114249407586235911e-02
1.083845001699139630e+03 1.301043342579524355e-09 1.359241313617824221e-04 1.770298250369997531e-04 2.315959014652577413e-04 2.811640712466259833e-04 3.282146178073604040e-04 2.027915221449524551e-04 8.410855711151555896e-05 1.378490313436246911e-04 3.277079137436277219e-03 1.099821377163680801e-02
1.085939428562480771e+03 1.300687707098248257e-09 1.365763887339761220e-04 1.787568649899477996e-04 2.329308536928021399e-04 2.806253894102716108e-04 3.308616319233009069e-04 2.033768699460748795e-04 8.505453342691715558e-05 1.371246374742302466e-04 3.233379546792994764e-03 1.085061896961962875e-02
1.088034222818080252e+03 1.298690487922896646e-09 1.350239862643836503e-04 1.807355594932203997e-04 2.334625085980446832e-04 2.837474186282240378e-04 3.303519967419851679e-04 2.043930264749701446e-04 8.491753132644299404e-05 1.366602446320287008e-04 3.196092854295209430e-03 1.070980693340831125e-02
1.090128217961450446e+03 1.295300750405813666e-09 1.334541276480529621e-04 1.814152337866451641e-04 2.322999490235449908e-04 2.836716962807027333e-04 3.326560334145775501e-04 2.041228102282664726e-04 8.488791342620675843e-05 1.361900072624568395e-04 3.148089066616012802e-03 1.057191282614757324e-02
1.092223310392521853e+03 1.294614833008715569e-09 1.322474265437318904e-04 1.818299462613200297e-04 2.342993684094445128e-04 2.843733628907876604e-04 3.336637936325952364e-04 2.063288794360391629e-04 8.532083173222966880e-05 1.360580067054451090e-04 3.120373774114800977e-03 1.044065850025644067e-02
1.094318396564963223e+03 1.292421821440263939e-09 1.314552711127955377e-04 1.830574767573206669e-04 2.378861562454566826e-04 2.865978377416181894e-04 3.343758343828418813e-04 2.055935952793930342e-04 8.539362845190844715e-05 1.354532715963510734e-04 3.069122392969484726e-03 1.029377038452301135e-02
1.096412566711700947e+03 1.287865191090927665e-09 1.319276759781088824e-04 1.832767342992355233e-04 2.374429191556005707e-04 2.875231039781950639e-04 3.374084750089584154e-04 2.083321955999628593e-04 8.594248204631605630e-05 1.350764736981208548e-04 3.034447638355752385e-03 1.015343870126403369e-02
1.098506695372116610e+03 1.286209102986057253e-09 1.318873018364335526e-04 1.826159249573216852e-04 2.352222707733438970e-04 2.877064657948255480e-04 3.361687076785545075e-04 2.076698888265548170e-04 8.663655087172391679e-05 1.347874710300721605e-04 2.992282440305780739e-03 1.003995661346079003e-02
1.100602158967694550e+03 1.286311672923475148e-09 1.337799145727818948e-04 1.833506043790575542e-04 2.394009047988964150e-04 2.885830327834012360e-04 3.406969111017401470e-04 2.092015406745971939e-04 8.743563280168306184e-05 1.344801412156775521e-04 2.960925403153449095e-03 9.913436770698249439e-03
1.102695993918269551e+03 1.280384921717436306e-09 1.355030861462872406e-04 1.839198483682244110e-04 2.411137954444055140e-04 2.921276974756732898e-04 3.394941446207805466e-04 2.092984047141220117e-04 8.715921792661307206e-05 1.336938334773042593e-04 2.908793725309257328e-03 9.770665475233664479e-03
1.104789375679098157e+03 1.279899598548579238e-09 1.377288215640068956e-04 1.866109792910869197e-04 2.402249177780920863e-04 2.911487844879535186e-04 3.423825349937669143e-04 2.107021754137552473e-04 8.751617985069937676e-05 1.336933185329669798e-04 2.881513517958087921e-03 9.674425175736765803e-03
1.106884134759741073e+03 1.276010158092097485e-09 1.394719791445207053e-04 1.887327946920709599e-04 2.397676406671082287e-04 2.911894497084360918e-04 3.424944109461279204e-04 2.116916855962983372e-04 8.748260777087429126e-05 1.331220757484017497e-04 2.845211983108772609e-03 9.549122472612515261e-03
1.108977251522718689e+03 1.275608810021912196e-09 1.406083603784311097e-04 1.876645759877062722e-04 2.417978256895967487e-04 2.953957119223559738e-04 3.440391670818504478e-04 2.123192486425086391e-04 8.798794671507315329e-05 1.332920150597059479e-04 2.812122172177990848e-03 9.419233197719494369e-03
1.111072335678291665e+03 1.272437224707694996e-09 1.397170256783310748e-04 1.860336518080348456e-04 2.426198557597008837e-04 2.943388543926437652e-04 3.437847751252074823e-04 2.130193453027564145e-04 8.799933271588127656e-05 1.327779548444155502e-04 2.782355200069151595e-03 9.327047998070514892e-03
1.113168327432720162e+03 1.272317547517507992e-09 1.388581705389014458e-04 1.856127882518327681e-04 2.447532949202692559e-04 2.947512375723867280e-04 3.470147131238310182e-04 2.139184670973792019e-04 8.901953555667402329e-05 1.324652097723802251e-04 2.738362416122247164e-03 9.204357738301445838e-03
1.115262432084090960e+03 1.268417766846244091e-09 1.388004223682057171e-04 1.877946646616280885e-04 2.448375880693785399e-04 2.973024013274629010e-04 3.455734689933401553e-04 2.145667456843915319e-04 8.915827937382248621e-05 1.323873117561098105e-04 2.697772857728321285e-03 9.081235142325422283e-03
1.117357206960801705e+03 1.265951883944283424e-09 1.396083472279404064e-04 1.916969106776297306e-04 2.438795988871140412e-04 2.981362299941522562e-04 3.505982337284715067e-04 2.155249274692231721e-04 8.980380838236712944e-05 1.320195587277096989e-04 2.668342800643591552e-03 8.986933835635729784e-03
1.119450661726259568e+03 1.261630484721068602e-09 1.402285271049008781e-04 1.923475168880907262e-04 2.448754774888416271e-04 2.983762471430392599e-04 3.500167963009623751e-04 2.168558624398929759e-04 8.964870861190494568e-05 1.317635997512223373e-04 2.629505582558589773e-03 8.865191810952634602e-03
1.121543693154871789e+03 1.262070003954184682e-09 1.408578606315507090e-04 1.908388774633121114e-04 2.484118802957635606e-04 2.989170152425368312e-04 3.511642019309111208e-04 2.165724808829386119e-04 9.033314556955822903e-05 1.314109017963390098e-04 2.600617329691287238e-03 8.760044387344618003e-03
1.123638931526533952e+03 1.261489465501119197e-09 1.407767987229882297e-04 1.911822691168208420e-04 2.494235277576087469e-04 3.032664016277180686e-04 3.540336098805097723e-04 2.185171896589287210e-04 9.075967878714381908e-05 1.315213260927574008e-04 2.571353179203387119e-03 8.661422464851490852e-03
1.125732812551609868e+03 1.255424245633547125e-09 1.402805668222672966e-04 1.904654671772990299e-04 2.464520902725929807e-04 3.010686476461704015e-04 3.535613099274209788e-04 2.185037188981789336e-04 9.070231719807669683e-05 1.309518563529932917e-04 2.531440466725170049e-03 8.545903298209507962e-03
1.127827850546267427e+03 1.259423009280980850e-09 1.411317720296104486e-04 1.928667379580628009e-04 2.491873922977612225e-04 3.026588562320996277e-04 3.550977664635266177e-04 2.194342034963982940e-04 9.143169553732504058e-05 1.315235270357361058e-04 2.505359446062372774e-03 8.472676172212019116e-03
1.129923492504966816e+03 1.253725655868253596e-09 1.414718878440131809e-04 1.939637730747313053e-04 2.518190095856359103e-04 3.058536197656244824e-04 3.587811802330402090e-04 2.212645476799193615e-04 9.167229834970184944e-05 1.308366650208455805e-04 2.472664186842217331e-03 8.354978335972245568e-03
1.132017271483304512e+03 1.249592800108551829e-09 1.419148611041380376e-04 1.941401958997705617e-04 2.513909702899882114e-04 3.047696779896781074e-04 3.567827793517153114e-04 2.204292596772651643e-04 9.157549902886907996e-05 1.304881865496775354e-04 2.437939443098312026e-03 8.250905657663372764e-03
1.134110454187221876e+03 1.249060158753410399e-09 1.425258220512514600e-04 1.958718331547585853e-04 2.534090617263673028e-04 3.067181842805822081e-04 3.606272855268424869e-04 2.229935105090119875e-04 9.237483748363107595e-05 1.306476062670710355e-04 2.404640740472844922e-03 8.158227168783867625e-03
1.136203656381680275e+03 1.244183343598293286e-09 1.425677974012379951e-04 1.968818921895538587e-04 2.521624882648219141e-04 3.068310044371077216e-04 3.607810202674464808e-04 2.219485487283846402e-04 9.238390429528737363e-05 1.302502711689376951e-04 2.374723748404739682e-03 8.042357546064395069e-03
1.138299440703964365e+03 1.248140033761746238e-09 1.448802328608784834e-04 1.981488570731200364e-04 2.541231255171614222e-04 3.104319188630877326e-04 3.623364541035368862e-04 2.243664247687903585e-04 9.335956536806768163e-05 1.304373060740246710e-04 2.352740636008203868e-03 7.988984112441555388e-03
1.140393654149308077e+03 1.239363967442329063e-09 1.462535831123292797e-04 1.954800440142485636e-04 2.547907171966244818e-04 3.094993208191100195e-04 3.621681879987760579e-04 2.243669127411684666e-04 9.311687085799879920e-05 1.298583736150958677e-04 2.306622361617821984e-03 7.856276170933550879e-03
1.142487373592088943e+03 1.240570996169581868e-09 1.491851696884953266e-04 1.958760197874638695e-04 2.583787821923874380e-04 3.090974207123445587e-04 3.662562785680424648e-04 2.251611231142126531e-04 9.396229987964277094e-05 1.301526536581063171e-04 2.287514850335669973e-03 7.784980877272500675e-03
1.144583212922060056e+03 1.239397512327136327e-09 1.507156242041966278e-04 1.969988832503399867e-04 2.569086096566419839e-04 3.137765557499938075e-04 3.644308792613148041e-04 2.267001511889388992e-04 9.385824031890649323e-05 1.297956181281923350e-04 2.259288904155623556e-03 7.690396350848350757e-03
1.146677708347187718e+03 1.234674556979368720e-09 1.501168199389259163e-04 1.994330449922675609e-04 2.560683591385291120e-04 3.131981400274544132e-04 3.680800915729478054e-04 2.267297909615990914e-04 9.408038260608051926e-05 1.297287747273383684e-04 2.231754529077818305e-03 7.604653974294685141e-03
1.148771280985036356e+03 1.234338644347136702e-09 1.490420818020540090e-04 2.031110988559769938e-04 2.589301391031944470e-04 3.130032011151366545e-04 3.697249689250260815e-04 2.282947992970465524e-04 9.463445929593093436e-05 1.298387673643649077e-04 2.200835202401709486e-03 7.511589714124487782e-03
1.150866870983900071e+03 1.234656455168094662e-09 1.467347270949749484e-04 2.025439463527884125e-04 2.618863325707131216e-04 3.158275776542430937e-04 3.702248766700510043e-04 2.291871403452574692e-04 9.515272321098346337e-05 1.298594847975482883e-04 2.178709323176636087e-03 7.428127627014154653e-03
1.152961208838450830e+03 1.227942819323407360e-09 1.449854656303059411e-04 2.000438546831608422e-04 2.602447792098087345e-04 3.164782474434568119e-04 3.702733588438690180e-04 2.289780837292664558e-04 9.524589558454056950e-05 1.293054497751825350e-04 2.144298805967011223e-03 7.327191243059172007e-03
1.155054770184082145e+03 1.229103405588373978e-09 1.452934966749105700e-04 1.997197262629184602e-04 2.609658873058240229e-04 3.181741945538633693e-04 3.740505058409970851e-04 2.309393364416694654e-04 9.623908172041735053e-05 1.295914646918675591e-04 2.120509808653591594e-03 7.266359652099359766e-03
1.157149934376605188e+03 1.224082546245832272e-09 1.451149408043771454e-04 2.008951516239640964e-04 2.616629955380580944e-04 3.171176636918261673e-04 3.717585083002490328e-04 2.304655775016229487e-04 9.597485753890654277e-05 1.292337910478847762e-04 2.090611586367133699e-03 7.173145399104191230e-03
1.159244983559887487e+03 1.223299631897410578e-09 1.463929500503452692e-04 2.030859108282921947e-04 2.626150745744795724e-04 3.194081532978100221e-04 3.766121933915402139e-04 2.322473038672745102e-04 9.664012061815233036e-05 1.295604812410323210e-04 2.070694270927792447e-03 7.101292239639290550e-03
1.161340041357110522e+03 1.220090968628895041e-09 1.471484855388770295e-04 2.045923724943516839e-04 2.635495397997119488e-04 3.214077136092016317e-04 3.750242412510096813e-04 2.321573872583880158e-04 9.637714546583817565e-05 1.293482643531866617e-04 2.039050039038892061e-03 7.006286149837425044e-03
1.163432496517780464e+03 1.217873655029683273e-09 1.492001775252410026e-04 2.054010954090422058e-04 2.667548302933520988e-04 3.195865808839549365e-04 3.763441833306752126e-04 2.327112579044918997e-04 9.698408907132256135e-05 1.289774028932217233e-04 2.014794013202888309e-03 6.923506948986229287e-03
1.165527653101994929e+03 1.219430392106909750e-09 1.527547166509759841e-04 2.056243524341833269e-04 2.663325577619632270e-04 3.228037236478601465e-04 3.794334885575239560e-04 2.359212781032915551e-04 9.741947102606682090e-05 1.297392394840177123e-04 2.000517811558567578e-03 6.873507151221275140e-03
1.167622838570417116e+03 1.211391391387272339e-09 1.545761359652384902e-04 2.060306684571227480e-04 2.636771267987565834e-04 3.243934335244593012e-04 3.797027705770259528e-04 2.344643160509561142e-04 9.761205498783171136e-05 1.289728395038067059e-04 1.965413726736648346e-03 6.768711557678071429e-03
1.169715039345337573e+03 1.209766234266695216e-09 1.565436944106370738e-04 2.068093718084190323e-04 2.670933189101343426e-04 3.248949375716530153e-04 3.797084945413951168e-04 2.364283083710401630e-04 9.811025526719715823e-05 1.292135099588938632e-04 1.940584907841699357e-03 6.691706182127422041e-03
1.171809516708050296e+03 1.209631991165055213e-09 1.563090068063562705e-04 2.065837242638102591e-04 2.701884542189645060e-04 3.253101143614172959e-04 3.830571359150422030e-04 2.369386560048236646e-04 9.864556405645071859e-05 1.292695727317850650e-04 1.920671185805309170e-03 6.622579533279620949e-03
1.173903832827921860e+03 1.208000167124360675e-09 1.549026365586844819e-04 2.055657385160552500e-04 2.697624455143487164e-04 3.253032868013570086e-04 3.830654605671333468e-04 2.369710806557032178e-04 9.874784147277777758e-05 1.293120468003344662e-04 1.898339600332602396e-03 6.543861532714540657e-03
1.175997438927495296e+03 1.204177610054026863e-09 1.531348751815384066e-04 2.064907622097308612e-04 2.681192224387440588e-04 3.275833831886768043e-04 3.834097128561924522e-04 2.385758453476534619e-04 9.898771745347505397e-05 1.293579124295430552e-04 1.874725889311245567e-03 6.479853532260893174e-03
1.178092003668601365e+03 1.203093235809337982e-09 1.523318317669001903e-04 2.086381868553341607e-04 2.696542487645569989e-04 3.293902895631426581e-04 3.860674546014225615e-04 2.383944324007931850e-04 9.951094682041856433e-05 1.294044493054047676e-04 1.853921116003715442e-03 6.397947904483400686e-03
1.180187699383458721e+03 1.203013052199069073e-09 1.530524160323922227e-04 2.124979421283342993e-04 2.720621201941848984e-04 3.282665711172630917e-04 3.890161183439902102e-04 2.406229784320724650e-04 9.973859677221215859e-05 1.295727253847789892e-04 1.834604421708003249e-03 6.346741931862753122e-03
1.182281624162936623e+03 1.196845145785487237e-09 1.538726148852154641e-04 2.129972980096345007e-04 2.728150646261664884e-04 3.313564063997924435e-04 3.874899432256524528e-04 2.409347666194535677e-04 1.005862873974387489e-04 1.291550694434739671e-04 1.807904952093387137e-03 6.245281259527980799e-03
1.184377284327840471e+03 1.200113480720289540e-09 1.552782417433184103e-04 2.127976873305549414e-04 2.760423747808198741e-04 3.348156091049928691e-04 3.914847484431255038e-04 2.421113025567081891e-04 1.008745608093193223e-04 1.296709766711667627e-04 1.795225968083140030e-03 6.213677287624764199e-03
1.186473221133613833e+03 1.193705158990583593e-09 1.551165683600444229e-04 2.093530357540109032e-04 2.751156809920131440e-04 3.328141516588701025e-04 3.915226148228212856e-04 2.424170544648626398e-04 1.009061834925926879e-04 1.292380813735740557e-04 1.765395897354952613e-03 6.112024326748496938e-03
1.188566144438745823e+03 1.192773895160705154e-09 1.555149840755888819e-04 2.100090030008699125e-04 2.739750634881338905e-04 3.347205771567416635e-04 3.920764805751811495e-04 2.428792258361104088e-04 1.016050301027734780e-04 1.297341882646557113e-04 1.749752719057645709e-03 6.055923211007651838e-03
1.190660006445212275e+03 1.189949463428441215e-09 1.554788279626968209e-04 2.120856396743182751e-04 2.739910244009679673e-04 3.344123786344107402e-04 3.943494307981170702e-04 2.439804462489351619e-04 1.015764448785705241e-04 1.295768506842913002e-04 1.729095713248146680e-03 5.983997108463678591e-03
1.192755411773423702e+03 1.189656617749602869e-09 1.567290478078978957e-04 2.145802935759425498e-04 2.791020716196256340e-04 3.372301004257061575e-04 3.958725520328560798e-04 2.454543432117846065e-04 1.022994939170772995e-04 1.299684963303385362e-04 1.708488853737235181e-03 5.929863308764743435e-03
1.194849589281075851e+03 1.185035950140332665e-09 1.573513883097176511e-04 2.158292339391875304e-04 2.808138337596044714e-04 3.398185580548355013e-04 3.982846202302170089e-04 2.461292894456703273e-04 1.022519861561974676e-04 1.299601093919768502e-04 1.687331297949957705e-03 5.851445971181088064e-03
1.196942433688976053e+03 1.184681852846868903e-09 1.577091173898587833e-04 2.155553104244120383e-04 2.785243232044550530e-04 3.362537082386195600e-04 3.962202926803561043e-04 2.463825326757389266e-04 1.027629364943221160e-04 1.297286329323553867e-04 1.667166537031150543e-03 5.805177973757767902e-03
1.199035921344153621e+03 1.182022511045294318e-09 1.587371590588379543e-04 2.168375514914198574e-04 2.785170699638227026e-04 3.397651369825212026e-04 4.013389484539794157e-04 2.479436327327524578e-04 1.028969666457009148e-04 1.302014335764328226e-04 1.651688548344919065e-03 5.735932918229963429e-03
1.201131096356108401e+03 1.180683308238779407e-09 1.588946882208950413e-04 2.172009844500348856e-04 2.807090222290737507e-04 3.413441543942947022e-04 4.002235832943596512e-04 2.480536767083882507e-04 1.036796180063685952e-04 1.301508282694887404e-04 1.633379702418840014e-03 5.679917817720090897e-03
1.203224554565239032e+03 1.174144275070178581e-09 1.599057732250691046e-04 2.179996128920795877e-04 2.802821067529466222e-04 3.419951764443680624e-04 4.008833722935090538e-04 2.487841667157002679e-04 1.035765129410112659e-04 1.300181364721152393e-04 1.610712816682425500e-03 5.593762352542848600e-03
1.205318622832252458e+03 1.178914572232768617e-09 1.615821428978835884e-04 2.167829519795885286e-04 2.827335698670147609e-04 3.424897032929066797e-04 4.026828264614012325e-04 2.500312267516273000e-04 1.041026892190764915e-04 1.305303505532005479e-04 1.596495831410633991e-03 5.565999823868819814e-03
1.207414020167677336e+03 1.172039054616284403e-09 1.636755137216834729e-04 2.165182438084208428e-04 2.843896067121754172e-04 3.427079592647859149e-04 4.058036725030979047e-04 2.503459988438536186e-04 1.044056260562971908e-04 1.300597763821890573e-04 1.575871246252394083e-03 5.478593446611976919e-03
1.209506902094162115e+03 1.170709713241784445e-09 1.655649164581041101e-04 2.168065325094923636e-04 2.849230292973824684e-04 3.454279953228127603e-04 4.040555942104258249e-04 2.522830680579455200e-04 1.047527590179681765e-04 1.305629795519705168e-04 1.555079191881456697e-03 5.434074546038478865e-03
1.211601760159804144e+03 1.166268991100996828e-09 1.656232210317635535e-04 2.192197331748602768e-04 2.822766278419933800e-04 3.476685167131818234e-04 4.069217611908417247e-04 2.517299083244912668e-04 1.051146354599969296e-04 1.306959910955906689e-04 1.540069210606036113e-03 5.367272571347816469e-03
1.213698478368028191e+03 1.168817399969889903e-09 1.652657944929759089e-04 2.229487640062173071e-04 2.838276848614186662e-04 3.451698745034182357e-04 4.090575165658590952e-04 2.533501646279839935e-04 1.055586721419845615e-04 1.310125063116596839e-04 1.524245640833859963e-03 5.324344979973012412e-03
1.215794655439427288e+03 1.163616896460065270e-09 1.632676616250812267e-04 2.239353233367413092e-04 2.874482825111944950e-04 3.470287745690575328e-04 4.090964743902065484e-04 2.540323383771036364e-04 1.056414179294053711e-04 1.309668955630374581e-04 1.504262764634534425e-03 5.253393578110509415e-03
1.217887910942862391e+03 1.158066237804864398e-09 1.617966806853650007e-04 2.221126568865193854e-04 2.868380357146711095e-04 3.481717271297374273e-04 4.093805210359051632e-04 2.541601930769965220e-04 1.062436341473517828e-04 1.305380309909348103e-04 1.483605669123530275e-03 5.186804019659603526e-03
1.219981318103825060e+03 1.160723323367102173e-09 1.601301623990076259e-04 2.213632608038924811e-04 2.878458808160832172e-04 3.500457967321763276e-04 4.121443651283967320e-04 2.550451637369726245e-04 1.061745566785321862e-04 1.309895206791245471e-04 1.473155222436804516e-03 5.144296602774830508e-03
1.222077483209999627e+03 1.157696038729584358e-09 1.599672292407639668e-04 2.208733824683044614e-04 2.892449146272250558e-04 3.525809856360894714e-04 4.137397228104291763e-04 2.561505892699326189e-04 1.068844202947658164e-04 1.313266861115460187e-04 1.452372048167156629e-03 5.093395538373533815e-03
1.224171552774063002e+03 1.153322133288886329e-09 1.600583004577515111e-04 2.215993458991542125e-04 2.891623609648761879e-04 3.505458647652839703e-04 4.126157731623629824e-04 2.561107132880102396e-04 1.070099091002857920e-04 1.313604170857349978e-04 1.435769727237931268e-03 5.037917440408854614e-03
1.226264867469559476e+03 1.153940252399919093e-09 1.610308226134429615e-04 2.243155589811429988e-04 2.885857330865020955e-04 3.524393754560759158e-04 4.159382677325901409e-04 2.572897588063062101e-04 1.077172920928650714e-04 1.316797486211414205e-04 1.421734079963407442e-03 4.989711623699212908e-03
1.228359689200535513e+03 1.150723536879422659e-09 1.624282060803157056e-04 2.243628860986624938e-04 2.897752281677412481e-04 3.560939198533266811e-04 4.164653747992383350e-04 2.595985493149198216e-04 1.075571199754931907e-04 1.314944616490401879e-04 1.402925189498645687e-03 4.939741236385443435e-03
1.230453218541359092e+03 1.149503483656000999e-09 1.648409055464459074e-04 2.252759595664402905e-04 2.941809294914015500e-04 3.563406622104717540e-04 4.190470827540436634e-04 2.592219347168325978e-04 1.081793362903986269e-04 1.318064388018700751e-04 1.388765016980181288e-03 4.892594411183294988e-03
1.232547604409436190e+03 1.145395311479404449e-09 1.672658738362694760e-04 2.259825145826645980e-04 2.953068039783872910e-04 3.556980314039296363e-04 4.182369740927765448e-04 2.608523951927697870e-04 1.085332350343589042e-04 1.320270346322156895e-04 1.372325594153385323e-03 4.840679636039961660e-03
1.234642080155902931e+03 1.144639379547952018e-09 1.688714217421851099e-04 2.283919751709394849e-04 2.919575430828280269e-04 3.559183117225916851e-04 4.213799658287565903e-04 2.610032909955227031e-04 1.089351181341123689e-04 1.319314671923624955e-04 1.354117825358798185e-03 4.782784081750807506e-03
1.236736227980733929e+03 1.142739769696407897e-09 1.705422445744110517e-04 2.296992380264201725e-04 2.935366533299493342e-04 3.576918162366005409e-04 4.228691648226460707e-04 2.617295190336061208e-04 1.091584969796669880e-04 1.326429593943421364e-04 1.340902953632230844e-03 4.740971393718982838e-03
1.238831678601579370e+03 1.140852954189818855e-09 1.707685163694829141e-04 2.295839628939581715e-04 2.948732904106465607e-04 3.612547160660644426e-04 4.216750707175500787e-04 2.622777353157528901e-04 1.097216965359674692e-04 1.325352511793635268e-04 1.325385684547447478e-03 4.688613744638152683e-03
1.240925276089553108e+03 1.138210231397333185e-09 1.709773615509315543e-04 2.279659790770428320e-04 2.964052796552845716e-04 3.609836805943021578e-04 4.230749824881382720e-04 2.632602051844384742e-04 1.096917921859181047e-04 1.325232642408231834e-04 1.308022832466245291e-03 4.640156259690198480e-03
1.243019611372683130e+03 1.133213215931252765e-09 1.702705392511175088e-04 2.256904500363510831e-04 2.971622143770814742e-04 3.587339748883027575e-04 4.248696104566371452e-04 2.637263546924331820e-04 1.101065159601772312e-04 1.330096393957474620e-04 1.293322222369847323e-03 4.599341680806842171e-03
1.245113395974981131e+03 1.130804583353460716e-09 1.699849070026597227e-04 2.263815356934418621e-04 2.997942703752688146e-04 3.616793614556115398e-04 4.284462650552956615e-04 2.634051443375524655e-04 1.106488563557831350e-04 1.329790975977687630e-04 1.279033995570629792e-03 4.547328241317693046e-03
1.247207072068681100e+03 1.132491969297689096e-09 1.701142328950766688e-04 2.292978019288789845e-04 3.002799411879152861e-04 3.632934871961270213e-04 4.259595996423838214e-04 2.666487058802684881e-04 1.107155010412672454e-04 1.333721813863049117e-04 1.265524075062166628e-03 4.514003096076585862e-03
1.249301744709407330e+03 1.129366694760782324e-09 1.705805002326515624e-04 2.323680224751580145e-04 2.979923912641785702e-04 3.649561113198018401e-04 4.290987291951832297e-04 2.664339541039615288e-04 1.112654558227921085e-04 1.334679605146679260e-04 1.249273482133177312e-03 4.460424963790869321e-03
1.251397024235649496e+03 1.129482502619178159e-09 1.715610626188430327e-04 2.344622489849010349e-04 2.977826333607693377e-04 3.677397707508670574e-04 4.308395539211438432e-04 2.679921598327211600e-04 1.119065075399550325e-04 1.336532674139245976e-04 1.238742983765118121e-03 4.428069431290155254e-03
1.253492881580297308e+03 1.123115709530590783e-09 1.712872944065954584e-04 2.333811968849120811e-04 3.011296261699314132e-04 3.644497728398171329e-04 4.333139998553768818e-04 2.681034102645027677e-04 1.119040226132891213e-04 1.334730902020173245e-04 1.221864429075945370e-03 4.374074361084556717e-03
1.255585324903979426e+03 1.120661148815431754e-09 1.716597249790750683e-04 2.336701152751005314e-04 3.041432799950716617e-04 3.658555844829132399e-04 4.304680210120035377e-04 2.688512581755055694e-04 1.122777216004091554e-04 1.338946397944728423e-04 1.207592187022809953e-03 4.332904482970722712e-03
1.257677508253817450e+03 1.117809357129309319e-09 1.722533961512003368e-04 2.332599347676757372e-04 3.030194697006485132e-04 3.697119458277155169e-04 4.320747348643683150e-04 2.684467867182824090e-04 1.127328957688708262e-04 1.342141214948308376e-04 1.194050519603918371e-03 4.288906619115159628e-03
1.259774330313546898e+03 1.120862482986207913e-09 1.731428915107495177e-04 2.354668486957458542e-04 3.052159340252543407e-04 3.718604394720914836e-04 4.390521723133634989e-04 2.719707999847817198e-04 1.130853497404175949e-04 1.346576428823216456e-04 1.187771079905329541e-03 4.269227170170466698e-03
1.261869847457182459e+03 1.112411861856821229e-09 1.721547867850952644e-04 2.347944433638765116e-04 3.043499532469414880e-04 3.694646310848682946e-04 4.356029267932729258e-04 2.709936864022649138e-04 1.131190190880971636e-04 1.342863977927186408e-04 1.168773650807436709e-03 4.204257074978663342e-03
1.263963420401341182e+03 1.114915335165783036e-09 1.716276176994276472e-04 2.343282717851887117e-04 3.046807124652930240e-04 3.716359156018191230e-04 4.376674793435554448e-04 2.722780778794470159e-04 1.136366537491441284e-04 1.348579008841511323e-04 1.161017372427985018e-03 4.177316791096745766e-03
1.266058418467751608e+03 1.108230427121606125e-09 1.707376647613010343e-04 2.330948406408986492e-04 3.032618568289519555e-04 3.707345915291251665e-04 4.361710634358113544e-04 2.714425928548271278e-04 1.136880364004918056e-04 1.349020915103321661e-04 1.146990563893561261e-03 4.131489063134477155e-03
1.268153030388938532e+03 1.106945564028969144e-09 1.700159533943925718e-04 2.341448299550181631e-04 3.064507954237068762e-04 3.732632782431656842e-04 4.406010399965107609e-04 2.741501072202919128e-04 1.144287141112640822e-04 1.352959518172732302e-04 1.134200006065308550e-03 4.096828768488353090e-03
1.270246289560802325e+03 1.105268850008201801e-09 1.692041950302428793e-04 2.365155457264903592e-04 3.088755726445527208e-04 3.755264324880815846e-04 4.412228415362687414e-04 2.741113300371351589e-04 1.141950073217152693e-04 1.351361326527092399e-04 1.121061077589504936e-03 4.056722308795387283e-03
1.272339760552267990e+03 1.106426449589113105e-09 1.706611363025886663e-04 2.397052775606397514e-04 3.112308742141320340e-04 3.755008959816054977e-04 4.417361687563205771e-04 2.749546055966282888e-04 1.149111874919784431e-04 1.357511132277715684e-04 1.112860319223956534e-03 4.017073210671005291e-03
1.274435248284123190e+03 1.102650392586707092e-09 1.728737464164480282e-04 2.416575668266825086e-04 3.090145584088940280e-04 3.752274147837963980e-04 4.412780793196427855e-04 2.753360694641870552e-04 1.153351408383902998e-04 1.358972875668791667e-04 1.101018622557094684e-03 3.982999803004944744e-03
1.276530574986830970e+03 1.101863154433521747e-09 1.763627622150928573e-04 2.421030619875861483e-04 3.092932256769784422e-04 3.763926718547059539e-04 4.459106253061665380e-04 2.781078322245051151e-04 1.158521271364731578e-04 1.361181567195368842e-04 1.090046805832433014e-03 3.947520450332579756e-03
1.278624241404170562e+03 1.096748069264085375e-09 1.792523483212300924e-04 2.401644698441132546e-04 3.105204246669420755e-04 3.771101397947933080e-04 4.476229481672902924e-04 2.768983994611725046e-04 1.157695230973200263e-04 1.363245020623207043e-04 1.076040877676298071e-03 3.900498800045862965e-03
1.280718903153699330e+03 1.096267660965873260e-09 1.817686091028330704e-04 2.398156074704895402e-04 3.121464135447686496e-04 3.827209966303933607e-04 4.476721887657369070e-04 2.787875393995456041e-04 1.165952159206869198e-04 1.367912591709124180e-04 1.068229733556683679e-03 3.885796349418422103e-03
1.282813979087988173e+03 1.092121873126135777e-09 1.817114064868002019e-04 2.393116550782792729e-04 3.089638199051574830e-04 3.798974189656361897e-04 4.459696582601693532e-04 2.777052220484781272e-04 1.158484326229266924e-04 1.365604202198676719e-04 1.054411355142381972e-03 3.833113477229018861e-03
1.284907920392679898e+03 1.089599492129776710e-09 1.828218327922461373e-04 2.409745480437810387e-04 3.145498003686080456e-04 3.798120822242273607e-04 4.496094416084113628e-04 2.809627352934907516e-04 1.169173132072867991e-04 1.373621719235963484e-04 1.046845237508171574e-03 3.809328080447559484e-03
1.287001722065239619e+03 1.086832914011315390e-09 1.820035628141554408e-04 2.406744133708665283e-04 3.159128708326695454e-04 3.803945961550073487e-04 4.506627830862899343e-04 2.790811308042527713e-04 1.173439793280076906e-04 1.372436598822404305e-04 1.033333837615771009e-03 3.773133746467326882e-03
1.289094920481408508e+03 1.085032968605984072e-09 1.811207981869651456e-04 2.411947771414037960e-04 3.163787399495361316e-04 3.833709099847823617e-04 4.517502047329946665e-04 2.814598185498654384e-04 1.175434557726599518e-04 1.374411298898527806e-04 1.023460105128870794e-03 3.733293353316607249e-03
1.291189264309415421e+03 1.085453005025936927e-09 1.813412942991474814e-04 2.418486356593892942e-04 3.147409911629794215e-04 3.829100850922040398e-04 4.510717201381579189e-04 2.834493776283321040e-04 1.178302489344315281e-04 1.378676637568464018e-04 1.016811186190866604e-03 3.715485135390737825e-03
1.293283695292494031e+03 1.081060083535285082e-09 1.796589496757628542e-04 2.424034861404987095e-04 3.144967550951435764e-04 3.869831030105900529e-04 4.546320342017697328e-04 2.825684341952562151e-04 1.183174633680447117e-04 1.377540533951313300e-04 1.003667809332237050e-03 3.670039056854218756e-03
1.295379162800104041e+03 1.081761978402624618e-09 1.796990986855453738e-04 2.451508547202579176e-04 3.169711335161598639e-04 3.881473835182088178e-04 4.549950852312356197e-04 2.826432228594452103e-04 1.190269580692670230e-04 1.383814325547286098e-04 9.962975315791987828e-04 3.650765221379216868e-03
1.297473294751109961e+03 1.075992281059640643e-09 1.780033209623370675e-04 2.477204496997329028e-04 3.166234972933527447e-04 3.834583134325465054e-04 4.572089040204805623e-04 2.846797131464193350e-04 1.181899653509462509e-04 1.382490595760218609e-04 9.839802193521614022e-04 3.606135845719444025e-03
1.299568054358431027e+03 1.074529366862414494e-09 1.796946700242495339e-04 2.497959534412656389e-04 3.177233174320466384e-04 3.870240779090407908e-04 4.574492014666401004e-04 2.857024828942309868e-04 1.193304948798158758e-04 1.389744155881184853e-04 9.778770458051635247e-04 3.584638178335310295e-03
1.301663960278916647e+03 1.072923644084742081e-09 1.807052596537296141e-04 2.487981346147483835e-04 3.207018053597681913e-04 3.888180964853789074e-04 4.566438263924628817e-04 2.870754903598918772e-04 1.200350671727901694e-04 1.389985253951733172e-04 9.678557543434131421e-04 3.554179247741609537e-03
1.303757087018383345e+03 1.068637933372160611e-09 1.812037931410190143e-04 2.459662541731389936e-04 3.215856243311879768e-04 3.885627777352605359e-04 4.599577204300936070e-04 2.844275709010597362e-04 1.197129518808178421e-04 1.388525393655722431e-04 9.530657763655898821e-04 3.511696025548068350e-03
1.305850075781404485e+03 1.069592088944587259e-09 1.823439337003486310e-04 2.458959139026789466e-04 3.239290912857245119e-04 3.930703197764067185e-04 4.617102163701041753e-04 2.876365273546431034e-04 1.203658731484364780e-04 1.397633351937818528e-04 9.496885559267727881e-04 3.492628528253524049e-03
1.307945474831970841e+03 1.065059447975714373e-09 1.830232891433853542e-04 2.468101460188300874e-04 3.213577741881076984e-04 3.939366482872284827e-04 4.650456521547193640e-04 2.892342951063160954e-04 1.210706022596795507e-04 1.401901391441781922e-04 9.371698129318580721e-04 3.454741817032617665e-03
1.310040623953866088e+03 1.066108947844875035e-09 1.821854183414049386e-04 2.482162773550912016e-04 3.207484852631380351e-04 3.919490487230279968e-04 4.645903214980126963e-04 2.902117155945522185e-04 1.213803812316970423e-04 1.402579432417430086e-04 9.305551820168980921e-04 3.435334717202276258e-03
1.312132863060928912e+03 1.059892329085672586e-09 1.806440159761036463e-04 2.480997176487897298e-04 3.214536770545135011e-04 3.901506989833862234e-04 4.609871536617733516e-04 2.875068337619178321e-04 1.203216716199822058e-04 1.399959972061024871e-04 9.201714891960099908e-04 3.399341108223323700e-03
1.314227819785158317e+03 1.059671397953099547e-09 1.801744650338568676e-04 2.485315662807165691e-04 3.232534175357859650e-04 3.936240912899410718e-04 4.665447411455287351e-04 2.906421250207958805e-04 1.218904129900257635e-04 1.408008543168342696e-04 9.137343129799584953e-04 3.376484534885034177e-03
1.316325058954970018e+03 1.056547365781505130e-09 1.801066895758532329e-04 2.483481779420601901e-04 3.246585995220254155e-04 3.958136540538418615e-04 4.677852046880520654e-04 2.926434485408088075e-04 1.225411761794074526e-04 1.410278320869688565e-04 9.028921036827977815e-04 3.353221238547504212e-03
1.318419881256976851e+03 1.054539111988741259e-09 1.806002262946356440e-04 2.494289107063792305e-04 3.252975033638604669e-04 3.977616891454256232e-04 4.692125656960642035e-04 2.926945153869420810e-04 1.222176590309771824e-04 1.409906751509670787e-04 8.942305946357263823e-04 3.312629915058900275e-03
1.320512529753515764e+03 1.051176344894462958e-09 1.809107683962974105e-04 2.510722674020426448e-04 3.295531055168697174e-04 3.995844120165909581e-04 4.673975919848400926e-04 2.909764662085320393e-04 1.219286317068754777e-04 1.412930312359136670e-04 8.862172910767706670e-04 3.291157586677093475e-03
1.322606877619202123e+03 1.052353955948520491e-09 1.828400974275048432e-04 2.546037429447587752e-04 3.300377687225469737e-04 3.973123025684552963e-04 4.688392911860660649e-04 2.936506286368589943e-04 1.232584760608821262e-04 1.419817131057321872e-04 8.798201821275541566e-04 3.273010678402676291e-03
1.324701990842441091e+03 1.045701981539698636e-09 1.843024083396404059e-04 2.554869358513200766e-04 3.276864492260198199e-04 3.965147767134835069e-04 4.715221416216585628e-04 2.940736197714400083e-04 1.232694427429816691e-04 1.416026552590728626e-04 8.674451591392271866e-04 3.242174895164870625e-03
1.326795047320031244e+03 1.045323681750893119e-09 1.869452470381610524e-04 2.576262863353597225e-04 3.269564118716659419e-04 3.998436102179606208e-04 4.737955060509540703e-04 2.968125810704680856e-04 1.236218540552799490e-04 1.423309007981641162e-04 8.610199689202432775e-04 3.211702614274405954e-03
1.328888333976635749e+03 1.041622539301819352e-09 1.882728328677916226e-04 2.537091548558433919e-04 3.279591942009195686e-04 3.995517616381963019e-04 4.746257248058652323e-04 2.947948685595186565e-04 1.235436742934863281e-04 1.423047444534993055e-04 8.511408814109432683e-04 3.185513027172967061e-03
1.330983344303315562e+03 1.045184953755048666e-09 1.913810841401972131e-04 2.552589455957589358e-04 3.310132144969791081e-04 4.047776558573617373e-04 4.793345098484484961e-04 2.971337040537886201e-04 1.248665951012960750e-04 1.432081833294073208e-04 8.474787173276498954e-04 3.172487829510611552e-03
1.333078495264640196e+03 1.037493375992720900e-09 1.922542118064630404e-04 2.534024879349800830e-04 3.303096334340066748e-04 4.055820141199900967e-04 4.766301496511019171e-04 2.983807344654877225e-04 1.246700778203214054e-04 1.427841018307539464e-04 8.360252734728099416e-04 3.136124699055292068e-03
1.335172042246708997e+03 1.037461320812983029e-09 1.932187143645384898e-04 2.553417698458573305e-04 3.298541418578242374e-04 4.050964911764985341e-04 4.778134276149095198e-04 2.992279333993313507e-04 1.244742477861689579e-04 1.434886516653718035e-04 8.302330757816037479e-04 3.116567165040535700e-03
1.337266281426675960e+03 1.032469080336153265e-09 1.944101957686644397e-04 2.569560869162985104e-04 3.343041936956550044e-04 4.039815521136348470e-04 4.776291187951700211e-04 2.994746731110425300e-04 1.255505162865256730e-04 1.437221400974832738e-04 8.228434910707356931e-04 3.086584862472901546e-03
1.339361375197694088e+03 1.032220178355715028e-09 1.941980808804206332e-04 2.570023580683582112e-04 3.378698061620456750e-04 4.066389673951880637e-04 4.830914884448717886e-04 2.997905341597114455e-04 1.263009121359948074e-04 1.441860493488082207e-04 8.151192919013808876e-04 3.060418586613336545e-03
1.341455369552490538e+03 1.031446982739801459e-09 1.930957387739059628e-04 2.549488740469403603e-04 3.367099344548224178e-04 4.054557832133133099e-04 4.834072688752698017e-04 2.991037308990411592e-04 1.262294983055534234e-04 1.440830526088582514e-04 8.076880304893695834e-04 3.040903066310628178e-03
1.343548122712306622e+03 1.027128635983671364e-09 1.914961554297468023e-04 2.554254715550690691e-04 3.343854620755726606e-04 4.060386617396751050e-04 4.812152891913020966e-04 3.012824257216208720e-04 1.259733048698245708e-04 1.445881294245714209e-04 8.007318809198267235e-04 3.011415544409258918e-03
1.345643039042106921e+03 1.026276731889699701e-09 1.911065382963928892e-04 2.558460344013049957e-04 3.347692799216999207e-04 4.104462774976856579e-04 4.815796833330504003e-04 3.033925301606777130e-04 1.257932379419583930e-04 1.450400332487377275e-04 7.932576892407361109e-04 2.999908183151005995e-03
1.347739521641354031e+03 1.023675364840782266e-09 1.908927315918789976e-04 2.588263603951894182e-04 3.372107480314881023e-04 4.121969408551989073e-04 4.838678340078019684e-04 3.029885365574431903e-04 1.271241104596279061e-04 1.451792353948704528e-04 7.878181124350367836e-04 2.979664476746665507e-03
1.349834475060470822e+03 1.019858118070059555e-09 1.907863712679603576e-04 2.614602323774208341e-04 3.357716947713104238e-04 4.098015494487954372e-04 4.855521893039967292e-04 3.017773902066687693e-04 1.274088170068676470e-04 1.450831289214663910e-04 7.781284065515026421e-04 2.944753296502948536e-03
1.351927434892708106e+03 1.020351284991057488e-09 1.916464935956154044e-04 2.637455503014835977e-04 3.341850329070534110e-04 4.111411692893821132e-04 4.891833315567319616e-04 3.025987771928466516e-04 1.276208422287860092e-04 1.456579908425596846e-04 7.733654714260603316e-04 2.925158007386169552e-03
1.354020399617284056e+03 1.016030673531404995e-09 1.924851262261375586e-04 2.634149651454390558e-04 3.360415661024438155e-04 4.115069370322722636e-04 4.861617307775351472e-04 3.061884411369397382e-04 1.276417626659839214e-04 1.458151576940379889e-04 7.655317727939092275e-04 2.899763622771714486e-03
1.356116090709253740e+03 1.016224872167315789e-09 1.938234068524542103e-04 2.635917954028136321e-04 3.401808694263913808e-04 4.111302093254374655e-04 4.920236702786977409e-04 3.074806958153469133e-04 1.285947294541986191e-04 1.467305530880562295e-04 7.617088717605140832e-04 2.892269322358836936e-03
1.358210476259215284e+03 1.007811078227346271e-09 1.933582599187328593e-04 2.620106689521086254e-04 3.422988344115489648e-04 4.111732811574466914e-04 4.896384416672880597e-04 3.060482666936139239e-04 1.287337136372603854e-04 1.463696239726388379e-04 7.517179244041308781e-04 2.854846148294452532e-03
1.360303747182000507e+03 1.009094298770872478e-09 1.941380331470265498e-04 2.629021243897259751e-04 3.426701398913419429e-04 4.164465970273876550e-04 4.878162744859405073e-04 3.066708459754417066e-04 1.293444216190087898e-04 1.468728243508322375e-04 7.478915596099647983e-04 2.846856550911183031e-03
1.362400535658319313e+03 1.007180382468349617e-09 1.929834048060189247e-04 2.645863542231643951e-04 3.408846497979541707e-04 4.164720243851542485e-04 4.911121070777743104e-04 3.072192486720865174e-04 1.288414481527655573e-04 1.470748151592659019e-04 7.427680034625855658e-04 2.820218950065783627e-03
1.364495739844143827e+03 1.003729310837332015e-09 1.930187693398709853e-04 2.655661587296829465e-04 3.435300488353738814e-04 4.158985090560508879e-04 4.950793697908976044e-04 3.086869386412622283e-04 1.293435201876885765e-04 1.472018553383054617e-04 7.345279729487688702e-04 2.795015219441853663e-03
1.366588262994561774e+03 1.002854628210759380e-09 1.920050860430897290e-04 2.655338023624041993e-04 3.457380333124811939e-04 4.209525939198553442e-04 4.972968618011327797e-04 3.095241945898073613e-04 1.295768046633965229e-04 1.479139601664738405e-04 7.282096910788158706e-04 2.783084475338105154e-03
1.368683189247194605e+03 9.994395028347052146e-10 1.918450120397424436e-04 2.647268495449198850e-04 3.454207839924734085e-04 4.207445807288482244e-04 4.982181829634157186e-04 3.126137900296365423e-04 1.312464516351159803e-04 1.485978966572254793e-04 7.230321665017346803e-04 2.759953385469605773e-03
1.370778319477116383e+03 9.961748428952867607e-10 1.902109896077991999e-04 2.608755699887933452e-04 3.410210420255930749e-04 4.159798286632511596e-04 4.944913929696731925e-04 3.105214496821952523e-04 1.304222180603778524e-04 1.483522818258795875e-04 7.166231936712680415e-04 2.740113524765955700e-03
1.372873108917453465e+03 9.964180144440766288e-10 1.907631043248741954e-04 2.619393885215588790e-04 3.426947989233986784e-04 4.196376483396309452e-04 4.988574630654208720e-04 3.121152732656557794e-04 1.311897374005357682e-04 1.489046813311911688e-04 7.137031304170880384e-04 2.719809187152537073e-03
1.374966446175575584e+03 9.895887443829706037e-10 1.887461827495242521e-04 2.611934232029772241e-04 3.422676446871083795e-04 4.191527324665162064e-04 4.961841492770894873e-04 3.103011863106963316e-04 1.301582673726917321e-04 1.487902878390306766e-04 7.032978994444509654e-04 2.694890354673731489e-03
1.377058610520125967e+03 9.885710798502365537e-10 1.899224809523353600e-04 2.653700503406152098e-04 3.457520497337014838e-04 4.197800126201587929e-04 4.976820543690500028e-04 3.138964777874670114e-04 1.315698349055713010e-04 1.493304475881690918e-04 7.019297120883248369e-04 2.682994964420979886e-03
1.379153986926703737e+03 9.884194803592877029e-10 1.916967052325069839e-04 2.683869678768859663e-04 3.477244538591939271e-04 4.230322651067543638e-04 5.047446749306635540e-04 3.146049980108392386e-04 1.325577197325770562e-04 1.499000270651014194e-04 6.935459749696340536e-04 2.664844914410483944e-03
1.381248801264587200e+03 9.861029324873043500e-10 1.925094914418270348e-04 2.693982697702067275e-04 3.467973195905565270e-04 4.263374320844457452e-04 5.054201856944953936e-04 3.157264844227605370e-04 1.326566161647376525e-04 1.500698511782675066e-04 6.886500306291239810e-04 2.653538308757308339e-03
1.383343398918839966e+03 9.834285421838429416e-10 1.955731228732595468e-04 2.689618740433772411e-04 3.494289830873906709e-04 4.276946549197992750e-04 5.039386912726094656e-04 3.160129742911632188e-04 1.321973086176640255e-04 1.504167483177851292e-04 6.834058399937053370e-04 2.629263740325800836e-03
1.385437928642209272e+03 9.779619796294689241e-10 1.975155867724929213e-04 2.682033047187105577e-04 3.518543352011158564e-04 4.247783438779867459e-04 5.045669446215871349e-04 3.142594121652516909e-04 1.319489804578363160e-04 1.502975855829745812e-04 6.775955900344940485e-04 2.600178119208586443e-03
1.387532167230832556e+03 9.792602210296995886e-10 2.002035521526105604e-04 2.692448050947843772e-04 3.541188173469000684e-04 4.284035557468045307e-04 5.055445664433272715e-04 3.167157363940810953e-04 1.337545992815120089e-04 1.509979527192054386e-04 6.725134154479071045e-04 2.598844049411504729e-03
1.389627412542565708e+03 9.747239907224437383e-10 2.012302723252815161e-04 2.696327811918386029e-04 3.513995347051624861e-04 4.276090803803224254e-04 5.049637667892095845e-04 3.170928463865723117e-04 1.339409672343021545e-04 1.510621446373892624e-04 6.662280608409666422e-04 2.574084675699480664e-03
1.391720835018028311e+03 9.759217203505557180e-10 2.019780130731426489e-04 2.741152557587317527e-04 3.520890617817565597e-04 4.254544285907409370e-04 5.064347084660428266e-04 3.192500156555507841e-04 1.337790590256573758e-04 1.515751589117775473e-04 6.613725834490864850e-04 2.567303335346737304e-03
1.393816322428680678e+03 9.727124003695896581e-10 2.023398368105597310e-04 2.769172208761187782e-04 3.532420498311899864e-04 4.274839532019126241e-04 5.102117895595072910e-04 3.198627101579575266e-04 1.346128184199651718e-04 1.525260455452792413e-04 6.566552093578466179e-04 2.549793113937005948e-03
1.395913058676872424e+03 9.704528413880203687e-10 2.015956645350240378e-04 2.780121354044029209e-04 3.549721495157878281e-04 4.308691245336672437e-04 5.139644538648241966e-04 3.214480379009137471e-04 1.349359531389649250e-04 1.527054352632221349e-04 6.526615429339318805e-04 2.530480070638742134e-03
1.398005942793966142e+03 9.645232076383413703e-10 2.005893978569260475e-04 2.756778008613791631e-04 3.525311341264389625e-04 4.320575502929157956e-04 5.129353594451280208e-04 3.213829897620342066e-04 1.347880888936394360e-04 1.524501209300910471e-04 6.457236165037125121e-04 2.511784700876110166e-03
1.400097987811482199e+03 9.610995187680053146e-10 1.994482835893718938e-04 2.722728535775721746e-04 3.501394865280005211e-04 4.291066435032340511e-04 5.103983879445011911e-04 3.182634564398859403e-04 1.343908031612563257e-04 1.525852929710717497e-04 6.410332723418533333e-04 2.495968678216898325e-03
1.402193529427280282e+03 9.635215120963946575e-10 2.010248184148292116e-04 2.737102956366287100e-04 3.527204518596617185e-04 4.369201824668595313e-04 5.190039577276740540e-04 3.225055475566974148e-04 1.362087763511523318e-04 1.534837611461397082e-04 6.378069794620982178e-04 2.485620407304226821e-03
1.404287010850064917e+03 9.546020265708093825e-10 1.996815110057406802e-04 2.718499045087148947e-04 3.545299563027667043e-04 4.344661319617426913e-04 5.132476713925413761e-04 3.213488061306318659e-04 1.354045925603587655e-04 1.531372997642922945e-04 6.301893092438522800e-04 2.453769505239439003e-03
1.406379514750296721e+03 9.568710486345272084e-10 2.012895440923281615e-04 2.733208285000582913e-04 3.571934876875024222e-04 4.385924751088320691e-04 5.109934536820312382e-04 3.244499445745281153e-04 1.370363801609392077e-04 1.542897445896096952e-04 6.280383044298791257e-04 2.451717951894017561e-03
1.408475517107035785e+03 9.519083009962461448e-10 2.032201444886792905e-04 2.759739101908989913e-04 3.571388557500782836e-04 4.374281836520934382e-04 5.183834169408923749e-04 3.252259285438636560e-04 1.363894613802545022e-04 1.543798048860171911e-04 6.216892366679557715e-04 2.429953748494080405e-03
1.410571298484275985e+03 9.487408893752356613e-10 2.046604323867389982e-04 2.758328785088627133e-04 3.578208060521549400e-04 4.380230758164519703e-04 5.191355729809297341e-04 3.263347257975621977e-04 1.365682685045395905e-04 1.548665977784157745e-04 6.183349704455250520e-04 2.418165428313680428e-03
1.412663481267778252e+03 9.467458437274118499e-10 2.060700667716207682e-04 2.741540146537392456e-04 3.583678245426606635e-04 4.365640069441462296e-04 5.172089167150067598e-04 3.255458457970103925e-04 1.366143504788832372e-04 1.548409931251411536e-04 6.124919163227245675e-04 2.406674635016649647e-03
1.414756057042713110e+03 9.442071519415718902e-10 2.086228510387000109e-04 2.742495209089487978e-04 3.619320671525748725e-04 4.367523180987649889e-04 5.239288442602020070e-04 3.248873964951203681e-04 1.380716562593738833e-04 1.551383923510640502e-04 6.102075503534044312e-04 2.385093016538180136e-03
1.416853683072616832e+03 9.472636964599143415e-10 2.124227350671658882e-04 2.733329433625187894e-04 3.677656521372844813e-04 4.377850298713170055e-04 5.276050054559294376e-04 3.283124239865984175e-04 1.388054982309647688e-04 1.566468513689983351e-04 6.065691829075946142e-04 2.385181588615807244e-03
1.418949373440370437e+03 9.377198151884510243e-10 2.129019573497561513e-04 2.738046102570273620e-04 3.639534495747719176e-04 4.397119609920907188e-04 5.243650522957640173e-04 3.285071044114664155e-04 1.380016529494437359e-04 1.560041235640447714e-04 5.990669469216155412e-04 2.357969622588652631e-03
1.421042495542925963e+03 9.378094446242660279e-10 2.146883090564775552e-04 2.748901845733173156e-04 3.630458003283843936e-04 4.423098302449280880e-04 5.263794656891694059e-04 3.267070824447751019e-04 1.383798301815984037e-04 1.561938479036487689e-04 5.941297729716337383e-04 2.347582810295448328e-03
1.423135748535529274e+03 9.347432805197198034e-10 2.146131314333388489e-04 2.782324855283508161e-04 3.622304715392300322e-04 4.381045099488063590e-04 5.242914627937129372e-04 3.315950775214489082e-04 1.384634371335872680e-04 1.565204839392692450e-04 5.914151368287264921e-04 2.330845755680302413e-03
1.425230685300588220e+03 9.287698272537205135e-10 2.144286247146199198e-04 2.804579946690972112e-04 3.644213182080444135e-04 4.428739524563900026e-04 5.235996959373330701e-04 3.314814846616194379e-04 1.379709104598257857e-04 1.572409549401385261e-04 5.864106458623753997e-04 2.319337240196096394e-03
1.427324266173205388e+03 9.278035273320886314e-10 2.142044521196008293e-04 2.801640647687942331e-04 3.648777273831266548e-04 4.464587533720606452e-04 5.258352945178671215e-04 3.308799043700993850e-04 1.389623097103578528e-04 1.579167837317845186e-04 5.830399658307851805e-04 2.311957331352419796e-03
1.429417966588982381e+03 9.239389644072565976e-10 2.113798459848080687e-04 2.798902959808669639e-04 3.629071270839993976e-04 4.448947592094392258e-04 5.281427258719136823e-04 3.322154522871223763e-04 1.401407738196971725e-04 1.578011234574221578e-04 5.791445536430692934e-04 2.298820454690193946e-03
1.431513634734481684e+03 9.250681653697884932e-10 2.103630384483096453e-04 2.789115030773577802e-04 3.620613852677562303e-04 4.492706057768633908e-04 5.286438485042680140e-04 3.341479685359681939e-04 1.406685492560127038e-04 1.584456760885403820e-04 5.763206737222838650e-04 2.289944418545554038e-03
1.433608708316983439e+03 9.178274860663977181e-10 2.076662894340322021e-04 2.789979477892809358e-04 3.627257046276049558e-04 4.486510128505271722e-04 5.311281530376166108e-04 3.331093947080654384e-04 1.407507686893341963e-04 1.586321439448592282e-04 5.707496140580048090e-04 2.269101035742607589e-03
1.435703405893887521e+03 9.175041882052552002e-10 2.062348295452097772e-04 2.803265919834233401e-04 3.659748836367834033e-04 4.505263176350075187e-04 5.345296836895727880e-04 3.338111840977572137e-04 1.414166473592798725e-04 1.592816218571641463e-04 5.677792082586460322e-04 2.256957959811419553e-03
1.437797102727795391e+03 9.139558873397307037e-10 2.060203468205020958e-04 2.838552900007373036e-04 3.669001392531132458e-04 4.506649939303891445e-04 5.290018564650573758e-04 3.333262144908401823e-04 1.419102998381588604e-04 1.600135222885360972e-04 5.638579830091275131e-04 2.248174597945758364e-03
1.439889452627959599e+03 9.085871627118553145e-10 2.064915237020073773e-04 2.864971387008255965e-04 3.664639220384309352e-04 4.461031573880191699e-04 5.379322575403610793e-04 3.349276714817273179e-04 1.411044099718659407e-04 1.596581884514732799e-04 5.579518403513026486e-04 2.229820628192867495e-03
1.441984326784723635e+03 9.110377369980177854e-10 2.075851747379391912e-04 2.899986898741739789e-04 3.661270246980208093e-04 4.508055236817491468e-04 5.424570600669109590e-04 3.368325475371477455e-04 1.412926036834403424e-04 1.602693817179584774e-04 5.576001490138454263e-04 2.224085158759523968e-03
1.444080675542435984e+03 9.044759443304489858e-10 2.088219022234978281e-04 2.896786673691395791e-04 3.666421876233847961e-04 4.531217013753236107e-04 5.366494983775199623e-04 3.375760825579415705e-04 1.419373283473654304e-04 1.606722001615322828e-04 5.518162077285777237e-04 2.209756061851851118e-03
1.446174941422311804e+03 9.014792175907669960e-10 2.092431057329367176e-04 2.877567979085836748e-04 3.701033098735027156e-04 4.480971317295753841e-04 5.403181710001248939e-04 3.382575293083313881e-04 1.432281562126819685e-04 1.614302818735158251e-04 5.488537512425128301e-04 2.187580278210481729e-03
1.448269909339067453e+03 9.013564558238883352e-10 2.115164565539422203e-04 2.887531728165762535e-04 3.732842545155416031e-04 4.498842047755793102e-04 5.429095292236761150e-04 3.421536907500489989e-04 1.419534269425153051e-04 1.619046735037554384e-04 5.459860362961234826e-04 2.184243150478309275e-03
1.450363691717096117e+03 8.909074754901705831e-10 2.107980180552251448e-04 2.878078837059153605e-04 3.734530210915073829e-04 4.540234255243557823e-04 5.389315973885922418e-04 3.414046384653948241e-04 1.425906661353073981e-04 1.607330631642746267e-04 5.373301415982751315e-04 2.160406673407542100e-03
1.452456696848266120e+03 8.937573787253425265e-10 2.119055697374068274e-04 2.906593050595217211e-04 3.736412349627866634e-04 4.544178264229718680e-04 5.399865907297269653e-04 3.418406362001144474e-04 1.468124680655912668e-04 1.619656338664609457e-04 5.405538741161737982e-04 2.163592323251353408e-03
1.454553241863339508e+03 8.867257537240139437e-10 2.127721889275408093e-04 2.929361997917680790e-04 3.729300798054638278e-04 4.552935611178708154e-04 5.451584158597769670e-04 3.427382316182036584e-04 1.430030484488950418e-04 1.627735749202890373e-04 5.340120317167954727e-04 2.144464931836893243e-03
1.456649265043942933e+03 8.838968656568737523e-10 2.111291695896659365e-04 2.949474790332662268e-04 3.779336743706520957e-04 4.530575399707502241e-04 5.402254464103385711e-04 3.425184974395550854e-04 1.440992002775496076e-04 1.637052248349892686e-04 5.306257243286842265e-04 2.137444681321181393e-03
1.458742314681138168e+03 8.799442025568818181e-10 2.105609938380884755e-04 2.956145124996113044e-04 3.809490443811673079e-04 4.571117042630816712e-04 5.423629611433159869e-04 3.418223646559901178e-04 1.471056332876760652e-04 1.629474065540611517e-04 5.263346250290330255e-04 2.120274067589777642e-03
1.460833243578661268e+03 8.751283220434591460e-10 2.094637815425834273e-04 2.941155371825095871e-04 3.826914183517346555e-04 4.611163060804753856e-04 5.482561668924547209e-04 3.445073686612464686e-04 1.444979229413182289e-04 1.633680521880518386e-04 5.226855319840115850e-04 2.109801191364348971e-03
1.462928450656394716e+03 8.741404284854353953e-10 2.079859970606936332e-04 2.907267289680348556e-04 3.807244134788724337e-04 4.604048623429146106e-04 5.444956096189780027e-04 3.426034054251562554e-04 1.428739652979370007e-04 1.648141360379252259e-04 5.223231482712448843e-04 2.101409621443711857e-03
1.465023022706571965e+03 8.665105078905495786e-10 2.071303073867594962e-04 2.884679599719010040e-04 3.798645613302269772e-04 4.588687034375086259e-04 5.480727749497186878e-04 3.453899295320161196e-04 1.481983290173561046e-04 1.648189427553524422e-04 5.153530234152982076e-04 2.076803771562597128e-03
1.467116112410237292e+03 8.684059982717325338e-10 2.061994939932355951e-04 2.885142445383140461e-04 3.814412656138461261e-04 4.647954803854311930e-04 5.493462598079698785e-04 3.447415786173377164e-04 1.453886960376482107e-04 1.647948198366389874e-04 5.148463025920577574e-04 2.075899868014788926e-03
1.469209592487180998e+03 8.629773551372116410e-10 2.057105989851236612e-04 2.900043151908747127e-04 3.843466754364193425e-04 4.695155929445283226e-04 5.541013643574890443e-04 3.459250270153657668e-04 1.439848825250319444e-04 1.649686881130283192e-04 5.116129016145914109e-04 2.056353841470185545e-03
1.471305411720845086e+03 8.601798312064178896e-10 2.050301774886700899e-04 2.918091543134251268e-04 3.877606084171433950e-04 4.678755619143189779e-04 5.540799205963480327e-04 3.491836966797618748e-04 1.502797606122613415e-04 1.665733573031479443e-04 5.082840144577921828e-04 2.045679031928124107e-03
1.473401178943140394e+03 8.563648254793063064e-10 2.042520046366806154e-04 2.932827972082182916e-04 3.854301681144436725e-04 4.672906546087457697e-04 5.565276899835263887e-04 3.487739964525910972e-04 1.465899821203719825e-04 1.666945654805806825e-04 5.066951573419268542e-04 2.040357239008245942e-03
1.475493559982847728e+03 8.439187892535170647e-10 2.065058296131475231e-04 2.938948579337297032e-04 3.809136939672978827e-04 4.681745973598224354e-04 5.605536593634955368e-04 3.495465174762621484e-04 1.445564204235857053e-04 1.659487886705398360e-04 5.011300660766331190e-04 2.011819403811917692e-03
1.477588782836064638e+03 8.502638358597293845e-10 2.093969947517480270e-04 2.949646989434690099e-04 3.828877551091817749e-04 4.771813445187664043e-04 5.606989936036391349e-04 3.543258099711685933e-04 1.507090738327888512e-04 1.679661423892541664e-04 5.050398354496444565e-04 2.019002440542783886e-03
1.479684586427345266e+03 8.371349729593641613e-10 2.113551695314890109e-04 2.907697667547863660e-04 3.820980731158809033e-04 4.683229333190484767e-04 5.605981290277193239e-04 3.503697930035452684e-04 1.480696182438572537e-04 1.676017044290838544e-04 4.960214678954413857e-04 1.984804998611037347e-03
1.481778837843804013e+03 8.400121636467648865e-10 2.152588276567815075e-04 2.915002006047338174e-04 3.860215999437229114e-04 4.698866770449434721e-04 5.658233441420244684e-04 3.562257280559406208e-04 1.470351061584550235e-04 1.684129523884825036e-04 4.965538839389572415e-04 1.988806534411143891e-03
1.483872536693007760e+03 8.315978189182654216e-10 2.185254926100412313e-04 2.893407490589066625e-04 3.877361451108967305e-04 4.700790523754933567e-04 5.650864570356585763e-04 3.553974522582665076e-04 1.524265700664355382e-04 1.681069371980037526e-04 4.913425616937675336e-04 1.964690274899574297e-03
1.485967290148519396e+03 8.253116535087766246e-10 2.209767380451979342e-04 2.898543543428515898e-04 3.856909140612306791e-04 4.753894463459132987e-04 5.626325968563941453e-04 3.568571338882363018e-04 1.513369305087251555e-04 1.695021078319946129e-04 4.908141543083548381e-04 1.950238517495849529e-03
1.488063290239493881e+03 8.229833892752312652e-10 2.207856623990981184e-04 2.924856929530226970e-04 3.825012576808613923e-04 4.737369669998374010e-04 5.685165696358866674e-04 3.581508611479297709e-04 1.485939257748473041e-04 1.704710630326437490e-04 4.883956316006918610e-04 1.946229423732593342e-03
1.490156854498155326e+03 8.106552711008171211e-10 2.222710055443376264e-04 2.978577930650619767e-04 3.840151448563717726e-04 4.719035631176158219e-04 5.664886423371858024e-04 3.560619035980219999e-04 1.531233971220549576e-04 1.696926999039798393e-04 4.839494673625779030e-04 1.914748415680860580e-03
1.492249470892878207e+03 8.133914545774000312e-10 2.217822301841017177e-04 2.994218620359720829e-04 3.866170938137277434e-04 4.723389867246288601e-04 5.648038165280282489e-04 3.593368517249875523e-04 1.525359978276312879e-04 1.706325680647620207e-04 4.827711792852953801e-04 1.921594714969043598e-03
1.494345452307565438e+03 8.052002021708226411e-10 2.207044819063585476e-04 3.022255840803115016e-04 3.910608390740832581e-04 4.780421592538226143e-04 5.698896691246685062e-04 3.582277183949515698e-04 1.493268785265573014e-04 1.719322163200201850e-04 4.805197337471501682e-04 1.896642943166542295e-03
1.496441232600252988e+03 7.991378422262036804e-10 2.194588086128598423e-04 3.013716307309886357e-04 3.917016866453188872e-04 4.783419589849669776e-04 5.731853348495151218e-04 3.611658445444854409e-04 1.555874086730803750e-04 1.720634028978244466e-04 4.776609552356113992e-04 1.884354695659456016e-03
1.498533159114298769e+03 7.926096400346344295e-10 2.186584133314874374e-04 2.983855220242846631e-04 3.905187901534310380e-04 4.762730231654828633e-04 5.722466269402628298e-04 3.613941348478774012e-04 1.526687547324018018e-04 1.711103505700940926e-04 4.741554317301930211e-04 1.865641359472508315e-03
1.500623762028632655e+03 7.839207380135520282e-10 2.183287283469928801e-04 2.973791452087488473e-04 3.880486936563505075e-04 4.757196988842931468e-04 5.681307448711100201e-04 3.596701154649987043e-04 1.509338216537580931e-04 1.725946160585263307e-04 4.701520389760595157e-04 1.842353851196462189e-03
1.502718509926261504e+03 7.840847762156149269e-10 2.179362378545203222e-04 2.995354991924745452e-04 3.922458744421949734e-04 4.831420369963352929e-04 5.810335177657895579e-04 3.672993900865122673e-04 1.581750752280938917e-04 1.748790447275109649e-04 4.717189307117062571e-04 1.846440601326190855e-03
1.504815604852076376e+03 7.741270787818521745e-10 2.189912262357275575e-04 2.996344322163786386e-04 3.941666281919073943e-04 4.834765517306412533e-04 5.780499713490327507e-04 3.644919878786684526e-04 1.527073097806843673e-04 1.731914619505956442e-04 4.665987665151430592e-04 1.816991310050040768e-03
1.506908085989598703e+03 7.674831385462419113e-10 2.182719707151628444e-04 3.013588427437153042e-04 3.994563986194480699e-04 4.854399768604371031e-04 5.789405430705647651e-04 3.621223525906084977e-04 1.527563494588687291e-04 1.743745123950774390e-04 4.647792846027699160e-04 1.806227423064315227e-03
1.509001381914021522e+03 7.582974806457255177e-10 2.189367516789016913e-04 3.072112838481090764e-04 4.006699894511801504e-04 4.820432018826845393e-04 5.773760175688695323e-04 3.700735578006287174e-04 1.583198162617438249e-04 1.752524705619282717e-04 4.634655745418704955e-04 1.786525897368866677e-03
1.511097816581667757e+03 7.532194745102582560e-10 2.209041017531821448e-04 3.122343900559652755e-04 4.001690548054250875e-04 4.878230737950629099e-04 5.854108923803553414e-04 3.676860202537668605e-04 1.545355281277091238e-04 1.760449509356695741e-04 4.619322164424411944e-04 1.770149808953608468e-03
1.513193117548573127e+03 7.432805996825881824e-10 2.214833818936463655e-04 3.125350247764781936e-04 3.986498491695624640e-04 4.899793125046964697e-04 5.873154628825678165e-04 3.695276702979722119e-04 1.559005891421871512e-04 1.755051003528900952e-04 4.567335494826678280e-04 1.747575537113644053e-03
1.515285842018482299e+03 7.346999169163370697e-10 2.240253292032337216e-04 3.130016705976314956e-04 3.979354875161761145e-04 4.946923780105862926e-04 5.819494823215014311e-04 3.720502726591214267e-04 1.596071593219615262e-04 1.773581911193278476e-04 4.538823401335219496e-04 1.724478430776043951e-03
1.517379775658785547e+03 7.281120050809359207e-10 2.268361288026407617e-04 3.104917204645612529e-04 4.052670486562705895e-04 4.932532409549628257e-04 5.896401243106309071e-04 3.711459224753576821e-04 1.552411764341381326e-04 1.772583533908889694e-04 4.523159806374978087e-04 1.709597659151085476e-03
1.519477469605446913e+03 7.232711887440881111e-10 2.293431867808257943e-04 3.077475242504599715e-04 4.083194171732697567e-04 4.919722350713057624e-04 5.950098737458544987e-04 3.739800076653979869e-04 1.587516533258531324e-04 1.777204102209467562e-04 4.509566303603277076e-04 1.692387124317322770e-03
1.521571274149597002e+03 7.126411048884730915e-10 2.321998562527487621e-04 3.064963711428211890e-04 4.089644254379592721e-04 4.923375448765496135e-04 5.960589256656647836e-04 3.720780665800086750e-04 1.605798295120421939e-04 1.789530634645310268e-04 4.452422055270823225e-04 1.677448843259544660e-03
1.523662544683223814e+03 7.089590170280894460e-10 2.356421157311675875e-04 3.064888861478191830e-04 4.084622742335318859e-04 5.023495811243110232e-04 5.892208916034692235e-04 3.772200898234159003e-04 1.562627404896978819e-04 1.790588219565545291e-04 4.453699297821917067e-04 1.659930907904844403e-03
1.525758392647952178e+03 7.031552520259274633e-10 2.390377835271589207e-04 3.130249741356437489e-04 4.064931926599952834e-04 5.019151776615816485e-04 5.996732906588754432e-04 3.753027902100667529e-04 1.630926350216535504e-04 1.798456149682896809e-04 4.423815404713012231e-04 1.648886724579464802e-03
1.527854540795377261e+03 6.970513013436737254e-10 2.405750838429150933e-04 3.168307710173766129e-04 4.072855673551236170e-04 5.009082138173400226e-04 6.035823067403447897e-04 3.789865209330950478e-04 1.598664887233443093e-04 1.806451099441662954e-04 4.399806714678920565e-04 1.631879569564146856e-03
1.529948425280603715e+03 6.895054185024520546e-10 2.406767921214514913e-04 3.175487118472337901e-04 4.063728693163378867e-04 4.997007595567144571e-04 5.997148821935821810e-04 3.830487550605997469e-04 1.583739303942678233e-04 1.807321863832140284e-04 4.386567095778963823e-04 1.623573286268110462e-03
1.532042205934646290e+03 6.845606274410345491e-10 2.407537823323731903e-04 3.201884279299902218e-04 4.142494025064253770e-04 5.013039641505217170e-04 5.967642871257903278e-04 3.743489226528797583e-04 1.654949556703665982e-04 1.814631523438444425e-04 4.363249415736030271e-04 1.607155097401196569e-03
1.534136477448929327e+03 6.765671178653758124e-10 2.388965062611536291e-04 3.204850073435687517e-04 4.179335606575664865e-04 5.080111785040204286e-04 6.084049834626706734e-04 3.854629153458816009e-04 1.580176450958466834e-04 1.817273515618489583e-04 4.333172959147622697e-04 1.593151389624153369e-03
1.536232331076056880e+03 6.737117590360735339e-10 2.367115935919244922e-04 3.207580704049619517e-04 4.156160415861744994e-04 5.092646454892536768e-04 6.063035994795723050e-04 3.812748330428630122e-04 1.633707595469690785e-04 1.826205592957958303e-04 4.307896805910473308e-04 1.587436669868431570e-03
1.538326000544233921e+03 6.625720694017750570e-10 2.308156912063863626e-04 3.161980439065310909e-04 4.107329368982238485e-04 5.037211942577159759e-04 6.049512379781606716e-04 3.833196276777448160e-04 1.637298115484566818e-04 1.823515292303292410e-04 4.277078977277028746e-04 1.567203911274324532e-03
1.540419770047493103e+03 6.622039916221087691e-10 2.281607996638067271e-04 3.141356689161682245e-04 4.088235405738118952e-04 4.980883545080218343e-04 6.002023662636325795e-04 3.797251631185016439e-04 1.574327760945844787e-04 1.830520151449776742e-04 4.279286909403802680e-04 1.566594640339750120e-03
1.542516116260198487e+03 6.557523349002336376e-10 2.258896268496420230e-04 3.123335220203968862e-04 4.100168053960451839e-04 5.061899570090712614e-04 6.097884989210937802e-04 3.856239413660019454e-04 1.677476459092499053e-04 1.837344837300270491e-04 4.250195028383848129e-04 1.544326010634136312e-03
1.544610169285858092e+03 6.505744390501574848e-10 2.265040396868125505e-04 3.148150302594375613e-04 4.193231523934425205e-04 5.123757519416352862e-04 6.146711013265096935e-04 3.871837054242534986e-04 1.620448104981066131e-04 1.844727485822152905e-04 4.228605908621008375e-04 1.535238123870990906e-03
1.546701452860036397e+03 6.433687086818611875e-10 2.256480592589489901e-04 3.173952208158669405e-04 4.211777162831850641e-04 5.148153224537178711e-04 6.124101404419604426e-04 3.800413921912292698e-04 1.621032066851353995e-04 1.836579261950295461e-04 4.198228500540499702e-04 1.528606236811094017e-03
1.548794138170147335e+03 6.394467490863342396e-10 2.269803284475449578e-04 3.250788215371757110e-04 4.254779869691335966e-04 5.111537729208981591e-04 6.110406145744771153e-04 3.950624667366191950e-04 1.699201078372668391e-04 1.855108608312388695e-04 4.183918253610075660e-04 1.518464475243629574e-03
1.550891522596994491e+03 6.320107772580423006e-10 2.268565366069085366e-04 3.257024893564174008e-04 4.183496673647029850e-04 5.055646513132032536e-04 6.138742221776481711e-04 3.843859631688365170e-04 1.594478296733193386e-04 1.859763168064058393e-04 4.184017309972019459e-04 1.508085004942414254e-03
1.552986214910133185e+03 6.279366833874642556e-10 2.326004444389977730e-04 3.309865879947307236e-04 4.186509752750914378e-04 5.129019806826707727e-04 6.207375928097814098e-04 3.920757595810285849e-04 1.696410787161197473e-04 1.853292954723518269e-04 4.149785952093324338e-04 1.493361820716607212e-03
1.555077989145967649e+03 6.235337936280141098e-10 2.348660727518581375e-04 3.317145708672786220e-04 4.177753301557946886e-04 5.210187682615798326e-04 6.205273291061585072e-04 3.895607282284905344e-04 1.658575497177180362e-04 1.869796180639924147e-04 4.131802273762647600e-04 1.483493062140094076e-03
1.557173676014467901e+03 6.188161798608673748e-10 2.397318496218029781e-04 3.289061801223518871e-04 4.208715474567411977e-04 5.233693601971192927e-04 6.157480811897025853e-04 3.981511516958168408e-04 1.644923794460610483e-04 1.877763677546381426e-04 4.125232494454856235e-04 1.477219268276907084e-03
1.559271568139731016e+03 6.153802599013286428e-10 2.426731582717193243e-04 3.244450184006794462e-04 4.282705301504326862e-04 5.180238069628555295e-04 6.245537143299031936e-04 3.949071897192852633e-04 1.723157171111516350e-04 1.874874336926174521e-04 4.100433252492656348e-04 1.469733077508979247e-03
1.561364683287528806e+03 6.064348600165946720e-10 2.445449343421627437e-04 3.232605178451679155e-04 4.304104556200416347e-04 5.155279315680218319e-04 6.297576612773037432e-04 3.910341671101827442e-04 1.617358556075902936e-04 1.884403906871309536e-04 4.060285657537413364e-04 1.456173406498544954e-03
1.563456337385312281e+03 6.049465331034897532e-10 2.471994772252862822e-04 3.217946182502437274e-04 4.356879311650943359e-04 5.196502328894183351e-04 6.279951432127576323e-04 3.998932558490650934e-04 1.733890946146959908e-04 1.882468418434957787e-04 4.059035137413629203e-04 1.449781862412490192e-03
1.565554540621847082e+03 6.011992855778477706e-10 2.486925702968168883e-04 3.217813963033878261e-04 4.291044080491871349e-04 5.269233986160794855e-04 6.236933595597025752e-04 3.950386112036832677e-04 1.662322541130549427e-04 1.891813911804577535e-04 4.048359949065057951e-04 1.442846957631873771e-03
1.567648602323127534e+03 5.919026056212062462e-10 2.481667901949691050e-04 3.215501011561028993e-04 4.248704496598765972e-04 5.255783886901192227e-04 6.206587593296645274e-04 3.999529479359400521e-04 1.685973833268703123e-04 1.889162153893546184e-04 4.006514879615831102e-04 1.428613585082497660e-03
1.569736506275605279e+03 5.880319882712396263e-10 2.492143416526631811e-04 3.243508814409831330e-04 4.195801278061596080e-04 5.252908684381671703e-04 6.308256898432829801e-04 3.871618729243875745e-04 1.708510238477695651e-04 1.892178672327277566e-04 3.990937975142961345e-04 1.425972090705253815e-03
1.571830661590205409e+03 5.856807441914795457e-10 2.521343429404213359e-04 3.320023958798409228e-04 4.257601046124656250e-04 5.199180366288652698e-04 6.345176538936986516e-04 4.095543177644158164e-04 1.640402889728541174e-04 1.914615500953754761e-04 4.000132920646473763e-04 1.418748032653418222e-03
1.573928221327719939e+03 5.802699537483363627e-10 2.505443154417478146e-04 3.344507634294034866e-04 4.298161298102871593e-04 5.226888974622071913e-04 6.260801562109828385e-04 3.944314430330061604e-04 1.773487613322468899e-04 1.898052743591106015e-04 3.961571099730238060e-04 1.411057173343759985e-03
1.576021136743521765e+03 5.744285270228075247e-10 2.517414444749194223e-04 3.390295731733116791e-04 4.344941794614028282e-04 5.287270733229976248e-04 6.338011835767067047e-04 4.041302939270015478e-04 1.638261420075149864e-04 1.916891674129528181e-04 3.945143344490652823e-04 1.409041607699600910e-03
1.578112590113181795e+03 5.709174511071663018e-10 2.502395154823557218e-04 3.396208785001628106e-04 4.407733723149568489e-04 5.340741181151274298e-04 6.366004202038155063e-04 3.971001838805346624e-04 1.748616162908396283e-04 1.921493214630923035e-04 3.938447091799486717e-04 1.395783943194740459e-03
1.580209124197928986e+03 5.685990963078222641e-10 2.501197192381141433e-04 3.396680693440640750e-04 4.391122522854392501e-04 5.400054362091307510e-04 6.467067473950286090e-04 4.112785687238132708e-04 1.712380669347334341e-04 1.933754724664778039e-04 3.933044295852372021e-04 1.397065318854644796e-03
1.582305113586145126e+03 5.619934803760677734e-10 2.490120378284788548e-04 3.349925963871244121e-04 4.362748494258135998e-04 5.324533216021835836e-04 6.380633195827954685e-04 4.052330436990229305e-04 1.716319732022840840e-04 1.932150086918737986e-04 3.885577089907276587e-04 1.380112025169324269e-03
1.584398362488023622e+03 5.572737241639958811e-10 2.459621344415061192e-04 3.285012374430708250e-04 4.286595879160879545e-04 5.282026579382704569e-04 6.349061225148011156e-04 4.016011625387531469e-04 1.750407568305163393e-04 1.926081820479330262e-04 3.897690319498227124e-04 1.378395829797266848e-03
1.586493079302726755e+03 5.535918483593749553e-10 2.424598032677070878e-04 3.252209028694837459e-04 4.266205894650608064e-04 5.266022682856212958e-04 6.329768778695354665e-04 4.070766543579332664e-04 1.677501620466436392e-04 1.954709447701304527e-04 3.875384077640189905e-04 1.373404759752930217e-03
1.588587580309618488e+03 5.474277766420384619e-10 2.383008505408775477e-04 3.257556161075619958e-04 4.337901913163780829e-04 5.352178967636747609e-04 6.524922147988462037e-04 4.085170205927832893e-04 1.809608505129137342e-04 1.945311073630817341e-04 3.853666812215044411e-04 1.368280744727099364e-03
1.590683275749582435e+03 5.419133659883446993e-10 2.346587793527277004e-04 3.267431835639428533e-04 4.373008333426860400e-04 5.374979749261735986e-04 6.404508206045174791e-04 4.101903167340357559e-04 1.644412122436179782e-04 1.944169265232190580e-04 3.848240633307981528e-04 1.362128674618484116e-03
1.592778478680221497e+03 5.377643455093417681e-10 2.338590748504941550e-04 3.329492924602977058e-04 4.436885008086804126e-04 5.432564955379656866e-04 6.455838737459022652e-04 4.002009073071046341e-04 1.801963950894913495e-04 1.947057578323103195e-04 3.835270883965003407e-04 1.360659465162579853e-03
1.594870391562886198e+03 5.393912839048004320e-10 2.326077982679182021e-04 3.419310111748623216e-04 4.495802889905357543e-04 5.364890256822035623e-04 6.402087316058735055e-04 4.206977583471545367e-04 1.703848076405711071e-04 1.961290618012139322e-04 3.810059500941776096e-04 1.344010686119541907e-03
1.596969217405533527e+03 5.338644078075933083e-10 2.323468782642149630e-04 3.470094222015225605e-04 4.466345567612836761e-04 5.349258874627935796e-04 6.521389693148748083e-04 4.087497149039724729e-04 1.789378160056339653e-04 1.960522531227259580e-04 3.842181542283498990e-04 1.356977706132360363e-03
1.599068130225616642e+03 5.268254397794393038e-10 2.317724593900225938e-04 3.437704406807452285e-04 4.385495814018222941e-04 5.317750640349758456e-04 6.496484384031120558e-04 4.177603985672239143e-04 1.722954023998725815e-04 1.966296112233489293e-04 3.790534463013335814e-04 1.342988271423473145e-03
1.601157056270396424e+03 5.202366565486037470e-10 2.327128101970256434e-04 3.459442841535652000e-04 4.313249807372306500e-04 5.362204230168054076e-04 6.538828202830300300e-04 3.945104212916240253e-04 1.739470832504296145e-04 1.958431412124278070e-04 3.757978435929204336e-04 1.331243814161866580e-03
1.603249731265306082e+03 5.205718698339896579e-10 2.391361416810825651e-04 3.476216353410941317e-04 4.344932244282107589e-04 5.547557044551330993e-04 6.435755319901252007e-04 4.278070084683525845e-04 1.803754103843597481e-04 1.975168981681476687e-04 3.786658741971788192e-04 1.331528730913513099e-03
1.605348552681979072e+03 5.133235313045237448e-10 2.435212599425495427e-04 3.427223997046500233e-04 4.376268891612961195e-04 5.469758177298246092e-04 6.481785972900826415e-04 4.080740798749774782e-04 1.707240261007103794e-04 1.985990583562778048e-04 3.753565471497847649e-04 1.330663969959804691e-03
1.607443194177233181e+03 5.088712703298604925e-10 2.476792476700083066e-04 3.397172442238952442e-04 4.385860764869805185e-04 5.431848438107469111e-04 6.470727147084626065e-04 4.251717965983200349e-04 1.819186896578351147e-04 1.965927553105414243e-04 3.736871075456175821e-04 1.325066082689961176e-03
1.609532365603016160e+03 5.023971262182839681e-10 2.532147437774097572e-04 3.355007181242069874e-04 4.490678846434500082e-04 5.323322894073847199e-04 6.630217486240068273e-04 3.943366221785338049e-04 1.697721386307483470e-04 1.990017435375871597e-04 3.725936538846925418e-04 1.313656895952486749e-03
1.611630225344973496e+03 5.042478883010671820e-10 2.667876489615587997e-04 3.362514752284417527e-04 4.592979000784459158e-04 5.401060540351657144e-04 6.598050649471425694e-04 4.351929325999384537e-04 1.861324374125484149e-04 2.002107269344194883e-04 3.731446892739235317e-04 1.322412726460569891e-03
1.613730664530573222e+03 4.965703041095869992e-10 2.666769977752999157e-04 3.305332814653621273e-04 4.473022477206859858e-04 5.443883502160968245e-04 6.529634962444479888e-04 4.052669175090283264e-04 1.681092997395730322e-04 1.994355105574426273e-04 3.702094356719232127e-04 1.309190997205285367e-03
1.615820248617442303e+03 4.905394251768187134e-10 2.704880554044032767e-04 3.279827693841188521e-04 4.506914066609799267e-04 5.536902654675403311e-04 6.460269010395750487e-04 4.347916389945551499e-04 1.874303764479124605e-04 1.987827698712280424e-04 3.677681842184540016e-04 1.303564490908960946e-03
1.617910822488894382e+03 4.869751934938023387e-10 2.732646290388718313e-04 3.305456549265296351e-04 4.404581333238595650e-04 5.544363473780756883e-04 6.541974546012798222e-04 3.981820536515507758e-04 1.696937980758718033e-04 2.011940426842570063e-04 3.683999894774253906e-04 1.303878854858426953e-03
1.620009826098140593e+03 4.828093021023826087e-10 2.732151942509696311e-04 3.376693870198797624e-04 4.382523426976444366e-04 5.459583467722748827e-04 6.694656604373620812e-04 4.265829171679213117e-04 1.844189249248607090e-04 2.012112846730121276e-04 3.682490289185933407e-04 1.301894925413678902e-03
1.622104979464824510e+03 4.778506671359608987e-10 2.702448043759766300e-04 3.416255535303433836e-04 4.324401201291215211e-04 5.411728938300810511e-04 6.540691480578644324e-04 4.084807021842986816e-04 1.688040432254993436e-04 2.012583262780213143e-04 3.653821944426072850e-04 1.289588887764209517e-03
1.624195788407485679e+03 4.769740272173090194e-10 2.720311525510134862e-04 3.516824486266875282e-04 4.446154752471904352e-04 5.419504548558987415e-04 6.701706250049050241e-04 4.376824154191281350e-04 1.883016552776669650e-04 2.030136501393058784e-04 3.668357372392151315e-04 1.288079874764886962e-03
1.626291519795021486e+03 4.694258956376269181e-10 2.666277917551877459e-04 3.611649802967546600e-04 4.535978173090239270e-04 5.452655441371985880e-04 6.451062642608238352e-04 4.096326030192055305e-04 1.742795880737501267e-04 2.037197560627384771e-04 3.635568465185490651e-04 1.286613263785683870e-03
1.628390471724366307e+03 4.680083123808261243e-10 2.622980876809110902e-04 3.589143922146832027e-04 4.584713894330627376e-04 5.520375027142597740e-04 6.709674523818008173e-04 4.236498876796270245e-04 1.848813866632503214e-04 2.014393365450363666e-04 3.621555869108419390e-04 1.284621195884067110e-03
1.630483654841067619e+03 4.647240177520380372e-10 2.599697267046401257e-04 3.609919860307319586e-04 4.643408890461903343e-04 5.598720500166014247e-04 6.643774980036626799e-04 4.235000385160702101e-04 1.746532282330207086e-04 2.036898902684299473e-04 3.600356109896938207e-04 1.276206851614529762e-03
1.632572272800977544e+03 4.576528136049380226e-10 2.552749752694591541e-04 3.562038296082151645e-04 4.665596953526861463e-04 5.685642738844233057e-04 6.844792505156383888e-04 4.294803534002938255e-04 1.877104976996215907e-04 2.028502439162358124e-04 3.597900288781315172e-04 1.276081721938864899e-03
1.634667723572085833e+03 4.568201837934313734e-10 2.489946626930003505e-04 3.443244039850481782e-04 4.528771553443327420e-04 5.547993745119096827e-04 6.693040761056770049e-04 4.319333413593366981e-04 1.770910213843559990e-04 2.058312898258222382e-04 3.615586879015242599e-04 1.269396074648409525e-03
1.636765397432724285e+03 4.505378703298665491e-10 2.473981298285486468e-04 3.391146249364061782e-04 4.477795530699948956e-04 5.511711227950763384e-04 6.629275138470874969e-04 4.164054002617867227e-04 1.868990510440249916e-04 2.037221019405052031e-04 3.589974856674943990e-04 1.270429023866945315e-03
1.638858507772952407e+03 4.483206151103243956e-10 2.413312923132159341e-04 3.369777153428589727e-04 4.420464556781167429e-04 5.454750163203055851e-04 6.614164121936613218e-04 4.352931097671543584e-04 1.752261892032904377e-04 2.056841959660577303e-04 3.575508618761300797e-04 1.269922556443922341e-03
1.640949426731875519e+03 4.424084984889953407e-10 2.391831603397055598e-04 3.315174031388882971e-04 4.404707349273503025e-04 5.431440085182696019e-04 6.657512617161893183e-04 4.105926664630816505e-04 1.893523809147328605e-04 2.045969229821658524e-04 3.562139477060595428e-04 1.258357251282597690e-03
1.643044000169045376e+03 4.374638837246397429e-10 2.382691799400617032e-04 3.339661287607696726e-04 4.480272791048708187e-04 5.640317120040141182e-04 6.853165738276103701e-04 4.522118440262232588e-04 1.759643104952316828e-04 2.062326939032120305e-04 3.529896892682276763e-04 1.259828427353703153e-03
1.645144931902276539e+03 4.389051778780929984e-10 2.387081827242819863e-04 3.405037463863041917e-04 4.623085996760450738e-04 5.699270802155505852e-04 6.791382118534958212e-04 4.037312149419324176e-04 1.892139736126590061e-04 2.066251855978879100e-04 3.563108191845168601e-04 1.265173120660442220e-03
1.647239615038326292e+03 4.312219608884833091e-10 2.389498774383372575e-04 3.407826736446577741e-04 4.598974280416065724e-04 5.683129495368840871e-04 6.790429963096049478e-04 4.539877227006307737e-04 1.744252684562944372e-04 2.064787918571586039e-04 3.513451593563037380e-04 1.243506438701970709e-03
1.649326318615279433e+03 4.260407903847697959e-10 2.389924992201437307e-04 3.463268465185782071e-04 4.659501010647777719e-04 5.594255196142225309e-04 6.556503938537307967e-04 3.916715076690229337e-04 1.912654250139193823e-04 2.073228111875428015e-04 3.515292922179174000e-04 1.243696785277782985e-03
1.651425110980791715e+03 4.257059210975767973e-10 2.409447468463410532e-04 3.533626348337724874e-04 4.701054023291563314e-04 5.573793243604514662e-04 6.734161941284024042e-04 4.702169864864182950e-04 1.783520505092321619e-04 2.087673479851307574e-04 3.522803773863207697e-04 1.250874815708023172e-03
1.653523808525983213e+03 4.192478486268841246e-10 2.417073056911734328e-04 3.557177710851000909e-04 4.621279684074439185e-04 5.518424039606266472e-04 6.722697381839236796e-04 4.027327228887537321e-04 1.899441552748493437e-04 2.063768170227297757e-04 3.500045054481836383e-04 1.236981043929873255e-03
1.655607845360733563e+03 4.146933786369734969e-10 2.394566681955534460e-04 3.595460823896334487e-04 4.607946106750239967e-04 5.394053884284327185e-04 6.781519728663611395e-04 4.621379776592605113e-04 1.740227487605861619e-04 2.065641508735835744e-04 3.471829051446392780e-04 1.234843040368057213e-03
1.657699250573839663e+03 4.134195857966831017e-10 2.471298198258735953e-04 3.678885239318092047e-04 4.566304110330529956e-04 5.669342244249290022e-04 7.003930342364078718e-04 4.024678867289449308e-04 1.943438252862692071e-04 2.099179009239090729e-04 3.477581502383180292e-04 1.249521462011118130e-03
1.659805153820552050e+03 4.126040818253978048e-10 2.496482938221349633e-04 3.710864787351935952e-04 4.495418747590416487e-04 5.761003280117983497e-04 6.808627702318598065e-04 4.523083901986501448e-04 1.819590235462522525e-04 2.091612826208065577e-04 3.483026504344211537e-04 1.248622225946045307e-03
1.661900803635986676e+03 4.036878810069188897e-10 2.458158165765612826e-04 3.681580363990493506e-04 4.430721976421341337e-04 5.739509989371296755e-04 6.843713884459811346e-04 4.306687342215141981e-04 1.921542020706991122e-04 2.088033550046360662e-04 3.446847879019345005e-04 1.227238343722253204e-03
1.663983437528285776e+03 4.006184336697479556e-10 2.488176244495710716e-04 3.685210447171815271e-04 4.416077789967863499e-04 5.817034115760578864e-04 6.572654182826796277e-04 4.381318086304903910e-04 1.773650970002288061e-04 2.080724957161965622e-04 3.420602836050452519e-04 1.221756558700594743e-03
1.666080639676379633e+03 3.977542839959341109e-10 2.556195215430683964e-04 3.587063565723026945e-04 4.618063045670739160e-04 5.627144188383074270e-04 6.918104887501664831e-04 4.528677480738198214e-04 1.900591456970207095e-04 2.104334838589619534e-04 3.459049406337676136e-04 1.233422725417392465e-03
1.668185654644113129e+03 3.939055369175147275e-10 2.567606232281359024e-04 3.522908365426230992e-04 4.686085967887084814e-04 5.561509500092142464e-04 6.878614859350521858e-04 4.014671014812977814e-04 1.850435863736710511e-04 2.105406908587097040e-04 3.420937779435029302e-04 1.218704986031402069e-03
1.670276327930786010e+03 3.894006724760295123e-10 2.563347761765724935e-04 3.407138141825419449e-04 4.745402622822565350e-04 5.492887528549293208e-04 6.918898654895523160e-04 4.627011358902146493e-04 1.904091665964766035e-04 2.105887821302060837e-04 3.398240368471317006e-04 1.224752674865756336e-03
1.672359184609518479e+03 3.859844954042139149e-10 2.619474844491553834e-04 3.312748990988405719e-04 4.878448307050985947e-04 5.453270952965882934e-04 6.998811858683227569e-04 3.931181080736578510e-04 1.835879723120727094e-04 2.107116058361091808e-04 3.380259045725725439e-04 1.222729263710085976e-03
1.674458248640518377e+03 3.867733523185437081e-10 2.735893462341972091e-04 3.324991726494127132e-04 4.802463444248449096e-04 5.767942106588371020e-04 6.808804052668525472e-04 4.942341793596955780e-04 1.886902877002265277e-04 2.154506460444661120e-04 3.426784135671920631e-04 1.230097054902688173e-03
1.676563066689224797e+03 3.794805111146951144e-10 2.749638921849280717e-04 3.259867969393024788e-04 4.669719945198193061e-04 5.711180493749602998e-04 6.845220078613326953e-04 4.091685237978621363e-04 1.864530625779092972e-04 2.104770911272609132e-04 3.397329188918358101e-04 1.228599806635932885e-03
1.678652913519199274e+03 3.750001342881049755e-10 2.808790998140217859e-04 3.286836678728696087e-04 4.628659441908236920e-04 5.788150539919925111e-04 6.616501566694381201e-04 4.657127148023520904e-04 1.914160905905764882e-04 2.119574250403227929e-04 3.369921599172683263e-04 1.215966561171991003e-03
1.680744331681020185e+03 3.734827530086153109e-10 2.886016478098920842e-04 3.416184194237726441e-04 4.504644888180204328e-04 5.955760405562447821e-04 7.020309819498589616e-04 4.222031741650555969e-04 1.908828099772711198e-04 2.131133139038610927e-04 3.379448774918422790e-04 1.222295852357323156e-03
1.682843026605312616e+03 3.715128413974296498e-10 2.974299046098631332e-04 3.539260611785513869e-04 4.517738787935596093e-04 5.794235651311154325e-04 7.128199266853794264e-04 4.298550795217718004e-04 1.915057516920545117e-04 2.159523641100739280e-04 3.371294508692153661e-04 1.212842680991724816e-03
1.684940483004787211e+03 3.667799942492849223e-10 3.017006407814651217e-04 3.656533173014773195e-04 4.572425665122221267e-04 5.775241554419817099e-04 7.077820776276630942e-04 4.744866178401422577e-04 1.850945759687872179e-04 2.133808014439524559e-04 3.369643428286693511e-04 1.216921739413795965e-03
1.687023276263274965e+03 3.587415932048773628e-10 3.043753834709241892e-04 3.690103782932113914e-04 4.386891221287946810e-04 5.571714081051805855e-04 7.124665602827840675e-04 3.993735836835157586e-04 1.889355281793375803e-04 2.105821569654793080e-04 3.286362211443544451e-04 1.205397777182017072e-03
1.689116047532093262e+03 3.628937852824756982e-10 3.108473570866213944e-04 3.872142748696437930e-04 4.638041336554759079e-04 5.466179817212518189e-04 6.667193342762910797e-04 5.066510973191103422e-04 1.930335433350360678e-04 2.165098665950547323e-04 3.403058524776915754e-04 1.223308372206255391e-03
1.691225124663872975e+03 3.593705264693553872e-10 3.143178851262945169e-04 3.927041539948621768e-04 4.720234595383853348e-04 5.657482035442223077e-04 7.000062805952669441e-04 4.025115205518392460e-04 1.978986370935169748e-04 2.173410259214938653e-04 3.341022738795965943e-04 1.213520216186163422e-03
1.693315417031129300e+03 3.530775126101475440e-10 3.116328556565687658e-04 3.857181576681127872e-04 4.740077339546194422e-04 5.627841145586330715e-04 6.858816321418150777e-04 4.709141791599419390e-04 1.863998266183595251e-04 2.143299249438437664e-04 3.311668561116101316e-04 1.209986199470968523e-03
1.695397771808700099e+03 3.482508564181525070e-10 3.105988788302099226e-04 3.893627401416015752e-04 4.885613593831775008e-04 5.821426461274211090e-04 6.697517790834736293e-04 4.231155308219585495e-04 1.891407422409418810e-04 2.157351002618091839e-04 3.296036814137088601e-04 1.213948608374452228e-03
1.697494817448360891e+03 3.482491312198079015e-10 3.079173838562310889e-04 3.797363760054007359e-04 4.976510235097938257e-04 6.110869380317944348e-04 7.396001687518806130e-04 4.360913544520975517e-04 1.908141990841133776e-04 2.170594599316775922e-04 3.300534358535332433e-04 1.216088175893850635e-03
1.699601082868093727e+03 3.420842204448220122e-10 2.988253488520817291e-04 3.701134842265432334e-04 4.937715604972147754e-04 5.919661852656827629e-04 6.920318992120924433e-04 4.957343425364489197e-04 1.916882029272341510e-04 2.188007872216162419e-04 3.307941200686515047e-04 1.220838783868048293e-03
1.701692846021956029e+03 3.384747034760036193e-10 2.941516902353816915e-04 3.601615997513828984e-04 4.991574964385461603e-04 5.908772704718489796e-04 7.289620278137873971e-04 3.978367320396937728e-04 1.979517273470694848e-04 2.172103572501017502e-04 3.247028262812787051e-04 1.198346057927478442e-03
1.703775132412879429e+03 3.353444492589720308e-10 2.794045178834095203e-04 3.544480272529147605e-04 4.784694957497382197e-04 5.756461417185035475e-04 7.196105870461147122e-04 5.028842851017245553e-04 1.859039440005481262e-04 2.160836344861000776e-04 3.276105393545473954e-04 1.202750503407977239e-03
1.705876227440486900e+03 3.340045150862562606e-10 2.700303547085122790e-04 3.455908742330526524e-04 4.595338434614563657e-04 5.631874790356496217e-04 6.625842755299075080e-04 4.053296026118550642e-04 1.990932464171288481e-04 2.187391946725873433e-04 3.287948720013111480e-04 1.216840712481427654e-03
1.707978753410860463e+03 3.272285003603438669e-10 2.551402783773121415e-04 3.393898937242518848e-04 4.465785966688081581e-04 5.562418223073981342e-04 6.885171108820906539e-04 4.430395294818661187e-04 1.762853211446527106e-04 2.160161351989429155e-04 3.280136327169542337e-04 1.210349358938814755e-03
1.710066499135793038e+03 3.279638521105907374e-10 2.503966993754330067e-04 3.482049397549214116e-04 4.432317745208971642e-04 5.612421522453389395e-04 6.651915986937921143e-04 4.717476272701492967e-04 2.009531331679764818e-04 2.197491239613672800e-04 3.241540450391777370e-04 1.200518459456733104e-03
1.712156768621425726e+03 3.190306404766121020e-10 2.269228087637557075e-04 3.298215134403468781e-04 4.197147209958590041e-04 5.485408441103799314e-04 6.821000255164704927e-04 3.910605414782737177e-04 1.896864309848004192e-04 2.186178526654718635e-04 3.248336681291691896e-04 1.210713632056810082e-03
1.714266037096866512e+03 3.237700957856134105e-10 2.163133463701223495e-04 3.358354399391890138e-04 4.439608301648979502e-04 5.808974063329682812e-04 7.507669718767691000e-04 5.282308896765887775e-04 2.012495313692735574e-04 2.229971637258173882e-04 3.267655139886581329e-04 1.206282009783782002e-03
1.716363565154125581e+03 3.170037068130998249e-10 2.022049704008772929e-04 3.369827049568069528e-04 4.539933552768913769e-04 5.700061767845022564e-04 6.900314449242928505e-04 4.108252660085735374e-04 1.960046620018635673e-04 2.161321641326253073e-04 3.228198876679442631e-04 1.197724468251499261e-03
1.718430063829538994e+03 3.106256621227523954e-10 1.895340729836180013e-04 3.261652406525179923e-04 4.606657744884100044e-04 5.841771768128023153e-04 7.459115103999096547e-04 4.803518279487233706e-04 1.851787295011787923e-04 2.140489686702530536e-04 3.166476133015479807e-04 1.184728063353506812e-03
1.720521615068504161e+03 3.124452566174231632e-10 1.824401288297776511e-04 3.352069790762958424e-04 4.994087445034852421e-04 6.249475349665998191e-04 7.215581595461721372e-04 4.666697704509441594e-04 1.991217522697982865e-04 2.218027765697740638e-04 3.278104528246639357e-04 1.215203926182718396e-03
1.722638997191443195e+03 3.093242236048614371e-10 1.763438264230558316e-04 3.426556480255679173e-04 5.113511758404616072e-04 6.145889601670941668e-04 6.814431802221664015e-04 3.847638248396123453e-04 1.804466268075256559e-04 2.205988863595382198e-04 3.252047079374464564e-04 1.202832496345044742e-03
1.724735431302268125e+03 3.033645091811398476e-10 1.630385445212539398e-04 3.309422935882413140e-04 5.044368405620957641e-04 6.136393370589167178e-04 7.256564732198536897e-04 5.014876598678682509e-04 2.021891519015460545e-04 2.220462174154450442e-04 3.214759736400328496e-04 1.207423783484097481e-03
1.726811711496213320e+03 3.006581558405984386e-10 1.573940673936202164e-04 3.351838215771526294e-04 5.118975218305722242e-04 5.978113812722047390e-04 6.543264189239790529e-04 3.928219376369621713e-04 1.922030714520643201e-04 2.199923509408126146e-04 3.194570703915129727e-04 1.191133667773152348e-03
1.728909805983932529e+03 3.040765799222506204e-10 1.657202624569998240e-04 3.681730781976632022e-04 5.171665140519745999e-04 5.598702681076034651e-04 6.807776937616645757e-04 4.885498269512921800e-04 2.051297016628928751e-04 2.242359861267265652e-04 3.244943278554743640e-04 1.215022260410895602e-03
1.731019598690900011e+03 2.939146297048345248e-10 1.633076360914748624e-04 3.643150452865154612e-04 4.883619677904804408e-04 5.464679898116147488e-04 7.247971824572858315e-04 5.071594496074419622e-04 2.023764414084294088e-04 2.207941038877439890e-04 3.192585098859916084e-04 1.199774411873200282e-03
1.733106609237189787e+03 2.914448787546032319e-10 1.671116840678411972e-04 3.758745434219794529e-04 4.898254267505126880e-04 5.335083059713319588e-04 6.519423736674108969e-04 3.964547261598945537e-04 1.805135697905004921e-04 2.220684772850767112e-04 3.213920928448446481e-04 1.187778154359338907e-03
1.735191537006084218e+03 2.920509637249780106e-10 1.750483547006933453e-04 3.983585212020102312e-04 4.770425413105371429e-04 5.237362935209825994e-04 7.555409456183269888e-04 5.284678104534738840e-04 2.008029103830489550e-04 2.228356337983243465e-04 3.203181704898452149e-04 1.198512789139422312e-03
1.737298431238428066e+03 2.913482787981092807e-10 1.897216130994297404e-04 4.173782277321441106e-04 4.702512446312343583e-04 5.847426854849276838e-04 7.840832412839493981e-04 4.273668811373953482e-04 1.848892775439407222e-04 2.269634294715730798e-04 3.228545958710722879e-04 1.221365625292985440e-03
1.739400674655925059e+03 2.828271888206147108e-10 1.957600915642404116e-04 4.226401727663759724e-04 4.616312890592446381e-04 5.731751807190594954e-04 6.991266432036666529e-04 4.149743811650959341e-04 2.054228765926776224e-04 2.255671077252206205e-04 3.185971548185241565e-04 1.200588929790314448e-03
1.741470740085667330e+03 2.801137829052639307e-10 2.035247289677255501e-04 4.323875749810798981e-04 4.483524857251105296e-04 5.759720540911670997e-04 7.742658866675660844e-04 4.913083592890601795e-04 2.004376882357424363e-04 2.188265639290399754e-04 3.134035028496082740e-04 1.189582333512535740e-03
1.743559317511040035e+03 2.858824042884037753e-10 2.341714133686940969e-04 4.582226904639271270e-04 4.517426845852061629e-04 6.660426835781037801e-04 7.205604885790140241e-04 3.811194635617150229e-04 1.970188502467442703e-04 2.291155965089813201e-04 3.203625715184700616e-04 1.212023363854135847e-03
1.745685681589179694e+03 2.800360966208779598e-10 2.472406425905442225e-04 4.496274045333305226e-04 4.503036044290764932e-04 6.285739888562883034e-04 6.418112362393269812e-04 4.925416932990834933e-04 2.154299957308791790e-04 2.263024029548582584e-04 3.235411551955551896e-04 1.213566419001849833e-03
1.747779032040699576e+03 2.718728860397632821e-10 2.567864035997874383e-04 4.383922322447083414e-04 4.214191328322605158e-04 6.036991247700547155e-04 7.196063202176406198e-04 4.909997181759035052e-04 1.800582847795774996e-04 2.239753153842945362e-04 3.150035543544284157e-04 1.175832143218787876e-03
1.749831260196822313e+03 2.662395523613968151e-10 2.649475186296669049e-04 4.296500635471263365e-04 4.059183677041859053e-04 6.275052125671174352e-04 6.078045985871438107e-04 4.123946854409241353e-04 1.950402930060627748e-04 2.220961176563891575e-04 3.155518450132563770e-04 1.178854006576747406e-03
1.751929112830274562e+03 2.808458525144501198e-10 3.207046046623785417e-04 4.260492044985843122e-04 4.624450638634645060e-04 6.193649283385800142e-04 6.880094367368985503e-04 5.757991107507349658e-04 2.003751655550018416e-04 2.321822947105622089e-04 3.258663166715507035e-04 1.234768754875830484e-03
1.754068547434497077e+03 2.674380761606803093e-10 3.207172529386614836e-04 3.880877280202273951e-04 4.401379347170534368e-04 5.692957316381276221e-04 7.721883922915472693e-04 4.467792249505295166e-04 1.748020074219384142e-04 2.332226810740979683e-04 3.223428023950674747e-04 1.220168525170370073e-03
1.756159355403591007e+03 2.569249274278163497e-10 3.332726845131056114e-04 3.588652211136125411e-04 4.344832691128209970e-04 6.036913144997758897e-04 6.767507310148462548e-04 4.130318970738696793e-04 2.132444346434541694e-04 2.159715077504488327e-04 3.129372725568128964e-04 1.187688501518965141e-03
1.758210840185259940e+03 2.610611108983191361e-10 3.597598611278945459e-04 3.291319964335905090e-04 4.858052310120231109e-04 5.692141660816796202e-04 7.152386759151629090e-04 4.955228095170623008e-04 1.935594647414693153e-04 2.231327749095272429e-04 3.119246177719308777e-04 1.185999951770184881e-03
1.760316953526088582e+03 2.645533352603575790e-10 3.969832858742383479e-04 3.013171923179279151e-04 5.414953856370533425e-04 5.401354520427081342e-04 8.492382430527609582e-04 3.828119697577873014e-04 2.174815039119245305e-04 2.323338544099223021e-04 3.265395252680832459e-04 1.218443500412291075e-03
1.762442651401428520e+03 2.643185844462333169e-10 4.156228762072264435e-04 2.878245081271524428e-04 5.433383810859610539e-04 5.849441792517399725e-04 7.203891495622578595e-04 4.540457809840324705e-04 2.256736948189591693e-04 2.246063199722277744e-04 3.220160974649982047e-04 1.215545322838184521e-03
1.764527556915047398e+03 2.535663157762032892e-10 4.172464153725017168e-04 2.491487981202408840e-04 5.632889083755699723e-04 5.312127625439445281e-04 7.438415348975106929e-04 4.985025711282341752e-04 1.794857868153084974e-04 2.315693388471933782e-04 3.143345390427315558e-04 1.199339367199903084e-03
1.766596766615357637e+03 2.530065621613961787e-10 4.407507810321417458e-04 2.185415606239399786e-04 6.108929335855961236e-04 4.754505713205624024e-04 8.190519314893097329e-04 3.973732188486507545e-04 2.045259860729148067e-04 2.269300745203325291e-04 3.132969928253468545e-04 1.209051660072297868e-03
1.768703924000978532e+03 2.529439406778889173e-10 4.559822789461824089e-04 2.185699132520219122e-04 5.920994086835504452e-04 5.502478832451880532e-04 6.709377462435946182e-04 5.225007390741002750e-04 1.862833411559049635e-04 2.343344357429006611e-04 3.271795415238029918e-04 1.225181408927168702e-03
1.770817676898644550e+03 2.525414024889374736e-10 4.741875688124574679e-04 2.112247853760052874e-04 6.070344442143353484e-04 5.550960189313206353e-04 7.168596081237058265e-04 5.233455558151891597e-04 1.794819912465764095e-04 2.324114270629695095e-04 3.196782182182341162e-04 1.221933104464097012e-03
1.772883474332465767e+03 2.447401096026531413e-10 4.700851221588264804e-04 1.898350140000082799e-04 6.105281040274931556e-04 4.970778836868766691e-04 7.597120323571554274e-04 4.183537873852348097e-04 2.087109932989579498e-04 2.208336179069382132e-04 3.082930430754973901e-04 1.181831465226462329e-03
1.774974453784748221e+03 2.487564651639530884e-10 4.906617213113673897e-04 2.119903757353102237e-04 5.669679446787196167e-04 6.392644049130061842e-04 5.983796406845363599e-04 5.493727829752341387e-04 1.896970725341621178e-04 2.361339059086415019e-04 3.262580710418531245e-04 1.243218205733123390e-03
1.777110181937475318e+03 2.443344437264571917e-10 4.801812414653659202e-04 2.375201776931685181e-04 4.955283976800147492e-04 6.775857406945240240e-04 6.141475445661664662e-04 4.909726234308006915e-04 2.067559774818865652e-04 2.231217713231800842e-04 3.184540405602626924e-04 1.241541916787254922e-03
1.779195678243665270e+03 2.375406389151756284e-10 4.735926659674602164e-04 2.310049075651737153e-04 4.805950482214222459e-04 6.340915273908108571e-04 6.891333563602942231e-04 4.139110008079355751e-04 2.204055952776470145e-04 2.258642890477681605e-04 3.169649189089386154e-04 1.210504196187797178e-03
1.781228493855582883e+03 2.353815610420594801e-10 4.771507872956711176e-04 2.398481405209483368e-04 4.391900727211755454e-04 7.413388151508757502e-04 5.259317528839290183e-04 5.220168659557505040e-04 1.863553406660594357e-04 2.259167631189955901e-04 3.081518741632163121e-04 1.188442560721021104e-03
1.783356995406091301e+03 2.525167227434939539e-10 5.008973541903050542e-04 3.413021669719121872e-04 3.568630456925442188e-04 8.608564044797946142e-04 6.837497943270842400e-04 4.567584830673268961e-04 2.384609204319126713e-04 2.442235542026323088e-04 3.339548914926525618e-04 1.301756517093417397e-03
1.785519020914444127e+03 2.350535820270451275e-10 4.562928664780154376e-04 3.489486244841301724e-04 3.158857912744633396e-04 7.352020478715140571e-04 7.872272865843469008e-04 3.543686899065667502e-04 2.280724006930265368e-04 2.385826349541885524e-04 3.226942920350186149e-04 1.221202467241959758e-03
1.787564057575679499e+03 2.275410261219429994e-10 4.382339197177473854e-04 3.554485331427572801e-04 2.999977930773637985e-04 7.252199885704335583e-04 6.909121358097791276e-04 4.451673765262651383e-04 1.819242256477441981e-04 2.278133128558016448e-04 3.125693593059413453e-04 1.202604232082993361e-03
1.789589834183748053e+03 2.314278894136980065e-10 4.404998029172580831e-04 4.085264448950787154e-04 2.438414578740028579e-04 7.738047920621630429e-04 7.894474483922113602e-04 3.691070362340547395e-04 2.254052090949248879e-04 2.335555565639266826e-04 3.148199467810320826e-04 1.210513773231121359e-03
1.791756819854648938e+03 2.453283180817937315e-10 4.400444503124189763e-04 5.206557148026117084e-04 2.524650021436028436e-04 6.536673273373622139e-04 1.049334908667192562e-03 3.984467509368152800e-04 1.984489289848175876e-04 2.596280222468068562e-04 3.487673496087805003e-04 1.328943137616568496e-03
1.793923425699085783e+03 2.234655481191537327e-10 3.876440832814317494e-04 5.064843899983532440e-04 2.619670512994597372e-04 5.162963456743209457e-04 9.185921347786103405e-04 4.853602507185516071e-04 1.461215412237434268e-04 2.335650183904667795e-04 3.093407818505524700e-04 1.215801218905703538e-03
1.795900439114273695e+03 2.051525522336632302e-10 3.452360499467951394e-04 4.841462559353992530e-04 2.100457659328895806e-04 5.193772572531809000e-04 8.082499551443839744e-04 4.031798388580911004e-04 1.754921400405146049e-04 2.106119866388000722e-04 2.988878322620280793e-04 1.140498690813217166e-03
1.797928991708519561e+03 2.331354452068667653e-10 3.683224705051256118e-04 6.134381792380759913e-04 2.491723849890641529e-04 4.414847049091004546e-04 1.036385372534889783e-03 5.035020571065615229e-04 1.582698920404139464e-04 2.396891347006135529e-04 3.279065539279202844e-04 1.263383221366755089e-03
1.800148824254958527e+03 2.244585918022070351e-10 3.281735801030646145e-04 6.441536020639492162e-04 3.349181447142293906e-04 3.052674801082813270e-04 8.857072685354167854e-04 6.349065360891747566e-04 1.572585976390697068e-04 2.229491104296073896e-04 3.184494116856016245e-04 1.246526174249071089e-03
1.802319119842638202e+03 2.223880620934900981e-10 3.114542192407997396e-04 6.586248149471205437e-04 4.028460290655632684e-04 3.167771396992769602e-04 7.184920439857158314e-04 6.333544583859791657e-04 2.230067556027696561e-04 2.220651475348111865e-04 3.230540736793344170e-04 1.267613842899510072e-03
1.804218641767690542e+03 2.215711970743955676e-10 3.040391144742596958e-04 6.694364510679627449e-04 3.737512571244554823e-04 3.006917945403822295e-04 8.081975939161605829e-04 5.787107689415014761e-04 1.947644161573861335e-04 2.289275788563674061e-04 3.157379383947041891e-04 1.232738253188613237e-03
1.806273867558798884e+03 2.179110008461243240e-10 2.648184942365288709e-04 6.863091678695471117e-04 5.048702643386950668e-04 2.061184644432040639e-04 6.004688421537678891e-04 6.440731381298596533e-04 2.317112108145488465e-04 2.225433059044775168e-04 3.249683038127281994e-04 1.249087549598469236e-03
1.808563633697978730e+03 2.209688318497873208e-10 2.422457645025750787e-04 6.948557157483396937e-04 6.339246961612964807e-04 2.504589018289128232e-04 4.105804736453674635e-04 5.874753888869106927e-04 2.871029848692452022e-04 2.442035973925052754e-04 3.228457450545683233e-04 1.250922565448484274e-03
1.810739260338312761e+03 2.216681634323393902e-10 2.314701998485102225e-04 6.938456503551931019e-04 7.063342962241079366e-04 3.539168095533239719e-04 3.736049319830479559e-04 4.771936509997135511e-04 2.866187345397375056e-04 2.562650557925862495e-04 3.230903057975105758e-04 1.258740058786736275e-03
1.812550008560664764e+03 2.086622520703781172e-10 2.192129328703574739e-04 6.653888463954517113e-04 6.614322887015994029e-04 2.821457611084751574e-04 3.869518903240551106e-04 5.277074606886918194e-04 2.599594722453682266e-04 2.417585514128503695e-04 3.186875998130045016e-04 1.250784800561244043e-03
1.814638242702763591e+03 2.181726197899594245e-10 1.999189524013394537e-04 6.735702940070232257e-04 8.189970887058530121e-04 4.413701844375669012e-04 2.676170257825302408e-04 3.942530531944043472e-04 2.771294044845443107e-04 2.554169347694247973e-04 3.214251864423062753e-04 1.276995590207370343e-03
1.816984600008318921e+03 2.116630339918700838e-10 1.705604500675545344e-04 6.183010019553553940e-04 8.620912666278862701e-04 5.700625729546164545e-04 2.411093998171624623e-04 2.637640368693659493e-04 2.443758232591992192e-04 2.541700179521584916e-04 3.273176764181255421e-04 1.260658162344021043e-03
1.819161325477333321e+03 2.088022060854587296e-10 1.558732861666743447e-04 5.829094411771132325e-04 8.804067997432525518e-04 6.847971924394589092e-04 3.432613848382562926e-04 2.095414280804191673e-04 1.884864742591445404e-04 2.525082653692799109e-04 3.277987739231038472e-04 1.260115125738928621e-03
1.820905154727244053e+03 2.092294495782148057e-10 1.562937580696689981e-04 5.894372977865720408e-04 8.889292399596160875e-04 6.673568326897585338e-04 3.065615941880743480e-04 2.252352334924124242e-04 2.137205980239440927e-04 2.620223479452584272e-04 3.292926847930774587e-04 1.293192910964990373e-03
1.823011294558099962e+03 2.189590152789003507e-10 1.419696995994355752e-04 5.700045019339835661e-04 9.666185211296974807e-04 8.892468538287380759e-04 4.749102439821556508e-04 1.518308811690816183e-04 1.547213860774658393e-04 2.533639001479440775e-04 3.228836829464064502e-04 1.297436880533662379e-03
1.825392676368858019e+03 2.078561266821456782e-10 1.203631335446598812e-04 5.052515600063832435e-04 9.280344167828503098e-04 9.742037786361107572e-04 6.272353265671478566e-04 1.555903376997440292e-04 9.888694320072394651e-05 2.353978804990117647e-04 3.262368157544068259e-04 1.240689241323533103e-03
1.827569731264390384e+03 2.009509613908393954e-10 1.042896867045552838e-04 4.484040440364353715e-04 8.676923627070092697e-04 1.009650462426700621e-03 7.669070404494359502e-04 2.189367115424983759e-04 7.537486563461056872e-05 2.204818454262749857e-04 3.143937431862604132e-04 1.305128368426042296e-03
1.829240881539633619e+03 2.164925148742777796e-10 1.136619370546431573e-04 4.912771380602186724e-04 9.537095997905146311e-04 1.086511674777823969e-03 7.804261805477247455e-04 2.011663237381564994e-04 7.708385689878288120e-05 2.282157647027674809e-04 3.278087712888977292e-04 1.321825184512696351e-03
1.831398194619357810e+03 2.079471096220763409e-10 9.529653218803485547e-05 4.261724743147392845e-04 8.772609494983082522e-04 1.116360471385904538e-03 9.783988817645015903e-04 3.038766320108207014e-04 6.316832322429520455e-05 2.098844860919724987e-04 3.192364506200047209e-04 1.289460931502694726e-03
1.833797256117921961e+03 2.115317824029134466e-10 8.763143776883844729e-05 3.999229220593925808e-04 8.635292331798435223e-04 1.186308432254407899e-03 1.145478600286253118e-03 4.105188933923483428e-04 6.923829174182847992e-05 2.026570214671090636e-04 3.392281954998717288e-04 1.366433606772814949e-03
1.835709424558265709e+03 2.047391365961488099e-10 7.888887042988286893e-05 3.692047011673501309e-04 8.156460856626944434e-04 1.166152111478908947e-03 1.201808651932882851e-03 4.855714455736812670e-04 9.407059552631514990e-05 2.072424373644759675e-04 3.384118533305980193e-04 1.304093686761052849e-03
1.837426104733830243e+03 1.995811934964637816e-10 7.348507792285422326e-05 3.418293599541588558e-04 7.709516380843211376e-04 1.124786094074962462e-03 1.212007119015522886e-03 5.069223553019477305e-04 9.856588652191500299e-05 2.102344385649932746e-04 3.305114632445726596e-04 1.302205764396082094e-03
1.839798619366756157e+03 1.937821652028081470e-10 6.459571437567580257e-05 3.060550897718168888e-04 7.048645908670976871e-04 1.070397308988021426e-03 1.225602974009470198e-03 5.643127991577346443e-04 1.301643940915834998e-04 2.139493073439669346e-04 3.268379340780650736e-04 1.285901448100631355e-03
1.842199657487143668e+03 2.052239415490275447e-10 6.424318232036445493e-05 3.090243543512826655e-04 7.302427297048190089e-04 1.151669161847722203e-03 1.391846119418542298e-03 6.860370896859943265e-04 1.697666530335718935e-04 2.187750647232467732e-04 3.448723137444838715e-04 1.359524243363904959e-03
1.844054227594003123e+03 1.844400006037595282e-10 5.525795508047234015e-05 2.668835153972747573e-04 6.430646828281616836e-04 1.036285097720397817e-03 1.240171056473463474e-03 6.359921002085405133e-04 1.675396312983088451e-04 2.152420813781425705e-04 3.265667772488251735e-04 1.287786809537001852e-03
1.845799138732461415e+03 2.029128728118242152e-10 5.728043772266622603e-05 2.811993750255297711e-04 6.819451684008986849e-04 1.107360335447710566e-03 1.374265114472132026e-03 7.241127577204692226e-04 1.935614565319622980e-04 2.286892009554220809e-04 3.446546787658842214e-04 1.368552415699802582e-03
1.848194348890450328e+03 2.040955868945895733e-10 5.472075924057952299e-05 2.725541447185563047e-04 6.821175208546409810e-04 1.096750709234052198e-03 1.406888212343424113e-03 7.780871373315930437e-04 2.268434897121092799e-04 2.273836382973902319e-04 3.271938455863845864e-04 1.272506762889658635e-03
1.850579871155538740e+03 2.182234059423033367e-10 5.602653017246527801e-05 2.774274047670827648e-04 6.799634936129852385e-04 1.121073258600617040e-03 1.434191139619864523e-03 8.178344419103754023e-04 2.406473751428342520e-04 2.316300549465171745e-04 3.754225254629203930e-04 1.343106468898946741e-03
1.852497768894738101e+03 1.597573396077229993e-10 4.003343794420876467e-05 1.943871604983061271e-04 4.629956271772803331e-04 7.686423744786110342e-04 1.110494340683849685e-03 6.003148281526436963e-04 1.962364606037190345e-04 1.741553317502656613e-04 2.643443350880692326e-04 1.749024179385810741e-03
1.854093988890649825e+03 6.428492358844401254e-12 1.228353786340483138e-06 8.438793822608000491e-06 2.264330022857505669e-05 4.212551715323789765e-05 9.371576365253382016e-05 7.214511618400131128e-05 4.030098006401719619e-05 2.299511927392049887e-04 2.950096143164191256e-04 1.050827535711274007e-03
1.856294815574680797e+03 1.527225575578023570e-12 1.009596261283754188e-07 1.171141115672192071e-06 2.564419222965332553e-06 5.059978535560036589e-06 2.357199983729440742e-05 1.985757651558751040e-05 2.953628491368454347e-05 2.466694214126384879e-04 6.550928577301236299e-05 9.886830518771590019e-04
