1.000000 1.000000 1.000000 0.000000 1000.000000 -1.000000
1.002706 1.002727 1.010472 2.706079 999.998108 -1.000000
1.005412 1.005454 1.021027 5.412151 999.999939 -1.000000
1.008118 1.008181 1.031666 8.118220 999.999268 -1.000000
1.010824 1.010908 1.042389 10.824279 999.999573 -1.000000
1.013530 1.013635 1.053197 13.530335 1000.001221 -1.000000
1.016236 1.016363 1.064089 16.236383 999.999756 -1.000000
1.018942 1.019090 1.075067 18.942427 1000.002808 -1.000000
1.021648 1.021818 1.086131 21.648464 1000.001465 -1.000000
1.024354 1.024546 1.097280 24.354494 1000.003540 -1.000000
1.027060 1.027273 1.108515 27.060524 1000.004822 -1.000000
1.029767 1.030001 1.119836 29.766542 1000.004272 -1.000000
1.032473 1.032729 1.131243 32.472561 1000.008179 -1.000000
1.035178 1.035458 1.142737 35.178570 1000.006714 -1.000000
1.037884 1.038186 1.154317 37.884579 1000.010010 -1.000000
1.040590 1.040914 1.165984 40.590584 1000.011475 -1.000000
1.043296 1.043642 1.177738 43.296577 1000.011292 -1.000000
1.046002 1.046371 1.189578 46.002571 1000.016174 -1.000000
1.048708 1.049100 1.201504 48.708561 1000.014771 -1.000000
1.051414 1.051828 1.213518 51.414539 1000.018494 -1.000000
1.054120 1.054557 1.225618 54.120522 1000.021118 -1.000000
1.056826 1.057286 1.237805 56.826492 1000.020325 -1.000000
1.059532 1.060015 1.250078 59.532459 1000.026367 -1.000000
1.062238 1.062744 1.262437 62.238422 1000.025818 -1.000000
1.064944 1.065473 1.274884 64.944382 1000.028503 -1.000000
1.067650 1.068203 1.287416 67.650345 1000.033752 -1.000000
1.070356 1.070932 1.300034 70.356293 1000.032104 -1.000000
1.073061 1.073661 1.312739 73.062233 1000.038330 -1.000000
1.075767 1.076391 1.325529 75.768173 1000.040710 -1.000000
1.078473 1.079121 1.338406 78.474098 1000.040588 -1.000000
1.081179 1.081850 1.351369 81.180031 1000.048523 -1.000000
1.083885 1.084580 1.364420 83.885963 1000.048096 -1.000000
1.086590 1.087310 1.377561 86.591881 1000.051025 -1.000000
1.089296 1.090040 1.390792 89.297806 1000.058533 -1.000000
1.092002 1.092771 1.404116 92.003723 1000.056580 -1.000000
1.094708 1.095501 1.417533 94.709633 1000.062744 -1.000000
1.097413 1.098231 1.431043 97.415543 1000.068604 -1.000000
1.100119 1.100962 1.444649 100.121445 1000.066467 -1.000000
1.102825 1.103692 1.458351 102.827339 1000.075195 -1.000000
1.105531 1.106423 1.472150 105.533241 1000.078979 -1.000000
1.108236 1.109154 1.486047 108.239120 1000.077759 -1.000000
1.110942 1.111884 1.500042 110.944992 1000.088196 -1.000000
1.113648 1.114615 1.514137 113.650879 1000.090149 -1.000000
1.116353 1.117346 1.528332 116.356743 1000.090149 -1.000000
1.119059 1.120078 1.542627 119.062607 1000.101746 -1.000000
1.121764 1.122809 1.557024 121.768478 1000.102295 -1.000000
1.124470 1.125540 1.571523 124.474319 1000.103394 -1.000000
1.127175 1.128272 1.586124 127.180176 1000.115967 -1.000000
1.129881 1.131003 1.600828 129.886017 1000.115601 -1.000000
1.132587 1.133735 1.615635 132.591843 1000.117432 -1.000000
1.135292 1.136466 1.630546 135.297668 1000.130798 -1.000000
1.137997 1.139198 1.645561 138.003494 1000.130066 -1.000000
1.140703 1.141930 1.660681 140.709290 1000.131958 -1.000000
1.143408 1.144662 1.675906 143.415100 1000.146301 -1.000000
1.146114 1.147394 1.691235 146.120911 1000.145874 -1.000000
1.148819 1.150126 1.706670 148.826706 1000.146912 -1.000000
1.151525 1.152858 1.722211 151.532501 1000.162415 -1.000000
1.154230 1.155591 1.737857 154.238312 1000.163025 -1.000000
1.156935 1.158323 1.753609 156.944092 1000.162354 -1.000000
1.159641 1.161056 1.769467 159.649857 1000.178894 -1.000000
1.162346 1.163788 1.785432 162.355637 1000.181885 -1.000000
1.165051 1.166521 1.801502 165.061371 1000.178711 -1.000000
1.167756 1.169254 1.817679 167.767120 1000.195312 -1.000000
1.170462 1.171987 1.833963 170.472885 1000.202087 -1.000000
1.173167 1.174720 1.850353 173.178604 1000.196289 -1.000000
1.175872 1.177453 1.866849 175.884293 1000.211060 -1.000000
1.178577 1.180186 1.883452 178.590012 1000.223328 -1.000000
1.181282 1.182919 1.900161 181.295715 1000.216187 -1.000000
1.183987 1.185652 1.916976 184.001373 1000.226318 -1.000000
1.186692 1.188386 1.933898 186.707062 1000.244568 -1.000000
1.189397 1.191119 1.950926 189.412735 1000.239075 -1.000000
1.192102 1.193853 1.968060 192.118378 1000.241699 -1.000000
1.194807 1.196586 1.985300 194.824036 1000.263916 -1.000000
1.197512 1.199320 2.002646 197.529694 1000.265015 -1.000000
1.200217 1.202054 2.020098 200.235306 1000.259338 -1.000000
1.202922 1.204788 2.037655 202.940903 1000.280273 -1.000000
1.205627 1.207522 2.055318 205.646530 1000.292358 -1.000000
1.208332 1.210256 2.073087 208.352112 1000.282043 -1.000000
1.211036 1.212990 2.090961 211.057648 1000.294006 -1.000000
1.213741 1.215724 2.108942 213.763199 1000.317322 -1.000000
1.216446 1.218458 2.127031 216.468765 1000.311340 -1.000000
1.219150 1.221193 2.145231 219.174255 1000.309021 -1.000000
1.221855 1.223927 2.163542 221.879745 1000.335754 -1.000000
1.224560 1.226662 2.181966 224.585266 1000.344604 -1.000000
1.227264 1.229396 2.200504 227.290726 1000.331787 -1.000000
1.229969 1.232131 2.219157 229.996155 1000.347839 -1.000000
1.232673 1.234866 2.237926 232.701614 1000.373840 -1.000000
1.235378 1.237600 2.256813 235.407043 1000.365662 -1.000000
1.238082 1.240335 2.275818 238.112411 1000.361328 -1.000000
1.240786 1.243070 2.294943 240.817795 1000.391479 -1.000000
1.243491 1.245805 2.314188 243.523209 1000.404602 -1.000000
1.246195 1.248540 2.333555 246.228546 1000.388123 -1.000000
1.248899 1.251276 2.353043 248.933838 1000.399780 -1.000000
1.251603 1.254011 2.372654 251.639145 1000.433289 -1.000000
1.254308 1.256746 2.392389 254.344467 1000.430603 -1.000000
1.257012 1.259482 2.412248 257.049713 1000.416321 -1.000000
1.259716 1.262217 2.432232 259.754913 1000.443359 -1.000000
1.262420 1.264953 2.452341 262.460175 1000.471375 -1.000000
1.265124 1.267688 2.472577 265.165375 1000.456177 -1.000000
1.267828 1.270424 2.492939 267.870483 1000.450562 -1.000000
1.270531 1.273159 2.513428 270.575592 1000.488037 -1.000000
1.273235 1.275895 2.534045 273.280731 1000.506470 -1.000000
1.275939 1.278631 2.554789 275.985809 1000.484009 -1.000000
1.278643 1.281367 2.575662 278.690826 1000.488953 -1.000000
1.281346 1.284103 2.596664 281.395844 1000.532227 -1.000000
1.284050 1.286839 2.617795 284.100891 1000.541138 -1.000000
1.286753 1.289575 2.639055 286.805847 1000.515137 -1.000000
1.289457 1.292311 2.660444 289.510712 1000.529419 -1.000000
1.292160 1.295047 2.681964 292.215607 1000.575745 -1.000000
1.294864 1.297784 2.703613 294.920532 1000.577087 -1.000000
1.297567 1.300520 2.725393 297.625366 1000.549011 -1.000000
1.300270 1.303256 2.747303 300.330109 1000.569946 -1.000000
1.302973 1.305993 2.769343 303.034882 1000.618958 -1.000000
1.305676 1.308729 2.791515 305.739685 1000.616028 -1.000000
1.308379 1.311466 2.813816 308.444305 1000.585449 -1.000000
1.311082 1.314202 2.836249 311.148865 1000.609558 -1.000000
1.313785 1.316939 2.858812 313.853485 1000.662415 -1.000000
1.316488 1.319675 2.881507 316.558105 1000.658875 -1.000000
1.319191 1.322412 2.904332 319.262573 1000.624146 -1.000000
1.321893 1.325149 2.927287 321.966949 1000.646851 -1.000000
1.324596 1.327886 2.950374 324.671387 1000.705261 -1.000000
1.327299 1.330622 2.973591 327.375824 1000.706238 -1.000000
1.330001 1.333359 2.996939 330.080109 1000.665894 -1.000000
1.332703 1.336096 3.020418 332.784302 1000.681580 -1.000000
1.335406 1.338833 3.044027 335.488525 1000.746155 -1.000000
1.338108 1.341570 3.067766 338.192841 1000.758423 -1.000000
1.340810 1.344307 3.091636 340.897003 1000.713196 -1.000000
1.343512 1.347044 3.115635 343.600952 1000.714355 -1.000000
1.346214 1.349781 3.139765 346.304962 1000.782349 -1.000000
1.348916 1.352518 3.164024 349.009033 1000.813538 -1.000000
1.351618 1.355255 3.188413 351.712982 1000.768921 -1.000000
1.354320 1.357992 3.212932 354.416718 1000.748108 -1.000000
1.357021 1.360730 3.237579 357.120453 1000.810974 -1.000000
1.359723 1.363467 3.262357 359.824280 1000.867249 -1.000000
1.362424 1.366204 3.287267 362.528046 1000.835327 -1.000000
1.365126 1.368941 3.312310 365.231567 1000.789246 -1.000000
1.367827 1.371678 3.337488 367.934967 1000.831177 -1.000000
1.370528 1.374416 3.362802 370.638489 1000.911133 -1.000000
1.373229 1.377153 3.388254 373.342041 1000.910339 -1.000000
1.375930 1.379890 3.413844 376.045349 1000.847168 -1.000000
1.378631 1.382628 3.439575 378.748474 1000.849182 -1.000000
1.381332 1.385365 3.465447 381.451630 1000.936157 -1.000000
1.384032 1.388102 3.491461 384.154877 1000.982849 -1.000000
1.386733 1.390840 3.517619 386.858002 1000.928284 -1.000000
1.389433 1.393577 3.543921 389.560822 1000.880859 -1.000000
1.392133 1.396314 3.570369 392.263550 1000.940918 -1.000000
1.394834 1.399052 3.596962 394.966431 1001.033081 -1.000000
1.397534 1.401789 3.623704 397.669312 1001.026001 -1.000000
1.400234 1.404526 3.650593 400.371948 1000.947449 -1.000000
1.402933 1.407264 3.677631 403.074310 1000.943237 -1.000000
1.405633 1.410001 3.704818 405.776703 1001.043579 -1.000000
1.408333 1.412739 3.732156 408.479248 1001.110840 -1.000000
1.411032 1.415476 3.759644 411.181671 1001.055847 -1.000000
1.413732 1.418213 3.787285 413.883759 1000.981262 -1.000000
1.416431 1.420950 3.815077 416.585632 1001.024353 -1.000000
1.419130 1.423688 3.843022 419.287628 1001.142273 -1.000000
1.421829 1.426425 3.871119 421.989716 1001.173706 -1.000000
1.424528 1.429162 3.899371 424.691589 1001.086182 -1.000000
1.427226 1.431899 3.927777 427.393066 1001.029663 -1.000000
1.429925 1.434637 3.956336 430.094452 1001.111816 -1.000000
1.432623 1.437374 3.985051 432.796021 1001.233093 -1.000000
1.435321 1.440111 4.013921 435.497620 1001.231506 -1.000000
1.438020 1.442848 4.042946 438.198853 1001.124146 -1.000000
1.440717 1.445585 4.072127 440.899750 1001.086548 -1.000000
1.443415 1.448322 4.101464 443.600586 1001.196960 -1.000000
1.446113 1.451059 4.130957 446.301636 1001.318359 -1.000000
1.448810 1.453796 4.160607 449.002686 1001.293335 -1.000000
1.451508 1.456533 4.190413 451.703308 1001.171753 -1.000000
1.454205 1.459270 4.220376 454.403534 1001.144714 -1.000000
1.456902 1.462007 4.250495 457.103760 1001.274109 -1.000000
1.459599 1.464743 4.280772 459.804199 1001.401245 -1.000000
1.462295 1.467480 4.311205 462.504608 1001.365479 -1.000000
1.464992 1.470217 4.341796 465.204590 1001.229919 -1.000000
1.467688 1.472953 4.372543 467.904114 1001.199097 -1.000000
1.470384 1.475690 4.403448 470.603607 1001.338989 -1.000000
1.473080 1.478426 4.434509 473.303345 1001.482910 -1.000000
1.475776 1.481163 4.465728 476.003082 1001.453064 -1.000000
1.478471 1.483899 4.497103 478.702362 1001.302368 -1.000000
1.481167 1.486635 4.528636 481.401123 1001.248718 -1.000000
1.483862 1.489371 4.560325 484.099823 1001.386719 -1.000000
1.486557 1.492107 4.592171 486.798798 1001.558838 -1.000000
1.489252 1.494843 4.624174 489.497803 1001.557251 -1.000000
1.491946 1.497579 4.656333 492.196381 1001.396057 -1.000000
1.494641 1.500315 4.688648 494.894318 1001.298584 -1.000000
1.497335 1.503051 4.721119 497.592072 1001.412415 -1.000000
1.500029 1.505786 4.753746 500.290070 1001.617554 -1.000000
1.502722 1.508522 4.786530 502.988281 1001.673157 -1.000000
1.505416 1.511257 4.819468 505.686096 1001.521423 -1.000000
1.508109 1.513992 4.852562 508.383270 1001.364746 -1.000000
1.510802 1.516727 4.885811 511.080017 1001.418152 -1.000000
1.513495 1.519462 4.919215 513.776978 1001.641296 -1.000000
1.516188 1.522197 4.952773 516.474182 1001.782227 -1.000000
1.518880 1.524932 4.986486 519.171265 1001.682434 -1.000000
1.521572 1.527667 5.020353 521.867615 1001.473267 -1.000000
1.524264 1.530401 5.054374 524.563354 1001.422974 -1.000000
1.526956 1.533136 5.088552 527.258972 1001.616272 -1.000000
1.529647 1.535870 5.122887 529.955017 1001.848328 -1.000000
1.532338 1.538604 5.157382 532.651245 1001.861877 -1.000000
1.535029 1.541338 5.192037 535.346863 1001.650696 -1.000000
1.537720 1.544072 5.226855 538.041565 1001.472900 -1.000000
1.540410 1.546806 5.261837 540.735840 1001.555176 -1.000000
1.543100 1.549539 5.296984 543.430420 1001.829285 -1.000000
1.545790 1.552273 5.332297 546.125488 1002.003845 -1.000000
1.548479 1.555006 5.367778 548.820312 1001.892639 -1.000000
1.551168 1.557739 5.403427 551.514282 1001.629639 -1.000000
1.553857 1.560472 5.439247 554.207458 1001.524353 -1.000000
1.556546 1.563205 5.475237 556.900513 1001.718262 -1.000000
1.559234 1.565937 5.511399 559.593933 1002.023071 -1.000000
1.561922 1.568669 5.547733 562.287598 1002.121948 -1.000000
1.564610 1.571402 5.584242 564.980835 1001.915710 -1.000000
1.567298 1.574134 5.620925 567.673096 1001.636658 -1.000000
1.569985 1.576865 5.657784 570.364563 1001.602844 -1.000000
1.572672 1.579597 5.694819 573.056030 1001.876587 -1.000000
1.575358 1.582328 5.732031 575.748047 1002.192017 -1.000000
1.578044 1.585059 5.769420 578.440186 1002.230957 -1.000000
1.580730 1.587790 5.806988 581.131714 1001.959229 -1.000000
1.583416 1.590521 5.844735 583.822083 1001.669128 -1.000000
1.586101 1.593251 5.882661 586.511658 1001.680115 -1.000000
1.588786 1.595982 5.920767 589.201355 1002.008179 -1.000000
1.591470 1.598712 5.959054 591.891724 1002.342346 -1.000000
1.594154 1.601441 5.997522 594.582275 1002.356262 -1.000000
1.596838 1.604171 6.036171 597.271973 1002.041260 -1.000000
1.599521 1.606900 6.075002 599.960327 1001.721558 -1.000000
1.602204 1.609629 6.114015 602.647949 1001.734985 -1.000000
1.604887 1.612358 6.153211 605.335693 1002.096069 -1.000000
1.607569 1.615086 6.192589 608.024109 1002.474365 -1.000000
1.610251 1.617814 6.232150 610.712769 1002.513123 -1.000000
1.612933 1.620542 6.271895 613.400635 1002.178711 -1.000000
1.615614 1.623270 6.311823 616.087036 1001.800598 -1.000000
1.618294 1.625997 6.351935 618.772461 1001.759216 -1.000000
1.620975 1.628724 6.392231 621.457886 1002.121704 -1.000000
1.623655 1.631451 6.432710 624.144104 1002.571533 -1.000000
1.626334 1.634177 6.473374 626.830688 1002.700073 -1.000000
1.629013 1.636903 6.514222 629.516602 1002.390747 -1.000000
1.631692 1.639629 6.555254 632.200867 1001.934875 -1.000000
1.634370 1.642354 6.596469 634.883911 1001.767761 -1.000000
1.637048 1.645079 6.637869 637.566650 1002.069092 -1.000000
1.639725 1.647804 6.679454 640.250183 1002.593384 -1.000000
1.642402 1.650529 6.721222 642.934448 1002.884338 -1.000000
1.645078 1.653253 6.763174 645.618347 1002.685120 -1.000000
1.647754 1.655976 6.805310 648.300720 1002.174805 -1.000000
1.650429 1.658700 6.847629 650.981384 1001.815918 -1.000000
1.653104 1.661423 6.890133 653.661194 1001.947937 -1.000000
1.655779 1.664145 6.932819 656.341492 1002.485596 -1.000000
1.658453 1.666867 6.975689 659.022827 1002.984985 -1.000000
1.661126 1.669589 7.018742 661.704468 1003.023071 -1.000000
1.663799 1.672310 7.061978 664.384949 1002.566650 -1.000000
1.666471 1.675031 7.105396 667.063477 1002.008728 -1.000000
1.669143 1.677752 7.148997 669.740356 1001.838684 -1.000000
1.671815 1.680472 7.192779 672.417053 1002.228516 -1.000000
1.674485 1.683192 7.236744 675.094666 1002.881653 -1.000000
1.677156 1.685911 7.280890 677.773254 1003.272217 -1.000000
1.679825 1.688630 7.325217 680.451599 1003.079407 -1.000000
1.682495 1.691348 7.369725 683.128235 1002.459412 -1.000000
1.685163 1.694066 7.414413 685.802612 1001.924683 -1.000000
1.687831 1.696784 7.459281 688.475647 1001.929993 -1.000000
1.690499 1.699501 7.504330 691.148987 1002.502563 -1.000000
1.693166 1.702217 7.549557 693.823608 1003.212158 -1.000000
1.695832 1.704933 7.594963 696.499023 1003.506348 -1.000000
1.698498 1.707649 7.640548 699.173767 1003.150513 -1.000000
1.701163 1.710364 7.686311 701.846313 1002.421448 -1.000000
1.703827 1.713079 7.732251 704.516418 1001.896729 -1.000000
1.706491 1.715793 7.778368 707.185364 1002.007080 -1.000000
1.709155 1.718506 7.824663 709.854797 1002.700684 -1.000000
1.711817 1.721219 7.871136 712.525635 1003.473633 -1.000000
1.714479 1.723932 7.917790 715.197388 1003.747131 -1.000000
1.717140 1.726643 7.964625 717.868225 1003.309814 -1.000000
1.719801 1.729355 8.011643 720.536621 1002.486206 -1.000000
1.722461 1.732066 8.058845 723.202271 1001.899536 -1.000000
1.725120 1.734776 8.106234 725.866638 1002.009338 -1.000000
1.727779 1.737485 8.153809 728.531494 1002.768921 -1.000000
1.730437 1.740194 8.201572 731.197937 1003.650513 -1.000000
1.733094 1.742903 8.249525 733.865540 1004.022156 -1.000000
1.735751 1.745611 8.297667 736.532349 1003.608887 -1.000000
1.738406 1.748318 8.346002 739.196594 1002.701355 -1.000000
1.741062 1.751024 8.394528 741.857727 1001.953125 -1.000000
1.743716 1.753730 8.443248 744.516968 1001.917236 -1.000000
1.746369 1.756435 8.492162 747.176514 1002.653809 -1.000000
1.749022 1.759140 8.541271 749.837769 1003.679077 -1.000000
1.751674 1.761844 8.590575 752.500610 1004.293030 -1.000000
1.754326 1.764547 8.640076 755.163208 1004.065369 -1.000000
1.756976 1.767250 8.689774 757.823364 1003.142578 -1.000000
1.759626 1.769952 8.739670 760.480042 1002.155029 -1.000000
1.762275 1.772653 8.789764 763.133972 1001.789673 -1.000000
1.764923 1.775353 8.840057 765.787354 1002.325317 -1.000000
1.767570 1.778053 8.890550 768.442200 1003.440002 -1.000000
1.770217 1.780752 8.941242 771.099182 1004.414185 -1.000000
1.772862 1.783451 8.992134 773.756958 1004.602600 -1.000000
1.775507 1.786148 9.043227 776.413086 1003.868713 -1.000000
1.778151 1.788845 9.094521 779.065613 1002.684509 -1.000000
1.780794 1.791541 9.146017 781.714417 1001.826172 -1.000000
1.783436 1.794236 9.197714 784.361206 1001.872681 -1.000000
1.786077 1.796930 9.249612 787.008545 1002.832520 -1.000000
1.788718 1.799624 9.301713 789.658142 1004.128906 -1.000000
1.791357 1.802317 9.354016 792.309814 1004.953613 -1.000000
1.793996 1.805009 9.406520 794.961487 1004.778137 -1.000000
1.796633 1.807700 9.459228 797.610474 1003.697083 -1.000000
1.799270 1.810390 9.512137 800.255066 1002.377502 -1.000000
1.801906 1.813080 9.565249 802.895813 1001.646179 -1.000000
1.804541 1.815768 9.618564 805.535095 1001.982178 -1.000000
1.807174 1.818456 9.672080 808.175598 1003.222107 -1.000000
1.809807 1.821143 9.725799 810.818787 1004.647278 -1.000000
1.812439 1.823829 9.779721 813.464050 1005.406250 -1.000000
1.815070 1.826514 9.833844 816.108887 1005.029907 -1.000000
1.817700 1.829198 9.888169 818.750305 1003.725342 -1.000000
1.820328 1.831881 9.942695 821.386841 1002.259338 -1.000000
1.822956 1.834563 9.997424 824.019287 1001.505737 -1.000000
1.825583 1.837244 10.052353 826.650146 1001.936462 -1.000000
1.828208 1.839924 10.107483 829.282471 1003.345642 -1.000000
1.830833 1.842604 10.162815 831.917969 1004.955566 -1.000000
1.833456 1.845282 10.218346 834.555847 1005.850159 -1.000000
1.836078 1.847959 10.274077 837.193298 1005.502747 -1.000000
1.838700 1.850635 10.330008 839.827209 1004.090149 -1.000000
1.841320 1.853310 10.386138 842.455688 1002.399109 -1.000000
1.843939 1.855984 10.442467 845.079285 1001.383911 -1.000000
1.846556 1.858657 10.498995 847.700684 1001.637573 -1.000000
1.849173 1.861329 10.555720 850.323303 1003.065796 -1.000000
1.851789 1.864000 10.612643 852.949280 1004.926758 -1.000000
1.854403 1.866670 10.669762 855.578430 1006.219360 -1.000000
1.857016 1.869339 10.727078 858.208130 1006.227356 -1.000000
1.859628 1.872006 10.784590 860.834839 1004.922302 -1.000000
1.862238 1.874673 10.842297 863.455872 1002.988342 -1.000000
1.864848 1.877338 10.900199 866.070862 1001.455505 -1.000000
1.867456 1.880002 10.958295 868.682129 1001.154541 -1.000000
1.870063 1.882665 11.016584 871.293335 1002.285889 -1.000000
1.872669 1.885327 11.075066 873.907471 1004.309570 -1.000000
1.875273 1.887987 11.133740 876.525696 1006.205872 -1.000000
1.877876 1.890647 11.192606 879.146362 1006.991699 -1.000000
1.880478 1.893305 11.251663 881.765686 1006.237854 -1.000000
1.883078 1.895962 11.310909 884.379944 1004.304749 -1.000000
1.885677 1.898617 11.370345 886.987427 1002.161316 -1.000000
1.888275 1.901272 11.429969 889.588806 1000.892151 -1.000000
1.890872 1.903925 11.489782 892.187439 1001.160095 -1.000000
1.893467 1.906577 11.549781 894.787476 1002.883057 -1.000000
1.896060 1.909227 11.609967 897.391663 1005.262207 -1.000000
1.898653 1.911876 11.670338 900.000244 1007.151306 -1.000000
1.901243 1.914524 11.730894 902.610596 1007.612915 -1.000000
1.903833 1.917170 11.791633 905.218445 1006.391724 -1.000000
1.906421 1.919815 11.852556 907.820007 1004.052917 -1.000000
1.909007 1.922459 11.913661 910.413757 1001.707153 -1.000000
1.911592 1.925101 11.974947 913.001343 1000.476807 -1.000000
1.914176 1.927742 12.036413 915.586365 1000.974609 -1.000000
1.916758 1.930382 12.098059 918.173340 1003.022705 -1.000000
1.919338 1.933020 12.159886 920.765137 1005.720825 -1.000000
1.921917 1.935657 12.221894 923.361877 1007.838318 -1.000000
1.924495 1.938292 12.284085 925.960754 1008.378723 -1.000000
1.927071 1.940925 12.346460 928.556946 1007.058655 -1.000000
1.929645 1.943557 12.409019 931.146301 1004.453735 -1.000000
1.932218 1.946188 12.471763 933.726929 1001.731262 -1.000000
1.934789 1.948817 12.534694 936.300110 1000.116638 -1.000000
1.937359 1.951445 12.597812 938.869873 1000.356812 -1.000000
1.939927 1.954071 12.661117 941.441040 1002.401489 -1.000000
1.942493 1.956695 12.724610 944.017334 1005.413635 -1.000000
1.945058 1.959318 12.788293 946.599609 1008.106201 -1.000000
1.947621 1.961940 12.852164 949.185364 1009.291565 -1.000000
1.950182 1.964559 12.916226 951.769897 1008.416687 -1.000000
1.952742 1.967177 12.980477 954.348083 1005.825500 -1.000000
1.955300 1.969794 13.044919 956.916809 1002.609314 -1.000000
1.957856 1.972409 13.109553 959.476196 1000.127563 -1.000000
1.960410 1.975022 13.174377 962.029663 999.438110 -1.000000
1.962963 1.977633 13.239393 964.582336 1000.874573 -1.000000
1.965514 1.980243 13.304600 967.139160 1003.910522 -1.000000
1.968063 1.982851 13.369999 969.702759 1007.348145 -1.000000
1.970611 1.985457 13.435591 972.272339 1009.782532 -1.000000
1.973156 1.988062 13.501374 974.843811 1010.182312 -1.000000
1.975700 1.990664 13.567349 977.411560 1008.340820 -1.000000
1.978242 1.993265 13.633516 979.970581 1004.974731 -1.000000
1.980782 1.995864 13.699875 982.518616 1001.421265 -1.000000
1.983320 1.998462 13.766426 985.057007 999.089661 -1.000000
1.985856 2.001057 13.833168 987.590149 998.918396 -1.000000
1.988391 2.003651 13.900102 990.124023 1001.030518 -1.000000
1.990923 2.006243 13.967228 992.663513 1004.681885 -1.000000
1.993454 2.008833 14.034544 995.210876 1008.511902 -1.000000
1.995982 2.011421 14.102051 997.764587 1011.041077 -1.000000
1.998509 2.014007 14.169749 1000.319946 1011.252380 -1.000000
2.001033 2.016591 14.237636 1002.870605 1009.017639 -1.000000
2.003556 2.019173 14.305714 1005.411316 1005.158142 -1.000000
2.006077 2.021754 14.373980 1007.939697 1001.112854 -1.000000
2.008595 2.024332 14.442436 1010.457153 998.382202 -1.000000
2.011112 2.026908 14.511079 1012.968567 997.988708 -1.000000
2.013626 2.029483 14.579911 1015.480164 1000.132019 -1.000000
2.016139 2.032055 14.648930 1017.997681 1004.115784 -1.000000
2.018649 2.034625 14.718135 1020.524048 1008.561462 -1.000000
2.021157 2.037194 14.787527 1023.058289 1011.868469 -1.000000
2.023663 2.039760 14.857104 1025.595947 1012.798096 -1.000000
2.026167 2.042324 14.926866 1028.130249 1010.960388 -1.000000
2.028669 2.044886 14.996812 1030.654785 1006.977173 -1.000000
2.031169 2.047446 15.066942 1033.165894 1002.241028 -1.000000
2.033666 2.050003 15.137254 1035.663818 998.395203 -1.000000
2.036162 2.052559 15.207748 1038.152466 996.768066 -1.000000
2.038655 2.055112 15.278423 1040.638306 997.953003 -1.000000
2.041145 2.057664 15.349279 1043.128174 1001.628601 -1.000000
2.043634 2.060213 15.420314 1045.626953 1006.640198 -1.000000
2.046120 2.062759 15.491528 1048.135986 1011.337402 -1.000000
2.048604 2.065304 15.562919 1050.652222 1014.108521 -1.000000
2.051086 2.067846 15.634488 1053.169434 1013.955566 -1.000000
2.053566 2.070386 15.706232 1055.680176 1010.876648 -1.000000
2.056043 2.072924 15.778151 1058.178223 1005.871582 -1.000000
2.058517 2.075460 15.850245 1060.660889 1000.573608 -1.000000
2.060990 2.077993 15.922511 1063.129395 996.687012 -1.000000
2.063460 2.080524 15.994949 1065.588989 995.456970 -1.000000
2.065928 2.083052 16.067559 1068.046997 997.319458 -1.000000
2.068393 2.085578 16.140338 1070.510742 1001.781189 -1.000000
2.070856 2.088102 16.213287 1072.984985 1007.535645 -1.000000
2.073316 2.090623 16.286403 1075.470825 1012.813599 -1.000000
2.075774 2.093142 16.359686 1077.964844 1015.918518 -1.000000
2.078230 2.095659 16.433135 1080.460083 1015.799805 -1.000000
2.080683 2.098173 16.506748 1082.948364 1012.436401 -1.000000
2.083133 2.100685 16.580525 1085.422852 1006.850281 -1.000000
2.085581 2.103194 16.654464 1087.880005 1000.742493 -1.000000
2.088027 2.105700 16.728564 1090.321045 995.937561 -1.000000
2.090470 2.108205 16.802823 1092.750854 993.851807 -1.000000
2.092910 2.110706 16.877242 1095.177002 995.129700 -1.000000
2.095348 2.113205 16.951818 1097.607666 999.489441 -1.000000
2.097784 2.115702 17.026550 1100.049194 1005.776184 -1.000000
2.100216 2.118196 17.101438 1102.504028 1012.228577 -1.000000
2.102646 2.120687 17.176479 1104.970093 1016.947083 -1.000000
2.105074 2.123176 17.251673 1107.441406 1018.473022 -1.000000
2.107499 2.125662 17.327018 1109.909180 1016.282227 -1.000000
2.109921 2.128146 17.402513 1112.364990 1010.973755 -1.000000
2.112340 2.130627 17.478157 1114.802856 1004.062622 -1.000000
2.114757 2.133105 17.553948 1117.221313 997.484985 -1.000000
2.117171 2.135581 17.629885 1119.623291 993.034851 -1.000000
2.119583 2.138053 17.705967 1122.015869 991.916504 -1.000000
2.121991 2.140524 17.782193 1124.407349 994.482605 -1.000000
2.124397 2.142991 17.858561 1126.806396 1000.158386 -1.000000
2.126801 2.145456 17.935069 1129.218750 1007.544861 -1.000000
2.129201 2.147918 18.011717 1131.646118 1014.713379 -1.000000
2.131599 2.150377 18.088503 1134.085815 1019.687134 -1.000000
2.133993 2.152834 18.165426 1136.530396 1021.019775 -1.000000
2.136385 2.155287 18.242484 1138.970337 1018.266663 -1.000000
2.138775 2.157738 18.319676 1141.396362 1012.139282 -1.000000
2.141161 2.160186 18.397001 1143.802490 1004.265259 -1.000000
2.143545 2.162631 18.474457 1146.187012 996.683716 -1.000000
2.145925 2.165074 18.552043 1148.552612 991.291138 -1.000000
2.148303 2.167513 18.629757 1150.906616 989.411804 -1.000000
2.150678 2.169950 18.707599 1153.258179 991.546997 -1.000000
2.153050 2.172384 18.785569 1155.616333 997.285828 -1.000000
2.155419 2.174815 18.863666 1157.988281 1005.362488 -1.000000
2.157785 2.177243 18.941892 1160.377441 1013.875610 -1.000000
2.160149 2.179668 19.020246 1162.782104 1020.695129 -1.000000
2.162509 2.182090 19.098728 1165.196045 1024.013062 -1.000000
2.164866 2.184509 19.177339 1167.609619 1022.885559 -1.000000
2.167221 2.186925 19.256079 1170.012329 1017.540710 -1.000000
2.169572 2.189338 19.334947 1172.395630 1009.302185 -1.000000
2.171920 2.191748 19.413944 1174.755005 1000.175964 -1.000000
2.174266 2.194156 19.493069 1177.091064 992.294617 -1.000000
2.176608 2.196560 19.572322 1179.408813 987.426331 -1.000000
2.178947 2.198961 19.651704 1181.716797 986.652771 -1.000000
2.181283 2.201359 19.731213 1184.025146 990.207031 -1.000000
2.183617 2.203754 19.810850 1186.343140 997.437439 -1.000000
2.185947 2.206146 19.890615 1188.677979 1006.882629 -1.000000
2.188274 2.208535 19.970507 1191.032471 1016.495911 -1.000000
2.190598 2.210921 20.050525 1193.404175 1024.046265 -1.000000
2.192918 2.213303 20.130670 1195.785889 1027.667358 -1.000000
2.195236 2.215683 20.210941 1198.167236 1026.395264 -1.000000
2.197551 2.218059 20.291338 1200.536865 1020.469727 -1.000000
2.199862 2.220433 20.371860 1202.885376 1011.256958 -1.000000
2.202170 2.222803 20.452507 1205.207520 1000.834656 -1.000000
2.204475 2.225170 20.533278 1207.503174 991.439331 -1.000000
2.206777 2.227534 20.614172 1209.777222 984.984436 -1.000000
2.209076 2.229894 20.695190 1212.037842 982.746460 -1.000000
2.211372 2.232252 20.776330 1214.295654 985.205994 -1.000000
2.213664 2.234606 20.857592 1216.560913 991.996216 -1.000000
2.215953 2.236957 20.938975 1218.842651 1001.928833 -1.000000
2.218239 2.239304 21.020479 1221.145630 1013.121643 -1.000000
2.220521 2.241649 21.102102 1223.470215 1023.280334 -1.000000
2.222801 2.243990 21.183845 1225.811279 1030.163086 -1.000000
2.225077 2.246328 21.265706 1228.159424 1032.143677 -1.000000
2.227350 2.248663 21.347684 1230.502441 1028.687134 -1.000000
2.229619 2.250994 21.429780 1232.828613 1020.510620 -1.000000
2.231886 2.253322 21.511992 1235.129028 1009.360413 -1.000000
2.234148 2.255647 21.594318 1237.399658 997.517334 -1.000000
2.236408 2.257968 21.676760 1239.641602 987.254883 -1.000000
2.238664 2.260287 21.759315 1241.860596 980.423584 -1.000000
2.240917 2.262601 21.841982 1244.065918 978.214233 -1.000000
2.243167 2.264913 21.924761 1246.268921 981.053467 -1.000000
2.245413 2.267221 22.007651 1248.480347 988.570374 -1.000000
2.247656 2.269526 22.090651 1250.709717 999.611328 -1.000000
2.249896 2.271827 22.173760 1252.962646 1012.323364 -1.000000
2.252132 2.274125 22.256978 1255.240356 1024.374878 -1.000000
2.254365 2.276419 22.340302 1257.538452 1033.358643 -1.000000
2.256594 2.278710 22.423732 1259.847778 1037.340820 -1.000000
2.258820 2.280998 22.507267 1262.155884 1035.387207 -1.000000
2.261043 2.283282 22.590907 1264.449707 1027.837158 -1.000000
2.263262 2.285563 22.674649 1266.718262 1016.197754 -1.000000
2.265478 2.287841 22.758494 1268.955200 1002.706909 -1.000000
2.267690 2.290115 22.842440 1271.158691 989.784912 -1.000000
2.269899 2.292385 22.926485 1273.333130 979.573425 -1.000000
2.272105 2.294652 23.010629 1275.486206 973.654541 -1.000000
2.274307 2.296916 23.094872 1277.628296 972.926453 -1.000000
2.276505 2.299176 23.179211 1279.771484 977.564148 -1.000000
2.278701 2.301432 23.263645 1281.926880 987.010498 -1.000000
2.280892 2.303686 23.348174 1284.103760 999.980896 -1.000000
2.283080 2.305935 23.432796 1286.307617 1014.526855 -1.000000
2.285265 2.308181 23.517511 1288.539429 1028.228394 -1.000000
2.287446 2.310424 23.602317 1290.794312 1038.575684 -1.000000
2.289624 2.312663 23.687213 1293.062622 1043.509399 -1.000000
2.291798 2.314898 23.772197 1295.331055 1041.958984 -1.000000
2.293968 2.317130 23.857270 1297.585327 1034.155151 -1.000000
2.296136 2.319359 23.942429 1299.813477 1021.548157 -1.000000
2.298299 2.321584 24.027673 1302.007446 1006.393005 -1.000000
2.300459 2.323805 24.113002 1304.164551 991.198486 -1.000000
2.302616 2.326023 24.198413 1306.287476 978.253418 -1.000000
2.304769 2.328237 24.283907 1308.383179 969.339539 -1.000000
2.306918 2.330447 24.369482 1310.461670 965.610535 -1.000000
2.309064 2.332654 24.455136 1312.534790 967.570007 -1.000000
2.311206 2.334858 24.540868 1314.614746 975.071350 -1.000000
2.313345 2.337058 24.626677 1316.712524 987.306458 -1.000000
2.315480 2.339254 24.712563 1318.836670 1002.795593 -1.000000
2.317612 2.341447 24.798523 1320.992065 1019.435913 -1.000000
2.319740 2.343636 24.884558 1323.178101 1034.688354 -1.000000
2.321864 2.345821 24.970664 1325.389160 1045.963135 -1.000000
2.323985 2.348003 25.056842 1327.614258 1051.166748 -1.000000
2.326103 2.350181 25.143089 1329.839233 1049.239624 -1.000000
2.328216 2.352356 25.229406 1332.048950 1040.459717 -1.000000
2.330326 2.354527 25.315790 1334.230347 1026.348633 -1.000000
2.332433 2.356694 25.402241 1336.374634 1009.240723 -1.000000
2.334536 2.358857 25.488757 1338.478271 991.724609 -1.000000
2.336635 2.361018 25.575337 1340.543335 976.173096 -1.000000
2.338731 2.363174 25.661980 1342.575928 964.467773 -1.000000
2.340823 2.365327 25.748685 1344.585693 957.898621 -1.000000
2.342911 2.367476 25.835450 1346.584351 957.169922 -1.000000
2.344996 2.369621 25.922275 1348.584229 962.423157 -1.000000
2.347078 2.371763 26.009157 1350.597534 973.235901 -1.000000
2.349155 2.373901 26.096097 1352.634888 988.593506 -1.000000
2.351229 2.376036 26.183092 1354.703857 1006.851746 -1.000000
2.353300 2.378166 26.270142 1356.808228 1025.770264 -1.000000
2.355366 2.380294 26.357245 1358.946533 1042.696655 -1.000000
2.357429 2.382417 26.444400 1361.111450 1054.961182 -1.000000
2.359489 2.384537 26.531607 1363.291138 1060.433105 -1.000000
2.361545 2.386653 26.618863 1365.470337 1058.067139 -1.000000
2.363597 2.388765 26.706168 1367.632935 1048.193359 -1.000000
2.365646 2.390874 26.793520 1369.764893 1032.410400 -1.000000
2.367691 2.392979 26.880919 1371.856812 1013.136902 -1.000000
2.369732 2.395081 26.968363 1373.904419 993.040649 -1.000000
2.371770 2.397178 27.055851 1375.908569 974.568970 -1.000000
2.373804 2.399273 27.143382 1377.875000 959.683105 -1.000000
2.375834 2.401363 27.230955 1379.812500 949.775574 -1.000000
2.377861 2.403450 27.318568 1381.732056 945.699219 -1.000000
2.379884 2.405533 27.406221 1383.646240 947.822937 -1.000000
2.381904 2.407612 27.493912 1385.567749 956.063965 -1.000000
2.383919 2.409688 27.581640 1387.508057 969.863892 -1.000000
2.385932 2.411760 27.669404 1389.477295 988.133301 -1.000000
2.387940 2.413828 27.757204 1391.482910 1009.184326 -1.000000
2.389945 2.415893 27.845037 1393.528076 1030.734131 -1.000000
2.391947 2.417954 27.932903 1395.610962 1050.059570 -1.000000
2.393944 2.420011 28.020801 1397.723999 1064.371216 -1.000000
2.395938 2.422064 28.108729 1399.854858 1071.370239 -1.000000
2.397929 2.424114 28.196687 1401.987305 1069.823853 -1.000000
2.399916 2.426161 28.284673 1404.104370 1059.899536 -1.000000
2.401899 2.428203 28.372686 1406.190552 1043.107056 -1.000000
2.403878 2.430242 28.460726 1408.234863 1021.869507 -1.000000
2.405854 2.432277 28.548791 1410.231323 998.936157 -1.000000
2.407827 2.434309 28.636880 1412.179443 976.881897 -1.000000
2.409795 2.436337 28.724992 1414.083130 957.813904 -1.000000
2.411760 2.438361 28.813126 1415.950073 943.275024 -1.000000
2.413722 2.440381 28.901282 1417.790161 934.288208 -1.000000
2.415679 2.442398 28.989460 1419.615356 931.436035 -1.000000
2.417634 2.444411 29.077660 1421.437866 934.938416 -1.000000
2.419584 2.446421 29.165882 1423.269897 944.670410 -1.000000
2.421531 2.448427 29.254126 1425.123291 960.138000 -1.000000
2.423474 2.450429 29.342392 1427.008179 980.394043 -1.000000
2.425414 2.452427 29.430679 1428.932251 1003.940613 -1.000000
2.427350 2.454422 29.518987 1430.899902 1028.669312 -1.000000
2.429283 2.456413 29.607317 1432.910889 1051.925903 -1.000000
2.431212 2.458401 29.695668 1434.959106 1070.782715 -1.000000
2.433137 2.460385 29.784041 1437.033447 1082.538940 -1.000000
2.435059 2.462365 29.872433 1439.117920 1085.332520 -1.000000
2.436977 2.464342 29.960847 1441.194824 1078.638306 -1.000000
2.438891 2.466315 30.049281 1443.246582 1063.406006 -1.000000
2.440802 2.468284 30.137735 1445.258789 1041.771606 -1.000000
2.442710 2.470249 30.226209 1447.222046 1016.496094 -1.000000
2.444613 2.472212 30.314703 1449.132324 990.378784 -1.000000
2.446514 2.474170 30.403216 1450.990479 965.847534 -1.000000
2.448410 2.476125 30.491749 1452.801514 944.772949 -1.000000
2.450303 2.478076 30.580300 1454.573608 928.467712 -1.000000
2.452193 2.480023 30.668870 1456.316895 917.778442 -1.000000
2.454079 2.481967 30.757458 1458.042358 913.195374 -1.000000
2.455961 2.483908 30.846064 1459.761841 914.941101 -1.000000
2.457840 2.485844 30.934688 1461.487305 923.011536 -1.000000
2.459715 2.487777 31.023329 1463.230469 937.164062 -1.000000
2.461587 2.489707 31.111987 1465.002075 956.848938 -1.000000
2.463455 2.491633 31.200662 1466.811646 981.098022 -1.000000
2.465320 2.493555 31.289353 1468.666138 1008.396545 -1.000000
2.467181 2.495474 31.378060 1470.569214 1036.603149 -1.000000
2.469038 2.497389 31.466783 1472.519775 1062.993774 -1.000000
2.470892 2.499300 31.555520 1474.511597 1084.521484 -1.000000
2.472743 2.501208 31.644273 1476.532715 1098.320068 -1.000000
2.474590 2.503112 31.733040 1478.566772 1102.343628 -1.000000
2.476433 2.505013 31.821821 1480.594604 1095.906982 -1.000000
2.478273 2.506910 31.910615 1482.597656 1079.872803 -1.000000
2.480109 2.508804 31.999423 1484.560181 1056.379761 -1.000000
2.481942 2.510694 32.088243 1486.471191 1028.271362 -1.000000
2.483772 2.512581 32.177076 1488.325195 998.476318 -1.000000
2.485598 2.514464 32.265920 1490.121582 969.552673 -1.000000
2.487420 2.516343 32.354776 1491.864136 943.480164 -1.000000
2.489239 2.518219 32.443643 1493.559570 921.646423 -1.000000
2.491055 2.520091 32.532521 1495.216797 904.950378 -1.000000
2.492867 2.521960 32.621409 1496.845581 893.927734 -1.000000
2.494675 2.523825 32.710307 1498.456665 888.880066 -1.000000
2.496480 2.525687 32.799213 1500.061157 889.950684 -1.000000
2.498282 2.527545 32.888129 1501.670044 897.174072 -1.000000
2.500080 2.529400 32.977053 1503.294189 910.457214 -1.000000
2.501875 2.531251 33.065985 1504.944458 929.542358 -1.000000
2.503666 2.533099 33.154924 1506.630371 953.894775 -1.000000
2.505454 2.534943 33.243870 1508.360718 982.578125 -1.000000
2.507238 2.536784 33.332822 1510.141846 1014.099731 -1.000000
2.509019 2.538621 33.421781 1511.976562 1046.307983 -1.000000
2.510796 2.540455 33.510745 1513.863770 1076.412598 -1.000000
2.512570 2.542285 33.599714 1515.796509 1101.228882 -1.000000
2.514341 2.544112 33.688687 1517.762695 1117.681152 -1.000000
2.516108 2.545935 33.777665 1519.744995 1123.475830 -1.000000
2.517872 2.547755 33.866646 1521.723389 1117.711304 -1.000000
2.519633 2.549571 33.955631 1523.677979 1101.114624 -1.000000
2.521390 2.551384 34.044618 1525.591675 1075.812134 -1.000000
2.523144 2.553193 34.133607 1527.451660 1044.746826 -1.000000
2.524894 2.555000 34.222597 1529.250977 1011.007202 -1.000000
2.526641 2.556802 34.311589 1530.987549 977.321472 -1.000000
2.528384 2.558601 34.400582 1532.663696 945.806458 -1.000000
2.530125 2.560397 34.489574 1534.284790 917.934753 -1.000000
2.531861 2.562189 34.578567 1535.858154 894.635742 -1.000000
2.533595 2.563978 34.667558 1537.392456 876.442139 -1.000000
2.535325 2.565764 34.756548 1538.896851 863.628479 -1.000000
2.537052 2.567546 34.845537 1540.380981 856.326599 -1.000000
2.538776 2.569325 34.934523 1541.854370 854.601868 -1.000000
2.540496 2.571100 35.023507 1543.326904 858.500244 -1.000000
2.542213 2.572872 35.112487 1544.808105 868.054932 -1.000000
2.543926 2.574641 35.201463 1546.307861 883.268372 -1.000000
2.545636 2.576406 35.290435 1547.835327 904.062439 -1.000000
2.547343 2.578168 35.379403 1549.400146 930.184265 -1.000000
2.549047 2.579926 35.468365 1551.010498 961.084473 -1.000000
2.550747 2.581682 35.557322 1552.673706 995.748169 -1.000000
2.552445 2.583433 35.646272 1554.394775 1032.539917 -1.000000
2.554138 2.585182 35.735216 1556.174927 1069.095215 -1.000000
2.555829 2.586927 35.824152 1558.011230 1102.374390 -1.000000
2.557516 2.588669 35.913081 1559.895020 1128.962646 -1.000000
2.559200 2.590408 36.002002 1561.812012 1145.658203 -1.000000
2.560881 2.592143 36.090914 1563.743408 1150.202759 -1.000000
2.562559 2.593875 36.179818 1565.667847 1141.890503 -1.000000
2.564233 2.595603 36.268711 1567.564453 1121.758179 -1.000000
2.565904 2.597329 36.357595 1569.415527 1092.263184 -1.000000
2.567572 2.599051 36.446468 1571.208252 1056.610962 -1.000000
2.569237 2.600770 36.535331 1572.935303 1018.051697 -1.000000
2.570898 2.602485 36.624182 1574.594482 979.370789 -1.000000
2.572556 2.604198 36.713021 1576.187622 942.660278 -1.000000
2.574212 2.605907 36.801847 1577.719604 909.311951 -1.000000
2.575863 2.607612 36.890661 1579.197021 880.144287 -1.000000
2.577512 2.609315 36.979462 1580.627197 855.556030 -1.000000
2.579158 2.611014 37.068249 1582.017944 835.678162 -1.000000
2.580800 2.612710 37.157021 1583.377197 820.495483 -1.000000
2.582439 2.614403 37.245780 1584.712646 809.931763 -1.000000
2.584075 2.616093 37.334523 1586.032104 803.911865 -1.000000
2.585708 2.617779 37.423250 1587.342896 802.390137 -1.000000
2.587338 2.619462 37.511962 1588.652344 805.378540 -1.000000
2.588965 2.621143 37.600657 1589.967896 812.941895 -1.000000
2.590588 2.622819 37.689335 1591.296875 825.198547 -1.000000
2.592209 2.624493 37.777996 1592.647339 842.304199 -1.000000
2.593826 2.626164 37.866639 1594.026733 864.402588 -1.000000
2.595440 2.627831 37.955264 1595.443237 891.567993 -1.000000
2.597052 2.629495 38.043871 1596.904785 923.705627 -1.000000
2.598660 2.631156 38.132458 1598.419067 960.417175 -1.000000
2.600265 2.632814 38.221026 1599.992432 1000.827271 -1.000000
2.601867 2.634469 38.309574 1601.629639 1043.395264 -1.000000
2.603465 2.636121 38.398102 1603.332031 1085.779297 -1.000000
2.605061 2.637769 38.486609 1605.096680 1124.844116 -1.000000
2.606654 2.639415 38.575095 1606.915161 1156.923706 -1.000000
2.608244 2.641057 38.663560 1608.773193 1178.411377 -1.000000
2.609830 2.642696 38.752002 1610.651367 1186.557739 -1.000000
2.611414 2.644333 38.840422 1612.527588 1180.203247 -1.000000
2.612995 2.645966 38.928820 1614.378906 1160.102173 -1.000000
2.614572 2.647596 39.017194 1616.185547 1128.681030 -1.000000
2.616147 2.649223 39.105545 1617.932739 1089.343384 -1.000000
2.617719 2.650847 39.193872 1619.610840 1045.663452 -1.000000
2.619287 2.652467 39.282174 1621.215942 1000.776306 -1.000000
2.620853 2.654085 39.370452 1622.748413 957.058655 -1.000000
2.622416 2.655700 39.458705 1624.211548 916.085876 -1.000000
2.623975 2.657312 39.546932 1625.610718 878.746155 -1.000000
2.625532 2.658920 39.635134 1626.952148 845.413330 -1.000000
2.627086 2.660526 39.723309 1628.242310 816.114685 -1.000000
2.628637 2.662129 39.811457 1629.487549 790.668030 -1.000000
2.630185 2.663728 39.899579 1630.693970 768.784790 -1.000000
2.631730 2.665325 39.987673 1631.866821 750.128113 -1.000000
2.633272 2.666919 40.075740 1633.010864 734.353210 -1.000000
2.634811 2.668510 40.163778 1634.130615 721.138062 -1.000000
2.636347 2.670097 40.251788 1635.229858 710.193665 -1.000000
2.637881 2.671682 40.339769 1636.311646 701.270081 -1.000000
2.639411 2.673264 40.427721 1637.379028 694.146973 -1.000000
2.640939 2.674843 40.515644 1638.434937 688.654236 -1.000000
2.642463 2.676419 40.603537 1639.481689 684.657593 -1.000000
2.643985 2.677992 40.691400 1640.521484 682.059570 -1.000000
2.645504 2.679562 40.779232 1641.556274 680.798157 -1.000000
2.647020 2.681129 40.867033 1642.588257 680.846985 -1.000000
2.648534 2.682694 40.954804 1643.619263 682.209229 -1.000000
2.650044 2.684255 41.042542 1644.651367 684.931458 -1.000000
2.651552 2.685814 41.130249 1645.686768 689.092773 -1.000000
2.653057 2.687369 41.217924 1646.727783 694.810974 -1.000000
2.654559 2.688922 41.305566 1647.776611 702.249390 -1.000000
2.656058 2.690472 41.393176 1648.836060 711.609497 -1.000000
2.657554 2.692019 41.480753 1649.909058 723.137939 -1.000000
2.659048 2.693563 41.568296 1650.999146 737.136719 -1.000000
2.660538 2.695105 41.655805 1652.110107 753.951721 -1.000000
2.662026 2.696643 41.743280 1653.246460 773.976440 -1.000000
2.663512 2.698179 41.830722 1654.412964 797.637146 -1.000000
2.664994 2.699712 41.918128 1655.615479 825.369629 -1.000000
2.666474 2.701242 42.005500 1656.859863 857.574463 -1.000000
2.667951 2.702769 42.092836 1658.153198 894.556091 -1.000000
2.669425 2.704293 42.180137 1659.502197 936.401306 -1.000000
2.670897 2.705815 42.267402 1660.913818 982.819641 -1.000000
2.672365 2.707334 42.354631 1662.393799 1032.942261 -1.000000
2.673832 2.708850 42.441824 1663.946289 1085.089844 -1.000000
2.675295 2.710363 42.528980 1665.572266 1136.598511 -1.000000
2.676756 2.711874 42.616100 1667.267700 1183.814331 -1.000000
2.678214 2.713381 42.703182 1669.023193 1222.407959 -1.000000
2.679669 2.714886 42.790227 1670.822754 1248.086304 -1.000000
2.681121 2.716389 42.877234 1672.644897 1257.574463 -1.000000
2.682571 2.717888 42.964203 1674.464722 1249.533691 -1.000000
2.684019 2.719385 43.051134 1676.257324 1224.945190 -1.000000
2.685463 2.720879 43.138027 1678.000854 1186.784302 -1.000000
2.686905 2.722371 43.224880 1679.678589 1139.151733 -1.000000
2.688344 2.723859 43.311695 1681.280518 1086.277466 -1.000000
2.689781 2.725345 43.398471 1682.802002 1031.787231 -1.000000
2.691215 2.726829 43.485207 1684.243164 978.348938 -1.000000
2.692647 2.728309 43.571904 1685.606934 927.645630 -1.000000
2.694075 2.729787 43.658560 1686.898193 880.530334 -1.000000
2.695502 2.731263 43.745177 1688.122559 837.239990 -1.000000
2.696925 2.732735 43.831753 1689.285645 797.593933 -1.000000
2.698346 2.734205 43.918288 1690.392822 761.156555 -1.000000
2.699765 2.735673 44.004783 1691.448242 727.340881 -1.000000
2.701181 2.737137 44.091237 1692.455200 695.475281 -1.000000
2.702594 2.738600 44.177649 1693.416382 664.849426 -1.000000
2.704005 2.740059 44.264020 1694.332886 634.730774 -1.000000
2.705413 2.741516 44.350349 1695.205200 604.372986 -1.000000
2.706818 2.742970 44.436637 1696.032715 573.029175 -1.000000
2.708222 2.744422 44.522883 1696.813721 539.950256 -1.000000
2.709622 2.745871 44.609088 1697.545288 504.396484 -1.000000
2.711020 2.747317 44.695252 1698.223633 465.669952 -1.000000
2.712416 2.748761 44.781376 1698.844116 423.153137 -1.000000
2.713809 2.750203 44.867459 1699.401367 376.412231 -1.000000
2.715199 2.751642 44.953501 1699.889648 325.315887 -1.000000
2.716587 2.753078 45.039503 1700.303467 270.228821 -1.000000
2.717973 2.754511 45.125465 1700.637939 212.242371 -1.000000
2.719356 2.755943 45.211387 1700.890869 153.416992 -1.000000
2.720736 2.757371 45.297269 1701.063110 96.929924 -1.000000
2.722115 2.758797 45.383112 1701.161255 46.988815 -1.000000
2.723490 2.760221 45.468914 1701.197876 8.346951 -1.000000
2.724863 2.761642 45.554678 1701.191772 -14.594417 -1.000000
2.726234 2.763061 45.640402 1701.166870 -18.884516 -1.000000
2.727602 2.764477 45.726087 1701.149170 -3.876102 -1.000000
2.728968 2.765890 45.811733 1701.164429 28.590916 -1.000000
2.730332 2.767301 45.897340 1701.233643 74.781860 -1.000000
2.731693 2.768710 45.982908 1701.372314 130.113953 -1.000000
2.733051 2.770116 46.068437 1701.589600 190.178726 -1.000000
2.734408 2.771520 46.153928 1701.889038 251.414810 -1.000000
2.735762 2.772921 46.239380 1702.270264 311.358032 -1.000000
2.737113 2.774320 46.324794 1702.730103 368.589569 -1.000000
2.738462 2.775716 46.410169 1703.264038 422.535156 -1.000000
2.739809 2.777110 46.495506 1703.867432 473.225555 -1.000000
2.741153 2.778502 46.580805 1704.535889 521.101440 -1.000000
2.742495 2.779891 46.666066 1705.265869 566.855103 -1.000000
2.743835 2.781277 46.751289 1706.054932 611.326782 -1.000000
2.745172 2.782662 46.836474 1706.901733 655.435852 -1.000000
2.746507 2.784044 46.921621 1707.806274 700.134949 -1.000000
2.747839 2.785423 47.006731 1708.769775 746.363708 -1.000000
2.749169 2.786800 47.091803 1709.794556 795.003784 -1.000000
2.750497 2.788175 47.176837 1710.884155 846.800354 -1.000000
2.751823 2.789547 47.261833 1712.042969 902.270081 -1.000000
2.753146 2.790917 47.346792 1713.275635 961.534180 -1.000000
2.754467 2.792285 47.431714 1714.586792 1024.108398 -1.000000
2.755786 2.793650 47.516598 1715.979614 1088.648682 -1.000000
2.757102 2.795013 47.601445 1717.455200 1152.715454 -1.000000
2.758416 2.796374 47.686255 1719.010132 1212.672852 -1.000000
2.759728 2.797732 47.771027 1720.635986 1263.883789 -1.000000
2.761038 2.799088 47.855763 1722.317627 1301.354492 -1.000000
2.762345 2.800442 47.940461 1724.033936 1320.771729 -1.000000
2.763650 2.801793 48.025122 1725.759277 1319.640137 -1.000000
2.764953 2.803142 48.109746 1727.466797 1298.021362 -1.000000
2.766254 2.804489 48.194333 1729.131104 1258.496460 -1.000000
2.767552 2.805833 48.278883 1730.731934 1205.356812 -1.000000
2.768848 2.807175 48.363396 1732.254761 1143.462280 -1.000000
2.770142 2.808515 48.447872 1733.691650 1077.243164 -1.000000
2.771434 2.809853 48.532312 1735.039673 1010.112061 -1.000000
2.772723 2.811188 48.616714 1736.299316 944.302368 -1.000000
2.774010 2.812521 48.701080 1737.473755 880.979248 -1.000000
2.775295 2.813852 48.785409 1738.566650 820.476257 -1.000000
2.776578 2.815180 48.869701 1739.581787 762.531311 -1.000000
2.777859 2.816507 48.953957 1740.522217 706.499512 -1.000000
2.779137 2.817831 49.038175 1741.390259 651.501526 -1.000000
2.780414 2.819153 49.122358 1742.186646 596.545471 -1.000000
2.781688 2.820472 49.206503 1742.911255 540.608582 -1.000000
2.782960 2.821790 49.290612 1743.562256 482.733002 -1.000000
2.784230 2.823105 49.374684 1744.137085 422.123413 -1.000000
2.785497 2.824418 49.458719 1744.632080 358.295166 -1.000000
2.786763 2.825729 49.542718 1745.043457 291.264221 -1.000000
2.788026 2.827038 49.626681 1745.367798 221.787918 -1.000000
2.789287 2.828344 49.710606 1745.603394 151.639099 -1.000000
2.790547 2.829648 49.794496 1745.751221 83.809044 -1.000000
2.791804 2.830950 49.878348 1745.817139 22.514589 -1.000000
2.793059 2.832250 49.962164 1745.812866 -27.185036 -1.000000
2.794311 2.833548 50.045944 1745.756226 -60.222836 -1.000000
2.795562 2.834844 50.129687 1745.671021 -72.712990 -1.000000
2.796811 2.836137 50.213393 1745.584106 -63.032524 -1.000000
2.798057 2.837429 50.297063 1745.522705 -32.305088 -1.000000
2.799302 2.838718 50.380696 1745.510986 15.987222 -1.000000
2.800544 2.840005 50.464293 1745.567749 77.008041 -1.000000
2.801784 2.841290 50.547853 1745.705444 145.774841 -1.000000
2.803023 2.842573 50.631377 1745.930542 218.042526 -1.000000
2.804259 2.843854 50.714864 1746.244995 290.741394 -1.000000
2.805493 2.845132 50.798315 1746.648071 362.020477 -1.000000
2.806725 2.846409 50.881729 1747.136841 431.067078 -1.000000
2.807955 2.847683 50.965107 1747.708252 497.849213 -1.000000
2.809183 2.848956 51.048448 1748.359619 562.863159 -1.000000
2.810409 2.850226 51.131752 1749.088989 626.933838 -1.000000
2.811633 2.851494 51.215020 1749.895508 691.049255 -1.000000
2.812855 2.852760 51.298252 1750.779541 756.222778 -1.000000
2.814075 2.854024 51.381447 1751.742676 823.355591 -1.000000
2.815293 2.855286 51.464605 1752.787598 893.084045 -1.000000
2.816509 2.856546 51.547726 1753.917358 965.577698 -1.000000
2.817723 2.857804 51.630811 1755.134766 1040.289795 -1.000000
2.818935 2.859060 51.713860 1756.441284 1115.681641 -1.000000
2.820145 2.860314 51.796872 1757.835938 1188.982910 -1.000000
2.821353 2.861566 51.879847 1759.313721 1256.131470 -1.000000
2.822559 2.862816 51.962785 1760.863892 1312.058960 -1.000000
2.823763 2.864064 52.045687 1762.469482 1351.457153 -1.000000
2.824965 2.865309 52.128553 1764.107544 1369.945068 -1.000000
2.826165 2.866553 52.211381 1765.751221 1365.235229 -1.000000
2.827363 2.867795 52.294173 1767.372925 1337.825806 -1.000000
2.828559 2.869035 52.376928 1768.947021 1290.812988 -1.000000
2.829754 2.870273 52.459647 1770.452881 1228.958374 -1.000000
2.830946 2.871509 52.542328 1771.876343 1157.458618 -1.000000
2.832137 2.872742 52.624973 1773.209106 1080.920532 -1.000000
2.833325 2.873974 52.707581 1774.447388 1002.808777 -1.000000
2.834512 2.875204 52.790153 1775.591187 925.308899 -1.000000
2.835696 2.876432 52.872688 1776.642334 849.472290 -1.000000
2.836879 2.877658 52.955185 1777.603149 775.475952 -1.000000
2.838060 2.878882 53.037646 1778.475830 702.891174 -1.000000
2.839239 2.880104 53.120070 1779.262085 630.931335 -1.000000
2.840416 2.881325 53.202458 1779.962280 558.641052 -1.000000
2.841592 2.882543 53.284808 1780.575806 485.084167 -1.000000
2.842765 2.883759 53.367122 1781.100830 409.526367 -1.000000
2.843936 2.884974 53.449398 1781.535278 331.649384 -1.000000
2.845106 2.886186 53.531638 1781.876587 251.809311 -1.000000
2.846274 2.887397 53.613841 1782.123535 171.327652 -1.000000
2.847440 2.888605 53.696007 1782.277100 92.752945 -1.000000
2.848604 2.889812 53.778135 1782.342041 19.976065 -1.000000
2.849766 2.891017 53.860227 1782.328125 -41.981640 -1.000000
2.850926 2.892220 53.942282 1782.251343 -87.642090 -1.000000
2.852085 2.893421 54.024300 1782.133545 -112.190971 -1.000000
2.853242 2.894621 54.106280 1782.001099 -112.725754 -1.000000
2.854397 2.895818 54.188224 1781.882446 -89.109161 -1.000000
2.855550 2.897013 54.270131 1781.803833 -43.980694 -1.000000
2.856701 2.898207 54.352000 1781.787598 18.053387 -1.000000
2.857850 2.899399 54.433832 1781.849731 91.654137 -1.000000
2.858998 2.900589 54.515627 1782.000488 171.879745 -1.000000
2.860144 2.901777 54.597385 1782.244873 254.878311 -1.000000
2.861288 2.902963 54.679106 1782.583984 338.112701 -1.000000
2.862430 2.904148 54.760790 1783.017212 420.262848 -1.000000
2.863571 2.905330 54.842436 1783.542603 500.971039 -1.000000
2.864709 2.906511 54.924045 1784.158447 580.550720 -1.000000
2.865846 2.907690 55.005617 1784.863525 659.721436 -1.000000
2.866981 2.908867 55.087152 1785.657593 739.359558 -1.000000
2.868115 2.910042 55.168649 1786.541260 820.283997 -1.000000
2.869246 2.911216 55.250109 1787.516235 903.020325 -1.000000
2.870376 2.912388 55.331532 1788.584106 987.540405 -1.000000
2.871504 2.913558 55.412917 1789.746338 1072.966309 -1.000000
2.872631 2.914726 55.494265 1791.002808 1157.272095 -1.000000
2.873755 2.915892 55.575575 1792.349976 1237.082764 -1.000000
2.874878 2.917057 55.656848 1793.780029 1307.725586 -1.000000
2.876000 2.918219 55.738084 1795.279419 1363.696411 -1.000000
2.877119 2.919380 55.819282 1796.828369 1399.632446 -1.000000
2.878237 2.920540 55.900443 1798.401855 1411.572144 -1.000000
2.879353 2.921697 55.981566 1799.972046 1398.071777 -1.000000
2.880467 2.922853 56.062652 1801.511230 1360.605957 -1.000000
2.881580 2.924007 56.143700 1802.994751 1303.113525 -1.000000
2.882691 2.925159 56.224711 1804.403442 1230.859375 -1.000000
2.883800 2.926310 56.305684 1805.724121 1149.191040 -1.000000
2.884907 2.927459 56.386619 1806.949219 1062.606201 -1.000000
2.886013 2.928606 56.467517 1808.075562 974.317322 -1.000000
2.887117 2.929751 56.548378 1809.102661 886.220093 -1.000000
2.888220 2.930894 56.629200 1810.031494 799.100586 -1.000000
2.889321 2.932036 56.709985 1810.863647 712.932373 -1.000000
2.890420 2.933177 56.790733 1811.600098 627.183289 -1.000000
2.891517 2.934315 56.871442 1812.241211 541.093628 -1.000000
2.892613 2.935452 56.952114 1812.786499 453.940643 -1.000000
2.893707 2.936587 57.032749 1813.234985 365.305145 -1.000000
2.894800 2.937720 57.113345 1813.585083 275.371063 -1.000000
2.895891 2.938852 57.193904 1813.836304 185.239822 -1.000000
2.896980 2.939982 57.274425 1813.989868 97.229858 -1.000000
2.898068 2.941110 57.354908 1814.050171 15.049478 -1.000000
2.899154 2.942237 57.435354 1814.026611 -56.328625 -1.000000
2.900238 2.943362 57.515762 1813.934204 -111.233177 -1.000000
2.901321 2.944485 57.596131 1813.793701 -144.366150 -1.000000
2.902402 2.945607 57.676463 1813.630981 -152.085281 -1.000000
2.903481 2.946727 57.756757 1813.474609 -133.446609 -1.000000
2.904559 2.947845 57.837014 1813.351929 -90.463318 -1.000000
2.905636 2.948962 57.917232 1813.286987 -27.475321 -1.000000
2.906710 2.950077 57.997413 1813.298096 50.049576 -1.000000
2.907783 2.951191 58.077555 1813.397827 136.754578 -1.000000
2.908855 2.952302 58.157660 1813.593018 228.247131 -1.000000
2.909925 2.953412 58.237726 1813.886963 321.472504 -1.000000
2.910993 2.954521 58.317755 1814.280273 414.690308 -1.000000
2.912060 2.955628 58.397746 1814.771973 507.235626 -1.000000
2.913125 2.956733 58.477699 1815.361328 599.201172 -1.000000
2.914189 2.957837 58.557613 1816.047363 691.109863 -1.000000
2.915251 2.958939 58.637490 1816.830200 783.614990 -1.000000
2.916311 2.960040 58.717329 1817.710815 877.197144 -1.000000
2.917370 2.961139 58.797130 1818.689697 971.848206 -1.000000
2.918428 2.962236 58.876892 1819.767578 1066.739502 -1.000000
2.919484 2.963332 58.956617 1820.943481 1159.897339 -1.000000
2.920538 2.964426 59.036303 1822.213501 1247.975708 -1.000000
2.921591 2.965518 59.115952 1823.569824 1326.265747 -1.000000
2.922642 2.966609 59.195562 1824.998657 1389.135254 -1.000000
2.923692 2.967699 59.275135 1826.481079 1430.968018 -1.000000
2.924740 2.968787 59.354669 1827.992065 1447.412720 -1.000000
2.925787 2.969873 59.434165 1829.503906 1436.597656 -1.000000
2.926832 2.970958 59.513623 1830.988403 1399.645630 -1.000000
2.927875 2.972041 59.593042 1832.419800 1340.334961 -1.000000
2.928918 2.973122 59.672424 1833.778076 1263.992065 -1.000000
2.929958 2.974202 59.751767 1835.048584 1176.213013 -1.000000
2.930997 2.975281 59.831073 1836.222412 1081.846680 -1.000000
2.932035 2.976358 59.910340 1837.294556 984.465393 -1.000000
2.933071 2.977433 59.989569 1838.263794 886.272522 -1.000000
2.934106 2.978507 60.068759 1839.130127 788.295105 -1.000000
2.935139 2.979580 60.147912 1839.894043 690.700684 -1.000000
2.936171 2.980651 60.227026 1840.556396 593.145142 -1.000000
2.937201 2.981720 60.306102 1841.116943 495.109772 -1.000000
2.938230 2.982788 60.385140 1841.575562 396.237610 -1.000000
2.939257 2.983854 60.464140 1841.931519 296.677155 -1.000000
2.940283 2.984919 60.543101 1842.184937 197.434952 -1.000000
2.941307 2.985983 60.622024 1842.337280 100.708817 -1.000000
2.942330 2.987044 60.700909 1842.393311 10.099578 -1.000000
2.943352 2.988105 60.779755 1842.361816 -69.448647 -1.000000
2.944372 2.989164 60.858564 1842.257568 -132.161819 -1.000000
2.945390 2.990221 60.937334 1842.100464 -172.425781 -1.000000
2.946407 2.991277 61.016065 1841.915894 -186.089401 -1.000000
2.947423 2.992332 61.094759 1841.731934 -171.600281 -1.000000
2.948437 2.993384 61.173414 1841.576660 -130.463226 -1.000000
2.949450 2.994436 61.252031 1841.475220 -66.747826 -1.000000
2.950461 2.995486 61.330610 1841.447266 14.046151 -1.000000
2.951471 2.996535 61.409150 1841.507324 106.269730 -1.000000
2.952480 2.997582 61.487652 1841.663818 205.111954 -1.000000
2.953487 2.998627 61.566115 1841.921509 307.079773 -1.000000
2.954493 2.999672 61.644541 1842.282104 410.046478 -1.000000
2.955497 3.000715 61.722928 1842.745605 513.036072 -1.000000
2.956500 3.001756 61.801277 1843.311768 615.885010 -1.000000
2.957502 3.002796 61.879587 1843.980225 718.873596 -1.000000
2.958502 3.003834 61.957859 1844.750854 822.361084 -1.000000
2.959501 3.004871 62.036093 1845.624023 926.418274 -1.000000
2.960498 3.005907 62.114288 1846.599976 1030.456177 -1.000000
2.961494 3.006941 62.192445 1847.677490 1132.858643 -1.000000
2.962489 3.007974 62.270564 1848.853516 1230.685181 -1.000000
2.963482 3.009005 62.348644 1850.120972 1319.574341 -1.000000
2.964474 3.010035 62.426686 1851.468262 1394.001587 -1.000000
2.965464 3.011064 62.504690 1852.877808 1448.053101 -1.000000
2.966453 3.012091 62.582656 1854.326660 1476.613525 -1.000000
2.967441 3.013117 62.660583 1855.787842 1476.660156 -1.000000
2.968428 3.014141 62.738471 1857.232788 1448.125977 -1.000000
2.969413 3.015164 62.816322 1858.634521 1393.889160 -1.000000
2.970397 3.016186 62.894134 1859.970337 1318.927246 -1.000000
2.971379 3.017206 62.971908 1861.222778 1229.031860 -1.000000
2.972360 3.018225 63.049643 1862.380371 1129.617676 -1.000000
2.973340 3.019242 63.127340 1863.436157 1024.970093 -1.000000
2.974318 3.020258 63.204999 1864.386841 917.990173 -1.000000
2.975295 3.021273 63.282619 1865.231201 810.286316 -1.000000
2.976271 3.022286 63.360201 1865.969116 702.475464 -1.000000
2.977245 3.023298 63.437745 1866.600952 594.558716 -1.000000
2.978218 3.024309 63.515251 1867.126831 486.314240 -1.000000
2.979190 3.025318 63.592718 1867.546509 377.688446 -1.000000
2.980160 3.026326 63.670146 1867.860474 269.192780 -1.000000
2.981129 3.027333 63.747537 1868.069336 162.291733 -1.000000
2.982097 3.028338 63.824889 1868.176392 59.729691 -1.000000
2.983064 3.029342 63.902203 1868.187866 -34.316425 -1.000000
2.984029 3.030345 63.979479 1868.114746 -114.425552 -1.000000
2.984993 3.031346 64.056716 1867.973755 -174.599564 -1.000000
2.985956 3.032346 64.133915 1867.786743 -209.413742 -1.000000
2.986917 3.033344 64.211076 1867.580322 -215.314941 -1.000000
2.987877 3.034342 64.288198 1867.382690 -191.623734 -1.000000
2.988836 3.035337 64.365282 1867.221436 -140.704269 -1.000000
2.989793 3.036332 64.442328 1867.120361 -67.261719 -1.000000
2.990749 3.037325 64.519336 1867.098022 22.903004 -1.000000
2.991704 3.038317 64.596305 1867.167480 124.145172 -1.000000
2.992658 3.039308 64.673236 1867.336792 231.828857 -1.000000
2.993610 3.040297 64.750129 1867.610107 342.692993 -1.000000
2.994562 3.041286 64.826984 1867.989380 454.811523 -1.000000
2.995511 3.042272 64.903800 1868.474731 567.313538 -1.000000
2.996460 3.043258 64.980578 1869.066406 680.002441 -1.000000
2.997407 3.044242 65.057318 1869.764038 792.943115 -1.000000
2.998354 3.045225 65.134020 1870.567871 906.044556 -1.000000
2.999298 3.046207 65.210683 1871.477295 1018.643127 -1.000000
3.000242 3.047187 65.287309 1872.490967 1129.101196 -1.000000
3.001184 3.048166 65.363896 1873.605225 1234.477539 -1.000000
3.002126 3.049144 65.440445 1874.813354 1330.402710 -1.000000
3.003066 3.050120 65.516955 1876.103271 1411.306396 -1.000000
3.004004 3.051096 65.593428 1877.458008 1471.138916 -1.000000
3.004942 3.052070 65.669863 1878.855103 1504.534790 -1.000000
3.005878 3.053043 65.746259 1880.267822 1508.134521 -1.000000
3.006813 3.054014 65.822617 1881.667847 1481.512207 -1.000000
3.007747 3.054984 65.898937 1883.027954 1427.266479 -1.000000
3.008679 3.055953 65.975219 1884.324707 1350.271118 -1.000000
3.009611 3.056921 66.051463 1885.539673 1256.406982 -1.000000
3.010541 3.057888 66.127669 1886.660156 1151.343140 -1.000000
3.011470 3.058853 66.203836 1887.678223 1039.687622 -1.000000
3.012398 3.059817 66.279966 1888.589600 924.677612 -1.000000
3.013324 3.060780 66.356057 1889.392456 808.226624 -1.000000
3.014250 3.061741 66.432111 1890.086304 691.230957 -1.000000
3.015174 3.062702 66.508126 1890.671021 573.968140 -1.000000
3.016097 3.063661 66.584103 1891.146606 456.529449 -1.000000
3.017019 3.064619 66.660043 1891.513306 339.259521 -1.000000
3.017939 3.065576 66.735944 1891.772095 223.191971 -1.000000
3.018859 3.066531 66.811807 1891.925049 110.447350 -1.000000
3.019777 3.067485 66.887633 1891.977295 4.517087 -1.000000
3.020694 3.068438 66.963420 1891.937256 -89.707436 -1.000000
3.021610 3.069390 67.039170 1891.818481 -166.316315 -1.000000
3.022525 3.070341 67.114881 1891.640137 -219.283188 -1.000000
3.023438 3.071290 67.190555 1891.426514 -243.733292 -1.000000
3.024351 3.072239 67.266190 1891.204956 -237.184692 -1.000000
3.025262 3.073186 67.341788 1891.003418 -200.229675 -1.000000
3.026172 3.074132 67.417348 1890.848389 -136.362335 -1.000000
3.027081 3.075076 67.492870 1890.761841 -50.981682 -1.000000
3.027989 3.076020 67.568354 1890.760498 49.914188 -1.000000
3.028896 3.076962 67.643800 1890.855591 160.859116 -1.000000
3.029801 3.077903 67.719208 1891.053711 277.590302 -1.000000
3.030705 3.078843 67.794579 1891.358765 397.236786 -1.000000
3.031609 3.079782 67.869912 1891.772095 518.164001 -1.000000
3.032511 3.080720 67.945207 1892.294189 639.616272 -1.000000
3.033412 3.081656 68.020464 1892.925293 761.290405 -1.000000
3.034312 3.082592 68.095683 1893.665161 882.876099 -1.000000
3.035210 3.083526 68.170865 1894.513062 1003.599731 -1.000000
3.036108 3.084459 68.246009 1895.467285 1121.787964 -1.000000
3.037004 3.085391 68.321116 1896.523926 1234.513184 -1.000000
3.037900 3.086321 68.396185 1897.676270 1337.416992 -1.000000
3.038794 3.087251 68.471217 1898.912842 1424.908325 -1.000000
3.039687 3.088179 68.546213 1900.216797 1490.818359 -1.000000
3.040579 3.089106 68.621171 1901.566040 1529.561401 -1.000000
3.041470 3.090033 68.696092 1902.934692 1537.417236 -1.000000
3.042360 3.090958 68.770977 1904.294556 1513.535278 -1.000000
3.043249 3.091881 68.845825 1905.618042 1460.188599 -1.000000
3.044136 3.092804 68.920636 1906.881104 1382.087280 -1.000000
3.045023 3.093726 68.995412 1908.064697 1285.156250 -1.000000
3.045908 3.094646 69.070151 1909.154785 1175.285278 -1.000000
3.046792 3.095566 69.144854 1910.142456 1057.415039 -1.000000
3.047676 3.096484 69.219520 1911.022705 935.132080 -1.000000
3.048558 3.097401 69.294151 1911.792847 810.692749 -1.000000
3.049439 3.098317 69.368746 1912.451904 685.306213 -1.000000
3.050319 3.099232 69.443306 1912.999634 559.550415 -1.000000
3.051198 3.100146 69.517830 1913.436035 433.840363 -1.000000
3.052076 3.101058 69.592318 1913.761841 308.905273 -1.000000
3.052952 3.101970 69.666771 1913.978760 186.244293 -1.000000
3.053828 3.102880 69.741189 1914.089844 68.529869 -1.000000
3.054703 3.103790 69.815571 1914.101440 -40.161297 -1.000000
3.055576 3.104698 69.889919 1914.024048 -134.438370 -1.000000
3.056449 3.105605 69.964231 1913.872925 -208.124542 -1.000000
3.057320 3.106511 70.038509 1913.668945 -255.309143 -1.000000
3.058191 3.107416 70.112752 1913.437378 -271.650818 -1.000000
3.059060 3.108320 70.186960 1913.206055 -255.504303 -1.000000
3.059928 3.109223 70.261134 1913.002686 -208.388672 -1.000000
3.060795 3.110125 70.335273 1912.852417 -134.499329 -1.000000
3.061662 3.111025 70.409378 1912.775879 -39.624798 -1.000000
3.062527 3.111925 70.483448 1912.788330 70.168236 -1.000000
3.063391 3.112823 70.557485 1912.900024 189.562485 -1.000000
3.064254 3.113721 70.631487 1913.117432 314.519562 -1.000000
3.065116 3.114617 70.705455 1913.443481 442.364075 -1.000000
3.065977 3.115513 70.779389 1913.879883 571.549927 -1.000000
3.066837 3.116407 70.853290 1914.427246 701.255188 -1.000000
3.067696 3.117300 70.927157 1915.085327 830.909485 -1.000000
3.068554 3.118192 71.000990 1915.853516 959.703369 -1.000000
3.069411 3.119083 71.074789 1916.730347 1086.109985 -1.000000
3.070266 3.119973 71.148556 1917.712402 1207.473755 -1.000000
3.071121 3.120862 71.222288 1918.793457 1319.757446 -1.000000
3.071975 3.121750 71.295988 1919.963501 1417.587402 -1.000000
3.072828 3.122637 71.369654 1921.207153 1494.767700 -1.000000
3.073680 3.123523 71.443287 1922.504028 1545.289185 -1.000000
3.074531 3.124408 71.516887 1923.829468 1564.630127 -1.000000
3.075380 3.125292 71.590454 1925.155640 1550.881958 -1.000000
3.076229 3.126175 71.663988 1926.454956 1505.311646 -1.000000
3.077077 3.127056 71.737490 1927.701782 1431.946289 -1.000000
3.077924 3.127937 71.810958 1928.875488 1336.520996 -1.000000
3.078770 3.128817 71.884394 1929.959839 1225.178101 -1.000000
3.079614 3.129695 71.957798 1930.944092 1103.399170 -1.000000
3.080458 3.130573 72.031169 1931.821533 975.415649 -1.000000
3.081301 3.131450 72.104507 1932.588379 844.102112 -1.000000
3.082143 3.132325 72.177813 1933.243164 711.190125 -1.000000
3.082984 3.133200 72.251087 1933.785156 577.668945 -1.000000
3.083823 3.134073 72.324329 1934.214233 444.268494 -1.000000
3.084662 3.134946 72.397539 1934.531250 311.964752 -1.000000
3.085500 3.135817 72.470716 1934.738159 182.464508 -1.000000
3.086337 3.136688 72.543862 1934.838623 58.627247 -1.000000
3.087173 3.137558 72.616976 1934.839233 -55.311649 -1.000000
3.088008 3.138426 72.690058 1934.750732 -153.814117 -1.000000
3.088842 3.139294 72.763108 1934.588867 -230.597778 -1.000000
3.089675 3.140160 72.836127 1934.374268 -279.692261 -1.000000
3.090507 3.141026 72.909114 1934.132202 -296.715210 -1.000000
3.091338 3.141890 72.982069 1933.890259 -280.016205 -1.000000
3.092169 3.142754 73.054993 1933.676147 -231.097595 -1.000000
3.092998 3.143617 73.127886 1933.514648 -154.206329 -1.000000
3.093826 3.144478 73.200747 1933.426758 -55.194698 -1.000000
3.094653 3.145339 73.273577 1933.427734 59.760345 -1.000000
3.095480 3.146198 73.346375 1933.528442 185.188004 -1.000000
3.096305 3.147057 73.419143 1933.735474 316.871735 -1.000000
3.097130 3.147915 73.491880 1934.052246 451.942993 -1.000000
3.097953 3.148772 73.564585 1934.480713 588.642029 -1.000000
3.098776 3.149627 73.637260 1935.021362 725.885498 -1.000000
3.099597 3.150482 73.709903 1935.674072 862.779297 -1.000000
3.100418 3.151336 73.782516 1936.437866 998.101807 -1.000000
3.101238 3.152189 73.855099 1937.310425 1129.811279 -1.000000
3.102057 3.153041 73.927650 1938.287231 1254.665161 -1.000000
3.102874 3.153892 74.000171 1939.360840 1368.023560 -1.000000
3.103691 3.154742 74.072661 1940.519165 1464.057129 -1.000000
3.104507 3.155591 74.145121 1941.745239 1536.411865 -1.000000
3.105323 3.156439 74.217550 1943.017456 1579.331299 -1.000000
3.106137 3.157286 74.289949 1944.309692 1588.961060 -1.000000
3.106950 3.158132 74.362318 1945.594238 1564.355591 -1.000000
3.107762 3.158977 74.434656 1946.844116 1507.713135 -1.000000
3.108574 3.159822 74.506965 1948.035156 1423.749512 -1.000000
3.109384 3.160665 74.579243 1949.147705 1318.552979 -1.000000
3.110194 3.161507 74.651491 1950.167358 1198.261841 -1.000000
3.111003 3.162349 74.723708 1951.084351 1068.166382 -1.000000
3.111810 3.163189 74.795896 1951.892578 932.255493 -1.000000
3.112617 3.164029 74.868054 1952.588867 793.221375 -1.000000
3.113423 3.164868 74.940182 1953.171631 652.748291 -1.000000
3.114228 3.165705 75.012281 1953.640381 511.969604 -1.000000
3.115033 3.166542 75.084349 1953.995850 371.980896 -1.000000
3.115836 3.167378 75.156388 1954.239258 234.363052 -1.000000
3.116638 3.168213 75.228397 1954.373657 101.658203 -1.000000
3.117440 3.169047 75.300377 1954.404785 -22.300406 -1.000000
3.118240 3.169880 75.372327 1954.341797 -132.330414 -1.000000
3.119040 3.170713 75.444247 1954.198608 -222.237579 -1.000000
3.119839 3.171544 75.516138 1953.993896 -285.700012 -1.000000
3.120637 3.172374 75.588000 1953.751221 -317.472931 -1.000000
3.121434 3.173204 75.659832 1953.496948 -314.661316 -1.000000
3.122230 3.174032 75.731635 1953.259155 -277.472534 -1.000000
3.123025 3.174860 75.803409 1953.063843 -209.140854 -1.000000
3.123820 3.175687 75.875154 1952.933594 -115.048851 -1.000000
3.124613 3.176513 75.946869 1952.886353 -1.477715 -1.000000
3.125406 3.177338 76.018555 1952.934814 125.585587 -1.000000
3.126198 3.178162 76.090213 1953.087524 261.212677 -1.000000
3.126989 3.178985 76.161841 1953.349365 401.803467 -1.000000
3.127779 3.179807 76.233440 1953.723267 544.967773 -1.000000
3.128568 3.180628 76.305011 1954.210205 689.149536 -1.000000
3.129356 3.181449 76.376552 1954.810181 833.141174 -1.000000
3.130144 3.182269 76.448065 1955.522583 975.545776 -1.000000
3.130930 3.183087 76.519549 1956.344727 1114.260010 -1.000000
3.131716 3.183905 76.591005 1957.272705 1246.056274 -1.000000
3.132501 3.184722 76.662431 1958.298828 1366.356567 -1.000000
3.133285 3.185538 76.733829 1959.411865 1469.349243 -1.000000
3.134068 3.186353 76.805199 1960.595459 1548.604004 -1.000000
3.134851 3.187168 76.876539 1961.828613 1598.127441 -1.000000
3.135632 3.187981 76.947852 1963.086060 1613.659546 -1.000000
3.136413 3.188794 77.019136 1964.340210 1593.760376 -1.000000
3.137192 3.189605 77.090391 1965.564331 1540.148193 -1.000000
3.137971 3.190416 77.161618 1966.733643 1457.250732 -1.000000
3.138750 3.191226 77.232817 1967.827637 1351.084229 -1.000000
3.139527 3.192035 77.303988 1968.830811 1227.957642 -1.000000
3.140303 3.192843 77.375130 1969.732666 1093.482422 -1.000000
3.141079 3.193651 77.446244 1970.526245 952.037537 -1.000000
3.141854 3.194457 77.517330 1971.207764 806.707092 -1.000000
3.142628 3.195263 77.588388 1971.775269 659.537231 -1.000000
3.143401 3.196068 77.659418 1972.228149 511.983643 -1.000000
3.144173 3.196872 77.730420 1972.566895 365.445160 -1.000000
3.144944 3.197675 77.801394 1972.793213 221.801117 -1.000000
3.145715 3.198477 77.872340 1972.910522 83.890335 -1.000000
3.146485 3.199278 77.943258 1972.925171 -44.176579 -1.000000
3.147254 3.200079 78.014148 1972.846802 -156.960312 -1.000000
3.148022 3.200879 78.085010 1972.689819 -248.126465 -1.000000
3.148789 3.201678 78.155845 1972.473389 -311.311584 -1.000000
3.149556 3.202476 78.226651 1972.221069 -341.394897 -1.000000
3.150322 3.203273 78.297430 1971.959595 -335.682739 -1.000000
3.151087 3.204069 78.368182 1971.716553 -294.640839 -1.000000
3.151851 3.204865 78.438906 1971.517456 -221.717529 -1.000000
3.152614 3.205659 78.509602 1971.384766 -122.474174 -1.000000
3.153376 3.206453 78.580270 1971.335693 -3.284577 -1.000000
3.154138 3.207246 78.650911 1971.383179 129.797577 -1.000000
3.154899 3.208038 78.721525 1971.535522 271.786713 -1.000000
3.155659 3.208830 78.792111 1971.797729 418.994751 -1.000000
3.156418 3.209620 78.862670 1972.172729 568.889282 -1.000000
3.157177 3.210410 78.933201 1972.661377 719.710327 -1.000000
3.157934 3.211199 79.003705 1973.263794 869.946899 -1.000000
3.158691 3.211987 79.074182 1973.978394 1017.793030 -1.000000
3.159447 3.212774 79.144632 1974.802368 1160.639404 -1.000000
3.160203 3.213561 79.215054 1975.730347 1294.678833 -1.000000
3.160957 3.214346 79.285449 1976.753662 1414.779663 -1.000000
3.161711 3.215131 79.355817 1977.859253 1514.738037 -1.000000
3.162464 3.215915 79.426158 1979.029297 1588.052734 -1.000000
3.163216 3.216698 79.496471 1980.241333 1629.068726 -1.000000
3.163967 3.217481 79.566758 1981.469727 1634.271973 -1.000000
3.164718 3.218262 79.637018 1982.686890 1603.146240 -1.000000
3.165468 3.219043 79.707250 1983.866577 1538.329712 -1.000000
3.166217 3.219823 79.777456 1984.985474 1444.871826 -1.000000
3.166965 3.220602 79.847635 1986.024536 1329.064941 -1.000000
3.167713 3.221381 79.917787 1986.969604 1197.215454 -1.000000
3.168459 3.222158 79.987912 1987.810913 1054.742920 -1.000000
3.169205 3.222935 80.058010 1988.542480 905.820007 -1.000000
3.169950 3.223711 80.128081 1989.160889 753.393433 -1.000000
3.170695 3.224486 80.198126 1989.664551 599.526978 -1.000000
3.171438 3.225261 80.268144 1990.053223 445.894531 -1.000000
3.172181 3.226034 80.338135 1990.328003 294.329681 -1.000000
3.172923 3.226807 80.408100 1990.491577 147.356339 -1.000000
3.173665 3.227579 80.478038 1990.548950 8.616884 -1.000000
3.174405 3.228350 80.547949 1990.508057 -116.942665 -1.000000
3.175145 3.229121 80.617834 1990.380859 -223.219788 -1.000000
3.175884 3.229891 80.687693 1990.184448 -303.642059 -1.000000
3.176623 3.230660 80.757524 1989.940186 -352.260437 -1.000000
3.177360 3.231428 80.827330 1989.673462 -365.007568 -1.000000
3.178097 3.232195 80.897109 1989.411255 -340.737091 -1.000000
3.178833 3.232962 80.966861 1989.180176 -281.478912 -1.000000
3.179568 3.233728 81.036587 1989.004517 -191.904678 -1.000000
3.180303 3.234493 81.106287 1988.903931 -78.202858 -1.000000
3.181037 3.235257 81.175961 1988.893921 53.189369 -1.000000
3.181770 3.236020 81.245608 1988.984985 196.546204 -1.000000
3.182502 3.236783 81.315229 1989.183716 347.349731 -1.000000
3.183234 3.237545 81.384823 1989.494385 502.327698 -1.000000
3.183965 3.238306 81.454392 1989.918701 659.151123 -1.000000
3.184695 3.239067 81.523934 1990.457275 815.971558 -1.000000
3.185424 3.239827 81.593450 1991.109131 970.868408 -1.000000
3.186153 3.240586 81.662940 1991.871826 1121.307007 -1.000000
3.186881 3.241344 81.732404 1992.740479 1263.685669 -1.000000
3.187608 3.242101 81.801842 1993.707520 1393.111694 -1.000000
3.188334 3.242858 81.871254 1994.761108 1503.550415 -1.000000
3.189060 3.243614 81.940640 1995.884888 1588.386230 -1.000000
3.189785 3.244369 82.010000 1997.057861 1641.507080 -1.000000
3.190509 3.245123 82.079334 1998.255249 1658.597534 -1.000000
3.191233 3.245877 82.148642 1999.450195 1638.147217 -1.000000
3.191955 3.246630 82.217924 2000.615967 1581.838989 -1.000000
3.192678 3.247382 82.287181 2001.728394 1494.107178 -1.000000
3.193399 3.248134 82.356411 2002.766724 1381.066162 -1.000000
3.194120 3.248884 82.425616 2003.715454 1249.217773 -1.000000
3.194840 3.249634 82.494795 2004.563354 1104.460938 -1.000000
3.195559 3.250384 82.563948 2005.303101 951.540710 -1.000000
3.196277 3.251132 82.633075 2005.930420 793.959290 -1.000000
3.196995 3.251880 82.702177 2006.443115 634.246887 -1.000000
3.197712 3.252627 82.771253 2006.840576 474.415039 -1.000000
3.198429 3.253373 82.840304 2007.123657 316.509613 -1.000000
3.199144 3.254119 82.909329 2007.295044 163.160385 -1.000000
3.199859 3.254864 82.978328 2007.359253 18.035063 -1.000000
3.200573 3.255608 83.047301 2007.324097 -113.928024 -1.000000
3.201287 3.256351 83.116250 2007.201294 -226.640610 -1.000000
3.202000 3.257094 83.185172 2007.007080 -313.452118 -1.000000
3.202712 3.257836 83.254069 2006.762329 -368.201538 -1.000000
3.203423 3.258577 83.322941 2006.491699 -386.500488 -1.000000
3.204134 3.259318 83.391787 2006.221802 -366.745697 -1.000000
3.204844 3.260057 83.460608 2005.979370 -310.553131 -1.000000
3.205554 3.260796 83.529403 2005.788818 -222.314087 -1.000000
3.206262 3.261535 83.598174 2005.670532 -108.138504 -1.000000
3.206970 3.262272 83.666918 2005.640381 25.429134 -1.000000
3.207678 3.263009 83.735638 2005.709717 172.388977 -1.000000
3.208384 3.263746 83.804332 2005.886230 327.881653 -1.000000
3.209090 3.264481 83.873001 2006.174072 488.270905 -1.000000
3.209795 3.265216 83.941644 2006.575684 650.895264 -1.000000
3.210500 3.265950 84.010263 2007.091675 813.596191 -1.000000
3.211204 3.266683 84.078856 2007.721069 974.178040 -1.000000
3.211907 3.267416 84.147424 2008.461182 1129.854004 -1.000000
3.212609 3.268148 84.215967 2009.307129 1276.799316 -1.000000
3.213311 3.268879 84.284485 2010.250977 1409.929321 -1.000000
3.214012 3.269610 84.352977 2011.280640 1523.040039 -1.000000
3.214713 3.270340 84.421445 2012.379517 1609.461792 -1.000000
3.215412 3.271069 84.489888 2013.526611 1663.069580 -1.000000
3.216112 3.271797 84.558305 2014.697266 1679.593140 -1.000000
3.216810 3.272525 84.626698 2015.864990 1657.604858 -1.000000
3.217508 3.273252 84.695065 2017.003174 1598.877319 -1.000000
3.218205 3.273979 84.763408 2018.087769 1507.924194 -1.000000
3.218901 3.274704 84.831726 2019.098389 1390.923462 -1.000000
3.219597 3.275429 84.900019 2020.019653 1254.474976 -1.000000
3.220292 3.276154 84.968287 2020.840088 1104.566406 -1.000000
3.220986 3.276877 85.036530 2021.552490 946.088257 -1.000000
3.221680 3.277600 85.104748 2022.152344 782.716736 -1.000000
3.222373 3.278323 85.172941 2022.637573 617.191467 -1.000000
3.223066 3.279044 85.241110 2023.007568 451.789764 -1.000000
3.223758 3.279765 85.309254 2023.263550 288.890167 -1.000000
3.224449 3.280485 85.377373 2023.408447 131.494507 -1.000000
3.225139 3.281205 85.445467 2023.447632 -16.313248 -1.000000
3.225829 3.281924 85.513537 2023.389648 -149.217255 -1.000000
3.226518 3.282642 85.581582 2023.246948 -260.851807 -1.000000
3.227207 3.283360 85.649602 2023.036865 -344.494446 -1.000000
3.227894 3.284076 85.717598 2022.780762 -394.183075 -1.000000
3.228582 3.284793 85.785569 2022.503784 -405.948883 -1.000000
3.229268 3.285508 85.853516 2022.232300 -378.769104 -1.000000
3.229954 3.286223 85.921438 2021.992554 -314.815735 -1.000000
3.230639 3.286937 85.989335 2021.808105 -218.896957 -1.000000
3.231324 3.287651 86.057208 2021.698730 -97.340759 -1.000000
3.232008 3.288364 86.125056 2021.679321 43.244999 -1.000000
3.232691 3.289076 86.192880 2021.760742 196.917450 -1.000000
3.233374 3.289787 86.260680 2021.950195 358.857269 -1.000000
3.234056 3.290498 86.328455 2022.251587 525.425171 -1.000000
3.234737 3.291208 86.396205 2022.666992 693.847961 -1.000000
3.235418 3.291918 86.463931 2023.196533 861.735840 -1.000000
3.236098 3.292627 86.531633 2023.838867 1026.499634 -1.000000
3.236777 3.293335 86.599311 2024.590698 1184.841553 -1.000000
3.237456 3.294043 86.666964 2025.446045 1332.349243 -1.000000
3.238135 3.294749 86.734592 2026.395264 1463.400024 -1.000000
3.238812 3.295456 86.802197 2027.425049 1571.439941 -1.000000
3.239489 3.296161 86.869777 2028.517334 1649.771729 -1.000000
3.240165 3.296866 86.937333 2029.649780 1692.726074 -1.000000
3.240841 3.297571 87.004865 2030.797119 1696.852539 -1.000000
3.241516 3.298274 87.072372 2031.932861 1661.773804 -1.000000
3.242191 3.298977 87.139856 2033.031372 1590.240234 -1.000000
3.242864 3.299680 87.207315 2034.069946 1487.463623 -1.000000
3.243538 3.300381 87.274750 2035.029663 1359.940552 -1.000000
3.244210 3.301083 87.342161 2035.896118 1214.267944 -1.000000
3.244882 3.301783 87.409547 2036.659424 1056.250122 -1.000000
3.245553 3.302483 87.476910 2037.313110 890.553406 -1.000000
3.246224 3.303182 87.544249 2037.853638 720.719116 -1.000000
3.246894 3.303881 87.611563 2038.279297 549.522034 -1.000000
3.247564 3.304578 87.678854 2038.590088 379.493164 -1.000000
3.248233 3.305276 87.746120 2038.788208 213.475433 -1.000000
3.248901 3.305972 87.813363 2038.877441 55.134464 -1.000000
3.249568 3.306668 87.880581 2038.864746 -90.710846 -1.000000
3.250235 3.307364 87.947776 2038.760620 -218.071075 -1.000000
3.250902 3.308059 88.014947 2038.579834 -320.215149 -1.000000
3.251568 3.308753 88.082094 2038.341431 -390.567902 -1.000000
3.252233 3.309446 88.149216 2038.068359 -423.910797 -1.000000
3.252897 3.310139 88.216315 2037.786621 -417.539398 -1.000000
3.253561 3.310831 88.283391 2037.522461 -371.928558 -1.000000
3.254225 3.311523 88.350442 2037.301025 -290.580078 -1.000000
3.254888 3.312214 88.417469 2037.143921 -179.202301 -1.000000
3.255550 3.312904 88.484473 2037.068848 -44.447269 -1.000000
3.256211 3.313594 88.551453 2037.088989 107.169441 -1.000000
3.256872 3.314283 88.618409 2037.213135 270.050171 -1.000000
3.257533 3.314972 88.685342 2037.447266 439.759338 -1.000000
3.258192 3.315659 88.752250 2037.794434 612.887329 -1.000000
3.258852 3.316347 88.819136 2038.255615 786.646301 -1.000000
3.259510 3.317033 88.885997 2038.830444 958.336914 -1.000000
3.260168 3.317719 88.952835 2039.516235 1124.785400 -1.000000
3.260825 3.318405 89.019649 2040.307983 1281.875732 -1.000000
3.261482 3.319090 89.086439 2041.197632 1424.315308 -1.000000
3.262138 3.319774 89.153206 2042.173462 1545.752563 -1.000000
3.262794 3.320458 89.219949 2043.219238 1639.360474 -1.000000
3.263449 3.321141 89.286669 2044.314697 1698.835449 -1.000000
3.264104 3.321823 89.353365 2045.435547 1719.664429 -1.000000
3.264757 3.322505 89.420038 2046.555908 1700.128418 -1.000000
3.265411 3.323186 89.486687 2047.649658 1641.754150 -1.000000
3.266063 3.323866 89.553312 2048.692627 1548.887329 -1.000000
3.266716 3.324546 89.619914 2049.664551 1427.682495 -1.000000
3.267367 3.325226 89.686493 2050.549316 1284.898193 -1.000000
3.268018 3.325905 89.753048 2051.334961 1126.863403 -1.000000
3.268668 3.326583 89.819580 2052.013672 958.895508 -1.000000
3.269318 3.327260 89.886089 2052.580322 785.172729 -1.000000
3.269967 3.327937 89.952574 2053.033203 608.946411 -1.000000
3.270616 3.328614 90.019035 2053.371094 433.038330 -1.000000
3.271264 3.329290 90.085474 2053.595459 260.401031 -1.000000
3.271911 3.329965 90.151889 2053.709961 94.629951 -1.000000
3.272558 3.330639 90.218280 2053.720703 -59.633331 -1.000000
3.273205 3.331313 90.284649 2053.636963 -196.580750 -1.000000
3.273850 3.331987 90.350994 2053.472412 -309.521851 -1.000000
3.274496 3.332660 90.417316 2053.244629 -391.655365 -1.000000
3.275140 3.333332 90.483614 2052.975342 -437.201630 -1.000000
3.275784 3.334004 90.549890 2052.689941 -442.625275 -1.000000
3.276428 3.334675 90.616142 2052.414307 -407.453796 -1.000000
3.277071 3.335345 90.682371 2052.174072 -334.372528 -1.000000
3.277713 3.336015 90.748577 2051.991943 -228.582962 -1.000000
3.278355 3.336684 90.814760 2051.886475 -96.660378 -1.000000
3.278996 3.337353 90.880919 2051.872314 54.673641 -1.000000
3.279637 3.338021 90.947056 2051.959473 219.361206 -1.000000
3.280277 3.338689 91.013169 2052.155029 392.452881 -1.000000
3.280916 3.339356 91.079259 2052.462646 570.057983 -1.000000
3.281555 3.340022 91.145326 2052.884277 749.024658 -1.000000
3.282194 3.340688 91.211371 2053.419434 926.411560 -1.000000
3.282832 3.341353 91.277392 2054.065918 1098.945312 -1.000000
3.283469 3.342018 91.343390 2054.819092 1262.502441 -1.000000
3.284106 3.342682 91.409365 2055.671387 1411.844482 -1.000000
3.284742 3.343346 91.475317 2056.611816 1540.646362 -1.000000
3.285378 3.344009 91.541246 2057.625000 1642.026733 -1.000000
3.286013 3.344671 91.607153 2058.691162 1709.451660 -1.000000
3.286647 3.345333 91.673036 2059.787109 1737.998047 -1.000000
3.287281 3.345994 91.738897 2060.887207 1725.387939 -1.000000
3.287915 3.346655 91.804734 2061.965576 1672.588989 -1.000000
3.288548 3.347315 91.870549 2062.997803 1583.490967 -1.000000
3.289180 3.347975 91.936341 2063.962891 1464.061279 -1.000000
3.289812 3.348634 92.002110 2064.843994 1321.094849 -1.000000
3.290443 3.349292 92.067856 2065.628174 1161.176758 -1.000000
3.291074 3.349950 92.133579 2066.307129 989.967102 -1.000000
3.291704 3.350608 92.199280 2066.875000 812.024902 -1.000000
3.292334 3.351264 92.264958 2067.329590 630.965820 -1.000000
3.292963 3.351921 92.330613 2067.669434 449.898193 -1.000000
3.293591 3.352576 92.396245 2067.895996 271.989258 -1.000000
3.294219 3.353231 92.461855 2068.012695 100.984467 -1.000000
3.294847 3.353886 92.527442 2068.025391 -58.367554 -1.000000
3.295474 3.354540 92.593006 2067.943359 -200.193985 -1.000000
3.296100 3.355193 92.658548 2067.779785 -317.737854 -1.000000
3.296726 3.355846 92.724066 2067.552490 -404.133026 -1.000000
3.297351 3.356499 92.789563 2067.282227 -453.444000 -1.000000
3.297976 3.357150 92.855036 2066.994141 -461.936249 -1.000000
3.298601 3.357802 92.920487 2066.714111 -428.926208 -1.000000
3.299224 3.358452 92.985916 2066.467285 -356.864624 -1.000000
3.299848 3.359103 93.051322 2066.276367 -250.850098 -1.000000
3.300470 3.359752 93.116705 2066.160400 -117.424324 -1.000000
3.301092 3.360401 93.182066 2066.134277 36.566193 -1.000000
3.301714 3.361050 93.247404 2066.208740 204.859573 -1.000000
3.302335 3.361698 93.312720 2066.390625 382.263245 -1.000000
3.302956 3.362345 93.378014 2066.684082 564.623535 -1.000000
3.303576 3.362992 93.443284 2067.091309 748.516174 -1.000000
3.304195 3.363638 93.508533 2067.611816 930.738037 -1.000000
3.304814 3.364284 93.573759 2068.243164 1107.763428 -1.000000
3.305433 3.364929 93.638962 2068.980469 1275.253662 -1.000000
3.306051 3.365574 93.704143 2069.816895 1427.767090 -1.000000
3.306668 3.366218 93.769302 2070.740234 1558.824951 -1.000000
3.307285 3.366862 93.834439 2071.735352 1661.453735 -1.000000
3.307902 3.367505 93.899553 2072.782471 1729.100464 -1.000000
3.308517 3.368148 93.964644 2073.858154 1756.902466 -1.000000
3.309133 3.368790 94.029714 2074.937012 1742.700928 -1.000000
3.309748 3.369431 94.094761 2075.993652 1687.556641 -1.000000
3.310362 3.370072 94.159786 2077.003662 1595.466309 -1.000000
3.310976 3.370713 94.224788 2077.946777 1472.452026 -1.000000
3.311589 3.371353 94.289768 2078.805664 1325.409912 -1.000000
3.312202 3.371992 94.354726 2079.568115 1160.995605 -1.000000
3.312814 3.372631 94.419662 2080.225586 984.990051 -1.000000
3.313426 3.373269 94.484576 2080.772705 802.093262 -1.000000
3.314037 3.373907 94.549467 2081.206299 616.119995 -1.000000
3.314648 3.374544 94.614336 2081.525879 430.422943 -1.000000
3.315259 3.375181 94.679183 2081.732666 248.444489 -1.000000
3.315868 3.375817 94.744008 2081.830566 74.251884 -1.000000
3.316478 3.376453 94.808811 2081.825928 -87.090767 -1.000000
3.317086 3.377088 94.873592 2081.728271 -229.435577 -1.000000
3.317695 3.377723 94.938350 2081.552002 -345.871002 -1.000000
3.318302 3.378357 95.003087 2081.314697 -429.509155 -1.000000
3.318910 3.378991 95.067801 2081.038086 -474.621246 -1.000000
3.319516 3.379624 95.132493 2080.747314 -477.834839 -1.000000
3.320123 3.380257 95.197164 2080.467285 -438.854462 -1.000000
3.320728 3.380889 95.261812 2080.223389 -360.549622 -1.000000
3.321334 3.381520 95.326438 2080.037598 -248.277298 -1.000000
3.321938 3.382151 95.391043 2079.928467 -108.744392 -1.000000
3.322543 3.382782 95.455625 2079.910156 51.161743 -1.000000
3.323146 3.383412 95.520185 2079.993164 225.168533 -1.000000
3.323750 3.384042 95.584724 2080.183838 408.039886 -1.000000
3.324352 3.384671 95.649240 2080.486084 595.539490 -1.000000
3.324955 3.385299 95.713735 2080.901611 784.075500 -1.000000
3.325557 3.385927 95.778208 2081.429688 970.178650 -1.000000
3.326158 3.386555 95.842659 2082.067627 1149.966553 -1.000000
3.326759 3.387182 95.907088 2082.809814 1318.674927 -1.000000
3.327359 3.387808 95.971495 2083.647949 1470.482788 -1.000000
3.327959 3.388434 96.035880 2084.569824 1598.607544 -1.000000
3.328558 3.389060 96.100244 2085.558838 1696.018066 -1.000000
3.329157 3.389685 96.164585 2086.594727 1756.415405 -1.000000
3.329755 3.390309 96.228905 2087.653564 1775.442139 -1.000000
3.330353 3.390933 96.293203 2088.710205 1751.600830 -1.000000
3.330951 3.391557 96.357480 2089.739258 1686.645508 -1.000000
3.331548 3.392179 96.421734 2090.717529 1585.125244 -1.000000
3.332144 3.392802 96.485967 2091.625000 1453.413452 -1.000000
3.332740 3.393424 96.550178 2092.445801 1298.506104 -1.000000
3.333335 3.394045 96.614368 2093.168701 1127.031982 -1.000000
3.333930 3.394666 96.678536 2093.785645 944.685059 -1.000000
3.334525 3.395287 96.742682 2094.291504 756.130554 -1.000000
3.335119 3.395907 96.806807 2094.684082 565.257385 -1.000000
3.335713 3.396526 96.870910 2094.963379 375.642151 -1.000000
3.336306 3.397145 96.934991 2095.131104 191.085114 -1.000000
3.336898 3.397764 96.999051 2095.192139 16.128807 -1.000000
3.337490 3.398382 97.063089 2095.153564 -143.673126 -1.000000
3.338082 3.399000 97.127105 2095.026611 -281.746429 -1.000000
3.338673 3.399617 97.191100 2094.826172 -391.002716 -1.000000
3.339264 3.400233 97.255074 2094.571533 -464.735962 -1.000000
3.339854 3.400849 97.319026 2094.285400 -497.815643 -1.000000
3.340444 3.401465 97.382956 2093.992676 -487.736938 -1.000000
3.341033 3.402080 97.446865 2093.718994 -435.237518 -1.000000
3.341622 3.402694 97.510752 2093.487793 -344.056274 -1.000000
3.342210 3.403309 97.574618 2093.320557 -220.115479 -1.000000
3.342798 3.403922 97.638463 2093.234131 -70.367004 -1.000000
3.343386 3.404535 97.702286 2093.241455 98.326134 -1.000000
3.343973 3.405148 97.766088 2093.352051 279.854706 -1.000000
3.344559 3.405760 97.829868 2093.571289 469.126556 -1.000000
3.345145 3.406372 97.893627 2093.902588 661.940186 -1.000000
3.345731 3.406983 97.957364 2094.346680 854.571167 -1.000000
3.346316 3.407594 98.021080 2094.902100 1043.218750 -1.000000
3.346900 3.408204 98.084775 2095.565430 1223.493896 -1.000000
3.347485 3.408814 98.148449 2096.329834 1390.056152 -1.000000
3.348068 3.409423 98.212101 2097.185059 1536.528198 -1.000000
3.348652 3.410032 98.275732 2098.117676 1655.862671 -1.000000
3.349234 3.410641 98.339341 2099.109619 1741.101807 -1.000000
3.349817 3.411249 98.402930 2100.138916 1786.531250 -1.000000
3.350399 3.411856 98.466497 2101.181152 1788.832275 -1.000000
3.350980 3.412463 98.530043 2102.211182 1747.795532 -1.000000
3.351561 3.413069 98.593567 2103.204834 1666.375610 -1.000000
3.352141 3.413675 98.657071 2104.139893 1549.988281 -1.000000
3.352722 3.414281 98.720553 2104.998291 1405.414917 -1.000000
3.353301 3.414886 98.784014 2105.765625 1239.688477 -1.000000
3.353880 3.415491 98.847454 2106.432129 1059.259521 -1.000000
3.354459 3.416095 98.910872 2106.990723 869.570435 -1.000000
3.355037 3.416699 98.974270 2107.437744 675.133423 -1.000000
3.355615 3.417302 99.037647 2107.771240 479.888306 -1.000000
3.356192 3.417904 99.101002 2107.992676 287.676605 -1.000000
3.356769 3.418507 99.164336 2108.104736 102.809570 -1.000000
3.357346 3.419109 99.227649 2108.113770 -69.552246 -1.000000
3.357922 3.419710 99.290941 2108.028320 -223.203583 -1.000000
3.358497 3.420311 99.354213 2107.861572 -351.121887 -1.000000
3.359072 3.420911 99.417463 2107.630859 -446.224304 -1.000000
3.359647 3.421511 99.480692 2107.356689 -502.375702 -1.000000
3.360221 3.422111 99.543900 2107.062500 -515.573792 -1.000000
3.360795 3.422710 99.607087 2106.773438 -484.789032 -1.000000
3.361368 3.423308 99.670253 2106.514648 -412.226288 -1.000000
3.361941 3.423906 99.733398 2106.308105 -302.788574 -1.000000
3.362514 3.424504 99.796522 2106.173584 -163.076523 -1.000000
3.363086 3.425101 99.859625 2106.125977 -0.208951 -1.000000
3.363657 3.425698 99.922708 2106.176514 179.125961 -1.000000
3.364228 3.426294 99.985769 2106.332764 369.130188 -1.000000
3.364799 3.426890 100.048810 2106.599121 564.987488 -1.000000
3.365369 3.427486 100.111829 2106.977539 762.569458 -1.000000
3.365939 3.428081 100.174828 2107.468018 957.936890 -1.000000
3.366508 3.428675 100.237806 2108.067871 1146.816406 -1.000000
3.367077 3.429269 100.300763 2108.771729 1324.143433 -1.000000
3.367646 3.429863 100.363700 2109.570801 1483.872070 -1.000000
3.368214 3.430456 100.426615 2110.453369 1619.068481 -1.000000
3.368781 3.431049 100.489510 2111.403320 1722.560181 -1.000000
3.369349 3.431641 100.552384 2112.400879 1787.873413 -1.000000
3.369915 3.432233 100.615237 2113.422852 1810.448608 -1.000000
3.370482 3.432824 100.678069 2114.444336 1788.600220 -1.000000
3.371048 3.433415 100.740881 2115.440186 1723.888184 -1.000000
3.371613 3.434005 100.803672 2116.387695 1620.735352 -1.000000
3.372178 3.434595 100.866443 2117.266602 1485.489014 -1.000000
3.372743 3.435185 100.929192 2118.061035 1325.307495 -1.000000
3.373307 3.435774 100.991921 2118.759277 1147.060303 -1.000000
3.373871 3.436363 101.054630 2119.352783 956.812134 -1.000000
3.374434 3.436951 101.117317 2119.836670 759.664185 -1.000000
3.374997 3.437539 101.179984 2120.208008 559.961243 -1.000000
3.375559 3.438126 101.242631 2120.467041 361.762634 -1.000000
3.376121 3.438713 101.305257 2120.615967 169.341690 -1.000000
3.376683 3.439300 101.367862 2120.659424 -12.309609 -1.000000
3.377244 3.439886 101.430447 2120.605469 -177.222641 -1.000000
3.377805 3.440471 101.493011 2120.465332 -318.543457 -1.000000
3.378365 3.441057 101.555555 2120.254395 -429.015198 -1.000000
3.378925 3.441641 101.618078 2119.992188 -501.970306 -1.000000
3.379485 3.442226 101.680580 2119.700928 -532.432983 -1.000000
3.380044 3.442809 101.743062 2119.405029 -518.141418 -1.000000
3.380603 3.443393 101.805524 2119.129883 -460.109955 -1.000000
3.381161 3.443976 101.867965 2118.898682 -362.336121 -1.000000
3.381719 3.444558 101.930386 2118.731689 -230.926010 -1.000000
3.382276 3.445141 101.992786 2118.645996 -72.986122 -1.000000
3.382833 3.445722 102.055166 2118.654297 104.417824 -1.000000
3.383390 3.446304 102.117525 2118.765137 294.995056 -1.000000
3.383946 3.446884 102.179864 2118.984131 493.394806 -1.000000
3.384502 3.447465 102.242183 2119.314209 695.075562 -1.000000
3.385057 3.448045 102.304481 2119.756104 895.865479 -1.000000
3.385612 3.448624 102.366759 2120.308105 1091.430786 -1.000000
3.386166 3.449204 102.429017 2120.965088 1276.818115 -1.000000
3.386720 3.449782 102.491254 2121.720215 1446.141968 -1.000000
3.387274 3.450361 102.553471 2122.562744 1592.569946 -1.000000
3.387827 3.450938 102.615667 2123.477783 1708.822388 -1.000000
3.388380 3.451516 102.677844 2124.446533 1788.044800 -1.000000
3.388933 3.452093 102.740000 2125.446533 1824.946899 -1.000000
3.389485 3.452670 102.802136 2126.453857 1816.882324 -1.000000
3.390036 3.453246 102.864251 2127.443848 1764.379028 -1.000000
3.390588 3.453821 102.926346 2128.392334 1671.066040 -1.000000
3.391138 3.454397 102.988422 2129.279053 1542.836792 -1.000000
3.391689 3.454972 103.050476 2130.086426 1386.760132 -1.000000
3.392239 3.455546 103.112511 2130.801514 1209.957397 -1.000000
3.392789 3.456120 103.174526 2131.414795 1018.935486 -1.000000
3.393338 3.456694 103.236520 2131.919922 819.251770 -1.000000
3.393887 3.457267 103.298494 2132.313477 615.672546 -1.000000
3.394435 3.457840 103.360448 2132.595215 412.491608 -1.000000
3.394983 3.458412 103.422382 2132.766602 214.098480 -1.000000
3.395531 3.458984 103.484296 2132.831543 25.450108 -1.000000
3.396078 3.459556 103.546190 2132.797119 -147.558289 -1.000000
3.396625 3.460127 103.608064 2132.674072 -298.137451 -1.000000
3.397171 3.460698 103.669918 2132.476807 -418.997314 -1.000000
3.397717 3.461268 103.731751 2132.223145 -503.139618 -1.000000
3.398263 3.461838 103.793565 2131.935059 -545.050232 -1.000000
3.398808 3.462408 103.855358 2131.636719 -541.753479 -1.000000
3.399353 3.462977 103.917132 2131.352783 -493.453644 -1.000000
3.399897 3.463545 103.978886 2131.106689 -403.455109 -1.000000
3.400441 3.464114 104.040619 2130.919922 -277.486725 -1.000000
3.400985 3.464682 104.102333 2130.810059 -122.570503 -1.000000
3.401528 3.465249 104.164026 2130.790527 54.052681 -1.000000
3.402071 3.465816 104.225700 2130.871094 245.758347 -1.000000
3.402613 3.466383 104.287354 2131.058838 446.784454 -1.000000
3.403155 3.466949 104.348988 2131.356445 652.230408 -1.000000
3.403697 3.467515 104.410602 2131.765381 857.660706 -1.000000
3.404238 3.468080 104.472196 2132.284180 1058.594482 -1.000000
3.404779 3.468645 104.533770 2132.909180 1250.035034 -1.000000
3.405319 3.469210 104.595325 2133.633057 1426.118164 -1.000000
3.405859 3.469774 104.656859 2134.446045 1580.035034 -1.000000
3.406399 3.470338 104.718374 2135.333740 1704.456177 -1.000000
3.406938 3.470901 104.779870 2136.278564 1792.317505 -1.000000
3.407477 3.471464 104.841345 2137.259033 1837.937378 -1.000000
3.408016 3.472027 104.902801 2138.250977 1838.103760 -1.000000
3.408554 3.472589 104.964238 2139.229980 1792.788696 -1.000000
3.409092 3.473151 105.025654 2140.172363 1705.083496 -1.000000
3.409629 3.473712 105.087052 2141.056641 1580.575562 -1.000000
3.410166 3.474273 105.148430 2141.865234 1426.241577 -1.000000
3.410703 3.474834 105.209788 2142.584229 1249.365601 -1.000000
3.411239 3.475394 105.271127 2143.203125 1056.722900 -1.000000
3.411775 3.475954 105.332447 2143.715576 854.215942 -1.000000
3.412310 3.476514 105.393747 2144.117676 646.895935 -1.000000
3.412845 3.477073 105.455028 2144.408203 439.316864 -1.000000
3.413380 3.477631 105.516290 2144.588379 236.053253 -1.000000
3.413914 3.478189 105.577533 2144.662354 42.153004 -1.000000
3.414448 3.478747 105.638756 2144.636475 -136.457611 -1.000000
3.414982 3.479305 105.699960 2144.520996 -292.975311 -1.000000
3.415515 3.479862 105.761146 2144.329346 -420.011261 -1.000000
3.416048 3.480419 105.822312 2144.079834 -510.450012 -1.000000
3.416580 3.480975 105.883459 2143.793457 -558.506104 -1.000000
3.417112 3.481531 105.944587 2143.493896 -560.849060 -1.000000
3.417644 3.482086 106.005696 2143.205322 -517.251526 -1.000000
3.418175 3.482641 106.066787 2142.951904 -430.731415 -1.000000
3.418706 3.483196 106.127858 2142.754639 -306.747742 -1.000000
3.419237 3.483750 106.188911 2142.631592 -152.276901 -1.000000
3.419767 3.484304 106.249944 2142.597168 25.330570 -1.000000
3.420297 3.484858 106.310959 2142.661377 219.216339 -1.000000
3.420826 3.485411 106.371955 2142.831299 423.350067 -1.000000
3.421355 3.485964 106.432933 2143.110596 632.565552 -1.000000
3.421884 3.486516 106.493892 2143.500488 842.188782 -1.000000
3.422412 3.487068 106.554832 2144.000000 1047.547974 -1.000000
3.422940 3.487620 106.615753 2144.605225 1243.507324 -1.000000
3.423467 3.488171 106.676656 2145.309570 1424.100464 -1.000000
3.423995 3.488722 106.737541 2146.103271 1582.459961 -1.000000
3.424521 3.489273 106.798407 2146.972412 1711.175903 -1.000000
3.425048 3.489823 106.859254 2147.899170 1803.092407 -1.000000
3.425574 3.490372 106.920083 2148.862793 1852.379517 -1.000000
3.426100 3.490922 106.980894 2149.839355 1855.647461 -1.000000
3.426625 3.491471 107.041686 2150.805176 1812.611938 -1.000000
3.427150 3.492019 107.102460 2151.736084 1726.180908 -1.000000
3.427675 3.492568 107.163216 2152.610352 1601.846802 -1.000000
3.428199 3.493115 107.223953 2153.410400 1446.599976 -1.000000
3.428723 3.493663 107.284672 2154.122559 1267.799683 -1.000000
3.429246 3.494210 107.345373 2154.735596 1072.385986 -1.000000
3.429769 3.494757 107.406056 2155.242920 866.473877 -1.000000
3.430292 3.495303 107.466720 2155.640869 655.346680 -1.000000
3.430815 3.495849 107.527366 2155.927734 443.777710 -1.000000
3.431337 3.496395 107.587995 2156.104980 236.555435 -1.000000
3.431858 3.496940 107.648605 2156.176270 38.912346 -1.000000
3.432380 3.497485 107.709197 2156.148438 -143.104218 -1.000000
3.432901 3.498029 107.769771 2156.031250 -302.563019 -1.000000
3.433421 3.498573 107.830328 2155.838623 -432.014343 -1.000000
3.433942 3.499117 107.890866 2155.588135 -524.259338 -1.000000
3.434461 3.499660 107.951386 2155.300781 -573.479797 -1.000000
3.434981 3.500203 108.011889 2155.000000 -576.303284 -1.000000
3.435500 3.500746 108.072374 2154.709961 -532.491821 -1.000000
3.436019 3.501288 108.132840 2154.454590 -444.992554 -1.000000
3.436538 3.501830 108.193290 2154.255371 -319.339783 -1.000000
3.437056 3.502371 108.253721 2154.129395 -162.532532 -1.000000
3.437573 3.502912 108.314134 2154.091064 18.023876 -1.000000
3.438091 3.503453 108.374530 2154.150879 215.352341 -1.000000
3.438608 3.503994 108.434909 2154.315430 423.245972 -1.000000
3.439125 3.504534 108.495269 2154.589111 636.367004 -1.000000
3.439641 3.505073 108.555612 2154.973145 849.800720 -1.000000
3.440157 3.505613 108.615938 2155.465576 1058.676147 -1.000000
3.440673 3.506151 108.676246 2156.063232 1257.661011 -1.000000
3.441188 3.506690 108.736536 2156.759277 1440.562256 -1.000000
3.441703 3.507228 108.796809 2157.543457 1600.362183 -1.000000
3.442217 3.507766 108.857064 2158.401611 1729.587524 -1.000000
3.442732 3.508304 108.917302 2159.316162 1821.053345 -1.000000
3.443245 3.508841 108.977523 2160.266113 1869.035645 -1.000000
3.443759 3.509377 109.037726 2161.228271 1870.229126 -1.000000
3.444272 3.509914 109.097912 2162.177979 1824.528687 -1.000000
3.444785 3.510450 109.158080 2163.092529 1734.975586 -1.000000
3.445297 3.510986 109.218232 2163.950684 1607.147827 -1.000000
3.445810 3.511521 109.278366 2164.734131 1448.090332 -1.000000
3.446321 3.512056 109.338482 2165.429199 1265.285767 -1.000000
3.446833 3.512590 109.398582 2166.025879 1065.750122 -1.000000
3.447344 3.513125 109.458664 2166.517334 855.701172 -1.000000
3.447855 3.513658 109.518729 2166.899658 640.571228 -1.000000
3.448365 3.514192 109.578777 2167.171875 425.329010 -1.000000
3.448875 3.514725 109.638808 2167.334961 214.978867 -1.000000
3.449385 3.515258 109.698822 2167.392822 15.010152 -1.000000
3.449894 3.515790 109.758819 2167.353027 -168.287277 -1.000000
3.450403 3.516322 109.818799 2167.225586 -327.777252 -1.000000
3.450912 3.516854 109.878761 2167.024902 -455.930847 -1.000000
3.451420 3.517386 109.938707 2166.768799 -545.592651 -1.000000
3.451928 3.517917 109.998636 2166.478271 -591.126038 -1.000000
3.452436 3.518447 110.058548 2166.176514 -589.430664 -1.000000
3.452943 3.518978 110.118443 2165.887695 -540.579346 -1.000000
3.453450 3.519508 110.178321 2165.635498 -447.782440 -1.000000
3.453957 3.520037 110.238182 2165.440186 -316.789429 -1.000000
3.454463 3.520567 110.298027 2165.319580 -154.729568 -1.000000
3.454969 3.521095 110.357854 2165.287598 30.893072 -1.000000
3.455475 3.521624 110.417665 2165.353760 233.032913 -1.000000
3.455980 3.522152 110.477460 2165.524902 445.450165 -1.000000
3.456485 3.522680 110.537237 2165.804688 662.640869 -1.000000
3.456990 3.523208 110.596998 2166.193848 879.562195 -1.000000
3.457494 3.523735 110.656742 2166.690918 1091.103882 -1.000000
3.457998 3.524262 110.716469 2167.291992 1291.623901 -1.000000
3.458502 3.524788 110.776180 2167.989258 1474.681152 -1.000000
3.459005 3.525314 110.835875 2168.772461 1633.039551 -1.000000
3.459508 3.525840 110.895552 2169.626953 1759.105103 -1.000000
3.460010 3.526366 110.955213 2170.534668 1845.834351 -1.000000
3.460513 3.526891 111.014858 2171.474121 1887.722046 -1.000000
3.461015 3.527415 111.074486 2172.422363 1881.936523 -1.000000
3.461516 3.527940 111.134098 2173.354980 1828.810059 -1.000000
3.462018 3.528464 111.193693 2174.249268 1731.832764 -1.000000
3.462518 3.528988 111.253272 2175.084473 1596.907471 -1.000000
3.463019 3.529511 111.312834 2175.843506 1431.272095 -1.000000
3.463519 3.530034 111.372380 2176.513184 1242.440063 -1.000000
3.464019 3.530557 111.431910 2177.083740 1037.462036 -1.000000
3.464519 3.531079 111.491423 2177.548584 822.588745 -1.000000
3.465018 3.531601 111.550920 2177.904541 603.347961 -1.000000
3.465517 3.532123 111.610401 2178.150879 384.881256 -1.000000
3.466016 3.532644 111.669865 2178.289307 172.451462 -1.000000
3.466514 3.533165 111.729313 2178.324951 -28.176960 -1.000000
3.467012 3.533686 111.788745 2178.264648 -210.372284 -1.000000
3.467510 3.534206 111.848161 2178.120117 -366.805969 -1.000000
3.468007 3.534726 111.907561 2177.905762 -489.861115 -1.000000
3.468504 3.535246 111.966944 2177.640137 -572.533569 -1.000000
3.469001 3.535765 112.026312 2177.344727 -609.603516 -1.000000
3.469497 3.536284 112.085663 2177.042725 -598.527588 -1.000000
3.469993 3.536803 112.144998 2176.758545 -540.014709 -1.000000
3.470489 3.537321 112.204317 2176.514404 -437.859009 -1.000000
3.470984 3.537839 112.263620 2176.330811 -298.191742 -1.000000
3.471479 3.538357 112.322908 2176.224121 -128.345383 -1.000000
3.471974 3.538874 112.382179 2176.207520 64.140518 -1.000000
3.472469 3.539391 112.441434 2176.290039 272.237091 -1.000000
3.472963 3.539908 112.500673 2176.478027 489.700775 -1.000000
3.473456 3.540424 112.559896 2176.774414 710.967529 -1.000000
3.473950 3.540940 112.619104 2177.179443 930.825195 -1.000000
3.474443 3.541455 112.678295 2177.691406 1143.881592 -1.000000
3.474936 3.541971 112.737471 2178.305420 1344.143799 -1.000000
3.475428 3.542486 112.796630 2179.012939 1524.819336 -1.000000
3.475921 3.543000 112.855774 2179.802490 1678.444336 -1.000000
3.476412 3.543515 112.914902 2180.658936 1797.396729 -1.000000
3.476904 3.544029 112.974015 2181.563232 1874.835571 -1.000000
3.477395 3.544542 113.033111 2182.493652 1905.861084 -1.000000
3.477886 3.545056 113.092192 2183.427002 1888.327026 -1.000000
3.478377 3.545569 113.151257 2184.339355 1823.378418 -1.000000
3.478867 3.546081 113.210307 2185.208740 1715.165894 -1.000000
3.479357 3.546594 113.269341 2186.014893 1570.045532 -1.000000
3.479847 3.547106 113.328359 2186.742188 1395.459106 -1.000000
3.480336 3.547617 113.387361 2187.377930 1198.959839 -1.000000
3.480825 3.548129 113.446348 2187.913086 987.541443 -1.000000
3.481314 3.548640 113.505319 2188.342285 767.435181 -1.000000
3.481802 3.549151 113.564275 2188.662598 544.210632 -1.000000
3.482290 3.549661 113.623215 2188.874023 323.197418 -1.000000
3.482778 3.550171 113.682140 2188.979004 109.960175 -1.000000
3.483265 3.550681 113.741049 2188.983154 -89.332397 -1.000000
3.483752 3.551190 113.799943 2188.895264 -267.718109 -1.000000
3.484239 3.551699 113.858821 2188.727295 -417.593658 -1.000000
3.484726 3.552208 113.917684 2188.495117 -531.371643 -1.000000
3.485212 3.552717 113.976531 2188.217773 -602.428528 -1.000000
3.485698 3.553225 114.035363 2187.917236 -626.178223 -1.000000
3.486183 3.553733 114.094179 2187.617432 -601.006897 -1.000000
3.486669 3.554240 114.152980 2187.341553 -528.548828 -1.000000
3.487154 3.554747 114.211766 2187.111572 -413.390839 -1.000000
3.487638 3.555254 114.270536 2186.946533 -262.112518 -1.000000
3.488123 3.555761 114.329291 2186.862305 -82.310654 -1.000000
3.488607 3.556267 114.388031 2186.870117 118.495644 -1.000000
3.489090 3.556773 114.446756 2186.979004 333.364014 -1.000000
3.489574 3.557278 114.505465 2187.193848 556.098633 -1.000000
3.490057 3.557784 114.564159 2187.516846 781.099548 -1.000000
3.490540 3.558289 114.622838 2187.947998 1002.944153 -1.000000
3.491022 3.558793 114.681501 2188.483887 1215.907837 -1.000000
3.491504 3.559298 114.740150 2189.118896 1413.592041 -1.000000
3.491986 3.559802 114.798783 2189.843262 1588.835815 -1.000000
3.492468 3.560305 114.857401 2190.644775 1733.965088 -1.000000
3.492949 3.560809 114.916004 2191.507080 1841.437134 -1.000000
3.493430 3.561312 114.974592 2192.409912 1904.875854 -1.000000
3.493911 3.561814 115.033165 2193.331299 1920.189941 -1.000000
3.494391 3.562317 115.091722 2194.247559 1886.312012 -1.000000
3.494871 3.562819 115.150265 2195.135254 1805.489502 -1.000000
3.495351 3.563321 115.208793 2195.973389 1682.709473 -1.000000
3.495831 3.563822 115.267305 2196.743896 1524.832397 -1.000000
3.496310 3.564323 115.325803 2197.431152 1339.480835 -1.000000
3.496789 3.564824 115.384285 2198.024170 1134.191162 -1.000000
3.497267 3.565325 115.442753 2198.515137 915.821716 -1.000000
3.497745 3.565825 115.501206 2198.899414 690.542297 -1.000000
3.498223 3.566325 115.559643 2199.175537 463.968445 -1.000000
3.498701 3.566825 115.618066 2199.343750 241.641663 -1.000000
3.499179 3.567324 115.676474 2199.407959 29.487522 -1.000000
3.499656 3.567823 115.734867 2199.374512 -165.880920 -1.000000
3.500132 3.568322 115.793245 2199.253418 -337.089264 -1.000000
3.500609 3.568820 115.851609 2199.058350 -476.394165 -1.000000
3.501085 3.569318 115.909957 2198.806152 -576.384277 -1.000000
3.501561 3.569816 115.968291 2198.517090 -631.019714 -1.000000
3.502037 3.570313 116.026610 2198.213623 -636.755249 -1.000000
3.502512 3.570811 116.084914 2197.919678 -593.191833 -1.000000
3.502987 3.571308 116.143203 2197.657715 -503.121948 -1.000000
3.503462 3.571804 116.201478 2197.448486 -371.992126 -1.000000
3.503936 3.572300 116.259738 2197.309814 -206.944244 -1.000000
3.504410 3.572796 116.317983 2197.256348 -15.681158 -1.000000
3.504884 3.573292 116.376214 2197.298096 194.312317 -1.000000
3.505357 3.573787 116.434429 2197.442139 416.222321 -1.000000
3.505831 3.574282 116.492631 2197.692871 643.961426 -1.000000
3.506304 3.574777 116.550817 2198.051270 871.863464 -1.000000
3.506776 3.575271 116.608989 2198.516113 1094.250366 -1.000000
3.507249 3.575766 116.667146 2199.083252 1305.000244 -1.000000
3.507721 3.576259 116.725289 2199.745361 1497.260620 -1.000000
3.508192 3.576753 116.783417 2200.492188 1663.488281 -1.000000
3.508664 3.577246 116.841531 2201.309326 1795.843506 -1.000000
3.509135 3.577739 116.899630 2202.178711 1887.121460 -1.000000
3.509606 3.578232 116.957714 2203.079834 1931.763794 -1.000000
3.510077 3.578724 117.015784 2203.989990 1926.816284 -1.000000
3.510547 3.579216 117.073840 2204.885498 1872.572998 -1.000000
3.511017 3.579708 117.131881 2205.743896 1772.496094 -1.000000
3.511487 3.580199 117.189907 2206.545166 1632.500854 -1.000000
3.511956 3.580690 117.247919 2207.272461 1459.927612 -1.000000
3.512425 3.581181 117.305917 2207.912109 1262.555420 -1.000000
3.512894 3.581672 117.363900 2208.454346 1047.792236 -1.000000
3.513363 3.582162 117.421869 2208.892822 822.371582 -1.000000
3.513831 3.582652 117.479824 2209.223877 592.355774 -1.000000
3.514299 3.583141 117.537764 2209.447266 363.477386 -1.000000
3.514767 3.583631 117.595690 2209.565186 141.556931 -1.000000
3.515234 3.584120 117.653601 2209.582031 -67.065033 -1.000000
3.515702 3.584609 117.711498 2209.505615 -255.253708 -1.000000
3.516168 3.585097 117.769381 2209.347900 -415.306091 -1.000000
3.516635 3.585585 117.827249 2209.123779 -539.441162 -1.000000
3.517101 3.586073 117.885103 2208.851562 -620.704102 -1.000000
3.517567 3.586561 117.942943 2208.552734 -654.058105 -1.000000
3.518033 3.587048 118.000769 2208.250244 -637.293762 -1.000000
3.518499 3.587535 118.058581 2207.967285 -571.488403 -1.000000
3.518964 3.588022 118.116378 2207.725586 -460.740448 -1.000000
3.519429 3.588508 118.174161 2207.544922 -311.428131 -1.000000
3.519893 3.588994 118.231930 2207.441162 -131.117172 -1.000000
3.520358 3.589480 118.289684 2207.427002 72.405151 -1.000000
3.520822 3.589966 118.347425 2207.510986 291.812958 -1.000000
3.521285 3.590451 118.405151 2207.698975 520.508423 -1.000000
3.521749 3.590936 118.462864 2207.994141 752.453430 -1.000000
3.522212 3.591420 118.520562 2208.395996 981.847656 -1.000000
3.522675 3.591905 118.578246 2208.902100 1202.673584 -1.000000
3.523138 3.592389 118.635916 2209.506836 1408.309692 -1.000000
3.523600 3.592873 118.693572 2210.201416 1591.406250 -1.000000
3.524062 3.593356 118.751214 2210.973145 1744.156860 -1.000000
3.524524 3.593839 118.808841 2211.806641 1858.851318 -1.000000
3.524986 3.594322 118.866455 2212.682617 1928.894775 -1.000000
3.525447 3.594805 118.924055 2213.579346 1949.869995 -1.000000
3.525908 3.595287 118.981641 2214.473389 1920.369629 -1.000000
3.526369 3.595769 119.039212 2215.341797 1842.307861 -1.000000
3.526829 3.596251 119.096770 2216.163574 1720.438721 -1.000000
3.527289 3.596733 119.154314 2216.919922 1561.551270 -1.000000
3.527749 3.597214 119.211844 2217.595947 1373.373657 -1.000000
3.528209 3.597695 119.269360 2218.179688 1163.670532 -1.000000
3.528668 3.598175 119.326862 2218.663330 939.668945 -1.000000
3.529127 3.598656 119.384350 2219.041748 707.883728 -1.000000
3.529586 3.599136 119.441824 2219.312744 474.352600 -1.000000
3.530044 3.599616 119.499285 2219.477295 244.975281 -1.000000
3.530503 3.600095 119.556731 2219.538818 25.990057 -1.000000
3.530961 3.600574 119.614164 2219.503662 -175.726364 -1.000000
3.531418 3.601053 119.671583 2219.381592 -352.586304 -1.000000
3.531876 3.601532 119.728988 2219.185791 -496.680054 -1.000000
3.532333 3.602010 119.786379 2218.933350 -600.468445 -1.000000
3.532790 3.602488 119.843757 2218.644043 -657.855835 -1.000000
3.533246 3.602966 119.901120 2218.340088 -665.168274 -1.000000
3.533703 3.603444 119.958470 2218.044434 -621.905334 -1.000000
3.534159 3.603921 120.015806 2217.779785 -530.790649 -1.000000
3.534614 3.604398 120.073129 2217.566650 -397.268188 -1.000000
3.535070 3.604875 120.130437 2217.422852 -228.505325 -1.000000
3.535525 3.605351 120.187732 2217.362549 -32.370304 -1.000000
3.535980 3.605827 120.245014 2217.396240 183.440063 -1.000000
3.536435 3.606303 120.302281 2217.531250 411.831482 -1.000000
3.536889 3.606779 120.359535 2217.771729 646.344788 -1.000000
3.537344 3.607254 120.416775 2218.118652 880.953552 -1.000000
3.537798 3.607729 120.474002 2218.571045 1109.607422 -1.000000
3.538251 3.608204 120.531215 2219.124023 1325.829590 -1.000000
3.538705 3.608678 120.588414 2219.770264 1522.492676 -1.000000
3.539158 3.609152 120.645600 2220.500000 1691.796631 -1.000000
3.539610 3.609626 120.702772 2221.297852 1825.791138 -1.000000
3.540063 3.610100 120.759931 2222.146729 1917.248291 -1.000000
3.540515 3.610573 120.817076 2223.025635 1960.661499 -1.000000
3.540967 3.611046 120.874207 2223.912354 1953.229736 -1.000000
3.541419 3.611519 120.931325 2224.783691 1895.401611 -1.000000
3.541871 3.611992 120.988430 2225.617676 1790.766846 -1.000000
3.542322 3.612464 121.045521 2226.394531 1645.385620 -1.000000
3.542773 3.612936 121.102598 2227.097168 1466.748047 -1.000000
3.543224 3.613408 121.159662 2227.713135 1262.780762 -1.000000
3.543674 3.613879 121.216712 2228.232666 1041.109863 -1.000000
3.544124 3.614350 121.273749 2228.649414 808.688416 -1.000000
3.544574 3.614821 121.330773 2228.960205 571.876648 -1.000000
3.545024 3.615292 121.387783 2229.164307 336.769531 -1.000000
3.545473 3.615762 121.444779 2229.264404 109.576065 -1.000000
3.545922 3.616232 121.501762 2229.265381 -102.956375 -1.000000
3.546371 3.616702 121.558732 2229.175293 -293.385132 -1.000000
3.546820 3.617172 121.615689 2229.006348 -453.754730 -1.000000
3.547268 3.617641 121.672632 2228.773926 -576.215088 -1.000000
3.547716 3.618110 121.729561 2228.496582 -653.913757 -1.000000
3.548164 3.618579 121.786478 2228.195557 -682.097656 -1.000000
3.548612 3.619047 121.843380 2227.893555 -658.941711 -1.000000
3.549059 3.619515 121.900270 2227.613525 -585.865173 -1.000000
3.549506 3.619983 121.957146 2227.376465 -467.329285 -1.000000
3.549953 3.620451 122.014009 2227.201660 -309.965851 -1.000000
3.550400 3.620918 122.070859 2227.104492 -121.534111 -1.000000
3.550846 3.621385 122.127695 2227.096680 90.043320 -1.000000
3.551292 3.621852 122.184518 2227.187256 317.294250 -1.000000
3.551738 3.622319 122.241328 2227.381104 553.352173 -1.000000
3.552183 3.622785 122.298125 2227.680664 791.910645 -1.000000
3.552628 3.623251 122.354908 2228.085693 1026.812744 -1.000000
3.553073 3.623717 122.411678 2228.593262 1251.609009 -1.000000
3.553518 3.624182 122.468435 2229.197021 1459.261841 -1.000000
3.553963 3.624648 122.525179 2229.887207 1642.078979 -1.000000
3.554407 3.625113 122.581909 2230.651367 1792.035889 -1.000000
3.554851 3.625577 122.638627 2231.473145 1901.438232 -1.000000
3.555295 3.626042 122.695331 2232.332764 1963.983887 -1.000000
3.555738 3.626506 122.752022 2233.208252 1975.775391 -1.000000
3.556181 3.626970 122.808700 2234.076904 1936.045166 -1.000000
3.556624 3.627434 122.865364 2234.916748 1847.264160 -1.000000
3.557067 3.627897 122.922016 2235.706787 1714.678345 -1.000000
3.557509 3.628360 122.978655 2236.429443 1545.403198 -1.000000
3.557952 3.628823 123.035280 2237.069824 1347.370361 -1.000000
3.558393 3.629286 123.091892 2237.617188 1128.505615 -1.000000
3.558835 3.629748 123.148491 2238.064697 896.161743 -1.000000
3.559277 3.630210 123.205078 2238.407715 657.000854 -1.000000
3.559718 3.630672 123.261651 2238.644775 417.369354 -1.000000
3.560159 3.631134 123.318211 2238.777100 183.550339 -1.000000
3.560599 3.631595 123.374758 2238.808838 -37.771431 -1.000000
3.561040 3.632056 123.431292 2238.746826 -239.251801 -1.000000
3.561480 3.632517 123.487813 2238.602295 -412.974976 -1.000000
3.561920 3.632977 123.544321 2238.388916 -550.881470 -1.000000
3.562360 3.633437 123.600816 2238.124268 -645.642639 -1.000000
3.562799 3.633897 123.657298 2237.828857 -691.656616 -1.000000
3.563238 3.634357 123.713767 2237.524414 -685.980591 -1.000000
3.563677 3.634817 123.770223 2237.233887 -628.966736 -1.000000
3.564116 3.635276 123.826666 2236.979492 -524.100403 -1.000000
3.564554 3.635735 123.883096 2236.780762 -377.404907 -1.000000
3.564992 3.636194 123.939513 2236.654053 -196.423218 -1.000000
3.565430 3.636652 123.995918 2236.612793 10.818319 -1.000000
3.565868 3.637110 124.052309 2236.666504 236.512314 -1.000000
3.566306 3.637568 124.108688 2236.821533 473.488892 -1.000000
3.566743 3.638026 124.165053 2237.081543 715.090332 -1.000000
3.567180 3.638483 124.221406 2237.446533 954.998169 -1.000000
3.567616 3.638941 124.277746 2237.915039 1186.713135 -1.000000
3.568053 3.639398 124.334073 2238.480957 1403.282959 -1.000000
3.568489 3.639854 124.390388 2239.136475 1597.095581 -1.000000
3.568925 3.640311 124.446689 2239.869629 1760.040894 -1.000000
3.569361 3.640767 124.502978 2240.665283 1884.198730 -1.000000
3.569796 3.641223 124.559253 2241.504395 1962.730957 -1.000000
3.570231 3.641678 124.615516 2242.366699 1990.851685 -1.000000
3.570666 3.642134 124.671767 2243.229492 1966.776733 -1.000000
3.571101 3.642589 124.728004 2244.070312 1891.955078 -1.000000
3.571536 3.643044 124.784229 2244.867676 1770.902222 -1.000000
3.571970 3.643499 124.840441 2245.603271 1610.295288 -1.000000
3.572404 3.643953 124.896640 2246.261475 1417.989868 -1.000000
3.572838 3.644407 124.952826 2246.830566 1202.008423 -1.000000
3.573271 3.644861 125.009000 2247.302002 970.032227 -1.000000
3.573704 3.645315 125.065161 2247.670410 729.110596 -1.000000
3.574138 3.645768 125.121309 2247.933350 485.805695 -1.000000
3.574570 3.646221 125.177445 2248.091553 246.558578 -1.000000
3.575003 3.646674 125.233568 2248.148193 18.083817 -1.000000
3.575435 3.647127 125.289678 2248.109863 -192.366043 -1.000000
3.575867 3.647579 125.345775 2247.985840 -376.889160 -1.000000
3.576299 3.648031 125.401860 2247.789307 -527.329346 -1.000000
3.576731 3.648483 125.457933 2247.536621 -636.008789 -1.000000
3.577162 3.648935 125.513992 2247.247314 -696.683899 -1.000000
3.577593 3.649386 125.570039 2246.942871 -705.630066 -1.000000
3.578024 3.649837 125.626074 2246.646240 -662.209106 -1.000000
3.578455 3.650288 125.682095 2246.379395 -569.084778 -1.000000
3.578885 3.650739 125.738105 2246.162598 -431.725494 -1.000000
3.579315 3.651189 125.794101 2246.013428 -257.388733 -1.000000
3.579745 3.651639 125.850085 2245.945557 -54.129974 -1.000000
3.580175 3.652089 125.906057 2245.969971 170.053909 -1.000000
3.580604 3.652539 125.962016 2246.093506 407.651672 -1.000000
3.581033 3.652988 126.017962 2246.321045 651.759521 -1.000000
3.581462 3.653438 126.073896 2246.653076 895.828125 -1.000000
3.581891 3.653887 126.129817 2247.088379 1133.280396 -1.000000
3.582320 3.654335 126.185726 2247.622559 1357.157715 -1.000000
3.582748 3.654784 126.241622 2248.248291 1559.850952 -1.000000
3.583176 3.655232 126.297506 2248.954346 1733.270508 -1.000000
3.583604 3.655680 126.353377 2249.726562 1869.297119 -1.000000
3.584031 3.656127 126.409236 2250.547119 1960.658081 -1.000000
3.584459 3.656575 126.465082 2251.395508 2001.993530 -1.000000
3.584886 3.657022 126.520916 2252.250000 1990.718262 -1.000000
3.585312 3.657469 126.576737 2253.088135 1927.476929 -1.000000
3.585739 3.657916 126.632546 2253.888428 1816.100464 -1.000000
3.586165 3.658362 126.688343 2254.631348 1662.835205 -1.000000
3.586592 3.658809 126.744127 2255.301270 1475.381470 -1.000000
3.587018 3.659255 126.799899 2255.885010 1261.881714 -1.000000
3.587443 3.659700 126.855658 2256.373291 1030.255981 -1.000000
3.587869 3.660146 126.911405 2256.760498 787.834778 -1.000000
3.588294 3.660591 126.967140 2257.042969 541.423950 -1.000000
3.588719 3.661036 127.022862 2257.221191 297.631592 -1.000000
3.589144 3.661481 127.078571 2257.297607 63.205109 -1.000000
3.589568 3.661926 127.134269 2257.277588 -154.565277 -1.000000
3.589992 3.662370 127.189954 2257.170166 -347.808655 -1.000000
3.590416 3.662814 127.245627 2256.987305 -508.286713 -1.000000
3.590840 3.663258 127.301287 2256.744873 -628.059570 -1.000000
3.591264 3.663701 127.356935 2256.461670 -700.492676 -1.000000
3.591687 3.664145 127.412571 2256.158691 -721.172241 -1.000000
3.592110 3.664588 127.468194 2255.858398 -688.772156 -1.000000
3.592533 3.665031 127.523805 2255.583008 -605.305054 -1.000000
3.592956 3.665473 127.579404 2255.353271 -475.674042 -1.000000
3.593378 3.665916 127.634991 2255.187012 -306.837067 -1.000000
3.593801 3.666358 127.690565 2255.098877 -106.862633 -1.000000
3.594223 3.666800 127.746127 2255.100098 116.137871 -1.000000
3.594644 3.667242 127.801677 2255.198975 354.414307 -1.000000
3.595066 3.667683 127.857215 2255.400146 600.763794 -1.000000
3.595487 3.668124 127.912740 2255.705566 848.444641 -1.000000
3.595908 3.668565 127.968253 2256.114014 1090.743652 -1.000000
3.596329 3.669006 128.023754 2256.622070 1320.647095 -1.000000
3.596750 3.669446 128.079243 2257.222656 1530.559448 -1.000000
3.597170 3.669887 128.134719 2257.905518 1712.349365 -1.000000
3.597590 3.670327 128.190184 2258.656982 1857.801392 -1.000000
3.598010 3.670767 128.245636 2259.459961 1959.366943 -1.000000
3.598430 3.671206 128.301076 2260.294922 2011.197388 -1.000000
3.598849 3.671645 128.356504 2261.140381 2010.094116 -1.000000
3.599269 3.672085 128.411919 2261.973633 1956.095337 -1.000000
3.599688 3.672523 128.467323 2262.773438 1852.453491 -1.000000
3.600106 3.672962 128.522714 2263.519775 1705.057617 -1.000000
3.600525 3.673400 128.578094 2264.196289 1521.415894 -1.000000
3.600943 3.673839 128.633461 2264.789307 1309.748657 -1.000000
3.601361 3.674277 128.688816 2265.289062 1078.174316 -1.000000
3.601779 3.674714 128.744159 2265.688965 834.241516 -1.000000
3.602197 3.675152 128.799490 2265.985352 585.014282 -1.000000
3.602614 3.675589 128.854808 2266.177734 337.263275 -1.000000
3.603032 3.676026 128.910115 2266.268066 97.867691 -1.000000
3.603449 3.676463 128.965410 2266.261475 -125.873207 -1.000000
3.603865 3.676899 129.020692 2266.166260 -326.047180 -1.000000
3.604282 3.677336 129.075963 2265.994141 -494.357117 -1.000000
3.604698 3.677772 129.131221 2265.760254 -622.733826 -1.000000
3.605114 3.678208 129.186468 2265.482178 -704.177124 -1.000000
3.605530 3.678643 129.241702 2265.181396 -733.898804 -1.000000
3.605946 3.679079 129.296924 2264.879639 -710.026855 -1.000000
3.606362 3.679514 129.352135 2264.598633 -633.997131 -1.000000
3.606777 3.679949 129.407333 2264.359619 -510.287323 -1.000000
3.607192 3.680383 129.462520 2264.180664 -345.627350 -1.000000
3.607607 3.680818 129.517694 2264.077393 -147.961075 -1.000000
3.608021 3.681252 129.572856 2264.061523 74.421623 -1.000000
3.608435 3.681686 129.628007 2264.141357 313.579010 -1.000000
3.608850 3.682120 129.683145 2264.322754 562.085022 -1.000000
3.609264 3.682553 129.738272 2264.607422 812.972656 -1.000000
3.609677 3.682987 129.793387 2264.994873 1059.405518 -1.000000
3.610091 3.683420 129.848489 2265.481934 1294.286133 -1.000000
3.610504 3.683853 129.903580 2266.062012 1509.991333 -1.000000
3.610917 3.684285 129.958659 2266.725586 1698.338013 -1.000000
3.611330 3.684718 130.013726 2267.459473 1851.014404 -1.000000
3.611742 3.685150 130.068781 2268.247314 1960.261108 -1.000000
3.612155 3.685582 130.123824 2269.069824 2019.908813 -1.000000
3.612567 3.686014 130.178855 2269.905518 2026.347534 -1.000000
3.612979 3.686445 130.233875 2270.732422 1979.126953 -1.000000
3.613391 3.686877 130.288882 2271.528809 1881.104370 -1.000000
3.613802 3.687308 130.343878 2272.274902 1737.846191 -1.000000
3.614213 3.687739 130.398862 2272.953857 1556.765381 -1.000000
3.614625 3.688169 130.453834 2273.551514 1346.067749 -1.000000
3.615035 3.688600 130.508794 2274.057373 1114.025635 -1.000000
3.615446 3.689030 130.563742 2274.464844 868.408997 -1.000000
3.615856 3.689460 130.618679 2274.769775 616.478027 -1.000000
3.616267 3.689889 130.673603 2274.970947 365.182312 -1.000000
3.616677 3.690319 130.728516 2275.070312 121.509552 -1.000000
3.617086 3.690748 130.783417 2275.072754 -107.132233 -1.000000
3.617496 3.691177 130.838307 2274.985840 -312.801605 -1.000000
3.617905 3.691606 130.893184 2274.820801 -487.114227 -1.000000
3.618315 3.692035 130.948050 2274.592529 -621.879150 -1.000000
3.618723 3.692463 131.002904 2274.318604 -709.914429 -1.000000
3.619132 3.692891 131.057746 2274.019287 -746.086792 -1.000000
3.619541 3.693319 131.112577 2273.716309 -728.145508 -1.000000
3.619949 3.693747 131.167395 2273.431641 -657.147583 -1.000000
3.620357 3.694175 131.222202 2273.186279 -537.296326 -1.000000
3.620765 3.694602 131.276997 2272.999023 -375.139465 -1.000000
3.621173 3.695029 131.331781 2272.885498 -178.586395 -1.000000
3.621580 3.695456 131.386553 2272.857422 43.976761 -1.000000
3.621987 3.695882 131.441313 2272.923828 284.461426 -1.000000
3.622394 3.696309 131.496061 2273.090576 535.258179 -1.000000
3.622801 3.696735 131.550798 2273.360107 789.205444 -1.000000
3.623208 3.697161 131.605523 2273.731934 1039.329712 -1.000000
3.623614 3.697587 131.660237 2274.203613 1278.381836 -1.000000
3.624020 3.698012 131.714938 2274.768311 1498.666748 -1.000000
3.624426 3.698438 131.769628 2275.416748 1691.962524 -1.000000
3.624832 3.698863 131.824307 2276.136475 1849.864258 -1.000000
3.625237 3.699288 131.878974 2276.911377 1964.487183 -1.000000
3.625643 3.699712 131.933629 2277.722656 2029.428833 -1.000000
3.626048 3.700137 131.988272 2278.549072 2040.807739 -1.000000
3.626453 3.700561 132.042904 2279.368652 1997.883545 -1.000000
3.626858 3.700985 132.097524 2280.159912 1903.247681 -1.000000
3.627262 3.701409 132.152133 2280.902588 1762.273193 -1.000000
3.627666 3.701832 132.206730 2281.579834 1582.290894 -1.000000
3.628070 3.702256 132.261316 2282.177490 1371.547607 -1.000000
3.628474 3.702679 132.315889 2282.685059 1138.403442 -1.000000
3.628878 3.703102 132.370452 2283.094971 890.800537 -1.000000
3.629281 3.703525 132.425003 2283.403076 636.180359 -1.000000
3.629685 3.703947 132.479542 2283.608154 381.660248 -1.000000
3.630088 3.704369 132.534069 2283.711914 134.389755 -1.000000
3.630491 3.704791 132.588585 2283.718750 -98.160324 -1.000000
3.630893 3.705213 132.643090 2283.636230 -307.911865 -1.000000
3.631296 3.705635 132.697583 2283.475342 -486.483307 -1.000000
3.631698 3.706056 132.752065 2283.250244 -625.549438 -1.000000
3.632100 3.706478 132.806535 2282.978760 -717.783936 -1.000000
3.632502 3.706899 132.860993 2282.680176 -757.866272 -1.000000
3.632903 3.707319 132.915440 2282.376953 -743.345825 -1.000000
3.633305 3.707740 132.969876 2282.090576 -675.084412 -1.000000
3.633706 3.708160 133.024300 2281.841797 -557.090454 -1.000000
3.634107 3.708580 133.078712 2281.649414 -395.769165 -1.000000
3.634507 3.709000 133.133113 2281.529541 -199.091919 -1.000000
3.634908 3.709420 133.187503 2281.493896 24.534513 -1.000000
3.635308 3.709840 133.241881 2281.551758 266.881653 -1.000000
3.635709 3.710259 133.296247 2281.709229 520.154297 -1.000000
3.636109 3.710678 133.350603 2281.968506 777.063599 -1.000000
3.636508 3.711097 133.404946 2282.330078 1030.421265 -1.000000
3.636908 3.711516 133.459279 2282.790527 1272.903687 -1.000000
3.637307 3.711934 133.513600 2283.343994 1496.690063 -1.000000
3.637706 3.712352 133.567909 2283.981689 1693.487915 -1.000000
3.638105 3.712770 133.622207 2284.690674 1854.777588 -1.000000
3.638504 3.713188 133.676494 2285.455322 1972.580933 -1.000000
3.638903 3.713606 133.730769 2286.256836 2040.415161 -1.000000
3.639301 3.714023 133.785033 2287.074219 2054.248779 -1.000000
3.639699 3.714440 133.839286 2287.885986 2013.200562 -1.000000
3.640097 3.714857 133.893527 2288.670166 1919.722656 -1.000000
3.640495 3.715274 133.947757 2289.406982 1779.133789 -1.000000
3.640892 3.715691 134.001975 2290.079590 1598.701904 -1.000000
3.641290 3.716107 134.056182 2290.673584 1386.750732 -1.000000
3.641687 3.716523 134.110378 2291.178223 1151.729126 -1.000000
3.642084 3.716939 134.164563 2291.586182 901.722412 -1.000000
3.642480 3.717355 134.218736 2291.893066 644.314514 -1.000000
3.642877 3.717770 134.272897 2292.097412 386.771759 -1.000000
3.643273 3.718186 134.327048 2292.200928 136.405457 -1.000000
3.643669 3.718601 134.381187 2292.207520 -99.164238 -1.000000
3.644065 3.719016 134.435315 2292.125244 -311.794556 -1.000000
3.644461 3.719430 134.489431 2291.964844 -492.949646 -1.000000
3.644856 3.719845 134.543536 2291.740479 -634.275696 -1.000000
3.645252 3.720259 134.597630 2291.469482 -728.382324 -1.000000
3.645647 3.720673 134.651713 2291.171631 -769.915955 -1.000000
3.646042 3.721087 134.705784 2290.868408 -756.336670 -1.000000
3.646437 3.721501 134.759845 2290.581543 -688.427979 -1.000000
3.646831 3.721914 134.813893 2290.331543 -570.136353 -1.000000
3.647225 3.722328 134.867931 2290.137207 -407.912933 -1.000000
3.647620 3.722741 134.921958 2290.014404 -209.683670 -1.000000
3.648014 3.723154 134.975973 2289.975342 16.043032 -1.000000
3.648407 3.723566 135.029977 2290.029541 260.897278 -1.000000
3.648801 3.723979 135.083969 2290.182373 516.970398 -1.000000
3.649194 3.724391 135.137951 2290.436768 776.786682 -1.000000
3.649587 3.724803 135.191921 2290.792725 1033.052368 -1.000000
3.649980 3.725215 135.245880 2291.247314 1278.254272 -1.000000
3.650373 3.725626 135.299828 2291.794434 1504.462036 -1.000000
3.650766 3.726038 135.353765 2292.425049 1703.245850 -1.000000
3.651158 3.726449 135.407690 2293.126709 1866.026978 -1.000000
3.651550 3.726860 135.461605 2293.883301 1984.793945 -1.000000
3.651942 3.727271 135.515508 2294.676514 2053.052246 -1.000000
3.652334 3.727681 135.569400 2295.485352 2066.794922 -1.000000
3.652726 3.728092 135.623281 2296.288574 2025.125000 -1.000000
3.653117 3.728502 135.677150 2297.064453 1930.525879 -1.000000
3.653508 3.728912 135.731009 2297.793213 1788.308838 -1.000000
3.653899 3.729322 135.784856 2298.458008 1605.813843 -1.000000
3.654290 3.729732 135.838693 2299.044678 1391.425171 -1.000000
3.654681 3.730141 135.892518 2299.542480 1153.672607 -1.000000
3.655071 3.730550 135.946332 2299.943848 900.763916 -1.000000
3.655461 3.730959 136.000135 2300.244629 640.418274 -1.000000
3.655851 3.731368 136.053926 2300.443359 380.073486 -1.000000
3.656241 3.731777 136.107707 2300.541992 127.168747 -1.000000
3.656631 3.732185 136.161477 2300.544678 -110.531776 -1.000000
3.657020 3.732593 136.215235 2300.458984 -324.741119 -1.000000
3.657410 3.733001 136.268983 2300.295898 -506.835571 -1.000000
3.657799 3.733409 136.322719 2300.069824 -648.432556 -1.000000
3.658188 3.733817 136.376445 2299.797852 -742.129639 -1.000000
3.658576 3.734224 136.430159 2299.499512 -782.606934 -1.000000
3.658965 3.734631 136.483862 2299.197021 -767.444397 -1.000000
3.659353 3.735038 136.537554 2298.910645 -697.503723 -1.000000
3.659741 3.735445 136.591236 2298.661865 -576.833923 -1.000000
3.660129 3.735852 136.644906 2298.468750 -411.900146 -1.000000
3.660517 3.736258 136.698565 2298.347168 -210.769165 -1.000000
3.660904 3.736664 136.752213 2298.309082 17.975737 -1.000000
3.661292 3.737070 136.805850 2298.363525 265.922241 -1.000000
3.661679 3.737476 136.859476 2298.516357 525.033752 -1.000000
3.662066 3.737882 136.913091 2298.770508 787.691101 -1.000000
3.662453 3.738287 136.966695 2299.125732 1046.427124 -1.000000
3.662839 3.738692 137.020288 2299.578613 1293.589600 -1.000000
3.663226 3.739098 137.073870 2300.123047 1521.087158 -1.000000
3.663612 3.739502 137.127441 2300.750244 1720.376953 -1.000000
3.663998 3.739907 137.181002 2301.447266 1882.829712 -1.000000
3.664384 3.740311 137.234551 2302.197998 2000.446777 -1.000000
3.664769 3.740716 137.288089 2302.984131 2066.788330 -1.000000
3.665155 3.741120 137.341616 2303.784912 2077.967529 -1.000000
3.665540 3.741524 137.395133 2304.578613 2033.297119 -1.000000
3.665925 3.741927 137.448638 2305.344482 1935.416992 -1.000000
3.666310 3.742331 137.502133 2306.062988 1789.762451 -1.000000
3.666695 3.742734 137.555616 2306.717041 1603.767578 -1.000000
3.667079 3.743137 137.609089 2307.292480 1385.876587 -1.000000
3.667464 3.743540 137.662550 2307.779541 1144.692627 -1.000000
3.667848 3.743943 137.716001 2308.170410 888.541260 -1.000000
3.668232 3.744345 137.769441 2308.461426 625.240845 -1.000000
3.668616 3.744748 137.822870 2308.650635 362.386688 -1.000000
3.668999 3.745150 137.876288 2308.740479 107.566116 -1.000000
3.669383 3.745552 137.929696 2308.735352 -131.289749 -1.000000
3.669766 3.745953 137.983092 2308.643066 -345.743469 -1.000000
3.670149 3.746355 138.036477 2308.474854 -527.138977 -1.000000
3.670532 3.746756 138.089852 2308.244873 -667.017883 -1.000000
3.670915 3.747157 138.143216 2307.970459 -758.081543 -1.000000
3.671297 3.747558 138.196569 2307.671631 -795.152527 -1.000000
3.671679 3.747959 138.249911 2307.369629 -776.013489 -1.000000
3.672061 3.748360 138.303242 2307.085693 -701.808838 -1.000000
3.672443 3.748760 138.356562 2306.840088 -576.744751 -1.000000
3.672825 3.749160 138.409872 2306.651123 -407.506073 -1.000000
3.673207 3.749560 138.463171 2306.533691 -202.196884 -1.000000
3.673588 3.749960 138.516459 2306.500244 30.522861 -1.000000
3.673969 3.750360 138.569736 2306.559570 282.109436 -1.000000
3.674350 3.750759 138.623002 2306.716797 544.452087 -1.000000
3.674731 3.751159 138.676258 2306.974609 809.835693 -1.000000
3.675112 3.751558 138.729503 2307.332764 1070.617920 -1.000000
3.675492 3.751956 138.782737 2307.787842 1318.987549 -1.000000
3.675873 3.752355 138.835960 2308.333252 1546.698120 -1.000000
3.676253 3.752754 138.889172 2308.959961 1745.098022 -1.000000
3.676633 3.753152 138.942374 2309.655029 1905.470825 -1.000000
3.677012 3.753550 138.995565 2310.402100 2019.893188 -1.000000
3.677392 3.753948 139.048745 2311.182373 2082.091797 -1.000000
3.677771 3.754346 139.101914 2311.975342 2088.423584 -1.000000
3.678150 3.754743 139.155073 2312.759766 2038.478760 -1.000000
3.678529 3.755141 139.208221 2313.514404 1935.166016 -1.000000
3.678908 3.755538 139.261358 2314.220459 1784.188965 -1.000000
3.679287 3.755935 139.314484 2314.860840 1593.146240 -1.000000
3.679665 3.756332 139.367600 2315.422607 1370.594727 -1.000000
3.680044 3.756728 139.420705 2315.895508 1125.202881 -1.000000
3.680422 3.757125 139.473799 2316.272217 865.358398 -1.000000
3.680800 3.757521 139.526883 2316.549072 598.985657 -1.000000
3.681177 3.757917 139.579956 2316.725098 333.839417 -1.000000
3.681555 3.758313 139.633018 2316.802490 77.637207 -1.000000
3.681932 3.758708 139.686070 2316.786133 -161.483734 -1.000000
3.682310 3.759104 139.739111 2316.684082 -374.973999 -1.000000
3.682687 3.759499 139.792141 2316.507812 -554.035339 -1.000000
3.683063 3.759894 139.845160 2316.271973 -690.251770 -1.000000
3.683440 3.760289 139.898169 2315.994141 -776.490356 -1.000000
3.683817 3.760684 139.951167 2315.694092 -807.868774 -1.000000
3.684193 3.761079 140.004155 2315.393311 -782.496704 -1.000000
3.684569 3.761473 140.057132 2315.112549 -701.837891 -1.000000
3.684945 3.761867 140.110098 2314.872070 -570.453247 -1.000000
3.685321 3.762261 140.163054 2314.689697 -395.238312 -1.000000
3.685696 3.762655 140.215999 2314.579834 -184.483688 -1.000000
3.686072 3.763049 140.268933 2314.554688 53.084087 -1.000000
3.686447 3.763442 140.321857 2314.622070 308.868927 -1.000000
3.686822 3.763835 140.374770 2314.787598 574.669312 -1.000000
3.687197 3.764228 140.427673 2315.053223 842.675781 -1.000000
3.687572 3.764621 140.480565 2315.418701 1105.084106 -1.000000
3.687946 3.765014 140.533446 2315.879883 1353.884277 -1.000000
3.688321 3.765406 140.586317 2316.429932 1580.628662 -1.000000
3.688695 3.765799 140.639177 2317.059082 1776.581787 -1.000000
3.689069 3.766191 140.692027 2317.754150 1933.044922 -1.000000
3.689443 3.766583 140.744866 2318.498779 2042.159058 -1.000000
3.689816 3.766975 140.797694 2319.273926 2097.952148 -1.000000
3.690190 3.767366 140.850512 2320.059082 2097.177002 -1.000000
3.690563 3.767758 140.903320 2320.833008 2039.827515 -1.000000
3.690936 3.768149 140.956116 2321.574951 1929.202148 -1.000000
3.691309 3.768540 141.008903 2322.266357 1771.316528 -1.000000
3.691682 3.768931 141.061679 2322.891113 1573.958984 -1.000000
3.692055 3.769322 141.114444 2323.436035 1345.802979 -1.000000
3.692427 3.769712 141.167199 2323.891113 1095.609497 -1.000000
3.692799 3.770103 141.219943 2324.249756 831.854309 -1.000000
3.693171 3.770493 141.272676 2324.509277 562.542297 -1.000000
3.693543 3.770883 141.325400 2324.668701 295.501862 -1.000000
3.693915 3.771273 141.378112 2324.730469 38.676659 -1.000000
3.694287 3.771662 141.430815 2324.699951 -199.650436 -1.000000
3.694658 3.772052 141.483506 2324.585693 -410.758789 -1.000000
3.695029 3.772441 141.536188 2324.399414 -585.765808 -1.000000
3.695400 3.772830 141.588858 2324.156494 -716.361572 -1.000000
3.695771 3.773219 141.641519 2323.874512 -795.653381 -1.000000
3.696142 3.773608 141.694168 2323.573730 -819.118530 -1.000000
3.696512 3.773996 141.746808 2323.274902 -785.378296 -1.000000
3.696883 3.774385 141.799437 2322.999023 -696.356384 -1.000000
3.697253 3.774773 141.852055 2322.765625 -557.002502 -1.000000
3.697623 3.775161 141.904663 2322.592285 -374.490143 -1.000000
3.697993 3.775549 141.957261 2322.493164 -157.285934 -1.000000
3.698362 3.775936 142.009848 2322.479492 85.798332 -1.000000
3.698732 3.776324 142.062424 2322.558594 346.099213 -1.000000
3.699101 3.776711 142.114991 2322.736084 615.384888 -1.000000
3.699470 3.777098 142.167546 2323.013428 885.682190 -1.000000
3.699839 3.777485 142.220092 2323.389160 1149.044312 -1.000000
3.700208 3.777872 142.272627 2323.859375 1397.283569 -1.000000
3.700577 3.778258 142.325152 2324.416748 1621.813599 -1.000000
3.700945 3.778645 142.377666 2325.050781 1813.744141 -1.000000
3.701313 3.779031 142.430170 2325.748047 1964.357788 -1.000000
3.701681 3.779417 142.482663 2326.491699 2066.033691 -1.000000
3.702049 3.779803 142.535146 2327.262207 2113.191406 -1.000000
3.702417 3.780189 142.587619 2328.039062 2103.069336 -1.000000
3.702785 3.780574 142.640081 2328.801758 2036.232178 -1.000000
3.703152 3.780960 142.692533 2329.529541 1916.449585 -1.000000
3.703520 3.781345 142.744975 2330.204102 1750.101685 -1.000000
3.703887 3.781730 142.797406 2330.810303 1545.223511 -1.000000
3.704254 3.782115 142.849827 2331.335205 1310.624756 -1.000000
3.704620 3.782499 142.902237 2331.769531 1055.138794 -1.000000
3.704987 3.782884 142.954638 2332.107422 787.260681 -1.000000
3.705353 3.783268 143.007028 2332.346191 515.108704 -1.000000
3.705720 3.783652 143.059407 2332.485596 246.629929 -1.000000
3.706086 3.784036 143.111776 2332.528320 -10.019860 -1.000000
3.706452 3.784420 143.164135 2332.480469 -246.346207 -1.000000
3.706817 3.784804 143.216484 2332.351318 -453.485596 -1.000000
3.707183 3.785187 143.268822 2332.153564 -622.553223 -1.000000
3.707548 3.785570 143.321150 2331.902100 -745.363403 -1.000000
3.707914 3.785953 143.373468 2331.615479 -815.351624 -1.000000
3.708279 3.786336 143.425775 2331.313477 -828.551086 -1.000000
3.708644 3.786719 143.478073 2331.017334 -784.112427 -1.000000
3.709008 3.787102 143.530359 2330.747803 -684.595825 -1.000000
3.709373 3.787484 143.582636 2330.524170 -535.436096 -1.000000
3.709737 3.787866 143.634902 2330.362793 -344.184540 -1.000000
3.710102 3.788248 143.687158 2330.277588 -119.457245 -1.000000
3.710466 3.788630 143.739404 2330.278809 129.840408 -1.000000
3.710830 3.789012 143.791640 2330.374023 394.989349 -1.000000
3.711193 3.789393 143.843865 2330.567139 667.689209 -1.000000
3.711557 3.789775 143.896080 2330.859619 939.876465 -1.000000
3.711921 3.790156 143.948285 2331.249756 1203.438110 -1.000000
3.712284 3.790537 144.000480 2331.732422 1449.993652 -1.000000
3.712647 3.790918 144.052664 2332.299805 1670.744751 -1.000000
3.713010 3.791298 144.104838 2332.941406 1856.714355 -1.000000
3.713373 3.791679 144.157002 2333.642578 1999.265747 -1.000000
3.713735 3.792059 144.209156 2334.385742 2091.116211 -1.000000
3.714098 3.792439 144.261300 2335.152100 2127.151367 -1.000000
3.714460 3.792819 144.313433 2335.920410 2105.279541 -1.000000
3.714822 3.793199 144.365556 2336.670166 2026.692627 -1.000000
3.715184 3.793579 144.417669 2337.381348 1895.848022 -1.000000
3.715546 3.793958 144.469772 2338.036621 1719.518311 -1.000000
3.715907 3.794338 144.521864 2338.620850 1506.034180 -1.000000
3.716269 3.794717 144.573947 2339.122314 1264.298462 -1.000000
3.716630 3.795096 144.626019 2339.532227 1003.220520 -1.000000
3.716991 3.795474 144.678081 2339.845459 731.290527 -1.000000
3.717352 3.795853 144.730133 2340.059814 456.717163 -1.000000
3.717713 3.796232 144.782175 2340.176025 187.602539 -1.000000
3.718074 3.796610 144.834206 2340.197021 -67.714508 -1.000000
3.718434 3.796988 144.886228 2340.129883 -300.544769 -1.000000
3.718794 3.797366 144.938239 2339.984375 -501.895477 -1.000000
3.719155 3.797744 144.990240 2339.773438 -662.920837 -1.000000
3.719515 3.798121 145.042232 2339.513184 -775.672729 -1.000000
3.719874 3.798499 145.094213 2339.222168 -834.067566 -1.000000
3.720234 3.798876 145.146183 2338.920654 -834.742188 -1.000000
3.720594 3.799253 145.198144 2338.629150 -777.647949 -1.000000
3.720953 3.799630 145.250095 2338.368408 -665.967102 -1.000000
3.721312 3.800007 145.302035 2338.156494 -505.700562 -1.000000
3.721671 3.800383 145.353966 2338.009766 -304.697571 -1.000000
3.722030 3.800760 145.405886 2337.941162 -71.763031 -1.000000
3.722389 3.801136 145.457796 2337.960938 184.078812 -1.000000
3.722747 3.801512 145.509697 2338.074951 454.119324 -1.000000
3.723106 3.801888 145.561587 2338.287109 729.990906 -1.000000
3.723464 3.802264 145.613467 2338.597900 1003.500244 -1.000000
3.723822 3.802640 145.665337 2339.004883 1266.353882 -1.000000
3.724180 3.803015 145.717197 2339.502197 1509.957275 -1.000000
3.724537 3.803390 145.769046 2340.082031 1725.357300 -1.000000
3.724895 3.803765 145.820886 2340.731934 1903.524292 -1.000000
3.725252 3.804140 145.872716 2341.437500 2036.049072 -1.000000
3.725610 3.804515 145.924536 2342.180908 2115.986816 -1.000000
3.725967 3.804890 145.976345 2342.942383 2138.836670 -1.000000
3.726324 3.805264 146.028145 2343.701416 2103.268799 -1.000000
3.726681 3.805639 146.079935 2344.437012 2011.281738 -1.000000
3.727037 3.806013 146.131714 2345.130371 1867.927490 -1.000000
3.727394 3.806387 146.183484 2345.764160 1680.457520 -1.000000
3.727750 3.806760 146.235243 2346.324219 1457.503418 -1.000000
3.728106 3.807134 146.286993 2346.799805 1208.080078 -1.000000
3.728462 3.807507 146.338732 2347.182861 941.103271 -1.000000
3.728818 3.807881 146.390462 2347.468750 665.148193 -1.000000
3.729174 3.808254 146.442182 2347.656006 388.481506 -1.000000
3.729529 3.808627 146.493891 2347.745850 119.393631 -1.000000
3.729884 3.809000 146.545591 2347.742676 -133.573898 -1.000000
3.730240 3.809372 146.597280 2347.653809 -361.515015 -1.000000
3.730595 3.809745 146.648960 2347.489990 -555.343506 -1.000000
3.730950 3.810117 146.700630 2347.264893 -706.307617 -1.000000
3.731304 3.810489 146.752290 2346.994873 -806.771667 -1.000000
3.731659 3.810861 146.803939 2346.699219 -851.231934 -1.000000
3.732013 3.811233 146.855579 2346.398193 -837.143372 -1.000000
3.732368 3.811605 146.907209 2346.112793 -765.250305 -1.000000
3.732722 3.811976 146.958829 2345.862549 -639.605225 -1.000000
3.733076 3.812348 147.010439 2345.665527 -466.754822 -1.000000
3.733429 3.812719 147.062039 2345.536865 -254.963791 -1.000000
3.733783 3.813090 147.113629 2345.488770 -13.193182 -1.000000
3.734136 3.813461 147.165209 2345.530029 249.508820 -1.000000
3.734490 3.813831 147.216780 2345.666504 524.405090 -1.000000
3.734843 3.814202 147.268340 2345.901123 803.022034 -1.000000
3.735196 3.814572 147.319891 2346.233154 1077.100342 -1.000000
3.735549 3.814942 147.371431 2346.659668 1338.140869 -1.000000
3.735902 3.815313 147.422962 2347.174805 1577.292603 -1.000000
3.736254 3.815682 147.474483 2347.768555 1785.456543 -1.000000
3.736606 3.816052 147.525994 2348.428467 1953.650269 -1.000000
3.736959 3.816422 147.577495 2349.139160 2073.731445 -1.000000
3.737311 3.816791 147.628986 2349.882568 2139.302246 -1.000000
3.737663 3.817160 147.680467 2350.638672 2146.583496 -1.000000
3.738015 3.817529 147.731938 2351.386719 2095.180664 -1.000000
3.738366 3.817898 147.783400 2352.106201 1987.969482 -1.000000
3.738718 3.818267 147.834852 2352.778564 1830.732056 -1.000000
3.739069 3.818636 147.886293 2353.387695 1631.194092 -1.000000
3.739420 3.819004 147.937725 2353.920410 1398.209351 -1.000000
3.739771 3.819372 147.989148 2354.366455 1140.925537 -1.000000
3.740122 3.819741 148.040560 2354.719238 868.237183 -1.000000
3.740473 3.820109 148.091962 2354.974854 588.740601 -1.000000
3.740823 3.820476 148.143355 2355.132568 310.826324 -1.000000
3.741174 3.820844 148.194738 2355.194092 42.933510 -1.000000
3.741524 3.821212 148.246111 2355.165039 -206.184097 -1.000000
3.741874 3.821579 148.297474 2355.053223 -427.423279 -1.000000
3.742224 3.821946 148.348827 2354.870361 -611.645996 -1.000000
3.742574 3.822313 148.400171 2354.630859 -750.262024 -1.000000
3.742923 3.822680 148.451505 2354.352051 -836.154968 -1.000000
3.743273 3.823047 148.502828 2354.053223 -864.515015 -1.000000
3.743622 3.823413 148.554143 2353.754639 -833.722168 -1.000000
3.743971 3.823780 148.605447 2353.477539 -745.499146 -1.000000
3.744320 3.824146 148.656742 2353.240479 -604.662354 -1.000000
3.744669 3.824512 148.708026 2353.061035 -418.405121 -1.000000
3.745018 3.824878 148.759301 2352.953125 -195.301270 -1.000000
3.745366 3.825244 148.810567 2352.928223 55.507038 -1.000000
3.745715 3.825609 148.861822 2352.994141 324.946472 -1.000000
3.746063 3.825975 148.913068 2353.155762 604.265869 -1.000000
3.746411 3.826340 148.964304 2353.415283 884.967163 -1.000000
3.746759 3.826705 149.015530 2353.771240 1158.574707 -1.000000
3.747107 3.827070 149.066747 2354.219727 1416.382324 -1.000000
3.747455 3.827435 149.117953 2354.753662 1649.359253 -1.000000
3.747802 3.827800 149.169150 2355.362305 1848.340576 -1.000000
3.748150 3.828164 149.220338 2356.032959 2004.383301 -1.000000
3.748497 3.828528 149.271515 2356.748779 2109.728516 -1.000000
3.748844 3.828893 149.322683 2357.491211 2158.676270 -1.000000
3.749191 3.829257 149.373841 2358.239990 2148.453613 -1.000000
3.749538 3.829621 149.424990 2358.975098 2079.555664 -1.000000
3.749884 3.829984 149.476128 2359.676025 1955.828979 -1.000000
3.750231 3.830348 149.527257 2360.325439 1783.737793 -1.000000
3.750577 3.830711 149.578377 2360.907471 1571.515015 -1.000000
3.750923 3.831075 149.629486 2361.410400 1328.213379 -1.000000
3.751269 3.831438 149.680586 2361.824463 1063.021729 -1.000000
3.751615 3.831801 149.731676 2362.144287 784.896484 -1.000000
3.751961 3.832163 149.782757 2362.366943 502.450928 -1.000000
3.752306 3.832526 149.833828 2362.492432 224.203674 -1.000000
3.752652 3.832889 149.884889 2362.523682 -41.204395 -1.000000
3.752997 3.833251 149.935941 2362.466797 -284.806854 -1.000000
3.753342 3.833613 149.986983 2362.330566 -497.306213 -1.000000
3.753687 3.833975 150.038015 2362.128174 -669.618347 -1.000000
3.754032 3.834337 150.089037 2361.874512 -793.451111 -1.000000
3.754377 3.834699 150.140050 2361.587646 -862.307861 -1.000000
3.754721 3.835060 150.191054 2361.287109 -872.333435 -1.000000
3.755066 3.835422 150.242047 2360.993652 -822.924072 -1.000000
3.755410 3.835783 150.293031 2360.727051 -716.813843 -1.000000
3.755754 3.836144 150.344006 2360.506104 -559.664978 -1.000000
3.756098 3.836505 150.394970 2360.346924 -359.231842 -1.000000
3.756442 3.836866 150.445926 2360.262939 -124.417747 -1.000000
3.756786 3.837227 150.496871 2360.264404 135.535461 -1.000000
3.757129 3.837587 150.547807 2360.358154 411.506836 -1.000000
3.757473 3.837948 150.598733 2360.548096 694.721924 -1.000000
3.757816 3.838308 150.649650 2360.835205 976.585571 -1.000000
3.758159 3.838668 150.700557 2361.217285 1248.467651 -1.000000
3.758502 3.839028 150.751455 2361.689453 1501.440308 -1.000000
3.758845 3.839388 150.802343 2362.243652 1726.275513 -1.000000
3.759187 3.839747 150.853221 2362.868652 1913.729614 -1.000000
3.759530 3.840107 150.904090 2363.549805 2055.093750 -1.000000
3.759872 3.840466 150.954949 2364.270020 2143.178223 -1.000000
3.760214 3.840825 151.005799 2365.010254 2173.148438 -1.000000
3.760556 3.841184 151.056639 2365.750244 2143.292725 -1.000000
3.760898 3.841543 151.107469 2366.469727 2055.247559 -1.000000
3.761240 3.841902 151.158290 2367.149170 1913.807983 -1.000000
3.761582 3.842260 151.209102 2367.772217 1726.143799 -1.000000
3.761923 3.842619 151.259903 2368.323975 1500.876831 -1.000000
3.762265 3.842977 151.310696 2368.793701 1247.274780 -1.000000
3.762606 3.843335 151.361478 2369.173096 974.517212 -1.000000
3.762947 3.843693 151.412252 2369.457275 691.577148 -1.000000
3.763288 3.844051 151.463015 2369.644531 407.145081 -1.000000
3.763629 3.844408 151.513770 2369.735352 129.872498 -1.000000
3.763969 3.844766 151.564514 2369.734619 -131.354874 -1.000000
3.764310 3.845123 151.615249 2369.648682 -367.334869 -1.000000
3.764650 3.845480 151.665975 2369.488525 -568.769836 -1.000000
3.764990 3.845838 151.716691 2369.267090 -726.670227 -1.000000
3.765330 3.846194 151.767398 2369.000244 -833.252991 -1.000000
3.765670 3.846551 151.818095 2368.706787 -882.723755 -1.000000
3.766010 3.846908 151.868783 2368.407227 -872.332153 -1.000000
3.766350 3.847264 151.919461 2368.121094 -802.633240 -1.000000
3.766689 3.847621 151.970129 2367.868652 -677.469788 -1.000000
3.767028 3.847977 152.020789 2367.666992 -503.315155 -1.000000
3.767368 3.848333 152.071438 2367.531738 -288.483063 -1.000000
3.767707 3.848689 152.122079 2367.474854 -42.088219 -1.000000
3.768046 3.849044 152.172709 2367.505859 226.541794 -1.000000
3.768384 3.849400 152.223331 2367.629883 508.316010 -1.000000
3.768723 3.849755 152.273943 2367.850586 794.410095 -1.000000
3.769061 3.850111 152.324545 2368.167236 1076.119263 -1.000000
3.769400 3.850466 152.375138 2368.577393 1344.603760 -1.000000
3.769738 3.850821 152.425721 2369.074707 1590.714722 -1.000000
3.770076 3.851176 152.476296 2369.649658 1805.070923 -1.000000
3.770414 3.851530 152.526860 2370.290283 1978.499268 -1.000000
3.770752 3.851885 152.577415 2370.981201 2102.674561 -1.000000
3.771089 3.852239 152.627961 2371.704590 2171.067627 -1.000000
3.771427 3.852594 152.678498 2372.440430 2179.895752 -1.000000
3.771764 3.852948 152.729025 2373.168945 2128.654297 -1.000000
3.772102 3.853302 152.779542 2373.870117 2020.163452 -1.000000
3.772439 3.853656 152.830050 2374.525635 1860.153687 -1.000000
3.772776 3.854009 152.880549 2375.119141 1656.485962 -1.000000
3.773112 3.854363 152.931038 2375.637695 1418.130127 -1.000000
3.773449 3.854716 152.981518 2376.071289 1154.437500 -1.000000
3.773786 3.855069 153.031989 2376.412842 874.685364 -1.000000
3.774122 3.855423 153.082450 2376.658691 587.835938 -1.000000
3.774458 3.855776 153.132902 2376.808594 302.623596 -1.000000
3.774794 3.856128 153.183344 2376.863770 27.907974 -1.000000
3.775130 3.856481 153.233777 2376.829590 -227.219391 -1.000000
3.775466 3.856833 153.284201 2376.714600 -453.399353 -1.000000
3.775802 3.857186 153.334615 2376.529785 -641.279114 -1.000000
3.776137 3.857538 153.385020 2376.289307 -782.121033 -1.000000
3.776473 3.857890 153.435415 2376.010986 -868.769592 -1.000000
3.776808 3.858242 153.485802 2375.713623 -896.530823 -1.000000
3.777143 3.858594 153.536178 2375.416992 -863.776062 -1.000000
3.777478 3.858946 153.586546 2375.141357 -772.325623 -1.000000
3.777813 3.859297 153.636904 2374.905518 -627.069763 -1.000000
3.778148 3.859648 153.687253 2374.726562 -435.323029 -1.000000
3.778482 3.860000 153.737592 2374.618652 -205.849319 -1.000000
3.778817 3.860351 153.787923 2374.592285 52.007992 -1.000000
3.779151 3.860702 153.838243 2374.655518 328.888641 -1.000000
3.779485 3.861053 153.888555 2374.813232 615.720215 -1.000000
3.779819 3.861403 153.938857 2375.066895 903.606384 -1.000000
3.780153 3.861754 153.989150 2375.416016 1183.689697 -1.000000
3.780487 3.862104 154.039434 2375.855713 1446.881714 -1.000000
3.780820 3.862454 154.089708 2376.378906 1683.850708 -1.000000
3.781154 3.862804 154.139973 2376.975342 1885.150879 -1.000000
3.781487 3.863154 154.190229 2377.631104 2041.786011 -1.000000
3.781821 3.863504 154.240475 2378.330322 2145.990967 -1.000000
3.782154 3.863854 154.290712 2379.054443 2192.198242 -1.000000
3.782487 3.864203 154.340940 2379.783691 2177.809326 -1.000000
3.782819 3.864553 154.391159 2380.497803 2103.594971 -1.000000
3.783152 3.864902 154.441368 2381.177246 1973.634888 -1.000000
3.783484 3.865251 154.491568 2381.804932 1794.564575 -1.000000
3.783817 3.865600 154.541759 2382.365967 1574.800415 -1.000000
3.784149 3.865949 154.591941 2382.848145 1323.616821 -1.000000
3.784481 3.866297 154.642113 2383.242676 1050.484375 -1.000000
3.784813 3.866646 154.692276 2383.544189 764.616516 -1.000000
3.785145 3.866994 154.742430 2383.749756 474.990509 -1.000000
3.785477 3.867343 154.792574 2383.859863 190.513031 -1.000000
3.785808 3.867691 154.842710 2383.877686 -79.759491 -1.000000
3.786140 3.868039 154.892836 2383.809814 -326.520142 -1.000000
3.786471 3.868386 154.942953 2383.665283 -540.282288 -1.000000
3.786802 3.868734 154.993060 2383.456787 -711.797485 -1.000000
3.787133 3.869082 155.043159 2383.199707 -832.841309 -1.000000
3.787464 3.869429 155.093248 2382.911865 -897.068665 -1.000000
3.787795 3.869776 155.143328 2382.613037 -900.911133 -1.000000
3.788126 3.870123 155.193399 2382.323242 -844.172607 -1.000000
3.788456 3.870470 155.243460 2382.061768 -729.960388 -1.000000
3.788786 3.870817 155.293512 2381.846924 -564.198181 -1.000000
3.789117 3.871164 155.343556 2381.694092 -354.918854 -1.000000
3.789447 3.871511 155.393590 2381.616455 -111.243629 -1.000000
3.789777 3.871857 155.443614 2381.623535 157.360870 -1.000000
3.790107 3.872203 155.493630 2381.721924 441.534546 -1.000000
3.790436 3.872549 155.543637 2381.915283 732.160278 -1.000000
3.790766 3.872895 155.593634 2382.204102 1020.289673 -1.000000
3.791095 3.873241 155.643622 2382.586182 1296.851440 -1.000000
3.791425 3.873587 155.693601 2383.055908 1552.613525 -1.000000
3.791754 3.873933 155.743571 2383.605225 1777.996338 -1.000000
3.792083 3.874278 155.793531 2384.221924 1963.585205 -1.000000
3.792412 3.874623 155.843483 2384.891846 2100.739258 -1.000000
3.792740 3.874969 155.893425 2385.597656 2182.442627 -1.000000
3.793069 3.875314 155.943358 2386.320312 2204.239502 -1.000000
3.793398 3.875659 155.993282 2387.039551 2164.927979 -1.000000
3.793726 3.876003 156.043197 2387.735840 2066.625732 -1.000000
3.794054 3.876348 156.093103 2388.390869 1914.576050 -1.000000
3.794382 3.876692 156.143000 2388.987549 1716.276489 -1.000000
3.794710 3.877037 156.192887 2389.512695 1480.675415 -1.000000
3.795038 3.877381 156.242766 2389.955566 1217.282471 -1.000000
3.795366 3.877725 156.292635 2390.308838 935.507812 -1.000000
3.795693 3.878069 156.342495 2390.567627 644.607178 -1.000000
3.796021 3.878413 156.392346 2390.730957 353.672607 -1.000000
3.796348 3.878757 156.442188 2390.799805 71.727074 -1.000000
3.796675 3.879100 156.492021 2390.779541 -191.932709 -1.000000
3.797002 3.879443 156.541845 2390.677246 -427.827759 -1.000000
3.797329 3.879787 156.591659 2390.503662 -626.387756 -1.000000
3.797656 3.880130 156.641465 2390.272705 -778.640198 -1.000000
3.797983 3.880473 156.691261 2390.000732 -877.037109 -1.000000
3.798309 3.880816 156.741049 2389.706299 -916.300049 -1.000000
3.798636 3.881158 156.790827 2389.409424 -894.247742 -1.000000
3.798962 3.881501 156.840597 2389.129639 -812.114685 -1.000000
3.799288 3.881843 156.890357 2388.885986 -674.250549 -1.000000
3.799614 3.882186 156.940108 2388.695557 -487.641510 -1.000000
3.799940 3.882528 156.989850 2388.572510 -260.924835 -1.000000
3.800266 3.882870 157.039583 2388.528809 -3.511832 -1.000000
3.800591 3.883212 157.089307 2388.572266 275.058716 -1.000000
3.800917 3.883554 157.139022 2388.708984 565.391602 -1.000000
3.801242 3.883895 157.188728 2388.940430 858.380249 -1.000000
3.801567 3.884237 157.238425 2389.266602 1144.918457 -1.000000
3.801892 3.884578 157.288113 2389.683350 1415.742432 -1.000000
3.802217 3.884919 157.337792 2390.184326 1661.328735 -1.000000
3.802542 3.885261 157.387461 2390.759277 1872.077026 -1.000000
3.802867 3.885602 157.437122 2391.395752 2038.738403 -1.000000
3.803191 3.885942 157.486774 2392.077637 2153.260498 -1.000000
3.803516 3.886283 157.536417 2392.787109 2209.597168 -1.000000
3.803840 3.886624 157.586050 2393.504639 2204.686523 -1.000000
3.804164 3.886964 157.635675 2394.210449 2138.752441 -1.000000
3.804489 3.887304 157.685291 2394.885254 2015.355103 -1.000000
3.804812 3.887644 157.734898 2395.510986 1840.851807 -1.000000
3.805136 3.887985 157.784495 2396.072754 1623.546875 -1.000000
3.805460 3.888324 157.834084 2396.558350 1372.774292 -1.000000
3.805783 3.888664 157.883664 2396.958740 1098.082642 -1.000000
3.806107 3.889004 157.933235 2397.267578 808.952026 -1.000000
3.806430 3.889343 157.982796 2397.481689 514.639709 -1.000000
3.806753 3.889683 158.032349 2397.600830 224.271988 -1.000000
3.807076 3.890022 158.081893 2397.628174 -52.861065 -1.000000
3.807399 3.890361 158.131428 2397.569336 -307.304779 -1.000000
3.807722 3.890700 158.180954 2397.433594 -529.394470 -1.000000
3.808045 3.891039 158.230471 2397.232422 -709.659912 -1.000000
3.808367 3.891378 158.279979 2396.980957 -839.585693 -1.000000
3.808690 3.891716 158.329478 2396.697021 -912.549011 -1.000000
3.809012 3.892055 158.378968 2396.399414 -924.559387 -1.000000
3.809334 3.892393 158.428449 2396.107910 -874.944031 -1.000000
3.809656 3.892731 158.477922 2395.842285 -766.332275 -1.000000
3.809978 3.893069 158.527385 2395.620361 -604.477173 -1.000000
3.810300 3.893407 158.576839 2395.458252 -397.189575 -1.000000
3.810621 3.893745 158.626285 2395.368896 -153.630646 -1.000000
3.810943 3.894082 158.675722 2395.362305 116.611069 -1.000000
3.811264 3.894420 158.725149 2395.445801 403.901062 -1.000000
3.811586 3.894757 158.774568 2395.622559 698.908203 -1.000000
3.811907 3.895095 158.823978 2395.894287 992.431946 -1.000000
3.812228 3.895432 158.873379 2396.258789 1275.174927 -1.000000
3.812549 3.895769 158.922771 2396.710938 1537.660034 -1.000000
3.812869 3.896106 158.972154 2397.242676 1770.207397 -1.000000
3.813190 3.896442 159.021528 2397.842285 1963.242188 -1.000000
3.813511 3.896779 159.070893 2398.496338 2107.905762 -1.000000
3.813831 3.897115 159.120250 2399.187256 2196.935547 -1.000000
3.814151 3.897452 159.169597 2399.896973 2225.573975 -1.000000
3.814471 3.897788 159.218936 2400.605957 2192.200195 -1.000000
3.814791 3.898124 159.268266 2401.293945 2098.616455 -1.000000
3.815111 3.898460 159.317587 2401.942871 1949.800049 -1.000000
3.815431 3.898796 159.366899 2402.536133 1753.114014 -1.000000
3.815751 3.899131 159.416202 2403.059570 1517.456421 -1.000000
3.816070 3.899467 159.465497 2403.502686 1252.424438 -1.000000
3.816389 3.899802 159.514782 2403.857422 967.706604 -1.000000
3.816709 3.900138 159.564059 2404.119385 672.758728 -1.000000
3.817028 3.900473 159.613327 2404.286865 376.852020 -1.000000
3.817347 3.900808 159.662586 2404.360840 89.309700 -1.000000
3.817666 3.901143 159.711836 2404.345947 -180.406113 -1.000000
3.817985 3.901478 159.761077 2404.249023 -422.662140 -1.000000
3.818303 3.901812 159.810310 2404.080566 -627.720642 -1.000000
3.818622 3.902147 159.859533 2403.854004 -786.394226 -1.000000
3.818940 3.902481 159.908748 2403.585205 -890.922852 -1.000000
3.819258 3.902816 159.957954 2403.292969 -935.803406 -1.000000
3.819576 3.903150 160.007151 2402.996338 -918.516785 -1.000000
3.819894 3.903484 160.056340 2402.715332 -840.082764 -1.000000
3.820212 3.903818 160.105519 2402.468506 -704.626404 -1.000000
3.820530 3.904151 160.154690 2402.272949 -519.002747 -1.000000
3.820848 3.904485 160.203852 2402.143311 -291.813751 -1.000000
3.821165 3.904818 160.253006 2402.091064 -32.536762 -1.000000
3.821483 3.905152 160.302150 2402.125244 249.009995 -1.000000
3.821800 3.905485 160.351286 2402.250732 543.312744 -1.000000
3.822117 3.905818 160.400413 2402.470215 840.968140 -1.000000
3.822434 3.906151 160.449531 2402.783447 1132.646729 -1.000000
3.822751 3.906484 160.498641 2403.186768 1408.864258 -1.000000
3.823068 3.906817 160.547742 2403.673828 1659.981934 -1.000000
3.823385 3.907149 160.596834 2404.234863 1876.186279 -1.000000
3.823701 3.907482 160.645917 2404.857422 2048.090820 -1.000000
3.824018 3.907814 160.694992 2405.525879 2167.491211 -1.000000
3.824334 3.908147 160.744058 2406.222656 2228.198730 -1.000000
3.824650 3.908479 160.793116 2406.928955 2226.868408 -1.000000
3.824966 3.908811 160.842164 2407.624756 2163.537109 -1.000000
3.825282 3.909142 160.891205 2408.290283 2041.658569 -1.000000
3.825598 3.909474 160.940236 2408.908936 1867.452271 -1.000000
3.825914 3.909806 160.989259 2409.465088 1649.199463 -1.000000
3.826229 3.910137 161.038273 2409.946533 1396.278931 -1.000000
3.826545 3.910469 161.087279 2410.343750 1118.435303 -1.000000
3.826860 3.910800 161.136276 2410.650635 825.347046 -1.000000
3.827175 3.911131 161.185264 2410.863770 526.526123 -1.000000
3.827490 3.911462 161.234244 2410.982910 231.362152 -1.000000
3.827805 3.911793 161.283215 2411.011230 -50.710026 -1.000000
3.828120 3.912124 161.332178 2410.953613 -309.975281 -1.000000
3.828435 3.912454 161.381132 2410.819336 -536.614929 -1.000000
3.828749 3.912785 161.430078 2410.620361 -721.057129 -1.000000
3.829064 3.913115 161.479015 2410.371338 -854.713989 -1.000000
3.829378 3.913445 161.527943 2410.089111 -930.740540 -1.000000
3.829693 3.913775 161.576863 2409.792480 -945.040344 -1.000000
3.830007 3.914105 161.625774 2409.501465 -896.798706 -1.000000
3.830321 3.914435 161.674677 2409.235107 -788.610229 -1.000000
3.830635 3.914765 161.723572 2409.011475 -626.083862 -1.000000
3.830948 3.915094 161.772458 2408.846680 -417.079834 -1.000000
3.831262 3.915424 161.821335 2408.753662 -170.869324 -1.000000
3.831576 3.915753 161.870204 2408.742432 102.813774 -1.000000
3.831889 3.916082 161.919065 2408.820068 394.170929 -1.000000
3.832202 3.916412 161.967917 2408.990479 693.620361 -1.000000
3.832515 3.916741 162.016760 2409.254639 991.704773 -1.000000
3.832828 3.917069 162.065596 2409.610352 1278.958252 -1.000000
3.833141 3.917398 162.114422 2410.052979 1545.680298 -1.000000
3.833454 3.917727 162.163241 2410.574219 1782.041016 -1.000000
3.833767 3.918055 162.212051 2411.163086 1978.346436 -1.000000
3.834079 3.918384 162.260852 2411.806152 2125.604004 -1.000000
3.834392 3.918712 162.309645 2412.486084 2216.479248 -1.000000
3.834704 3.919040 162.358430 2413.184814 2246.117432 -1.000000
3.835017 3.919368 162.407206 2413.882812 2212.874756 -1.000000
3.835329 3.919696 162.455974 2414.560303 2118.547119 -1.000000
3.835641 3.920024 162.504734 2415.199219 1968.078857 -1.000000
3.835952 3.920351 162.553485 2415.783203 1768.908081 -1.000000
3.836264 3.920679 162.602228 2416.298340 1530.000977 -1.000000
3.836576 3.921006 162.650962 2416.733887 1261.100952 -1.000000
3.836887 3.921333 162.699689 2417.082031 972.054688 -1.000000
3.837199 3.921660 162.748407 2417.338623 672.532227 -1.000000
3.837510 3.921987 162.797116 2417.500977 372.100708 -1.000000
3.837821 3.922314 162.845817 2417.570801 80.258377 -1.000000
3.838132 3.922641 162.894510 2417.552490 -193.303452 -1.000000
3.838443 3.922968 162.943195 2417.453369 -438.717468 -1.000000
3.838754 3.923294 162.991871 2417.283691 -646.154480 -1.000000
3.839065 3.923621 163.040540 2417.056885 -806.373962 -1.000000
3.839375 3.923947 163.089199 2416.788574 -911.556152 -1.000000
3.839686 3.924273 163.137851 2416.496826 -956.194092 -1.000000
3.839996 3.924599 163.186494 2416.201172 -937.793091 -1.000000
3.840306 3.924925 163.235129 2415.921143 -857.370911 -1.000000
3.840616 3.925251 163.283756 2415.675049 -719.186890 -1.000000
3.840926 3.925577 163.332375 2415.480225 -530.169800 -1.000000
3.841236 3.925902 163.380985 2415.350830 -299.021912 -1.000000
3.841546 3.926227 163.429588 2415.298096 -35.368164 -1.000000
3.841856 3.926553 163.478182 2415.331055 250.874649 -1.000000
3.842165 3.926878 163.526767 2415.455078 549.887573 -1.000000
3.842475 3.927203 163.575345 2415.672119 852.051086 -1.000000
3.842784 3.927528 163.623914 2415.981689 1147.819214 -1.000000
3.843093 3.927853 163.672476 2416.380371 1427.538452 -1.000000
3.843402 3.928178 163.721029 2416.861572 1681.277588 -1.000000
3.843711 3.928502 163.769574 2417.415771 1899.178589 -1.000000
3.844020 3.928827 163.818111 2418.030273 2071.750977 -1.000000
3.844329 3.929151 163.866639 2418.689697 2190.722412 -1.000000
3.844637 3.929475 163.915160 2419.376465 2249.963623 -1.000000
3.844946 3.929799 163.963672 2420.071777 2246.314941 -1.000000
3.845254 3.930123 164.012176 2420.755859 2179.923096 -1.000000
3.845562 3.930447 164.060673 2421.409912 2054.293701 -1.000000
3.845871 3.930771 164.109161 2422.016602 1875.821655 -1.000000
3.846179 3.931094 164.157641 2422.561035 1652.907715 -1.000000
3.846486 3.931418 164.206113 2423.031006 1395.088135 -1.000000
3.846794 3.931741 164.254576 2423.417480 1112.257568 -1.000000
3.847102 3.932065 164.303032 2423.714111 814.283325 -1.000000
3.847410 3.932388 164.351480 2423.917969 510.914337 -1.000000
3.847717 3.932711 164.399919 2424.028809 211.708511 -1.000000
3.848024 3.933034 164.448351 2424.049561 -73.588036 -1.000000
3.848332 3.933357 164.496774 2423.986328 -335.124023 -1.000000
3.848639 3.933679 164.545190 2423.847412 -562.901855 -1.000000
3.848946 3.934002 164.593597 2423.645020 -747.242004 -1.000000
3.849253 3.934324 164.641997 2423.394287 -879.579285 -1.000000
3.849559 3.934647 164.690388 2423.111816 -953.176514 -1.000000
3.849866 3.934969 164.738772 2422.816162 -964.120056 -1.000000
3.850172 3.935291 164.787147 2422.527100 -911.770935 -1.000000
3.850479 3.935613 164.835515 2422.263672 -798.885986 -1.000000
3.850785 3.935935 164.883874 2422.043457 -631.321167 -1.000000
3.851091 3.936256 164.932226 2421.882080 -417.058716 -1.000000
3.851398 3.936578 164.980569 2421.792236 -165.506836 -1.000000
3.851703 3.936899 165.028905 2421.783691 113.458519 -1.000000
3.852009 3.937221 165.077232 2421.863281 409.875702 -1.000000
3.852315 3.937542 165.125552 2422.035156 713.968506 -1.000000
3.852621 3.937863 165.173864 2422.299805 1016.046204 -1.000000
3.852926 3.938184 165.222167 2422.655273 1306.378418 -1.000000
3.853232 3.938505 165.270463 2423.095947 1575.075684 -1.000000
3.853537 3.938826 165.318751 2423.614014 1812.109131 -1.000000
3.853842 3.939147 165.367031 2424.197998 2007.692139 -1.000000
3.854147 3.939467 165.415303 2424.834229 2152.844727 -1.000000
3.854452 3.939788 165.463568 2425.505859 2240.338867 -1.000000
3.854757 3.940108 165.511824 2426.194092 2265.559570 -1.000000
3.855062 3.940428 165.560072 2426.880371 2227.136230 -1.000000
3.855366 3.940748 165.608313 2427.545166 2127.085693 -1.000000
3.855671 3.941068 165.656546 2428.170410 1970.620850 -1.000000
3.855975 3.941388 165.704771 2428.740234 1765.353516 -1.000000
3.856280 3.941708 165.752988 2429.240967 1520.436035 -1.000000
3.856584 3.942027 165.801197 2429.662598 1245.726807 -1.000000
3.856888 3.942347 165.849398 2429.997070 951.273499 -1.000000
3.857192 3.942666 165.897592 2430.239990 646.988342 -1.000000
3.857496 3.942986 165.945777 2430.390137 342.570251 -1.000000
3.857799 3.943305 165.993955 2430.449463 47.745419 -1.000000
3.858103 3.943624 166.042125 2430.421631 -227.534515 -1.000000
3.858406 3.943943 166.090287 2430.314453 -473.233673 -1.000000
3.858710 3.944262 166.138442 2430.138428 -679.393372 -1.000000
3.859013 3.944580 166.186589 2429.906982 -836.769958 -1.000000
3.859316 3.944899 166.234727 2429.636719 -937.685059 -1.000000
3.859619 3.945217 166.282859 2429.345215 -976.877808 -1.000000
3.859922 3.945536 166.330982 2429.051758 -952.240051 -1.000000
3.860225 3.945854 166.379097 2428.775146 -865.062378 -1.000000
3.860528 3.946172 166.427205 2428.533936 -719.909180 -1.000000
3.860831 3.946490 166.475305 2428.344727 -523.919617 -1.000000
3.861133 3.946808 166.523398 2428.221191 -286.015961 -1.000000
3.861435 3.947126 166.571482 2428.174561 -15.997677 -1.000000
3.861738 3.947443 166.619559 2428.213623 276.061554 -1.000000
3.862040 3.947761 166.667628 2428.343018 580.159607 -1.000000
3.862342 3.948078 166.715690 2428.564453 886.504883 -1.000000
3.862644 3.948396 166.763743 2428.877686 1185.306274 -1.000000
3.862946 3.948713 166.811789 2429.278564 1466.630493 -1.000000
3.863248 3.949030 166.859828 2429.760254 1720.396118 -1.000000
3.863549 3.949347 166.907858 2430.312744 1936.573486 -1.000000
3.863851 3.949664 166.955881 2430.923340 2105.722168 -1.000000
3.864152 3.949981 167.003896 2431.576904 2219.675293 -1.000000
3.864453 3.950297 167.051904 2432.255127 2272.584229 -1.000000
3.864755 3.950614 167.099904 2432.939697 2261.625977 -1.000000
3.865056 3.950930 167.147896 2433.611328 2187.315430 -1.000000
3.865357 3.951246 167.195881 2434.250977 2053.549805 -1.000000
3.865657 3.951563 167.243858 2434.841797 1867.088623 -1.000000
3.865958 3.951879 167.291827 2435.369629 1636.565918 -1.000000
3.866259 3.952195 167.339789 2435.822510 1371.673218 -1.000000
3.866559 3.952510 167.387743 2436.191650 1082.505981 -1.000000
3.866860 3.952826 167.435690 2436.471680 779.084534 -1.000000
3.867160 3.953142 167.483628 2436.659668 471.310730 -1.000000
3.867460 3.953457 167.531560 2436.755371 169.060333 -1.000000
3.867760 3.953773 167.579483 2436.762695 -117.787735 -1.000000
3.868060 3.954088 167.627399 2436.687500 -379.070801 -1.000000
3.868360 3.954403 167.675308 2436.538818 -604.690979 -1.000000
3.868660 3.954718 167.723209 2436.329346 -784.958252 -1.000000
3.868960 3.955033 167.771102 2436.073730 -911.418518 -1.000000
3.869259 3.955348 167.818988 2435.789062 -977.642456 -1.000000
3.869559 3.955663 167.866866 2435.494385 -980.049622 -1.000000
3.869858 3.955977 167.914737 2435.208740 -918.539001 -1.000000
3.870157 3.956292 167.962600 2434.950684 -796.328369 -1.000000
3.870457 3.956606 168.010456 2434.737793 -619.614990 -1.000000
3.870756 3.956920 168.058304 2434.584961 -396.743378 -1.000000
3.871054 3.957234 168.106144 2434.504150 -137.263535 -1.000000
3.871353 3.957549 168.153977 2434.505371 148.715591 -1.000000
3.871652 3.957862 168.201803 2434.594727 451.076233 -1.000000
3.871951 3.958176 168.249621 2434.775635 759.837158 -1.000000
3.872249 3.958490 168.297431 2435.048340 1065.094238 -1.000000
3.872547 3.958804 168.345234 2435.410156 1356.881226 -1.000000
3.872846 3.959117 168.393030 2435.855713 1625.103638 -1.000000
3.873144 3.959430 168.440818 2436.376465 1859.556030 -1.000000
3.873442 3.959744 168.488598 2436.960693 2050.359375 -1.000000
3.873740 3.960057 168.536371 2437.593506 2188.759277 -1.000000
3.874038 3.960370 168.584137 2438.258545 2267.826416 -1.000000
3.874335 3.960683 168.631895 2438.937500 2283.418945 -1.000000
3.874633 3.960996 168.679646 2439.611328 2234.656982 -1.000000
3.874931 3.961308 168.727389 2440.261475 2124.095459 -1.000000
3.875228 3.961621 168.775125 2440.869873 1957.379761 -1.000000
3.875525 3.961933 168.822853 2441.420898 1742.472412 -1.000000
3.875823 3.962246 168.870574 2441.901855 1488.827515 -1.000000
3.876120 3.962558 168.918288 2442.302979 1206.454224 -1.000000
3.876417 3.962870 168.965994 2442.617188 905.595703 -1.000000
3.876714 3.963182 169.013693 2442.840332 596.254578 -1.000000
3.877010 3.963494 169.061384 2442.971436 288.427185 -1.000000
3.877307 3.963806 169.109068 2443.012695 -7.879643 -1.000000
3.877604 3.964118 169.156744 2442.968994 -282.546539 -1.000000
3.877900 3.964429 169.204413 2442.848389 -525.336304 -1.000000
3.878196 3.964741 169.252075 2442.661621 -726.271973 -1.000000
3.878493 3.965052 169.299730 2442.423096 -876.263489 -1.000000
3.878789 3.965363 169.347377 2442.148682 -967.928467 -1.000000
3.879085 3.965675 169.395016 2441.856445 -996.478149 -1.000000
3.879381 3.965986 169.442648 2441.565430 -960.311218 -1.000000
3.879677 3.966297 169.490273 2441.294678 -861.382507 -1.000000
3.879972 3.966607 169.537891 2441.061768 -704.789612 -1.000000
3.880268 3.966918 169.585501 2440.882812 -498.091949 -1.000000
3.880563 3.967229 169.633104 2440.771240 -250.501724 -1.000000
3.880859 3.967539 169.680700 2440.737793 27.925230 -1.000000
3.881154 3.967850 169.728288 2440.790039 326.964783 -1.000000
3.881449 3.968160 169.775869 2440.932129 636.488037 -1.000000
3.881744 3.968470 169.823443 2441.165527 946.476624 -1.000000
3.882039 3.968780 169.871009 2441.489502 1246.871460 -1.000000
3.882334 3.969090 169.918568 2441.899170 1527.591187 -1.000000
3.882629 3.969400 169.966120 2442.387451 1778.280273 -1.000000
3.882924 3.969710 170.013664 2442.943604 1988.862183 -1.000000
3.883218 3.970019 170.061201 2443.554443 2149.982910 -1.000000
3.883513 3.970329 170.108731 2444.204102 2253.871338 -1.000000
3.883807 3.970638 170.156254 2444.875244 2295.133545 -1.000000
3.884102 3.970948 170.203769 2445.548828 2271.540527 -1.000000
3.884396 3.971257 170.251278 2446.205811 2184.308838 -1.000000
3.884690 3.971566 170.298778 2446.828125 2037.950562 -1.000000
3.884984 3.971875 170.346272 2447.399170 1839.664062 -1.000000
3.885278 3.972184 170.393758 2447.905273 1598.473267 -1.000000
3.885571 3.972493 170.441238 2448.334961 1324.318848 -1.000000
3.885865 3.972801 170.488710 2448.680664 1027.497437 -1.000000
3.886158 3.973110 170.536174 2448.937012 718.182617 -1.000000
3.886452 3.973418 170.583632 2449.102051 406.466370 -1.000000
3.886745 3.973727 170.631082 2449.176514 102.406273 -1.000000
3.887038 3.974035 170.678525 2449.164307 -183.850403 -1.000000
3.887332 3.974343 170.725961 2449.071777 -441.957367 -1.000000
3.887625 3.974651 170.773390 2448.909180 -661.734863 -1.000000
3.887918 3.974959 170.820811 2448.688965 -833.574707 -1.000000
3.888210 3.975267 170.868225 2448.426514 -949.286194 -1.000000
3.888503 3.975575 170.915632 2448.139404 -1002.953552 -1.000000
3.888796 3.975882 170.963032 2447.846191 -991.741943 -1.000000
3.889088 3.976190 171.010425 2447.565674 -916.179932 -1.000000
3.889381 3.976497 171.057811 2447.316406 -780.228577 -1.000000
3.889673 3.976804 171.105189 2447.114746 -590.605774 -1.000000
3.889965 3.977112 171.152561 2446.975342 -356.076294 -1.000000
3.890257 3.977419 171.199925 2446.909912 -86.467102 -1.000000
3.890549 3.977726 171.247282 2446.927246 207.906097 -1.000000
3.890841 3.978032 171.294632 2447.032959 516.738647 -1.000000
3.891133 3.978339 171.341974 2447.229492 829.891907 -1.000000
3.891425 3.978646 171.389310 2447.516846 1137.266968 -1.000000
3.891716 3.978952 171.436638 2447.891602 1428.634277 -1.000000
3.892008 3.979259 171.483960 2448.347656 1693.657837 -1.000000
3.892299 3.979565 171.531274 2448.875488 1922.034790 -1.000000
3.892590 3.979871 171.578581 2449.463135 2103.991211 -1.000000
3.892882 3.980177 171.625881 2450.095703 2231.037842 -1.000000
3.893173 3.980483 171.673174 2450.756348 2296.715820 -1.000000
3.893464 3.980789 171.720460 2451.426514 2297.560059 -1.000000
3.893755 3.981095 171.767739 2452.087158 2233.531494 -1.000000
3.894045 3.981401 171.815011 2452.719727 2107.947998 -1.000000
3.894336 3.981706 171.862276 2453.307861 1927.099121 -1.000000
3.894627 3.982012 171.909533 2453.835938 1699.392456 -1.000000
3.894917 3.982317 171.956784 2454.291992 1434.644653 -1.000000
3.895207 3.982623 172.004027 2454.666748 1143.113403 -1.000000
3.895498 3.982928 172.051264 2454.953857 835.169739 -1.000000
3.895788 3.983233 172.098493 2455.150879 521.036621 -1.000000
3.896078 3.983538 172.145715 2455.256836 210.839233 -1.000000
3.896368 3.983843 172.192931 2455.274658 -85.162949 -1.000000
3.896658 3.984147 172.240139 2455.209717 -356.591217 -1.000000
3.896948 3.984452 172.287340 2455.071045 -593.093445 -1.000000
3.897237 3.984756 172.334535 2454.870117 -784.675659 -1.000000
3.897527 3.985061 172.381722 2454.621582 -922.556580 -1.000000
3.897816 3.985365 172.428902 2454.341797 -999.841980 -1.000000
3.898106 3.985669 172.476075 2454.048828 -1012.473755 -1.000000
3.898395 3.985974 172.523242 2453.761963 -959.745789 -1.000000
3.898684 3.986278 172.570401 2453.499756 -844.444214 -1.000000
3.898973 3.986582 172.617553 2453.279053 -672.411255 -1.000000
3.899262 3.986885 172.664698 2453.115723 -451.768829 -1.000000
3.899551 3.987189 172.711837 2453.021973 -192.099411 -1.000000
3.899840 3.987493 172.758968 2453.007568 96.308739 -1.000000
3.900128 3.987796 172.806092 2453.079102 403.087555 -1.000000
3.900417 3.988100 172.853210 2453.240723 717.919434 -1.000000
3.900705 3.988403 172.900320 2453.493164 1030.590088 -1.000000
3.900994 3.988706 172.947424 2453.833984 1330.833618 -1.000000
3.901282 3.989009 172.994520 2454.258301 1608.281494 -1.000000
3.901570 3.989312 173.041610 2454.758057 1852.459961 -1.000000
3.901858 3.989615 173.088692 2455.321777 2053.272705 -1.000000
3.902146 3.989918 173.135768 2455.935791 2201.645996 -1.000000
3.902434 3.990220 173.182837 2456.583984 2290.230713 -1.000000
3.902722 3.990523 173.229899 2457.248291 2314.481445 -1.000000
3.903010 3.990825 173.276954 2457.909668 2273.051270 -1.000000
3.903297 3.991128 173.324002 2458.549805 2168.132812 -1.000000
3.903585 3.991430 173.371043 2459.151123 2005.054077 -1.000000
3.903872 3.991732 173.418077 2459.697998 1791.620605 -1.000000
3.904159 3.992034 173.465104 2460.177002 1537.216919 -1.000000
3.904447 3.992336 173.512125 2460.578369 1252.138550 -1.000000
3.904734 3.992638 173.559138 2460.894287 946.780945 -1.000000
3.905021 3.992940 173.606145 2461.121094 631.552246 -1.000000
3.905308 3.993241 173.653145 2461.257080 316.684082 -1.000000
3.905594 3.993543 173.700138 2461.303711 12.528652 -1.000000
3.905881 3.993844 173.747124 2461.265869 -270.486481 -1.000000
3.906168 3.994146 173.794103 2461.151367 -521.896301 -1.000000
3.906454 3.994447 173.841075 2460.970459 -731.479736 -1.000000
3.906741 3.994748 173.888041 2460.737061 -889.885376 -1.000000
3.907027 3.995049 173.935000 2460.466553 -989.396423 -1.000000
3.907313 3.995350 173.981951 2460.177002 -1025.009644 -1.000000
3.907599 3.995651 174.028896 2459.886719 -994.763489 -1.000000
3.907885 3.995952 174.075834 2459.614014 -900.191833 -1.000000
3.908171 3.996252 174.122766 2459.377197 -746.143616 -1.000000
3.908457 3.996553 174.169690 2459.192139 -540.039001 -1.000000
3.908743 3.996853 174.216608 2459.072510 -291.186005 -1.000000
3.909028 3.997154 174.263519 2459.029053 -9.710514 -1.000000
3.909314 3.997454 174.310423 2459.069336 293.845367 -1.000000
3.909599 3.997754 174.357320 2459.197998 609.121765 -1.000000
3.909885 3.998054 174.404210 2459.416992 925.772095 -1.000000
3.910170 3.998354 174.451094 2459.725342 1233.438477 -1.000000
3.910455 3.998654 174.497971 2460.118896 1521.657471 -1.000000
3.910740 3.998953 174.544841 2460.590576 1779.908203 -1.000000
3.911025 3.999253 174.591704 2461.129639 1997.891235 -1.000000
3.911310 3.999553 174.638560 2461.724121 2166.011475 -1.000000
3.911594 3.999852 174.685410 2462.358154 2276.214355 -1.000000
3.911879 4.000151 174.732253 2463.014160 2322.924805 -1.000000
3.912164 4.000450 174.779089 2463.673828 2303.679688 -1.000000
3.912448 4.000750 174.825919 2464.318848 2219.428467 -1.000000
3.912733 4.001049 174.872741 2464.930664 2074.516602 -1.000000
3.913017 4.001348 174.919557 2465.493408 1876.002319 -1.000000
3.913301 4.001646 174.966366 2465.992920 1632.949951 -1.000000
3.913585 4.001945 175.013169 2466.417969 1355.398560 -1.000000
3.913869 4.002244 175.059964 2466.760498 1053.878174 -1.000000
3.914153 4.002542 175.106753 2467.015137 738.869690 -1.000000
3.914437 4.002841 175.153535 2467.179688 420.765594 -1.000000
3.914720 4.003139 175.200311 2467.254395 109.967636 -1.000000
3.915004 4.003437 175.247080 2467.243652 -183.064713 -1.000000
3.915287 4.003735 175.293842 2467.153564 -447.822998 -1.000000
3.915571 4.004033 175.340597 2466.993652 -673.853088 -1.000000
3.915854 4.004331 175.387346 2466.776611 -851.355164 -1.000000
3.916137 4.004629 175.434088 2466.517090 -971.990051 -1.000000
3.916420 4.004927 175.480823 2466.232422 -1029.683960 -1.000000
3.916703 4.005224 175.527552 2465.940674 -1021.361877 -1.000000
3.916986 4.005522 175.574273 2465.660889 -947.448608 -1.000000
3.917269 4.005819 175.620989 2465.410889 -811.798279 -1.000000
3.917552 4.006117 175.667697 2465.207275 -621.092529 -1.000000
3.917835 4.006414 175.714399 2465.064453 -384.037445 -1.000000
3.918117 4.006711 175.761094 2464.993652 -110.660332 -1.000000
3.918400 4.007008 175.807783 2465.004150 188.569031 -1.000000
3.918682 4.007305 175.854465 2465.101562 503.120209 -1.000000
3.918964 4.007602 175.901140 2465.288818 822.484009 -1.000000
3.919246 4.007898 175.947808 2465.565186 1136.244507 -1.000000
3.919528 4.008195 175.994470 2465.927979 1433.909058 -1.000000
3.919810 4.008492 176.041126 2466.371338 1704.909058 -1.000000
3.920092 4.008788 176.087774 2466.885986 1938.664795 -1.000000
3.920374 4.009084 176.134416 2467.459717 2125.256104 -1.000000
3.920656 4.009381 176.181052 2468.077881 2256.005371 -1.000000
3.920937 4.009677 176.227680 2468.724365 2324.428223 -1.000000
3.921219 4.009973 176.274302 2469.380859 2326.914307 -1.000000
3.921500 4.010269 176.320918 2470.028320 2263.246338 -1.000000
3.921782 4.010565 176.367527 2470.648682 2136.793457 -1.000000
3.922063 4.010860 176.414129 2471.225098 1953.820923 -1.000000
3.922344 4.011156 176.460725 2471.743164 1722.821533 -1.000000
3.922625 4.011452 176.507314 2472.190430 1453.648560 -1.000000
3.922906 4.011747 176.553896 2472.557861 1156.803833 -1.000000
3.923187 4.012042 176.600472 2472.838867 842.891968 -1.000000
3.923468 4.012338 176.647042 2473.030518 522.511230 -1.000000
3.923748 4.012633 176.693604 2473.132812 206.083282 -1.000000
3.924029 4.012928 176.740161 2473.147949 -95.848839 -1.000000
3.924309 4.013223 176.786710 2473.081543 -372.686249 -1.000000
3.924590 4.013518 176.833253 2472.942383 -613.805298 -1.000000
3.924870 4.013812 176.879790 2472.741699 -809.055603 -1.000000
3.925150 4.014107 176.926320 2472.494141 -949.509399 -1.000000
3.925430 4.014402 176.972843 2472.215820 -1028.242554 -1.000000
3.925710 4.014696 177.019360 2471.924316 -1041.132690 -1.000000
3.925990 4.014991 177.065870 2471.638672 -987.477966 -1.000000
3.926270 4.015285 177.112374 2471.377441 -870.107056 -1.000000
3.926550 4.015579 177.158871 2471.157227 -694.856873 -1.000000
3.926829 4.015873 177.205361 2470.993652 -469.992493 -1.000000
3.927109 4.016167 177.251846 2470.898682 -205.261215 -1.000000
3.927388 4.016461 177.298323 2470.881836 88.896706 -1.000000
3.927668 4.016755 177.344794 2470.950195 401.823822 -1.000000
3.927947 4.017048 177.391259 2471.107178 722.939148 -1.000000
3.928226 4.017342 177.437717 2471.353516 1041.685181 -1.000000
3.928505 4.017636 177.484168 2471.687012 1347.539429 -1.000000
3.928784 4.017929 177.530613 2472.103027 1629.851318 -1.000000
3.929063 4.018222 177.577052 2472.593018 1877.900635 -1.000000
3.929342 4.018516 177.623484 2473.146240 2081.430908 -1.000000
3.929621 4.018809 177.669909 2473.748535 2231.246582 -1.000000
3.929899 4.019102 177.716328 2474.384033 2320.028320 -1.000000
3.930178 4.019395 177.762741 2475.034912 2343.240723 -1.000000
3.930456 4.019688 177.809147 2475.682861 2299.631592 -1.000000
3.930734 4.019980 177.855547 2476.309570 2191.437988 -1.000000
3.931013 4.020273 177.901940 2476.897461 2024.089600 -1.000000
3.931291 4.020565 177.948326 2477.431152 1805.557007 -1.000000
3.931569 4.020858 177.994707 2477.897949 1545.417236 -1.000000
3.931847 4.021150 178.041080 2478.287598 1254.104736 -1.000000
3.932125 4.021443 178.087448 2478.593262 942.279419 -1.000000
3.932403 4.021735 178.133808 2478.810303 620.663025 -1.000000
3.932680 4.022027 178.180163 2478.937988 299.837952 -1.000000
3.932958 4.022319 178.226511 2478.978027 -9.616190 -1.000000
3.933235 4.022611 178.272852 2478.935059 -297.034973 -1.000000
3.933513 4.022902 178.319187 2478.816406 -551.666016 -1.000000
3.933790 4.023194 178.365516 2478.632812 -763.090027 -1.000000
3.934067 4.023486 178.411838 2478.397949 -921.903137 -1.000000
3.934345 4.023777 178.458154 2478.127197 -1020.407593 -1.000000
3.934622 4.024069 178.504463 2477.838379 -1053.583008 -1.000000
3.934899 4.024360 178.550766 2477.549805 -1019.719666 -1.000000
3.935175 4.024651 178.597063 2477.279785 -920.579895 -1.000000
3.935452 4.024942 178.643353 2477.045654 -761.092468 -1.000000
3.935729 4.025233 178.689636 2476.863281 -548.958557 -1.000000
3.936005 4.025524 178.735914 2476.745850 -293.563568 -1.000000
3.936282 4.025815 178.782185 2476.703857 -5.288041 -1.000000
3.936558 4.026106 178.828449 2476.744873 305.169830 -1.000000
3.936835 4.026397 178.874707 2476.873535 627.022156 -1.000000
3.937111 4.026687 178.920959 2477.091309 949.681274 -1.000000
3.937387 4.026978 178.967204 2477.397461 1262.454834 -1.000000
3.937663 4.027268 179.013443 2477.786621 1554.634155 -1.000000
3.937939 4.027558 179.059676 2478.252197 1815.474976 -1.000000
3.938215 4.027848 179.105902 2478.784424 2034.474976 -1.000000
3.938491 4.028139 179.152122 2479.369873 2201.957275 -1.000000
3.938767 4.028429 179.198336 2479.993164 2309.994629 -1.000000
3.939042 4.028718 179.244543 2480.637207 2353.068604 -1.000000
3.939318 4.029008 179.290744 2481.283936 2328.884033 -1.000000
3.939593 4.029298 179.336938 2481.914307 2238.767090 -1.000000
3.939868 4.029588 179.383126 2482.511475 2087.194092 -1.000000
3.940144 4.029877 179.429308 2483.058838 1881.544189 -1.000000
3.940419 4.030167 179.475483 2483.543213 1631.024170 -1.000000
3.940694 4.030456 179.521653 2483.953369 1345.943237 -1.000000
3.940969 4.030745 179.567815 2484.281250 1037.043213 -1.000000
3.941244 4.031034 179.613972 2484.522461 715.120972 -1.000000
3.941519 4.031323 179.660122 2484.674316 390.867767 -1.000000
3.941793 4.031612 179.706266 2484.738037 74.974266 -1.000000
3.942068 4.031901 179.752403 2484.717285 -221.767548 -1.000000
3.942343 4.032190 179.798534 2484.618896 -488.569550 -1.000000
3.942617 4.032479 179.844659 2484.452637 -714.834229 -1.000000
3.942891 4.032767 179.890778 2484.231201 -890.667480 -1.000000
3.943166 4.033056 179.936890 2483.969482 -1007.856934 -1.000000
3.943440 4.033344 179.982996 2483.684570 -1060.476074 -1.000000
3.943714 4.033633 180.029096 2483.394531 -1045.800659 -1.000000
3.943988 4.033921 180.075189 2483.117920 -964.600708 -1.000000
3.944262 4.034209 180.121276 2482.871826 -820.966064 -1.000000
3.944536 4.034497 180.167357 2482.673096 -621.856567 -1.000000
3.944809 4.034785 180.213432 2482.535645 -376.344543 -1.000000
3.945083 4.035073 180.259500 2482.470459 -94.670052 -1.000000
3.945357 4.035361 180.305562 2482.486084 212.446365 -1.000000
3.945630 4.035648 180.351618 2482.587891 534.187622 -1.000000
3.945903 4.035936 180.397667 2482.778564 859.749023 -1.000000
3.946177 4.036223 180.443710 2483.057373 1178.426514 -1.000000
3.946450 4.036511 180.489747 2483.420898 1479.416260 -1.000000
3.946723 4.036798 180.535778 2483.863037 1751.860596 -1.000000
3.946996 4.037085 180.581802 2484.374268 1985.038452 -1.000000
3.947269 4.037372 180.627821 2484.942383 2168.953857 -1.000000
3.947542 4.037659 180.673833 2485.552734 2295.069824 -1.000000
3.947815 4.037946 180.719838 2486.188721 2357.079102 -1.000000
3.948087 4.038233 180.765838 2486.832275 2351.738037 -1.000000
3.948360 4.038520 180.811831 2487.465088 2279.360840 -1.000000
3.948632 4.038807 180.857818 2488.069092 2143.590820 -1.000000
3.948905 4.039093 180.903799 2488.628174 1951.080078 -1.000000
3.949177 4.039380 180.949773 2489.127930 1710.662842 -1.000000
3.949449 4.039666 180.995742 2489.556641 1432.458374 -1.000000
3.949721 4.039952 181.041704 2489.905518 1127.228516 -1.000000
3.949994 4.040239 181.087660 2490.168701 805.853760 -1.000000
3.950266 4.040525 181.133610 2490.343506 479.144745 -1.000000
3.950537 4.040811 181.179553 2490.429932 157.893326 -1.000000
3.950809 4.041097 181.225491 2490.430908 -147.056076 -1.000000
3.951081 4.041383 181.271422 2490.352539 -424.849182 -1.000000
3.951353 4.041668 181.317347 2490.203613 -664.642517 -1.000000
3.951624 4.041954 181.363266 2489.995850 -856.287476 -1.000000
3.951896 4.042240 181.409178 2489.743896 -990.952515 -1.000000
3.952167 4.042525 181.455085 2489.463867 -1062.014160 -1.000000
3.952438 4.042811 181.500985 2489.173828 -1065.817627 -1.000000
3.952709 4.043096 181.546879 2488.892090 -1002.120056 -1.000000
3.952980 4.043381 181.592767 2488.636475 -874.188721 -1.000000
3.953252 4.043666 181.638649 2488.423584 -688.295715 -1.000000
3.953522 4.043951 181.684524 2488.268066 -453.085266 -1.000000
3.953793 4.044236 181.730394 2488.181885 -178.619598 -1.000000
3.954064 4.044521 181.776257 2488.174072 124.478279 -1.000000
3.954335 4.044806 181.822114 2488.250977 445.272369 -1.000000
3.954605 4.045090 181.867965 2488.415771 772.841064 -1.000000
3.954876 4.045375 181.913810 2488.668701 1096.421143 -1.000000
3.955146 4.045660 181.959648 2489.007324 1405.111694 -1.000000
3.955417 4.045944 182.005481 2489.426270 1687.921509 -1.000000
3.955687 4.046228 182.051307 2489.916748 1934.031982 -1.000000
3.955957 4.046512 182.097128 2490.467285 2133.121094 -1.000000
3.956227 4.046797 182.142942 2491.063721 2276.196289 -1.000000
3.956497 4.047081 182.188750 2491.690674 2356.238525 -1.000000
3.956767 4.047365 182.234552 2492.329834 2369.060547 -1.000000
3.957037 4.047648 182.280347 2492.963379 2314.033691 -1.000000
3.957306 4.047932 182.326137 2493.572754 2193.959961 -1.000000
3.957576 4.048216 182.371921 2494.141357 2014.793457 -1.000000
3.957846 4.048500 182.417698 2494.654785 1784.849976 -1.000000
3.958115 4.048783 182.463469 2495.099854 1514.060547 -1.000000
3.958384 4.049066 182.509235 2495.467773 1213.168091 -1.000000
3.958654 4.049350 182.554994 2495.751709 893.109253 -1.000000
3.958923 4.049633 182.600747 2495.948242 564.761108 -1.000000
3.959192 4.049916 182.646494 2496.056396 239.020782 -1.000000
3.959461 4.050199 182.692235 2496.078369 -73.150307 -1.000000
3.959730 4.050482 182.737969 2496.019531 -360.824585 -1.000000
3.959999 4.050765 182.783698 2495.887695 -613.038574 -1.000000
3.960268 4.051048 182.829421 2495.693848 -819.338440 -1.000000
3.960536 4.051331 182.875137 2495.451904 -970.404724 -1.000000
3.960805 4.051613 182.920848 2495.177734 -1058.923340 -1.000000
3.961074 4.051896 182.966552 2494.888916 -1080.422119 -1.000000
3.961342 4.052178 183.012251 2494.604004 -1033.777100 -1.000000
3.961610 4.052461 183.057943 2494.340332 -921.360901 -1.000000
3.961879 4.052743 183.103629 2494.115234 -748.799988 -1.000000
3.962147 4.053025 183.149309 2493.943604 -524.185425 -1.000000
3.962415 4.053307 183.194984 2493.838135 -257.273621 -1.000000
3.962683 4.053589 183.240652 2493.808594 41.252251 -1.000000
3.962951 4.053871 183.286314 2493.862061 360.421600 -1.000000
3.963219 4.054153 183.331970 2494.002441 689.259033 -1.000000
3.963487 4.054435 183.377620 2494.231201 1016.849731 -1.000000
3.963754 4.054716 183.423264 2494.545898 1332.208008 -1.000000
3.964022 4.054998 183.468902 2494.942139 1624.338379 -1.000000
3.964289 4.055279 183.514533 2495.412109 1882.260254 -1.000000
3.964557 4.055561 183.560159 2495.945068 2095.375732 -1.000000
3.964824 4.055842 183.605779 2496.527832 2254.220459 -1.000000
3.965091 4.056123 183.651393 2497.144775 2351.187012 -1.000000
3.965359 4.056404 183.697001 2497.778564 2381.357666 -1.000000
3.965626 4.056685 183.742603 2498.410889 2343.115234 -1.000000
3.965893 4.056966 183.788198 2499.023926 2238.453125 -1.000000
3.966160 4.057247 183.833788 2499.600586 2072.587646 -1.000000
3.966426 4.057528 183.879372 2500.125488 1853.372314 -1.000000
3.966693 4.057809 183.924950 2500.585693 1590.429688 -1.000000
3.966960 4.058089 183.970521 2500.970947 1294.402466 -1.000000
3.967226 4.058370 184.016087 2501.273926 976.238708 -1.000000
3.967493 4.058650 184.061647 2501.490234 647.034729 -1.000000
3.967759 4.058931 184.107201 2501.618896 317.730316 -1.000000
3.968026 4.059211 184.152749 2501.660889 -0.683645 -1.000000
3.968292 4.059491 184.198291 2501.620605 -297.114960 -1.000000
3.968558 4.059771 184.243826 2501.505615 -560.540466 -1.000000
3.968824 4.060051 184.289356 2501.326172 -780.273010 -1.000000
3.969090 4.060331 184.334880 2501.095215 -946.618408 -1.000000
3.969356 4.060611 184.380398 2500.827881 -1051.692871 -1.000000
3.969622 4.060891 184.425910 2500.541504 -1090.174316 -1.000000
3.969888 4.061170 184.471416 2500.254150 -1060.028320 -1.000000
3.970153 4.061450 184.516917 2499.983887 -962.847229 -1.000000
3.970419 4.061729 184.562411 2499.748047 -803.473022 -1.000000
3.970684 4.062009 184.607899 2499.562012 -589.516602 -1.000000
3.970950 4.062288 184.653381 2499.439209 -330.478302 -1.000000
3.971215 4.062567 184.698857 2499.389893 -36.949684 -1.000000
3.971480 4.062846 184.744328 2499.421631 280.079956 -1.000000
3.971746 4.063125 184.789792 2499.539307 609.551941 -1.000000
3.972011 4.063404 184.835251 2499.744873 940.412659 -1.000000
3.972276 4.063683 184.880703 2500.036865 1261.615112 -1.000000
3.972541 4.063962 184.926150 2500.411377 1562.083984 -1.000000
3.972806 4.064241 184.971591 2500.861572 1830.694336 -1.000000
3.973070 4.064519 185.017025 2501.377197 2056.692871 -1.000000
3.973335 4.064798 185.062454 2501.946045 2230.221924 -1.000000
3.973600 4.065076 185.107877 2502.552246 2343.082764 -1.000000
3.973864 4.065355 185.153294 2503.179688 2389.672119 -1.000000
3.974129 4.065633 185.198705 2503.810059 2367.554932 -1.000000
3.974393 4.065911 185.244111 2504.425781 2277.854492 -1.000000
3.974657 4.066189 185.289510 2505.008789 2125.031006 -1.000000
3.974921 4.066467 185.334903 2505.543701 1916.478760 -1.000000
3.975185 4.066745 185.380291 2506.017334 1661.475098 -1.000000
3.975449 4.067023 185.425673 2506.418213 1370.567139 -1.000000
3.975713 4.067301 185.471048 2506.738770 1054.722656 -1.000000
3.975977 4.067578 185.516418 2506.973633 725.123108 -1.000000
3.976241 4.067856 185.561782 2507.121094 392.854797 -1.000000
3.976505 4.068133 185.607140 2507.181885 68.998535 -1.000000
3.976768 4.068411 185.652492 2507.159424 -235.339447 -1.000000
3.977032 4.068688 185.697839 2507.060547 -508.980194 -1.000000
3.977295 4.068965 185.743179 2506.894775 -741.071045 -1.000000
3.977559 4.069243 185.788514 2506.674561 -921.556885 -1.000000
3.977822 4.069520 185.833842 2506.414551 -1042.039673 -1.000000
3.978085 4.069797 185.879165 2506.131592 -1096.470581 -1.000000
3.978348 4.070074 185.924482 2505.843506 -1082.133667 -1.000000
3.978611 4.070350 185.969793 2505.568359 -999.720154 -1.000000
3.978874 4.070627 186.015099 2505.323730 -853.393250 -1.000000
3.979137 4.070904 186.060398 2505.125000 -650.203552 -1.000000
3.979400 4.071180 186.105692 2504.986084 -399.305084 -1.000000
3.979663 4.071457 186.150979 2504.918457 -111.128616 -1.000000
3.979925 4.071733 186.196261 2504.930176 203.283218 -1.000000
3.980188 4.072010 186.241537 2505.026611 532.763977 -1.000000
3.980450 4.072286 186.286807 2505.210449 866.192078 -1.000000
3.980713 4.072562 186.332072 2505.480713 1192.434814 -1.000000
3.980975 4.072838 186.377330 2505.834717 1500.296021 -1.000000
3.981237 4.073114 186.422583 2506.265381 1778.603638 -1.000000
3.981500 4.073390 186.467830 2506.763672 2016.416504 -1.000000
3.981762 4.073666 186.513071 2507.317871 2203.614258 -1.000000
3.982024 4.073941 186.558306 2507.913330 2331.445312 -1.000000
3.982286 4.074217 186.603536 2508.533691 2393.646484 -1.000000
3.982547 4.074493 186.648759 2509.161133 2387.042480 -1.000000
3.982809 4.074768 186.693977 2509.777588 2311.924805 -1.000000
3.983071 4.075044 186.739189 2510.365723 2172.079834 -1.000000
3.983332 4.075319 186.784395 2510.909424 1974.292847 -1.000000
3.983594 4.075594 186.829596 2511.394287 1727.539429 -1.000000
3.983855 4.075869 186.874790 2511.809326 1442.200317 -1.000000
3.984117 4.076144 186.919979 2512.145996 1129.280518 -1.000000
3.984378 4.076419 186.965162 2512.398193 799.955078 -1.000000
3.984639 4.076694 187.010339 2512.563477 465.455811 -1.000000
3.984900 4.076969 187.055511 2512.642090 136.912903 -1.000000
3.985161 4.077244 187.100676 2512.636719 -174.376465 -1.000000
3.985422 4.077518 187.145836 2512.553711 -457.263794 -1.000000
3.985683 4.077793 187.190990 2512.401611 -700.682983 -1.000000
3.985944 4.078067 187.236139 2512.192627 -894.334717 -1.000000
3.986205 4.078342 187.281281 2511.940186 -1029.270264 -1.000000
3.986465 4.078616 187.326418 2511.661377 -1098.918091 -1.000000
3.986726 4.078890 187.371549 2511.373535 -1099.732300 -1.000000
3.986986 4.079164 187.416674 2511.094727 -1031.674805 -1.000000
3.987247 4.079439 187.461793 2510.842285 -898.163574 -1.000000
3.987507 4.079713 187.506907 2510.632324 -705.690857 -1.000000
3.987767 4.079986 187.552015 2510.479248 -463.054169 -1.000000
3.988027 4.080260 187.597117 2510.394775 -180.516571 -1.000000
3.988287 4.080534 187.642214 2510.387939 130.895447 -1.000000
3.988547 4.080808 187.687304 2510.464600 459.908112 -1.000000
3.988807 4.081081 187.732389 2510.627686 795.307556 -1.000000
3.989067 4.081355 187.777468 2510.877441 1125.885498 -1.000000
3.989327 4.081628 187.822542 2511.211182 1440.433960 -1.000000
3.989587 4.081901 187.867610 2511.623535 1727.590332 -1.000000
3.989846 4.082175 187.912672 2512.105225 1976.316895 -1.000000
3.990106 4.082448 187.957728 2512.645264 2176.151123 -1.000000
3.990365 4.082721 188.002778 2513.229248 2318.003174 -1.000000
3.990625 4.082994 188.047823 2513.842041 2394.989990 -1.000000
3.990884 4.083267 188.092862 2514.465576 2403.189697 -1.000000
3.991143 4.083540 188.137896 2515.082031 2342.158203 -1.000000
3.991402 4.083812 188.182923 2515.673828 2214.986572 -1.000000
3.991661 4.084085 188.227945 2516.224365 2027.882935 -1.000000
3.991920 4.084358 188.272961 2516.719727 1789.479980 -1.000000
3.992179 4.084630 188.317972 2517.147705 1509.901733 -1.000000
3.992438 4.084903 188.362977 2517.499023 1200.181519 -1.000000
3.992697 4.085175 188.407976 2517.767334 871.526855 -1.000000
3.992955 4.085447 188.452969 2517.949219 535.284912 -1.000000
3.993214 4.085719 188.497957 2518.044434 202.741318 -1.000000
3.993472 4.085991 188.542939 2518.055420 -114.867210 -1.000000
3.993731 4.086263 188.587915 2517.987549 -406.198883 -1.000000
3.993989 4.086535 188.632886 2517.848877 -660.100403 -1.000000
3.994247 4.086807 188.677851 2517.650879 -865.969727 -1.000000
3.994506 4.087079 188.722810 2517.406982 -1014.531677 -1.000000
3.994764 4.087351 188.767764 2517.133057 -1098.685425 -1.000000
3.995022 4.087622 188.812711 2516.846191 -1114.115601 -1.000000
3.995280 4.087894 188.857654 2516.564453 -1059.991333 -1.000000
3.995538 4.088165 188.902590 2516.305176 -939.073730 -1.000000
3.995795 4.088437 188.947521 2516.085449 -757.259094 -1.000000
3.996053 4.088708 188.992446 2515.919434 -522.997375 -1.000000
3.996311 4.088979 189.037366 2515.819580 -246.346390 -1.000000
3.996568 4.089250 189.082280 2515.795166 61.744358 -1.000000
3.996826 4.089521 189.127188 2515.853027 389.924713 -1.000000
3.997083 4.089792 189.172090 2515.996826 726.880005 -1.000000
3.997341 4.090063 189.216987 2516.227051 1061.311035 -1.000000
3.997598 4.090334 189.261879 2516.541992 1381.853027 -1.000000
3.997855 4.090605 189.306764 2516.936035 1677.140747 -1.000000
3.998112 4.090875 189.351644 2517.401367 1935.982544 -1.000000
3.998369 4.091146 189.396518 2517.927490 2147.614258 -1.000000
3.998626 4.091416 189.441387 2518.500488 2302.613770 -1.000000
3.998883 4.091687 189.486250 2519.104736 2393.630371 -1.000000
3.999140 4.091957 189.531107 2519.723877 2416.012207 -1.000000
3.999396 4.092227 189.575959 2520.339355 2368.624512 -1.000000
3.999653 4.092497 189.620805 2520.933838 2253.842041 -1.000000
3.999910 4.092767 189.665646 2521.490723 2077.284424 -1.000000
4.000166 4.093037 189.710481 2521.995361 1847.179321 -1.000000
4.000423 4.093307 189.755310 2522.434814 1573.500977 -1.000000
4.000679 4.093577 189.800133 2522.799561 1267.177490 -1.000000
4.000935 4.093847 189.844952 2523.082520 939.543457 -1.000000
4.001191 4.094117 189.889764 2523.280273 601.975769 -1.000000
4.001447 4.094386 189.934571 2523.391357 265.853271 -1.000000
4.001703 4.094656 189.979372 2523.417725 -57.486393 -1.000000
4.001959 4.094925 190.024167 2523.364258 -356.579102 -1.000000
4.002215 4.095194 190.068957 2523.238525 -620.173096 -1.000000
4.002471 4.095464 190.113742 2523.050781 -837.446045 -1.000000
4.002727 4.095733 190.158520 2522.814697 -998.714783 -1.000000
4.002982 4.096002 190.203294 2522.545410 -1096.322144 -1.000000
4.003238 4.096271 190.248061 2522.260254 -1125.457520 -1.000000
4.003494 4.096540 190.292823 2521.976562 -1084.552368 -1.000000
4.003749 4.096809 190.337580 2521.712158 -975.720642 -1.000000
4.004004 4.097078 190.382330 2521.483643 -804.207275 -1.000000
4.004260 4.097346 190.427076 2521.306152 -578.152222 -1.000000
4.004515 4.097615 190.471815 2521.192383 -307.386383 -1.000000
4.004770 4.097884 190.516549 2521.152100 -2.811265 -1.000000
4.005025 4.098152 190.561278 2521.192627 324.249176 -1.000000
4.005280 4.098421 190.606001 2521.318359 662.338013 -1.000000
4.005535 4.098689 190.650718 2521.530518 1000.068298 -1.000000
4.005790 4.098957 190.695430 2521.827148 1326.000366 -1.000000
4.006044 4.099225 190.740136 2522.204346 1628.662964 -1.000000
4.006299 4.099493 190.784836 2522.654053 1896.696045 -1.000000
4.006553 4.099761 190.829532 2523.166504 2119.222656 -1.000000
4.006808 4.100029 190.874221 2523.728271 2286.438965 -1.000000
4.007062 4.100297 190.918905 2524.324707 2390.480713 -1.000000
4.007317 4.100565 190.963583 2524.938721 2426.167480 -1.000000
4.007571 4.100833 191.008256 2525.552734 2391.637939 -1.000000
4.007825 4.101100 191.052924 2526.148926 2288.654541 -1.000000
4.008079 4.101368 191.097585 2526.710938 2122.264404 -1.000000
4.008333 4.101635 191.142242 2527.222900 1900.296143 -1.000000
4.008587 4.101903 191.186892 2527.672607 1632.539795 -1.000000
4.008841 4.102170 191.231537 2528.049316 1329.758301 -1.000000
4.009095 4.102437 191.276177 2528.345947 1003.365356 -1.000000
4.009349 4.102704 191.320811 2528.557861 664.833984 -1.000000
4.009603 4.102971 191.365439 2528.683350 325.675385 -1.000000
4.009856 4.103238 191.410063 2528.723877 -2.684006 -1.000000
4.010110 4.103505 191.454680 2528.683838 -308.730713 -1.000000
4.010363 4.103772 191.499292 2528.570312 -581.110535 -1.000000
4.010617 4.104039 191.543898 2528.393311 -808.793457 -1.000000
4.010870 4.104306 191.588499 2528.165527 -981.833435 -1.000000
4.011123 4.104572 191.633095 2527.901611 -1092.131470 -1.000000
4.011376 4.104839 191.677685 2527.618164 -1134.172119 -1.000000
4.011629 4.105105 191.722269 2527.333252 -1105.867676 -1.000000
4.011882 4.105372 191.766848 2527.064453 -1008.609375 -1.000000
4.012135 4.105638 191.811421 2526.828613 -847.155579 -1.000000
4.012388 4.105904 191.855989 2526.640625 -629.179016 -1.000000
4.012641 4.106170 191.900551 2526.514160 -364.293945 -1.000000
4.012894 4.106436 191.945108 2526.459717 -63.345520 -1.000000
4.013146 4.106702 191.989660 2526.484375 262.312469 -1.000000
4.013399 4.106968 192.034205 2526.593506 601.119019 -1.000000
4.013651 4.107234 192.078746 2526.788330 941.612915 -1.000000
4.013904 4.107500 192.123281 2527.068115 1272.283691 -1.000000
4.014156 4.107765 192.167810 2527.428955 1581.580078 -1.000000
4.014408 4.108031 192.212334 2527.863525 1858.036255 -1.000000
4.014660 4.108296 192.256852 2528.362305 2090.613281 -1.000000
4.014913 4.108562 192.301365 2528.913086 2269.231689 -1.000000
4.015165 4.108827 192.345873 2529.501221 2385.552490 -1.000000
4.015417 4.109093 192.390375 2530.110107 2433.797363 -1.000000
4.015668 4.109358 192.434871 2530.721924 2411.526855 -1.000000
4.015920 4.109623 192.479362 2531.319092 2319.832764 -1.000000
4.016172 4.109888 192.523848 2531.884766 2163.289062 -1.000000
4.016424 4.110153 192.568328 2532.403564 1949.292847 -1.000000
4.016675 4.110418 192.612803 2532.861816 1687.411865 -1.000000
4.016927 4.110683 192.657272 2533.249268 1388.380981 -1.000000
4.017178 4.110947 192.701736 2533.557861 1063.569092 -1.000000
4.017430 4.111212 192.746194 2533.782715 724.561279 -1.000000
4.017681 4.111477 192.790647 2533.921875 382.853546 -1.000000
4.017932 4.111741 192.835094 2533.976318 49.995056 -1.000000
4.018183 4.112006 192.879536 2533.948975 -262.423767 -1.000000
4.018434 4.112270 192.923973 2533.847168 -542.862854 -1.000000
4.018685 4.112534 192.968404 2533.680176 -780.154602 -1.000000
4.018936 4.112798 193.012829 2533.460205 -964.141479 -1.000000
4.019187 4.113063 193.057249 2533.201416 -1086.227417 -1.000000
4.019438 4.113327 193.101664 2532.920898 -1140.440796 -1.000000
4.019689 4.113591 193.146074 2532.635498 -1124.066528 -1.000000
4.019939 4.113855 193.190477 2532.363281 -1037.856934 -1.000000
4.020190 4.114118 193.234876 2532.120850 -886.116150 -1.000000
4.020440 4.114382 193.279269 2531.924072 -676.048157 -1.000000
4.020691 4.114646 193.323656 2531.786377 -417.069977 -1.000000
4.020941 4.114909 193.368039 2531.718262 -119.864761 -1.000000
4.021191 4.115173 193.412415 2531.728271 204.170685 -1.000000
4.021442 4.115436 193.456787 2531.821533 543.463196 -1.000000
4.021692 4.115700 193.501153 2532.000488 886.421448 -1.000000
4.021942 4.115963 193.545513 2532.264404 1221.386230 -1.000000
4.022192 4.116226 193.589868 2532.609863 1536.759766 -1.000000
4.022442 4.116489 193.634218 2533.030273 1820.969116 -1.000000
4.022692 4.116752 193.678562 2533.516602 2062.770508 -1.000000
4.022941 4.117015 193.722901 2534.056641 2251.829834 -1.000000
4.023191 4.117278 193.767234 2534.636230 2379.456543 -1.000000
4.023441 4.117541 193.811562 2535.239014 2439.457031 -1.000000
4.023690 4.117804 193.855885 2535.848145 2428.700928 -1.000000
4.023940 4.118067 193.900202 2536.445557 2347.750732 -1.000000
4.024189 4.118329 193.944514 2537.014404 2200.640381 -1.000000
4.024438 4.118592 193.988821 2537.538574 1994.340576 -1.000000
4.024688 4.118854 194.033122 2538.004883 1738.183105 -1.000000
4.024937 4.119117 194.077418 2538.402100 1442.809814 -1.000000
4.025186 4.119379 194.121708 2538.721924 1119.559082 -1.000000
4.025435 4.119641 194.165993 2538.958740 780.090576 -1.000000
4.025684 4.119903 194.210273 2539.110107 436.062073 -1.000000
4.025933 4.120166 194.254547 2539.176514 99.127876 -1.000000
4.026182 4.120428 194.298816 2539.161133 -219.070877 -1.000000
4.026430 4.120690 194.343079 2539.069824 -506.873779 -1.000000
4.026679 4.120951 194.387337 2538.912354 -753.006409 -1.000000
4.026928 4.121213 194.431590 2538.699951 -946.994751 -1.000000
4.027176 4.121475 194.475837 2538.446533 -1079.948853 -1.000000
4.027425 4.121737 194.520079 2538.168457 -1145.401001 -1.000000
4.027673 4.121998 194.564316 2537.883057 -1140.015747 -1.000000
4.027922 4.122260 194.608547 2537.607910 -1064.099121 -1.000000
4.028170 4.122521 194.652773 2537.360107 -921.439819 -1.000000
4.028418 4.122782 194.696994 2537.155273 -718.805481 -1.000000
4.028666 4.123044 194.741209 2537.007568 -465.393433 -1.000000
4.028914 4.123305 194.785419 2536.927979 -171.849197 -1.000000
4.029162 4.123566 194.829623 2536.925049 150.471390 -1.000000
4.029410 4.123827 194.873822 2537.004150 489.949585 -1.000000
4.029658 4.124088 194.918016 2537.168213 834.894653 -1.000000
4.029906 4.124349 194.962205 2537.417236 1173.624268 -1.000000
4.030153 4.124610 195.006388 2537.748047 1494.457520 -1.000000
4.030401 4.124870 195.050566 2538.154785 1785.701660 -1.000000
4.030648 4.125131 195.094738 2538.628662 2036.050537 -1.000000
4.030896 4.125392 195.138905 2539.158203 2234.843994 -1.000000
4.031143 4.125652 195.183067 2539.729492 2373.049316 -1.000000
4.031391 4.125913 195.227224 2540.326660 2443.973389 -1.000000
4.031638 4.126173 195.271375 2540.932373 2444.065186 -1.000000
4.031885 4.126433 195.315521 2541.529541 2373.295410 -1.000000
4.032132 4.126694 195.359661 2542.100098 2235.182861 -1.000000
4.032379 4.126954 195.403796 2542.628906 2036.369507 -1.000000
4.032626 4.127214 195.447926 2543.102051 1785.823364 -1.000000
4.032873 4.127474 195.492051 2543.508057 1494.106567 -1.000000
4.033120 4.127734 195.536170 2543.837891 1172.557373 -1.000000
4.033367 4.127994 195.580284 2544.085449 832.921021 -1.000000
4.033613 4.128253 195.624393 2544.248047 486.948395 -1.000000
4.033860 4.128513 195.668496 2544.325928 146.371704 -1.000000
4.034107 4.128773 195.712594 2544.321777 -177.092422 -1.000000
4.034353 4.129032 195.756687 2544.241211 -471.736816 -1.000000
4.034599 4.129292 195.800774 2544.092773 -726.104004 -1.000000
4.034846 4.129551 195.844857 2543.887695 -929.517456 -1.000000
4.035092 4.129811 195.888933 2543.639893 -1072.744263 -1.000000
4.035338 4.130070 195.933005 2543.365234 -1148.959473 -1.000000
4.035584 4.130329 195.977071 2543.080322 -1154.285034 -1.000000
4.035830 4.130588 196.021132 2542.802979 -1088.471436 -1.000000
4.036076 4.130847 196.065188 2542.550537 -954.790161 -1.000000
4.036322 4.131106 196.109238 2542.338379 -759.611755 -1.000000
4.036568 4.131365 196.153284 2542.181152 -511.845490 -1.000000
4.036814 4.131624 196.197323 2542.090332 -221.991394 -1.000000
4.037060 4.131883 196.241358 2542.074707 98.555908 -1.000000
4.037305 4.132142 196.285387 2542.140381 438.143768 -1.000000
4.037551 4.132400 196.329411 2542.290527 784.949646 -1.000000
4.037796 4.132659 196.373430 2542.525635 1127.246216 -1.000000
4.038042 4.132917 196.417444 2542.842529 1453.214478 -1.000000
4.038287 4.133176 196.461452 2543.236328 1751.122070 -1.000000
4.038532 4.133434 196.505455 2543.698486 2009.394531 -1.000000
4.038778 4.133692 196.549453 2544.217773 2217.317871 -1.000000
4.039023 4.133950 196.593445 2544.781006 2365.482422 -1.000000
4.039268 4.134208 196.637432 2545.372314 2446.782227 -1.000000
4.039513 4.134467 196.681414 2545.974854 2457.177979 -1.000000
4.039758 4.134724 196.725391 2546.571045 2396.082275 -1.000000
4.040003 4.134982 196.769362 2547.143311 2266.549561 -1.000000
4.040248 4.135240 196.813329 2547.675781 2074.895508 -1.000000
4.040492 4.135498 196.857290 2548.154541 1829.843262 -1.000000
4.040737 4.135756 196.901245 2548.567627 1541.839233 -1.000000
4.040981 4.136013 196.945196 2548.906494 1222.216187 -1.000000
4.041226 4.136271 196.989141 2549.164062 882.682251 -1.000000
4.041470 4.136528 197.033081 2549.337158 535.094543 -1.000000
4.041715 4.136786 197.077016 2549.425781 191.301071 -1.000000
4.041959 4.137043 197.120945 2549.431885 -136.972244 -1.000000
4.042203 4.137300 197.164869 2549.361084 -437.830963 -1.000000
4.042448 4.137557 197.208789 2549.221436 -699.758057 -1.000000
4.042692 4.137814 197.252702 2549.023926 -911.861206 -1.000000
4.042936 4.138071 197.296611 2548.781250 -1064.635742 -1.000000
4.043180 4.138328 197.340514 2548.509521 -1150.763062 -1.000000
4.043424 4.138585 197.384412 2548.225586 -1166.034668 -1.000000
4.043667 4.138842 197.428305 2547.946777 -1109.602295 -1.000000
4.043911 4.139099 197.472193 2547.689941 -984.253357 -1.000000
4.044155 4.139356 197.516076 2547.471924 -796.089355 -1.000000
4.044399 4.139612 197.559953 2547.306396 -553.702942 -1.000000
4.044642 4.139869 197.603825 2547.205811 -267.498657 -1.000000
4.044886 4.140125 197.647692 2547.178955 51.180187 -1.000000
4.045129 4.140382 197.691554 2547.232422 390.620056 -1.000000
4.045372 4.140638 197.735410 2547.369629 738.963013 -1.000000
4.045616 4.140894 197.779261 2547.591309 1084.384033 -1.000000
4.045859 4.141150 197.823107 2547.895752 1414.938477 -1.000000
4.046102 4.141406 197.866948 2548.277344 1718.802490 -1.000000
4.046345 4.141662 197.910784 2548.728516 1984.308105 -1.000000
4.046588 4.141918 197.954614 2549.238281 2200.465088 -1.000000
4.046831 4.142174 197.998440 2549.793213 2357.693848 -1.000000
4.047074 4.142430 198.042260 2550.378174 2448.535645 -1.000000
4.047317 4.142686 198.086074 2550.976562 2468.489990 -1.000000
4.047559 4.142941 198.129884 2551.571289 2416.501709 -1.000000
4.047802 4.143197 198.173689 2552.144531 2295.138916 -1.000000
4.048045 4.143453 198.217488 2552.680420 2110.253174 -1.000000
4.048287 4.143708 198.261282 2553.164307 1870.397705 -1.000000
4.048530 4.143963 198.305071 2553.583984 1585.893066 -1.000000
4.048772 4.144219 198.348855 2553.930420 1268.050049 -1.000000
4.049015 4.144474 198.392634 2554.197021 928.639038 -1.000000
4.049257 4.144729 198.436407 2554.379639 579.552246 -1.000000
4.049499 4.144984 198.480175 2554.477783 232.739594 -1.000000
4.049741 4.145239 198.523938 2554.493408 -99.916954 -1.000000
4.049983 4.145494 198.567696 2554.431396 -406.493988 -1.000000
4.050225 4.145749 198.611449 2554.299805 -675.318970 -1.000000
4.050467 4.146004 198.655197 2554.108887 -895.340332 -1.000000
4.050709 4.146259 198.698939 2553.871582 -1056.849243 -1.000000
4.050951 4.146513 198.742677 2553.603271 -1152.195190 -1.000000
4.051192 4.146768 198.786409 2553.320312 -1176.665161 -1.000000
4.051434 4.147023 198.830136 2553.040283 -1128.995483 -1.000000
4.051676 4.147277 198.873858 2552.780273 -1011.522522 -1.000000
4.051917 4.147531 198.917574 2552.556885 -830.018188 -1.000000
4.052159 4.147786 198.961286 2552.384033 -592.768860 -1.000000
4.052400 4.148040 199.004992 2552.274414 -310.058807 -1.000000
4.052641 4.148294 199.048694 2552.237305 6.817365 -1.000000
4.052883 4.148548 199.092390 2552.279541 346.082336 -1.000000
4.053124 4.148802 199.136081 2552.405273 695.802368 -1.000000
4.053365 4.149056 199.179766 2552.615234 1043.967041 -1.000000
4.053606 4.149310 199.223447 2552.907715 1378.619385 -1.000000
4.053847 4.149564 199.267123 2553.277832 1687.909790 -1.000000
4.054088 4.149818 199.310793 2553.718018 1960.025513 -1.000000
4.054329 4.150072 199.354458 2554.218262 2183.838623 -1.000000
4.054569 4.150325 199.398119 2554.765381 2349.500732 -1.000000
4.054810 4.150579 199.441774 2555.344482 2449.193604 -1.000000
4.055051 4.150832 199.485424 2555.938965 2478.058350 -1.000000
4.055291 4.151086 199.529068 2556.531494 2434.542725 -1.000000
4.055532 4.151339 199.572708 2557.104736 2320.899902 -1.000000
4.055772 4.151592 199.616343 2557.642578 2142.582764 -1.000000
4.056013 4.151846 199.659972 2558.130615 1907.832764 -1.000000
4.056253 4.152099 199.703596 2558.555908 1626.856323 -1.000000
4.056493 4.152352 199.747216 2558.909180 1310.959717 -1.000000
4.056734 4.152605 199.790830 2559.183838 971.891235 -1.000000
4.056974 4.152858 199.834439 2559.375244 621.649780 -1.000000
4.057214 4.153111 199.878043 2559.482422 272.195953 -1.000000
4.057454 4.153363 199.921641 2559.507080 -64.434875 -1.000000
4.057694 4.153616 199.965235 2559.453369 -376.240723 -1.000000
4.057933 4.153869 200.008824 2559.329346 -651.408752 -1.000000
4.058173 4.154121 200.052407 2559.144775 -878.763123 -1.000000
4.058413 4.154374 200.095986 2558.912598 -1048.336914 -1.000000
4.058653 4.154626 200.139559 2558.647461 -1152.176270 -1.000000
4.058892 4.154879 200.183127 2558.365967 -1185.176758 -1.000000
4.059132 4.155131 200.226690 2558.085205 -1145.666382 -1.000000
4.059371 4.155383 200.270248 2557.822754 -1035.623169 -1.000000
4.059610 4.155635 200.313801 2557.594482 -860.376282 -1.000000
4.059850 4.155888 200.357349 2557.415283 -628.001526 -1.000000
4.060089 4.156140 200.400892 2557.297607 -348.664551 -1.000000
4.060328 4.156392 200.444430 2557.251465 -33.598396 -1.000000
4.060567 4.156644 200.487962 2557.283691 305.294464 -1.000000
4.060806 4.156895 200.531490 2557.398438 656.079407 -1.000000
4.061045 4.157147 200.575012 2557.597412 1006.665649 -1.000000
4.061284 4.157399 200.618529 2557.878906 1345.061523 -1.000000
4.061523 4.157650 200.662042 2558.238037 1659.259033 -1.000000
4.061762 4.157902 200.705549 2558.668213 1937.428223 -1.000000
4.062001 4.158153 200.749051 2559.159424 2168.196045 -1.000000
4.062239 4.158405 200.792548 2559.698730 2341.572510 -1.000000
4.062478 4.158656 200.836040 2560.271484 2449.441895 -1.000000
4.062717 4.158908 200.879527 2560.861816 2486.527832 -1.000000
4.062955 4.159159 200.923009 2561.451904 2450.933105 -1.000000
4.063193 4.159410 200.966486 2562.024658 2344.518799 -1.000000
4.063432 4.159661 201.009958 2562.564209 2172.340576 -1.000000
4.063670 4.159912 201.053425 2563.055420 1942.402710 -1.000000
4.063908 4.160163 201.096886 2563.485840 1664.804810 -1.000000
4.064146 4.160414 201.140343 2563.845703 1350.674438 -1.000000
4.064384 4.160665 201.183795 2564.127197 1011.933289 -1.000000
4.064622 4.160915 201.227241 2564.326416 660.602905 -1.000000
4.064860 4.161166 201.270683 2564.441650 308.776398 -1.000000
4.065098 4.161417 201.314119 2564.474365 -31.473501 -1.000000
4.065336 4.161667 201.357550 2564.428467 -348.067474 -1.000000
4.065574 4.161918 201.400977 2564.311523 -629.106445 -1.000000
4.065811 4.162168 201.444398 2564.133301 -863.271729 -1.000000
4.066049 4.162418 201.487814 2563.906006 -1040.354126 -1.000000
4.066287 4.162669 201.531226 2563.644287 -1152.108032 -1.000000
4.066524 4.162919 201.574632 2563.364258 -1193.185547 -1.000000
4.066762 4.163169 201.618033 2563.083252 -1161.410278 -1.000000
4.066999 4.163419 201.661429 2562.818359 -1058.383667 -1.000000
4.067236 4.163669 201.704820 2562.586182 -889.066895 -1.000000
4.067473 4.163919 201.748207 2562.401123 -661.392090 -1.000000
4.067711 4.164169 201.791588 2562.276123 -385.285431 -1.000000
4.067948 4.164419 201.834964 2562.221436 -72.023750 -1.000000
4.068185 4.164668 201.878335 2562.244141 266.551483 -1.000000
4.068422 4.164918 201.921701 2562.349121 618.353882 -1.000000
4.068659 4.165168 201.965062 2562.537354 971.316223 -1.000000
4.068895 4.165417 202.008418 2562.808350 1313.273193 -1.000000
4.069132 4.165667 202.051769 2563.157715 1632.103027 -1.000000
4.069369 4.165916 202.095115 2563.578369 1915.863525 -1.000000
4.069606 4.166165 202.138456 2564.061035 2153.156494 -1.000000
4.069842 4.166415 202.181792 2564.592773 2333.736328 -1.000000
4.070079 4.166664 202.225123 2565.159912 2449.228516 -1.000000
4.070315 4.166913 202.268449 2565.745605 2494.009033 -1.000000
4.070551 4.167162 202.311770 2566.333252 2465.881348 -1.000000
4.070788 4.167411 202.355086 2566.905762 2366.143311 -1.000000
4.071024 4.167660 202.398397 2567.446289 2199.666016 -1.000000
4.071260 4.167909 202.441703 2567.940186 1974.270386 -1.000000
4.071496 4.168157 202.485004 2568.375000 1699.754028 -1.000000
4.071732 4.168406 202.528300 2568.739990 1387.359985 -1.000000
4.071968 4.168655 202.571591 2569.027832 1048.968384 -1.000000
4.072204 4.168903 202.614877 2569.233887 696.675781 -1.000000
4.072440 4.169152 202.658158 2569.356689 342.632233 -1.000000
4.072676 4.169400 202.701434 2569.396729 -1.015984 -1.000000
4.072912 4.169649 202.744705 2569.358154 -322.122467 -1.000000
4.073147 4.169897 202.787971 2569.247559 -608.634338 -1.000000
4.073383 4.170145 202.831232 2569.074707 -849.073181 -1.000000
4.073619 4.170393 202.874488 2568.851807 -1033.009644 -1.000000
4.073854 4.170642 202.917739 2568.593262 -1152.045410 -1.000000
4.074090 4.170890 202.960985 2568.314941 -1200.432129 -1.000000
4.074325 4.171138 203.004226 2568.033936 -1175.686279 -1.000000
4.074560 4.171386 203.047463 2567.767334 -1079.037109 -1.000000
4.074795 4.171633 203.090694 2567.531494 -915.233398 -1.000000
4.075031 4.171881 203.133920 2567.341553 -691.906555 -1.000000
4.075266 4.172129 203.177142 2567.209961 -418.808167 -1.000000
4.075501 4.172377 203.220358 2567.147705 -107.167473 -1.000000
4.075736 4.172624 203.263569 2567.162109 231.086136 -1.000000
4.075971 4.172872 203.306776 2567.257812 583.828857 -1.000000
4.076206 4.173119 203.349977 2567.436523 938.929077 -1.000000
4.076440 4.173367 203.393174 2567.697754 1284.148926 -1.000000
4.076675 4.173614 203.436365 2568.037598 1607.278442 -1.000000
4.076910 4.173861 203.479552 2568.449463 1896.291016 -1.000000
4.077144 4.174108 203.522734 2568.923828 2139.638672 -1.000000
4.077379 4.174355 203.565910 2569.448975 2326.851562 -1.000000
4.077613 4.174602 203.609082 2570.010254 2449.298096 -1.000000
4.077848 4.174849 203.652249 2570.591797 2501.105469 -1.000000
4.078082 4.175096 203.695411 2571.176758 2479.741211 -1.000000
4.078316 4.175343 203.738568 2571.748047 2386.206055 -1.000000
4.078551 4.175590 203.781720 2572.289307 2225.006592 -1.000000
4.078785 4.175837 203.824867 2572.785645 2003.740479 -1.000000
4.079019 4.176083 203.868009 2573.223877 1732.096924 -1.000000
4.079253 4.176330 203.911146 2573.593750 1421.245483 -1.000000
4.079487 4.176577 203.954278 2573.886963 1083.096191 -1.000000
4.079721 4.176823 203.997406 2574.099121 729.812805 -1.000000
4.079955 4.177069 204.040528 2574.227783 373.703522 -1.000000
4.080188 4.177316 204.083646 2574.274414 26.973558 -1.000000
4.080422 4.177562 204.126758 2574.242188 -298.156006 -1.000000
4.080656 4.177808 204.169866 2574.137695 -589.591125 -1.000000
4.080889 4.178054 204.212968 2573.970215 -835.695862 -1.000000
4.081123 4.178301 204.256066 2573.751709 -1025.930908 -1.000000
4.081356 4.178547 204.299159 2573.496338 -1151.655029 -1.000000
4.081590 4.178792 204.342247 2573.219482 -1206.744507 -1.000000
4.081823 4.179038 204.385330 2572.938477 -1188.443970 -1.000000
4.082056 4.179284 204.428408 2572.670410 -1097.671875 -1.000000
4.082290 4.179530 204.471481 2572.431641 -938.871033 -1.000000
4.082523 4.179776 204.514550 2572.237061 -719.435608 -1.000000
4.082756 4.180021 204.557613 2572.099854 -449.042084 -1.000000
4.082989 4.180267 204.600671 2572.030518 -138.842224 -1.000000
4.083222 4.180512 204.643725 2572.037109 199.266983 -1.000000
4.083455 4.180758 204.686774 2572.124512 553.036621 -1.000000
4.083688 4.181003 204.729817 2572.294678 910.242859 -1.000000
4.083920 4.181248 204.772856 2572.547607 1258.507935 -1.000000
4.084153 4.181494 204.815890 2572.879150 1585.564453 -1.000000
4.084386 4.181739 204.858919 2573.282959 1879.331421 -1.000000
4.084618 4.181984 204.901944 2573.750000 2128.072510 -1.000000
4.084851 4.182229 204.944963 2574.268555 2321.206787 -1.000000
4.085083 4.182474 204.987977 2574.824707 2449.873779 -1.000000
4.085316 4.182719 205.030987 2575.402344 2507.908203 -1.000000
4.085548 4.182964 205.073991 2575.984863 2492.445557 -1.000000
4.085781 4.183208 205.116991 2576.554932 2404.214355 -1.000000
4.086013 4.183453 205.159986 2577.096191 2247.552246 -1.000000
4.086245 4.183698 205.202976 2577.593994 2029.765991 -1.000000
4.086477 4.183942 205.245961 2578.034668 1760.528564 -1.000000
4.086709 4.184187 205.288941 2578.407959 1450.936523 -1.000000
4.086941 4.184431 205.331916 2578.705811 1112.917480 -1.000000
4.087173 4.184676 205.374887 2578.923340 758.648499 -1.000000
4.087405 4.184920 205.417853 2579.057861 400.469727 -1.000000
4.087637 4.185164 205.460813 2579.109863 50.753239 -1.000000
4.087868 4.185409 205.503769 2579.083008 -278.166992 -1.000000
4.088100 4.185653 205.546720 2578.983643 -574.131409 -1.000000
4.088332 4.185897 205.589666 2578.820557 -825.415405 -1.000000
4.088563 4.186141 205.632607 2578.605713 -1021.300842 -1.000000
4.088795 4.186385 205.675544 2578.352539 -1152.868896 -1.000000
4.089026 4.186629 205.718475 2578.077393 -1213.825317 -1.000000
4.089257 4.186872 205.761402 2577.796387 -1201.156006 -1.000000
4.089489 4.187116 205.804324 2577.527344 -1115.472046 -1.000000
4.089720 4.187360 205.847241 2577.285889 -960.941040 -1.000000
4.089951 4.187604 205.890153 2577.087646 -744.835571 -1.000000
4.090182 4.187847 205.933060 2576.945801 -476.712982 -1.000000
4.090413 4.188091 205.975962 2576.870605 -167.635559 -1.000000
4.090644 4.188334 206.018860 2576.870605 170.404099 -1.000000
4.090875 4.188577 206.061752 2576.950928 525.125305 -1.000000
4.091106 4.188821 206.104640 2577.113525 884.198792 -1.000000
4.091337 4.189064 206.147523 2577.358398 1235.277100 -1.000000
4.091568 4.189307 206.190401 2577.682129 1565.985840 -1.000000
4.091798 4.189550 206.233275 2578.078613 1864.065308 -1.000000
4.092029 4.189793 206.276143 2578.539062 2117.688721 -1.000000
4.092260 4.190036 206.319007 2579.051758 2316.089600 -1.000000
4.092490 4.190279 206.361865 2579.602539 2450.342529 -1.000000
4.092721 4.190522 206.404719 2580.176025 2513.994141 -1.000000
4.092951 4.190765 206.447568 2580.755371 2503.923340 -1.000000
4.093181 4.191008 206.490413 2581.323730 2420.613770 -1.000000
4.093412 4.191250 206.533252 2581.864990 2268.130127 -1.000000
4.093642 4.191493 206.576087 2582.363525 2053.609375 -1.000000
4.093872 4.191735 206.618916 2582.806396 1786.598267 -1.000000
4.094102 4.191978 206.661741 2583.182617 1478.136841 -1.000000
4.094332 4.192220 206.704561 2583.484131 1140.214233 -1.000000
4.094562 4.192463 206.747377 2583.705811 785.094421 -1.000000
4.094792 4.192705 206.790187 2583.844971 425.164948 -1.000000
4.095022 4.192947 206.832993 2583.902100 72.837517 -1.000000
4.095252 4.193189 206.875794 2583.880371 -259.489899 -1.000000
4.095481 4.193431 206.918590 2583.785400 -559.496826 -1.000000
4.095711 4.193674 206.961381 2583.626465 -815.376099 -1.000000
4.095941 4.193916 207.004167 2583.415283 -1016.293518 -1.000000
4.096170 4.194157 207.046949 2583.164795 -1153.149780 -1.000000
4.096400 4.194399 207.089726 2582.891357 -1219.422485 -1.000000
4.096629 4.194641 207.132498 2582.610840 -1211.886841 -1.000000
4.096858 4.194883 207.175265 2582.340820 -1130.846436 -1.000000
4.097088 4.195124 207.218027 2582.097412 -980.254944 -1.000000
4.097317 4.195366 207.260785 2581.895996 -767.148926 -1.000000
4.097546 4.195608 207.303538 2581.749512 -501.040466 -1.000000
4.097775 4.195849 207.346286 2581.669434 -192.971985 -1.000000
4.098004 4.196091 207.389029 2581.663574 145.047470 -1.000000
4.098233 4.196332 207.431767 2581.737549 500.682159 -1.000000
4.098462 4.196573 207.474501 2581.893311 861.563110 -1.000000
4.098691 4.196814 207.517229 2582.131348 1215.145996 -1.000000
4.098920 4.197056 207.559953 2582.448242 1549.017334 -1.000000
4.099149 4.197297 207.602673 2582.837646 1850.909912 -1.000000
4.099377 4.197538 207.645387 2583.291748 2108.916992 -1.000000
4.099606 4.197779 207.688097 2583.798340 2312.102051 -1.000000
4.099835 4.198020 207.730802 2584.344238 2451.328613 -1.000000
4.100063 4.198260 207.773502 2584.913574 2520.008057 -1.000000
4.100292 4.198501 207.816197 2585.489990 2514.789551 -1.000000
4.100520 4.198742 207.858887 2586.056885 2435.848633 -1.000000
4.100748 4.198983 207.901573 2586.597656 2286.986084 -1.000000
4.100977 4.199223 207.944254 2587.096680 2075.232178 -1.000000
4.101205 4.199464 207.986930 2587.540771 1810.042114 -1.000000
4.101433 4.199704 208.029602 2587.919434 1502.520752 -1.000000
4.101661 4.199945 208.072268 2588.223877 1164.520752 -1.000000
4.101889 4.200185 208.114930 2588.448975 808.477905 -1.000000
4.102117 4.200425 208.157587 2588.592285 446.788391 -1.000000
4.102345 4.200666 208.200239 2588.653564 91.952545 -1.000000
4.102573 4.200906 208.242887 2588.635986 -243.492065 -1.000000
4.102801 4.201146 208.285530 2588.545166 -547.196899 -1.000000
4.103029 4.201386 208.328168 2588.389893 -807.229919 -1.000000
4.103256 4.201626 208.370801 2588.181396 -1012.644104 -1.000000
4.103484 4.201866 208.413430 2587.933350 -1154.189087 -1.000000
4.103711 4.202106 208.456053 2587.661377 -1225.129395 -1.000000
4.103939 4.202345 208.498672 2587.381348 -1222.038208 -1.000000
4.104166 4.202585 208.541286 2587.111084 -1145.021851 -1.000000
4.104394 4.202825 208.583896 2586.866211 -997.835571 -1.000000
4.104621 4.203065 208.626501 2586.662598 -787.424194 -1.000000
4.104848 4.203304 208.669101 2586.512695 -523.166260 -1.000000
4.105076 4.203544 208.711696 2586.427979 -216.048355 -1.000000
4.105303 4.203783 208.754286 2586.416992 121.971390 -1.000000
4.105530 4.204022 208.796872 2586.484863 478.479584 -1.000000
4.105757 4.204262 208.839453 2586.634766 840.997070 -1.000000
4.105984 4.204501 208.882029 2586.865967 1196.970581 -1.000000
4.106211 4.204740 208.924601 2587.176514 1533.900635 -1.000000
4.106438 4.204979 208.967168 2587.559814 1839.324707 -1.000000
4.106665 4.205218 209.009730 2588.007812 2101.304932 -1.000000
4.106891 4.205457 209.052287 2588.509033 2308.817871 -1.000000
4.107118 4.205696 209.094839 2589.050049 2452.523438 -1.000000
4.107345 4.205935 209.137387 2589.615479 2525.681885 -1.000000
4.107571 4.206174 209.179930 2590.188965 2524.744873 -1.000000
4.107798 4.206413 209.222469 2590.753906 2449.637939 -1.000000
4.108024 4.206651 209.265002 2591.293457 2304.045166 -1.000000
4.108251 4.206890 209.307531 2591.792725 2094.755371 -1.000000
4.108477 4.207129 209.350056 2592.237793 1831.211182 -1.000000
4.108703 4.207367 209.392575 2592.618164 1524.404053 -1.000000
4.108929 4.207606 209.435090 2592.925293 1186.296265 -1.000000
4.109156 4.207844 209.477600 2593.153564 829.261047 -1.000000
4.109382 4.208082 209.520105 2593.299805 465.915649 -1.000000
4.109608 4.208321 209.562606 2593.364502 108.844688 -1.000000
4.109834 4.208559 209.605102 2593.350342 -229.426010 -1.000000
4.110060 4.208797 209.647593 2593.263184 -536.464539 -1.000000
4.110286 4.209035 209.690079 2593.111572 -800.273376 -1.000000
4.110511 4.209273 209.732561 2592.906006 -1009.764465 -1.000000
4.110737 4.209511 209.775038 2592.660156 -1155.525024 -1.000000
4.110963 4.209749 209.817510 2592.389160 -1230.646484 -1.000000
4.111188 4.209987 209.859978 2592.109863 -1231.464478 -1.000000
4.111414 4.210225 209.902441 2591.839111 -1157.976318 -1.000000
4.111640 4.210462 209.944899 2591.593018 -1013.746277 -1.000000
4.111865 4.210700 209.987352 2591.386719 -805.507507 -1.000000
4.112090 4.210938 210.029801 2591.233887 -542.593079 -1.000000
4.112316 4.211175 210.072245 2591.145264 -235.982803 -1.000000
4.112541 4.211413 210.114685 2591.129639 102.341919 -1.000000
4.112766 4.211650 210.157119 2591.192871 459.854187 -1.000000
4.112991 4.211887 210.199549 2591.337402 824.044312 -1.000000
4.113217 4.212125 210.241975 2591.563477 1182.255493 -1.000000
4.113442 4.212362 210.284395 2591.868408 1521.865356 -1.000000
4.113667 4.212599 210.326811 2592.246338 1830.395386 -1.000000
4.113892 4.212836 210.369223 2592.688721 2095.857178 -1.000000
4.114116 4.213073 210.411629 2593.185059 2307.108398 -1.000000
4.114341 4.213310 210.454031 2593.721436 2454.712402 -1.000000
4.114566 4.213547 210.496428 2594.283203 2531.671875 -1.000000
4.114791 4.213784 210.538821 2594.854004 2534.277588 -1.000000
4.115015 4.214021 210.581209 2595.416504 2462.372803 -1.000000
4.115240 4.214258 210.623592 2595.954590 2319.428711 -1.000000
4.115465 4.214494 210.665970 2596.453125 2112.207520 -1.000000
4.115689 4.214731 210.708344 2596.898682 1849.936523 -1.000000
4.115914 4.214968 210.750713 2597.280273 1543.594971 -1.000000
4.116138 4.215204 210.793078 2597.589111 1205.209717 -1.000000
4.116362 4.215441 210.835438 2597.819336 847.253906 -1.000000
4.116586 4.215677 210.877793 2597.968506 482.286743 -1.000000
4.116811 4.215913 210.920143 2598.036133 123.026131 -1.000000
4.117035 4.216150 210.962489 2598.025146 -217.894028 -1.000000
4.117259 4.216386 211.004830 2597.940918 -527.983582 -1.000000
4.117483 4.216622 211.047166 2597.791992 -795.158386 -1.000000
4.117707 4.216858 211.089498 2597.589111 -1008.219482 -1.000000
4.117931 4.217094 211.131825 2597.345459 -1157.719727 -1.000000
4.118155 4.217330 211.174148 2597.076416 -1236.584351 -1.000000
4.118378 4.217566 211.216466 2596.797852 -1241.007568 -1.000000
4.118602 4.217802 211.258779 2596.526611 -1170.702881 -1.000000
4.118826 4.218038 211.301087 2596.279297 -1029.011230 -1.000000
4.119050 4.218274 211.343391 2596.071289 -822.715698 -1.000000
4.119273 4.218509 211.385690 2595.916016 -561.021362 -1.000000
4.119497 4.218745 211.427985 2595.823975 -254.849777 -1.000000
4.119720 4.218981 211.470275 2595.804443 83.715836 -1.000000
4.119943 4.219216 211.512560 2595.863037 442.242920 -1.000000
4.120167 4.219451 211.554841 2596.002441 808.048401 -1.000000
4.120390 4.219687 211.597117 2596.223389 1168.445312 -1.000000
4.120613 4.219922 211.639388 2596.522949 1510.710449 -1.000000
4.120837 4.220158 211.681655 2596.895752 1822.290527 -1.000000
4.121060 4.220393 211.723917 2597.333252 2091.020752 -1.000000
4.121283 4.220628 211.766174 2597.824707 2305.779297 -1.000000
4.121506 4.220863 211.808427 2598.356934 2456.935059 -1.000000
4.121729 4.221098 211.850675 2598.915283 2537.420898 -1.000000
4.121952 4.221333 211.892919 2599.483154 2543.247559 -1.000000
4.122174 4.221568 211.935157 2600.043457 2474.166016 -1.000000
4.122397 4.221803 211.977392 2600.580322 2333.519043 -1.000000
4.122620 4.222038 212.019621 2601.078369 2127.953369 -1.000000
4.122843 4.222272 212.061846 2601.523926 1866.624512 -1.000000
4.123065 4.222507 212.104067 2601.906250 1560.565552 -1.000000
4.123288 4.222742 212.146282 2602.216553 1221.758423 -1.000000
4.123510 4.222976 212.188493 2602.448730 862.677246 -1.000000
4.123733 4.223211 212.230700 2602.599854 496.075317 -1.000000
4.123955 4.223445 212.272902 2602.669922 134.662811 -1.000000
4.124177 4.223680 212.315099 2602.661377 -208.784607 -1.000000
4.124400 4.223914 212.357292 2602.579590 -521.746643 -1.000000
4.124622 4.224148 212.399480 2602.432861 -791.962585 -1.000000
4.124844 4.224382 212.441663 2602.231934 -1008.254395 -1.000000
4.125066 4.224617 212.483842 2601.989746 -1160.935059 -1.000000
4.125288 4.224851 212.526016 2601.721191 -1242.851318 -1.000000
4.125510 4.225085 212.568186 2601.443359 -1250.000366 -1.000000
4.125732 4.225319 212.610350 2601.172119 -1182.034058 -1.000000
4.125954 4.225553 212.652511 2600.924316 -1042.322876 -1.000000
4.126176 4.225787 212.694667 2600.714844 -837.378723 -1.000000
4.126398 4.226020 212.736818 2600.557373 -576.361328 -1.000000
4.126619 4.226254 212.778964 2600.462646 -270.255432 -1.000000
4.126841 4.226488 212.821106 2600.439941 68.906540 -1.000000
4.127063 4.226721 212.863243 2600.494629 428.588135 -1.000000
4.127284 4.226955 212.905376 2600.630127 796.060425 -1.000000
4.127506 4.227189 212.947504 2600.846680 1158.538452 -1.000000
4.127727 4.227422 212.989628 2601.141846 1503.237915 -1.000000
4.127948 4.227655 213.031747 2601.510010 1817.552856 -1.000000
4.128170 4.227889 213.073861 2601.943359 2089.208740 -1.000000
4.128391 4.228122 213.115971 2602.430664 2306.907959 -1.000000
4.128612 4.228355 213.158076 2602.959229 2461.088135 -1.000000
4.128833 4.228588 213.200177 2603.514160 2544.451660 -1.000000
4.129054 4.228822 213.242273 2604.079102 2552.918945 -1.000000
4.129276 4.229055 213.284364 2604.637451 2486.069824 -1.000000
4.129497 4.229288 213.326451 2605.172852 2347.114014 -1.000000
4.129717 4.229521 213.368533 2605.670166 2142.628174 -1.000000
4.129938 4.229753 213.410611 2606.115479 1881.725952 -1.000000
4.130159 4.229986 213.452684 2606.498047 1575.415161 -1.000000
4.130380 4.230219 213.494752 2606.808838 1235.789551 -1.000000
4.130601 4.230452 213.536816 2607.042236 875.385864 -1.000000
4.130821 4.230684 213.578876 2607.194824 507.008820 -1.000000
4.131042 4.230917 213.620930 2607.266357 143.503418 -1.000000
4.131262 4.231150 213.662980 2607.259277 -202.394424 -1.000000
4.131483 4.231382 213.705026 2607.179443 -517.918152 -1.000000
4.131703 4.231614 213.747067 2607.034180 -790.859985 -1.000000
4.131924 4.231847 213.789104 2606.834717 -1009.846619 -1.000000
4.132144 4.232079 213.831136 2606.593750 -1165.156372 -1.000000
4.132364 4.232311 213.873163 2606.326660 -1249.595337 -1.000000
4.132585 4.232544 213.915186 2606.049072 -1259.043213 -1.000000
4.132805 4.232776 213.957204 2605.777832 -1193.023071 -1.000000
4.133025 4.233008 213.999218 2605.529297 -1054.696899 -1.000000
4.133245 4.233240 214.041227 2605.318604 -850.578552 -1.000000
4.133465 4.233472 214.083231 2605.159424 -589.851013 -1.000000
4.133685 4.233704 214.125231 2605.062744 -283.487396 -1.000000
4.133905 4.233935 214.167227 2605.037354 56.527870 -1.000000
4.134125 4.234167 214.209218 2605.089111 417.485748 -1.000000
4.134344 4.234399 214.251204 2605.221191 786.642151 -1.000000
4.134564 4.234631 214.293186 2605.434326 1151.109741 -1.000000
4.134784 4.234862 214.335163 2605.725830 1498.073853 -1.000000
4.135003 4.235094 214.377135 2606.090088 1814.769531 -1.000000
4.135223 4.235325 214.419104 2606.519775 2088.901123 -1.000000
4.135442 4.235557 214.461067 2607.003418 2309.085693 -1.000000
4.135662 4.235788 214.503026 2607.528564 2465.619873 -1.000000
4.135881 4.236020 214.544981 2608.080078 2551.195068 -1.000000
4.136101 4.236251 214.586931 2608.642334 2561.646240 -1.000000
4.136320 4.236482 214.628876 2609.198486 2496.397949 -1.000000
4.136539 4.236713 214.670817 2609.731934 2358.655518 -1.000000
4.136758 4.236944 214.712753 2610.227539 2154.841553 -1.000000
4.136977 4.237175 214.754685 2610.672119 1894.137573 -1.000000
4.137197 4.237406 214.796612 2611.054443 1587.526001 -1.000000
4.137416 4.237637 214.838535 2611.365479 1247.045654 -1.000000
4.137635 4.237868 214.880453 2611.598877 885.393799 -1.000000
4.137853 4.238099 214.922367 2611.752197 515.439758 -1.000000
4.138072 4.238330 214.964276 2611.824707 150.032166 -1.000000
4.138291 4.238561 215.006181 2611.819092 -197.897644 -1.000000
4.138510 4.238791 215.048081 2611.740234 -515.611877 -1.000000
4.138729 4.239022 215.089976 2611.596436 -790.740295 -1.000000
4.138947 4.239252 215.131867 2611.397949 -1011.912659 -1.000000
4.139166 4.239483 215.173754 2611.158203 -1169.306641 -1.000000
4.139384 4.239713 215.215636 2610.892090 -1255.672241 -1.000000
4.139603 4.239944 215.257513 2610.615234 -1266.822388 -1.000000
4.139821 4.240174 215.299386 2610.343994 -1202.123169 -1.000000
4.140040 4.240404 215.341255 2610.095215 -1064.706299 -1.000000
4.140258 4.240634 215.383119 2609.883789 -861.010681 -1.000000
4.140476 4.240865 215.424978 2609.723389 -600.175964 -1.000000
4.140694 4.241095 215.466833 2609.625000 -293.233826 -1.000000
4.140912 4.241325 215.508683 2609.597656 47.736965 -1.000000
4.141131 4.241555 215.550529 2609.647461 410.040985 -1.000000
4.141349 4.241785 215.592371 2609.777100 780.791199 -1.000000
4.141567 4.242014 215.634207 2609.987549 1147.051147 -1.000000
4.141785 4.242244 215.676040 2610.275879 1495.891357 -1.000000
4.142002 4.242474 215.717868 2610.637451 1814.494751 -1.000000
4.142220 4.242704 215.759691 2611.063721 2090.504395 -1.000000
4.142438 4.242933 215.801510 2611.544189 2312.559082 -1.000000
4.142656 4.243163 215.843324 2612.066406 2470.739014 -1.000000
4.142873 4.243392 215.885134 2612.614990 2557.730957 -1.000000
4.143091 4.243622 215.926939 2613.174316 2569.320801 -1.000000
4.143309 4.243851 215.968740 2613.727783 2504.921631 -1.000000
4.143526 4.244081 216.010536 2614.259033 2367.603027 -1.000000
4.143744 4.244310 216.052328 2614.752686 2163.884277 -1.000000
4.143961 4.244539 216.094116 2615.195557 1902.884888 -1.000000
4.144178 4.244768 216.135899 2615.576416 1595.629028 -1.000000
4.144396 4.244998 216.177677 2615.886719 1254.130371 -1.000000
4.144613 4.245227 216.219451 2616.120117 891.153625 -1.000000
4.144830 4.245456 216.261220 2616.273438 519.638550 -1.000000
4.145047 4.245685 216.302985 2616.346191 152.499374 -1.000000
4.145264 4.245914 216.344746 2616.340820 -197.199478 -1.000000
4.145481 4.246142 216.386502 2616.262695 -516.669373 -1.000000
4.145698 4.246371 216.428253 2616.119873 -793.548279 -1.000000
4.145915 4.246600 216.470000 2615.922607 -1016.365173 -1.000000
4.146132 4.246829 216.511743 2615.683838 -1175.279541 -1.000000
4.146349 4.247057 216.553481 2615.417969 -1262.858276 -1.000000
4.146566 4.247286 216.595214 2615.141357 -1274.853271 -1.000000
4.146782 4.247515 216.636943 2614.870850 -1210.687134 -1.000000
4.146999 4.247743 216.678668 2614.621826 -1073.466431 -1.000000
4.147216 4.247971 216.720388 2614.410400 -869.613220 -1.000000
4.147432 4.248200 216.762104 2614.249268 -608.256775 -1.000000
4.147649 4.248428 216.803815 2614.150391 -300.459534 -1.000000
4.147865 4.248656 216.845522 2614.121826 41.641003 -1.000000
4.148081 4.248885 216.887224 2614.169922 405.353973 -1.000000
4.148298 4.249113 216.928922 2614.298096 777.670959 -1.000000
4.148514 4.249341 216.970615 2614.506348 1145.568359 -1.000000
4.148730 4.249569 217.012304 2614.792480 1496.056641 -1.000000
4.148946 4.249797 217.053989 2615.150879 1816.332397 -1.000000
4.149163 4.250025 217.095668 2615.574463 2093.936279 -1.000000
4.149379 4.250253 217.137344 2616.052002 2317.413574 -1.000000
4.149595 4.250480 217.179015 2616.570801 2476.875977 -1.000000
4.149811 4.250708 217.220682 2617.116455 2564.939697 -1.000000
4.150027 4.250936 217.262344 2617.673096 2577.359863 -1.000000
4.150242 4.251163 217.304001 2618.224121 2513.432129 -1.000000
4.150458 4.251391 217.345655 2618.753174 2376.256592 -1.000000
4.150674 4.251619 217.387303 2619.245117 2172.246094 -1.000000
4.150890 4.251846 217.428948 2619.686279 1910.547241 -1.000000
4.151105 4.252074 217.470588 2620.065674 1602.243286 -1.000000
4.151321 4.252301 217.512223 2620.374512 1259.497070 -1.000000
4.151536 4.252528 217.553854 2620.606934 895.093933 -1.000000
4.151752 4.252755 217.595481 2620.759521 521.982849 -1.000000
4.151967 4.252983 217.637103 2620.831787 153.296188 -1.000000
4.152183 4.253210 217.678721 2620.826416 -197.962936 -1.000000
4.152398 4.253437 217.720334 2620.748535 -518.917175 -1.000000
4.152613 4.253664 217.761943 2620.606201 -797.155701 -1.000000
4.152829 4.253891 217.803547 2620.409424 -1021.178040 -1.000000
4.153044 4.254118 217.845147 2620.171143 -1181.030884 -1.000000
4.153259 4.254345 217.886742 2619.906250 -1269.328003 -1.000000
4.153474 4.254572 217.928333 2619.630615 -1281.806519 -1.000000
4.153689 4.254798 217.969920 2619.360840 -1217.938965 -1.000000
4.153904 4.255025 218.011502 2619.112305 -1080.681885 -1.000000
4.154119 4.255252 218.053080 2618.900879 -876.470337 -1.000000
4.154334 4.255478 218.094653 2618.739746 -614.454529 -1.000000
4.154549 4.255705 218.136222 2618.640137 -305.700409 -1.000000
4.154763 4.255931 218.177787 2618.610840 37.620323 -1.000000
4.154978 4.256158 218.219347 2618.658203 402.683136 -1.000000
4.155193 4.256384 218.260902 2618.784668 776.478943 -1.000000
4.155407 4.256611 218.302454 2618.991211 1145.895386 -1.000000
4.155622 4.256837 218.344000 2619.275391 1497.893066 -1.000000
4.155836 4.257063 218.385543 2619.631836 1819.523315 -1.000000
4.156051 4.257289 218.427081 2620.052734 2098.303955 -1.000000
4.156265 4.257515 218.468614 2620.527832 2322.746338 -1.000000
4.156480 4.257742 218.510143 2621.044189 2482.886719 -1.000000
4.156694 4.257968 218.551668 2621.587158 2571.368408 -1.000000
4.156908 4.258193 218.593188 2622.140869 2583.903809 -1.000000
4.157122 4.258419 218.634704 2622.688965 2519.833496 -1.000000
4.157336 4.258645 218.676216 2623.215088 2382.269043 -1.000000
4.157551 4.258871 218.717723 2623.704346 2177.640869 -1.000000
4.157765 4.259097 218.759226 2624.143066 1915.129639 -1.000000
4.157979 4.259322 218.800724 2624.520508 1605.761719 -1.000000
4.158192 4.259548 218.842218 2624.827637 1261.812134 -1.000000
4.158406 4.259774 218.883707 2625.058838 896.045105 -1.000000
4.158620 4.259999 218.925192 2625.210449 521.536011 -1.000000
4.158834 4.260225 218.966673 2625.282227 151.384064 -1.000000
4.159048 4.260450 219.008149 2625.276367 -201.276489 -1.000000
4.159261 4.260676 219.049621 2625.198486 -523.506836 -1.000000
4.159475 4.260901 219.091088 2625.055908 -802.779480 -1.000000
4.159689 4.261126 219.132551 2624.859375 -1027.577148 -1.000000
4.159902 4.261351 219.174010 2624.621582 -1187.922974 -1.000000
4.160116 4.261576 219.215464 2624.357178 -1276.420654 -1.000000
4.160329 4.261802 219.256914 2624.082275 -1288.808838 -1.000000
4.160542 4.262027 219.298360 2623.812744 -1224.509155 -1.000000
4.160756 4.262252 219.339801 2623.565186 -1086.575317 -1.000000
4.160969 4.262477 219.381238 2623.354248 -881.488037 -1.000000
4.161182 4.262701 219.422670 2623.193115 -618.377197 -1.000000
4.161395 4.262926 219.464098 2623.093506 -308.277832 -1.000000
4.161608 4.263151 219.505522 2623.064209 36.518127 -1.000000
4.161822 4.263376 219.546941 2623.110840 403.148651 -1.000000
4.162035 4.263600 219.588356 2623.236816 778.497803 -1.000000
4.162247 4.263825 219.629766 2623.442383 1149.405884 -1.000000
4.162460 4.264050 219.671172 2623.725098 1502.724487 -1.000000
4.162673 4.264274 219.712574 2624.080078 1825.448242 -1.000000
4.162886 4.264499 219.753971 2624.499023 2105.126953 -1.000000
4.163099 4.264723 219.795364 2624.972168 2330.089355 -1.000000
4.163312 4.264947 219.836752 2625.486328 2490.439941 -1.000000
4.163524 4.265172 219.878137 2626.026367 2578.795410 -1.000000
4.163737 4.265396 219.919516 2626.577393 2590.980713 -1.000000
4.163949 4.265620 219.960892 2627.122559 2526.243896 -1.000000
4.164162 4.265844 220.002263 2627.645996 2387.786377 -1.000000
4.164374 4.266068 220.043630 2628.132568 2182.033691 -1.000000
4.164587 4.266292 220.084992 2628.568848 1918.200928 -1.000000
4.164799 4.266516 220.126350 2628.943848 1607.371338 -1.000000
4.165011 4.266740 220.167704 2629.248779 1261.790771 -1.000000
4.165224 4.266964 220.209053 2629.477783 894.441589 -1.000000
4.165436 4.267188 220.250398 2629.627686 518.373657 -1.000000
4.165648 4.267412 220.291738 2629.697998 146.856705 -1.000000
4.165860 4.267635 220.333074 2629.691406 -207.011658 -1.000000
4.166072 4.267859 220.374406 2629.612549 -530.162903 -1.000000
4.166284 4.268083 220.415734 2629.469482 -810.075806 -1.000000
4.166496 4.268306 220.457057 2629.272705 -1035.114502 -1.000000
4.166708 4.268530 220.498375 2629.034912 -1195.372803 -1.000000
4.166920 4.268753 220.539690 2628.771240 -1283.472412 -1.000000
4.167131 4.268977 220.581000 2628.496826 -1295.202026 -1.000000
4.167343 4.269200 220.622306 2628.228271 -1229.961060 -1.000000
4.167555 4.269423 220.663607 2627.981201 -1090.855225 -1.000000
4.167767 4.269647 220.704904 2627.770996 -884.361206 -1.000000
4.167978 4.269870 220.746197 2627.611084 -619.673889 -1.000000
4.168190 4.270093 220.787485 2627.512451 -307.988770 -1.000000
4.168401 4.270316 220.828769 2627.483154 38.426849 -1.000000
4.168613 4.270539 220.870049 2627.530029 406.618286 -1.000000
4.168824 4.270762 220.911324 2627.655762 783.413330 -1.000000
4.169035 4.270985 220.952595 2627.860840 1155.632202 -1.000000
4.169247 4.271208 220.993861 2628.142578 1510.042480 -1.000000
4.169458 4.271431 221.035124 2628.496338 1833.606201 -1.000000
4.169669 4.271653 221.076382 2628.914307 2113.715332 -1.000000
4.169880 4.271876 221.117635 2629.385498 2338.763916 -1.000000
4.170091 4.272099 221.158885 2629.897217 2498.845215 -1.000000
4.170302 4.272321 221.200129 2630.435303 2586.565430 -1.000000
4.170513 4.272544 221.241370 2630.983643 2597.721191 -1.000000
4.170724 4.272766 221.282606 2631.526123 2531.740723 -1.000000
4.170935 4.272989 221.323838 2632.046631 2391.769531 -1.000000
4.171146 4.273211 221.365066 2632.530273 2184.357666 -1.000000
4.171357 4.273434 221.406289 2632.963623 1918.677002 -1.000000
4.171567 4.273656 221.447508 2633.335938 1605.973145 -1.000000
4.171778 4.273878 221.488723 2633.638184 1258.522705 -1.000000
4.171989 4.274100 221.529933 2633.864746 889.341309 -1.000000
4.172199 4.274323 221.571139 2634.012451 511.627289 -1.000000
4.172410 4.274545 221.612341 2634.080811 138.614609 -1.000000
4.172620 4.274767 221.653538 2634.072266 -216.366714 -1.000000
4.172831 4.274989 221.694731 2633.991943 -540.258484 -1.000000
4.173041 4.275211 221.735920 2633.847900 -820.450012 -1.000000
4.173252 4.275432 221.777105 2633.650391 -1045.339844 -1.000000
4.173462 4.275654 221.818285 2633.412598 -1205.048706 -1.000000
4.173672 4.275876 221.859460 2633.148926 -1292.207764 -1.000000
4.173882 4.276098 221.900632 2632.875244 -1302.628296 -1.000000
4.174092 4.276320 221.941799 2632.607178 -1235.792725 -1.000000
4.174303 4.276541 221.982962 2632.361328 -1094.878418 -1.000000
4.174513 4.276763 222.024121 2632.152344 -886.503906 -1.000000
4.174723 4.276984 222.065275 2631.992920 -619.867554 -1.000000
4.174933 4.277206 222.106425 2631.895020 -306.121674 -1.000000
4.175142 4.277427 222.147570 2631.866943 42.306164 -1.000000
4.175352 4.277649 222.188712 2631.914307 412.390991 -1.000000
4.175562 4.277870 222.229849 2632.040527 790.910156 -1.000000
4.175772 4.278091 222.270982 2632.245850 1164.534912 -1.000000
4.175982 4.278312 222.312110 2632.527588 1520.004761 -1.000000
4.176191 4.278533 222.353234 2632.880859 1844.230835 -1.000000
4.176401 4.278755 222.394354 2633.297852 2124.549072 -1.000000
4.176610 4.278976 222.435470 2633.767822 2349.337891 -1.000000
4.176820 4.279197 222.476581 2634.277832 2508.712402 -1.000000
4.177029 4.279418 222.517688 2634.813721 2595.339111 -1.000000
4.177239 4.279639 222.558791 2635.359619 2605.020996 -1.000000
4.177448 4.279859 222.599889 2635.899170 2537.239502 -1.000000
4.177657 4.280080 222.640983 2636.416748 2395.300049 -1.000000
4.177867 4.280301 222.682073 2636.896973 2185.802490 -1.000000
4.178076 4.280522 222.723159 2637.327148 1918.067993 -1.000000
4.178285 4.280742 222.764240 2637.696045 1603.276489 -1.000000
4.178494 4.280963 222.805317 2637.995361 1253.875122 -1.000000
4.178703 4.281183 222.846389 2638.218994 882.875122 -1.000000
4.178912 4.281404 222.887458 2638.364014 503.570465 -1.000000
4.179121 4.281624 222.928522 2638.430176 129.252304 -1.000000
4.179330 4.281845 222.969582 2638.419434 -226.663055 -1.000000
4.179539 4.282065 223.010637 2638.337646 -551.127380 -1.000000
4.179748 4.282285 223.051689 2638.192383 -831.434631 -1.000000
4.179956 4.282506 223.092736 2637.994385 -1055.944458 -1.000000
4.180165 4.282726 223.133779 2637.756104 -1214.808838 -1.000000
4.180374 4.282946 223.174817 2637.492676 -1300.712280 -1.000000
4.180582 4.283166 223.215851 2637.219238 -1309.510620 -1.000000
4.180791 4.283386 223.256881 2636.951904 -1240.812988 -1.000000
4.180999 4.283606 223.297907 2636.706787 -1097.791626 -1.000000
4.181208 4.283826 223.338928 2636.498535 -887.092163 -1.000000
4.181416 4.284046 223.379945 2636.340820 -618.118896 -1.000000
4.181625 4.284266 223.420958 2636.244385 -302.123871 -1.000000
4.181833 4.284486 223.461967 2636.217529 48.391315 -1.000000
4.182041 4.284705 223.502971 2636.266113 420.385437 -1.000000
4.182250 4.284925 223.543971 2636.393311 800.578064 -1.000000
4.182458 4.285145 223.584967 2636.599121 1175.511353 -1.000000
4.182666 4.285364 223.625959 2636.881104 1531.895752 -1.000000
4.182874 4.285584 223.666946 2637.234375 1856.540771 -1.000000
4.183082 4.285803 223.707929 2637.650635 2136.774414 -1.000000
4.183290 4.286023 223.748908 2638.119385 2360.985840 -1.000000
4.183498 4.286242 223.789882 2638.627930 2519.305176 -1.000000
4.183706 4.286461 223.830853 2639.161865 2604.371582 -1.000000
4.183914 4.286681 223.871819 2639.705322 2612.153564 -1.000000
4.184121 4.286900 223.912780 2640.242188 2542.237793 -1.000000
4.184329 4.287119 223.953738 2640.756592 2397.937500 -1.000000
4.184537 4.287338 223.994691 2641.233887 2185.947998 -1.000000
4.184744 4.287557 224.035640 2641.660645 1915.678589 -1.000000
4.184952 4.287776 224.076585 2642.026123 1598.462891 -1.000000
4.185160 4.287995 224.117526 2642.322021 1246.779175 -1.000000
4.185367 4.288214 224.158462 2642.542725 873.683411 -1.000000
4.185575 4.288433 224.199394 2642.684570 492.523376 -1.000000
4.185782 4.288652 224.240322 2642.747559 116.788612 -1.000000
4.185989 4.288871 224.281245 2642.734375 -240.057526 -1.000000
4.186197 4.289089 224.322165 2642.650391 -564.916748 -1.000000
4.186404 4.289308 224.363080 2642.503662 -845.067017 -1.000000
4.186611 4.289527 224.403991 2642.304199 -1068.880127 -1.000000
4.186818 4.289745 224.444897 2642.065186 -1226.474487 -1.000000
4.187025 4.289964 224.485800 2641.801270 -1310.572266 -1.000000
4.187232 4.290182 224.526698 2641.527832 -1317.134155 -1.000000
4.187440 4.290401 224.567592 2641.261230 -1245.854370 -1.000000
4.187646 4.290619 224.608481 2641.017334 -1100.102051 -1.000000
4.187853 4.290837 224.649367 2640.810791 -886.681396 -1.000000
4.188060 4.291056 224.690248 2640.654785 -614.982849 -1.000000
4.188267 4.291274 224.731125 2640.560059 -296.402893 -1.000000
4.188474 4.291492 224.771998 2640.534668 56.503948 -1.000000
4.188681 4.291710 224.812867 2640.584717 430.666199 -1.000000
4.188887 4.291928 224.853731 2640.713135 812.652100 -1.000000
4.189094 4.292146 224.894591 2640.920166 1188.972046 -1.000000
4.189301 4.292364 224.935447 2641.203369 1546.161255 -1.000000
4.189507 4.292582 224.976299 2641.556885 1871.044067 -1.000000
4.189714 4.292800 225.017146 2641.972900 2150.896973 -1.000000
4.189920 4.293018 225.057989 2642.441162 2374.118408 -1.000000
4.190126 4.293236 225.098828 2642.948486 2530.944336 -1.000000
4.190333 4.293453 225.139663 2643.480713 2613.981689 -1.000000
4.190539 4.293671 225.180494 2644.021973 2619.301514 -1.000000
4.190745 4.293889 225.221320 2644.555908 2546.665771 -1.000000
4.190952 4.294106 225.262142 2645.067139 2399.485596 -1.000000
4.191158 4.294324 225.302960 2645.540527 2184.661865 -1.000000
4.191364 4.294541 225.343774 2645.963623 1911.574951 -1.000000
4.191570 4.294759 225.384584 2646.325195 1591.702148 -1.000000
4.191776 4.294976 225.425389 2646.617188 1237.606079 -1.000000
4.191982 4.295193 225.466190 2646.833984 862.438110 -1.000000
4.192188 4.295411 225.506987 2646.972168 479.660553 -1.000000
4.192394 4.295628 225.547780 2647.031982 102.799133 -1.000000
4.192599 4.295845 225.588568 2647.015869 -254.678665 -1.000000
4.192805 4.296062 225.629352 2646.929199 -579.547241 -1.000000
4.193011 4.296279 225.670133 2646.780273 -858.986145 -1.000000
4.193217 4.296496 225.710908 2646.579834 -1081.509766 -1.000000
4.193422 4.296713 225.751680 2646.340088 -1237.284302 -1.000000
4.193628 4.296930 225.792448 2646.075928 -1319.030029 -1.000000
4.193833 4.297147 225.833211 2645.802979 -1322.932373 -1.000000
4.194039 4.297364 225.873970 2645.537354 -1248.677979 -1.000000
4.194244 4.297581 225.914725 2645.294922 -1099.868286 -1.000000
4.194450 4.297797 225.955476 2645.090088 -883.386536 -1.000000
4.194655 4.298014 225.996222 2644.936035 -608.760071 -1.000000
4.194860 4.298231 226.036965 2644.843506 -287.474121 -1.000000
4.195066 4.298447 226.077703 2644.820312 67.885429 -1.000000
4.195271 4.298664 226.118437 2644.872803 444.033600 -1.000000
4.195476 4.298880 226.159167 2645.003418 827.519409 -1.000000
4.195681 4.299097 226.199892 2645.211914 1204.811890 -1.000000
4.195886 4.299313 226.240614 2645.496094 1562.444702 -1.000000
4.196091 4.299529 226.281331 2645.850342 1887.143188 -1.000000
4.196296 4.299746 226.322044 2646.266602 2166.109131 -1.000000
4.196501 4.299962 226.362753 2646.734375 2387.779053 -1.000000
4.196706 4.300178 226.403458 2647.240967 2542.352783 -1.000000
4.196911 4.300394 226.444158 2647.771484 2622.689209 -1.000000
4.197116 4.300610 226.484855 2648.310303 2624.906738 -1.000000
4.197321 4.300826 226.525547 2648.841064 2548.931641 -1.000000
4.197525 4.301042 226.566235 2649.348633 2398.388428 -1.000000
4.197730 4.301258 226.606919 2649.818115 2180.174072 -1.000000
4.197934 4.301474 226.647598 2650.236816 1904.010986 -1.000000
4.198139 4.301690 226.688274 2650.594238 1581.284668 -1.000000
4.198344 4.301906 226.728945 2650.881592 1224.666382 -1.000000
4.198548 4.302122 226.769612 2651.093506 847.515442 -1.000000
4.198752 4.302337 226.810275 2651.227539 463.247406 -1.000000
4.198957 4.302553 226.850934 2651.283447 85.500809 -1.000000
4.199161 4.302769 226.891589 2651.263916 -272.217407 -1.000000
4.199365 4.302984 226.932239 2651.174805 -596.619690 -1.000000
4.199570 4.303200 226.972886 2651.023682 -875.011658 -1.000000
4.199774 4.303415 227.013528 2650.821533 -1095.735962 -1.000000
4.199978 4.303631 227.054166 2650.581055 -1249.130615 -1.000000
4.200182 4.303846 227.094800 2650.316650 -1328.024048 -1.000000
4.200386 4.304061 227.135429 2650.044434 -1328.633789 -1.000000
4.200590 4.304277 227.176055 2649.780029 -1250.963379 -1.000000
4.200794 4.304492 227.216676 2649.539307 -1098.650391 -1.000000
4.200998 4.304707 227.257293 2649.336426 -878.687561 -1.000000
4.201202 4.304922 227.297906 2649.184570 -600.795776 -1.000000
4.201406 4.305137 227.338515 2649.094482 -276.494293 -1.000000
4.201609 4.305352 227.379120 2649.074219 81.480110 -1.000000
4.201813 4.305567 227.419721 2649.128906 459.804993 -1.000000
4.202017 4.305782 227.460317 2649.261963 844.935913 -1.000000
4.202220 4.305997 227.500909 2649.472656 1223.282227 -1.000000
4.202424 4.306212 227.541498 2649.758789 1581.206421 -1.000000
4.202628 4.306427 227.582082 2650.114502 1905.412598 -1.000000
4.202831 4.306641 227.622661 2650.531250 2183.136230 -1.000000
4.203034 4.306856 227.663237 2650.998779 2402.894531 -1.000000
4.203238 4.307071 227.703809 2651.504150 2554.923096 -1.000000
4.203441 4.307285 227.744376 2652.032715 2632.150146 -1.000000
4.203645 4.307500 227.784940 2652.569092 2630.978516 -1.000000
4.203848 4.307714 227.825499 2653.096924 2551.400146 -1.000000
4.204051 4.307929 227.866054 2653.600830 2397.151367 -1.000000
4.204254 4.308143 227.906605 2654.066406 2175.368652 -1.000000
4.204457 4.308358 227.947151 2654.480713 1895.767822 -1.000000
4.204660 4.308572 227.987694 2654.833252 1569.993530 -1.000000
4.204863 4.308786 228.028232 2655.116211 1210.746338 -1.000000
4.205066 4.309000 228.068767 2655.323730 831.348877 -1.000000
4.205269 4.309214 228.109297 2655.453369 445.420013 -1.000000
4.205472 4.309429 228.149823 2655.505127 66.601555 -1.000000
4.205675 4.309643 228.190345 2655.481934 -291.428406 -1.000000
4.205878 4.309857 228.230863 2655.389160 -615.386658 -1.000000
4.206081 4.310071 228.271377 2655.235352 -892.464111 -1.000000
4.206283 4.310285 228.311886 2655.031250 -1111.132812 -1.000000
4.206486 4.310498 228.352392 2654.789551 -1261.732788 -1.000000
4.206689 4.310712 228.392893 2654.525146 -1337.348145 -1.000000
4.206891 4.310926 228.433390 2654.253174 -1334.302490 -1.000000
4.207094 4.311140 228.473883 2653.989990 -1252.684448 -1.000000
4.207296 4.311353 228.514372 2653.750732 -1096.374146 -1.000000
4.207499 4.311567 228.554857 2653.550537 -872.553711 -1.000000
4.207701 4.311781 228.595338 2653.401611 -591.096741 -1.000000
4.207903 4.311994 228.635814 2653.314453 -263.618439 -1.000000
4.208106 4.312208 228.676287 2653.296875 97.067970 -1.000000
4.208308 4.312421 228.716755 2653.354980 477.614563 -1.000000
4.208510 4.312635 228.757220 2653.490723 864.272583 -1.000000
4.208712 4.312848 228.797680 2653.704102 1243.450195 -1.000000
4.208914 4.313061 228.838136 2653.992188 1601.439575 -1.000000
4.209116 4.313274 228.878588 2654.349121 1924.899536 -1.000000
4.209318 4.313488 228.919036 2654.766846 2201.140869 -1.000000
4.209520 4.313701 228.959479 2655.234619 2418.568604 -1.000000
4.209722 4.313914 228.999919 2655.739258 2567.565186 -1.000000
4.209924 4.314127 229.040354 2656.266357 2641.157959 -1.000000
4.210126 4.314340 229.080786 2656.800293 2635.972168 -1.000000
4.210328 4.314553 229.121213 2657.324951 2552.228760 -1.000000
4.210530 4.314766 229.161636 2657.825195 2393.783447 -1.000000
4.210731 4.314979 229.202055 2658.286377 2167.945068 -1.000000
4.210933 4.315192 229.242470 2658.695801 1884.600464 -1.000000
4.211135 4.315404 229.282881 2659.043213 1555.521606 -1.000000
4.211336 4.315617 229.323288 2659.320801 1193.492676 -1.000000
4.211538 4.315830 229.363691 2659.522949 811.942505 -1.000000
4.211739 4.316042 229.404089 2659.647461 424.580536 -1.000000
4.211941 4.316255 229.444484 2659.694580 45.131687 -1.000000
4.212142 4.316468 229.484874 2659.667236 -312.797028 -1.000000
4.212343 4.316680 229.525261 2659.570801 -635.752747 -1.000000
4.212545 4.316893 229.565643 2659.414307 -911.012451 -1.000000
4.212746 4.317105 229.606021 2659.208008 -1127.066650 -1.000000
4.212947 4.317317 229.646395 2658.965332 -1274.316162 -1.000000
4.213148 4.317530 229.686765 2658.700439 -1345.937744 -1.000000
4.213349 4.317742 229.727131 2658.429443 -1338.598145 -1.000000
4.213551 4.317954 229.767493 2658.167725 -1252.615845 -1.000000
4.213752 4.318166 229.807850 2657.930664 -1091.947998 -1.000000
4.213953 4.318378 229.848204 2657.733154 -863.977966 -1.000000
4.214153 4.318590 229.888554 2657.587402 -578.698730 -1.000000
4.214354 4.318802 229.928899 2657.503662 -247.838516 -1.000000
4.214555 4.319014 229.969240 2657.489990 115.622932 -1.000000
4.214756 4.319226 230.009578 2657.551270 498.286530 -1.000000
4.214957 4.319438 230.049911 2657.690186 886.414246 -1.000000
4.215158 4.319650 230.090240 2657.906494 1266.250854 -1.000000
4.215358 4.319862 230.130565 2658.197021 1624.094971 -1.000000
4.215559 4.320074 230.170886 2658.555664 1946.535767 -1.000000
4.215759 4.320285 230.211203 2658.974365 2220.865234 -1.000000
4.215960 4.320497 230.251516 2659.442627 2435.503662 -1.000000
4.216160 4.320709 230.291825 2659.946777 2580.954346 -1.000000
4.216361 4.320920 230.332129 2660.472168 2650.491455 -1.000000
4.216561 4.321132 230.372430 2661.003662 2640.840576 -1.000000
4.216762 4.321343 230.412727 2661.525146 2552.432617 -1.000000
4.216962 4.321555 230.453019 2662.021484 2389.418701 -1.000000
4.217162 4.321766 230.493307 2662.478027 2159.174072 -1.000000
4.217362 4.321977 230.533592 2662.882568 1871.778198 -1.000000
4.217563 4.322189 230.573872 2663.224609 1539.095215 -1.000000
4.217763 4.322400 230.614148 2663.496338 1174.116089 -1.000000
4.217963 4.322611 230.654421 2663.692871 790.349243 -1.000000
4.218163 4.322822 230.694689 2663.812012 401.518585 -1.000000
4.218363 4.323033 230.734953 2663.853760 21.480669 -1.000000
4.218563 4.323244 230.775213 2663.821777 -336.117462 -1.000000
4.218763 4.323455 230.815469 2663.721924 -657.828613 -1.000000
4.218963 4.323666 230.855721 2663.562256 -930.950867 -1.000000
4.219162 4.323877 230.895968 2663.353516 -1143.978882 -1.000000
4.219362 4.324088 230.936212 2663.109375 -1287.399048 -1.000000
4.219562 4.324299 230.976452 2662.843994 -1354.598022 -1.000000
4.219762 4.324510 231.016688 2662.573486 -1342.413086 -1.000000
4.219961 4.324720 231.056919 2662.313232 -1251.396484 -1.000000
4.220161 4.324931 231.097147 2662.078857 -1085.789307 -1.000000
4.220360 4.325142 231.137370 2661.884277 -853.211243 -1.000000
4.220560 4.325352 231.177590 2661.742188 -563.768677 -1.000000
4.220759 4.325563 231.217805 2661.662354 -229.339508 -1.000000
4.220959 4.325773 231.258017 2661.652588 137.017319 -1.000000
4.221158 4.325984 231.298224 2661.718262 521.844788 -1.000000
4.221358 4.326194 231.338427 2661.861328 911.278748 -1.000000
4.221557 4.326405 231.378627 2662.081299 1291.445190 -1.000000
4.221756 4.326615 231.418822 2662.374756 1648.629883 -1.000000
4.221955 4.326825 231.459013 2662.735596 1969.466797 -1.000000
4.222155 4.327035 231.499200 2663.156006 2241.172607 -1.000000
4.222354 4.327246 231.539383 2663.624512 2452.390137 -1.000000
4.222553 4.327456 231.579562 2664.127686 2593.681885 -1.000000
4.222752 4.327666 231.619737 2664.651611 2658.487549 -1.000000
4.222951 4.327876 231.659908 2665.180664 2643.745361 -1.000000
4.223150 4.328086 231.700075 2665.698486 2550.074951 -1.000000
4.223349 4.328296 231.740238 2666.189941 2382.005615 -1.000000
4.223547 4.328506 231.780397 2666.641113 2147.102783 -1.000000
4.223746 4.328715 231.820552 2667.040039 1855.591309 -1.000000
4.223945 4.328925 231.860703 2667.375977 1519.372925 -1.000000
4.224144 4.329135 231.900850 2667.641602 1151.603638 -1.000000
4.224342 4.329345 231.940992 2667.832275 765.790894 -1.000000
4.224541 4.329554 231.981131 2667.945557 375.791077 -1.000000
4.224740 4.329764 232.021266 2667.982178 -4.532966 -1.000000
4.224938 4.329974 232.061396 2667.945312 -361.407135 -1.000000
4.225137 4.330183 232.101523 2667.841064 -681.393494 -1.000000
4.225335 4.330393 232.141646 2667.677979 -951.759521 -1.000000
4.225534 4.330602 232.181764 2667.467285 -1161.117065 -1.000000
4.225732 4.330811 232.221879 2667.221924 -1300.187256 -1.000000
4.225930 4.331021 232.261990 2666.956543 -1362.528442 -1.000000
4.226129 4.331230 232.302096 2666.686523 -1345.078003 -1.000000
4.226327 4.331439 232.342199 2666.427979 -1248.677979 -1.000000
4.226525 4.331649 232.382297 2666.196045 -1077.809326 -1.000000
4.226723 4.331858 232.422392 2666.005127 -840.280212 -1.000000
4.226921 4.332067 232.462482 2665.867188 -546.478760 -1.000000
4.227119 4.332276 232.502569 2665.791504 -208.359177 -1.000000
4.227317 4.332485 232.542651 2665.786621 160.966858 -1.000000
4.227515 4.332694 232.582730 2665.856689 547.847595 -1.000000
4.227713 4.332903 232.622804 2666.003906 938.455750 -1.000000
4.227911 4.333112 232.662875 2666.227783 1318.859619 -1.000000
4.228109 4.333321 232.702941 2666.524414 1675.237671 -1.000000
4.228307 4.333529 232.743004 2666.887939 1994.228394 -1.000000
4.228505 4.333738 232.783062 2667.309814 2263.064697 -1.000000
4.228702 4.333947 232.823117 2667.779053 2470.376953 -1.000000
4.228900 4.334156 232.863167 2668.281982 2606.982178 -1.000000
4.229098 4.334364 232.903214 2668.804443 2666.519531 -1.000000
4.229295 4.334573 232.943256 2669.330566 2646.178223 -1.000000
4.229493 4.334781 232.983294 2669.844727 2546.879883 -1.000000
4.229690 4.334990 233.023329 2670.331787 2373.270264 -1.000000
4.229888 4.335198 233.063359 2670.777588 2133.240967 -1.000000
4.230085 4.335407 233.103386 2671.170410 1837.157104 -1.000000
4.230283 4.335615 233.143408 2671.500000 1497.150635 -1.000000
4.230480 4.335823 233.183427 2671.759277 1126.313843 -1.000000
4.230677 4.336032 233.223441 2671.943359 738.392090 -1.000000
4.230874 4.336240 233.263452 2672.050049 347.248535 -1.000000
4.231072 4.336448 233.303458 2672.081055 -33.220947 -1.000000
4.231269 4.336656 233.343461 2672.038818 -389.127380 -1.000000
4.231466 4.336864 233.383459 2671.929932 -707.073425 -1.000000
4.231663 4.337072 233.423454 2671.763428 -974.344543 -1.000000
4.231860 4.337280 233.463444 2671.549805 -1179.576050 -1.000000
4.232057 4.337488 233.503431 2671.302979 -1313.643921 -1.000000
4.232254 4.337696 233.543413 2671.037354 -1370.346313 -1.000000
4.232451 4.337904 233.583392 2670.768311 -1346.965210 -1.000000
4.232648 4.338112 233.623366 2670.511963 -1244.567627 -1.000000
4.232845 4.338320 233.663337 2670.283447 -1068.099731 -1.000000
4.233041 4.338527 233.703304 2670.096191 -825.403992 -1.000000
4.233238 4.338735 233.743266 2669.962158 -526.925049 -1.000000
4.233435 4.338943 233.783225 2669.891602 -184.925720 -1.000000
4.233631 4.339150 233.823180 2669.891357 187.436615 -1.000000
4.233828 4.339358 233.863130 2669.966553 576.442749 -1.000000
4.234025 4.339565 233.903077 2670.118408 968.116333 -1.000000
4.234221 4.339773 233.943020 2670.346191 1348.566162 -1.000000
4.234418 4.339980 233.982959 2670.646729 1703.899658 -1.000000
4.234614 4.340187 234.022893 2671.013184 2020.666138 -1.000000
4.234810 4.340395 234.062824 2671.437012 2286.209961 -1.000000
4.235007 4.340602 234.102751 2671.906982 2489.246826 -1.000000
4.235203 4.340809 234.142674 2672.409912 2620.676514 -1.000000
4.235399 4.341017 234.182593 2672.930908 2674.431152 -1.000000
4.235595 4.341224 234.222508 2673.454346 2647.918213 -1.000000
4.235792 4.341431 234.262419 2673.964600 2542.445557 -1.000000
4.235988 4.341638 234.302326 2674.447021 2362.897705 -1.000000
4.236184 4.341845 234.342229 2674.887207 2117.367188 -1.000000
4.236380 4.342052 234.382128 2675.273682 1816.446777 -1.000000
4.236576 4.342259 234.422023 2675.596436 1472.352173 -1.000000
4.236772 4.342466 234.461914 2675.848877 1098.362061 -1.000000
4.236968 4.342672 234.501802 2676.026123 708.222595 -1.000000
4.237164 4.342879 234.541685 2676.126465 315.933044 -1.000000
4.237360 4.343086 234.581564 2676.150635 -64.551697 -1.000000
4.237555 4.343293 234.621440 2676.102783 -419.312408 -1.000000
4.237751 4.343499 234.661311 2675.989014 -734.890503 -1.000000
4.237947 4.343706 234.701178 2675.818359 -998.587952 -1.000000
4.238142 4.343913 234.741042 2675.602051 -1199.218750 -1.000000
4.238338 4.344119 234.780901 2675.353516 -1327.813599 -1.000000
4.238534 4.344326 234.820757 2675.087646 -1378.419922 -1.000000
4.238729 4.344532 234.860609 2674.819580 -1348.618164 -1.000000
4.238925 4.344738 234.900456 2674.565430 -1239.797852 -1.000000
4.239120 4.344945 234.940300 2674.340088 -1057.075195 -1.000000
4.239316 4.345151 234.980140 2674.156738 -808.674316 -1.000000
4.239511 4.345357 235.019976 2674.027832 -505.261932 -1.000000
4.239706 4.345563 235.059808 2673.962646 -159.130341 -1.000000
4.239902 4.345770 235.099636 2673.967529 216.396103 -1.000000
4.240097 4.345976 235.139460 2674.047852 607.549927 -1.000000
4.240292 4.346182 235.179280 2674.204834 1000.321167 -1.000000
4.240487 4.346388 235.219096 2674.437744 1380.636475 -1.000000
4.240682 4.346594 235.258908 2674.742188 1734.629761 -1.000000
4.240877 4.346800 235.298716 2675.112061 2048.805176 -1.000000
4.241072 4.347006 235.338520 2675.538086 2310.574463 -1.000000
4.241267 4.347212 235.378321 2676.009277 2508.726562 -1.000000
4.241462 4.347417 235.418117 2676.511963 2634.453857 -1.000000
4.241657 4.347623 235.457910 2677.031494 2681.893799 -1.000000
4.241852 4.347829 235.497698 2677.552002 2648.745117 -1.000000
4.242047 4.348035 235.537483 2678.058594 2536.621826 -1.000000
4.242242 4.348240 235.577264 2678.535889 2350.671143 -1.000000
4.242436 4.348446 235.617040 2678.970215 2099.313477 -1.000000
4.242631 4.348651 235.656813 2679.349854 1793.295654 -1.000000
4.242826 4.348857 235.696582 2679.665527 1445.002075 -1.000000
4.243020 4.349062 235.736347 2679.910400 1067.817871 -1.000000
4.243215 4.349268 235.776108 2680.079834 675.628357 -1.000000
4.243409 4.349473 235.815865 2680.172852 282.485443 -1.000000
4.243604 4.349679 235.855618 2680.190430 -97.555328 -1.000000
4.243798 4.349884 235.895368 2680.136963 -450.717712 -1.000000
4.243993 4.350089 235.935113 2680.018066 -763.376892 -1.000000
4.244187 4.350294 235.974854 2679.843506 -1023.043335 -1.000000
4.244382 4.350500 236.014592 2679.624756 -1218.641235 -1.000000
4.244576 4.350705 236.054326 2679.374756 -1341.349731 -1.000000
4.244770 4.350910 236.094055 2679.108643 -1385.420410 -1.000000
4.244964 4.351115 236.133781 2678.842041 -1348.780518 -1.000000
4.245158 4.351320 236.173503 2678.590088 -1233.172729 -1.000000
4.245353 4.351525 236.213221 2678.367920 -1044.016968 -1.000000
4.245547 4.351730 236.252935 2678.189209 -789.722595 -1.000000
4.245741 4.351934 236.292645 2678.065186 -481.180084 -1.000000
4.245935 4.352139 236.332351 2678.005371 -130.830215 -1.000000
4.246129 4.352344 236.372053 2678.016357 247.896103 -1.000000
4.246322 4.352549 236.411752 2678.102783 641.052490 -1.000000
4.246516 4.352753 236.451446 2678.265381 1034.585815 -1.000000
4.246710 4.352958 236.491136 2678.503174 1414.428833 -1.000000
4.246904 4.353163 236.530823 2678.812256 1766.637573 -1.000000
4.247098 4.353367 236.570506 2679.185303 2077.733398 -1.000000
4.247291 4.353572 236.610185 2679.613770 2335.183105 -1.000000
4.247485 4.353776 236.649859 2680.085693 2527.973389 -1.000000
4.247679 4.353981 236.689530 2680.588135 2647.553467 -1.000000
4.247872 4.354185 236.729198 2681.105957 2688.176514 -1.000000
4.248066 4.354389 236.768861 2681.623535 2647.971924 -1.000000
4.248259 4.354594 236.808520 2682.125488 2528.905029 -1.000000
4.248453 4.354798 236.848175 2682.597412 2336.435059 -1.000000
4.248646 4.355002 236.887827 2683.025146 2079.173828 -1.000000
4.248839 4.355206 236.927475 2683.397949 1768.089722 -1.000000
4.249033 4.355410 236.967118 2683.706299 1415.672852 -1.000000
4.249226 4.355615 237.006758 2683.943359 1035.489990 -1.000000
4.249419 4.355819 237.046394 2684.105469 641.409790 -1.000000
4.249613 4.356023 237.086026 2684.191162 247.577881 -1.000000
4.249806 4.356227 237.125654 2684.202148 -131.923935 -1.000000
4.249999 4.356430 237.165278 2684.142334 -483.181793 -1.000000
4.250192 4.356634 237.204899 2684.018311 -792.737671 -1.000000
4.250385 4.356838 237.244515 2683.839355 -1047.911621 -1.000000
4.250578 4.357042 237.284128 2683.617676 -1237.868652 -1.000000
4.250771 4.357246 237.323736 2683.366455 -1354.105713 -1.000000
4.250964 4.357449 237.363341 2683.100342 -1391.123047 -1.000000
4.251157 4.357653 237.402942 2682.835205 -1347.248779 -1.000000
4.251350 4.357857 237.442539 2682.585938 -1224.509521 -1.000000
4.251542 4.358060 237.482132 2682.367432 -1028.518188 -1.000000
4.251735 4.358264 237.521721 2682.193604 -768.082825 -1.000000
4.251928 4.358467 237.561307 2682.074951 -454.279327 -1.000000
4.252120 4.358671 237.600888 2682.021240 -99.710426 -1.000000
4.252313 4.358874 237.640466 2682.038574 282.064880 -1.000000
4.252506 4.359077 237.680039 2682.130859 677.117798 -1.000000
4.252698 4.359281 237.719609 2682.299561 1071.252319 -1.000000
4.252891 4.359484 237.759175 2682.542480 1450.371582 -1.000000
4.253083 4.359687 237.798737 2682.855957 1800.515381 -1.000000
4.253276 4.359890 237.838296 2683.232666 2108.195801 -1.000000
4.253468 4.360094 237.877850 2683.663574 2361.023682 -1.000000
4.253660 4.360297 237.917400 2684.136963 2548.030518 -1.000000
4.253853 4.360500 237.956947 2684.638916 2660.868164 -1.000000
4.254045 4.360703 237.996490 2685.155029 2694.259033 -1.000000
4.254237 4.360906 238.036029 2685.669434 2646.624512 -1.000000
4.254429 4.361109 238.075563 2686.167236 2520.185303 -1.000000
4.254621 4.361312 238.115095 2686.633301 2320.755371 -1.000000
4.254814 4.361514 238.154622 2687.054688 2057.240967 -1.000000
4.255006 4.361717 238.194145 2687.420166 1740.779419 -1.000000
4.255198 4.361920 238.233665 2687.720703 1384.066284 -1.000000
4.255390 4.362123 238.273180 2687.949951 1000.663574 -1.000000
4.255582 4.362325 238.312692 2688.104004 604.622131 -1.000000
4.255773 4.362528 238.352200 2688.181885 210.137665 -1.000000
4.255965 4.362731 238.391704 2688.185791 -168.628067 -1.000000
4.256157 4.362933 238.431204 2688.119385 -517.688110 -1.000000
4.256349 4.363136 238.470701 2687.989990 -823.570801 -1.000000
4.256541 4.363338 238.510193 2687.806885 -1073.902466 -1.000000
4.256732 4.363541 238.549682 2687.582275 -1257.863037 -1.000000
4.256924 4.363743 238.589167 2687.329590 -1367.197144 -1.000000
4.257116 4.363945 238.628647 2687.063477 -1396.764404 -1.000000
4.257307 4.364148 238.668125 2686.799805 -1345.236816 -1.000000
4.257499 4.364350 238.707598 2686.553467 -1215.000122 -1.000000
4.257690 4.364552 238.747067 2686.339111 -1012.000122 -1.000000
4.257882 4.364754 238.786533 2686.170166 -745.276428 -1.000000
4.258073 4.364956 238.825994 2686.057373 -426.097534 -1.000000
4.258264 4.365158 238.865452 2686.009521 -67.226364 -1.000000
4.258456 4.365360 238.904906 2686.033203 317.740479 -1.000000
4.258647 4.365562 238.944356 2686.131836 714.697998 -1.000000
4.258838 4.365764 238.983802 2686.306396 1109.472656 -1.000000
4.259030 4.365966 239.023245 2686.555176 1487.804688 -1.000000
4.259221 4.366168 239.062683 2686.873291 1835.746948 -1.000000
4.259412 4.366370 239.102118 2687.253906 2139.875488 -1.000000
4.259603 4.366572 239.141549 2687.687744 2387.693848 -1.000000
4.259794 4.366774 239.180976 2688.162354 2568.554199 -1.000000
4.259985 4.366975 239.220399 2688.664307 2674.334961 -1.000000
4.260176 4.367177 239.259819 2689.178711 2700.057617 -1.000000
4.260367 4.367379 239.299234 2689.689941 2644.562012 -1.000000
4.260558 4.367580 239.338646 2690.183105 2510.478760 -1.000000
4.260749 4.367782 239.378054 2690.643555 2303.802002 -1.000000
4.260939 4.367983 239.417458 2691.058594 2033.769409 -1.000000
4.261130 4.368185 239.456858 2691.416504 1711.698120 -1.000000
4.261321 4.368386 239.496254 2691.708984 1350.529785 -1.000000
4.261512 4.368587 239.535647 2691.929932 963.897095 -1.000000
4.261702 4.368789 239.575035 2692.075684 565.962830 -1.000000
4.261893 4.368990 239.614420 2692.145752 170.973618 -1.000000
4.262083 4.369191 239.653801 2692.141846 -206.854355 -1.000000
4.262274 4.369392 239.693178 2692.068848 -553.503540 -1.000000
4.262465 4.369594 239.732552 2691.933838 -855.554565 -1.000000
4.262655 4.369795 239.771921 2691.746582 -1100.696045 -1.000000
4.262845 4.369996 239.811287 2691.519043 -1278.287231 -1.000000
4.263036 4.370197 239.850649 2691.264648 -1380.332642 -1.000000
4.263226 4.370398 239.890007 2690.998779 -1402.101929 -1.000000
4.263416 4.370599 239.929361 2690.736328 -1342.457031 -1.000000
4.263607 4.370800 239.968712 2690.492920 -1204.275269 -1.000000
4.263797 4.371001 240.008058 2690.282715 -993.830261 -1.000000
4.263987 4.371201 240.047401 2690.118896 -720.361877 -1.000000
4.264177 4.371402 240.086740 2690.011963 -395.445862 -1.000000
4.264367 4.371603 240.126075 2689.970947 -32.024441 -1.000000
4.264557 4.371804 240.165406 2690.001465 356.191132 -1.000000
4.264747 4.372004 240.204734 2690.107178 755.028687 -1.000000
4.264937 4.372205 240.244057 2690.288330 1150.181763 -1.000000
4.265127 4.372406 240.283377 2690.542969 1527.388306 -1.000000
4.265317 4.372606 240.322693 2690.866455 1872.663452 -1.000000
4.265507 4.372807 240.362006 2691.251465 2172.518066 -1.000000
4.265697 4.373007 240.401314 2691.687744 2414.747559 -1.000000
4.265887 4.373208 240.440619 2692.163818 2588.842529 -1.000000
4.266076 4.373408 240.479919 2692.665527 2686.925049 -1.000000
4.266266 4.373608 240.519216 2693.178467 2704.416016 -1.000000
4.266456 4.373809 240.558510 2693.686523 2640.444336 -1.000000
4.266645 4.374009 240.597799 2694.174805 2498.045654 -1.000000
4.266835 4.374209 240.637085 2694.629150 2283.687256 -1.000000
4.267024 4.374409 240.676366 2695.036621 2006.840698 -1.000000
4.267214 4.374609 240.715644 2695.386475 1679.099365 -1.000000
4.267403 4.374809 240.754918 2695.670410 1313.456177 -1.000000
4.267593 4.375009 240.794189 2695.882568 923.697998 -1.000000
4.267782 4.375209 240.833455 2696.019775 524.075012 -1.000000
4.267971 4.375409 240.872718 2696.081543 128.890976 -1.000000
4.268161 4.375609 240.911977 2696.069824 -247.601273 -1.000000
4.268350 4.375809 240.951232 2695.989990 -591.400940 -1.000000
4.268539 4.376009 240.990484 2695.849121 -889.049744 -1.000000
4.268728 4.376209 241.029731 2695.657227 -1128.308472 -1.000000
4.268918 4.376409 241.068975 2695.426270 -1298.819092 -1.000000
4.269107 4.376608 241.108215 2695.170410 -1392.787842 -1.000000
4.269296 4.376808 241.147451 2694.904541 -1405.856445 -1.000000
4.269485 4.377008 241.186684 2694.644043 -1337.434448 -1.000000
4.269674 4.377207 241.225912 2694.403809 -1190.684570 -1.000000
4.269863 4.377407 241.265137 2694.198486 -972.311401 -1.000000
4.270052 4.377606 241.304358 2694.040527 -691.962341 -1.000000
4.270241 4.377806 241.343575 2693.940430 -361.265289 -1.000000
4.270429 4.378005 241.382789 2693.906494 6.736592 -1.000000
4.270618 4.378205 241.421998 2693.944580 398.059845 -1.000000
4.270807 4.378404 241.461204 2694.057617 798.506958 -1.000000
4.270996 4.378603 241.500406 2694.245605 1193.721069 -1.000000
4.271184 4.378803 241.539605 2694.506592 1569.416382 -1.000000
4.271373 4.379002 241.578799 2694.835449 1911.562866 -1.000000
4.271562 4.379201 241.617990 2695.224854 2206.787354 -1.000000
4.271750 4.379400 241.657177 2695.664307 2442.885498 -1.000000
4.271939 4.379599 241.696360 2696.141846 2609.596924 -1.000000
4.272127 4.379798 241.735539 2696.643555 2699.366699 -1.000000
4.272316 4.379997 241.774715 2697.154297 2707.979004 -1.000000
4.272504 4.380196 241.813887 2697.658936 2635.005859 -1.000000
4.272692 4.380395 241.853055 2698.142334 2483.845947 -1.000000
4.272881 4.380594 241.892219 2698.590332 2261.417725 -1.000000
4.273069 4.380793 241.931380 2698.989990 1977.463623 -1.000000
4.273257 4.380992 241.970536 2699.331543 1643.775635 -1.000000
4.273445 4.381191 242.009689 2699.606445 1273.537476 -1.000000
4.273634 4.381389 242.048839 2699.809082 880.711182 -1.000000
4.273822 4.381588 242.087984 2699.937012 479.565887 -1.000000
4.274010 4.381787 242.127126 2699.989746 84.440636 -1.000000
4.274198 4.381985 242.166264 2699.969971 -290.305115 -1.000000
4.274386 4.382184 242.205398 2699.882568 -630.595764 -1.000000
4.274574 4.382382 242.244528 2699.735596 -923.166748 -1.000000
4.274762 4.382581 242.283655 2699.539307 -1155.893311 -1.000000
4.274950 4.382779 242.322777 2699.305664 -1318.693848 -1.000000
4.275138 4.382978 242.361896 2699.048584 -1404.057129 -1.000000
4.275325 4.383176 242.401012 2698.783203 -1408.063354 -1.000000
4.275513 4.383374 242.440123 2698.524902 -1330.477295 -1.000000
4.275701 4.383573 242.479231 2698.288574 -1174.931763 -1.000000
4.275889 4.383771 242.518335 2698.088379 -948.498047 -1.000000
4.276076 4.383969 242.557435 2697.936768 -661.122314 -1.000000
4.276264 4.384167 242.596532 2697.843750 -324.663971 -1.000000
4.276452 4.384366 242.635624 2697.817383 47.685955 -1.000000
4.276639 4.384564 242.674713 2697.863037 441.926453 -1.000000
4.276827 4.384762 242.713799 2697.983398 843.713379 -1.000000
4.277014 4.384960 242.752880 2698.178955 1238.708618 -1.000000
4.277201 4.385158 242.791958 2698.446777 1612.382568 -1.000000
4.277389 4.385356 242.831032 2698.781494 1950.806519 -1.000000
4.277576 4.385554 242.870102 2699.175049 2240.700928 -1.000000
4.277764 4.385751 242.909168 2699.617432 2469.987549 -1.000000
4.277951 4.385949 242.948231 2700.096191 2628.723389 -1.000000
4.278138 4.386147 242.987290 2700.597168 2709.622314 -1.000000
4.278325 4.386345 243.026345 2701.105713 2708.979736 -1.000000
4.278512 4.386542 243.065397 2701.606201 2626.715576 -1.000000
4.278700 4.386740 243.104444 2702.083984 2466.712646 -1.000000
4.278887 4.386938 243.143488 2702.525146 2236.190674 -1.000000
4.279074 4.387135 243.182529 2702.916992 1945.159546 -1.000000
4.279261 4.387333 243.221565 2703.249512 1605.697021 -1.000000
4.279448 4.387530 243.260598 2703.515137 1231.125366 -1.000000
4.279635 4.387728 243.299627 2703.708496 835.446411 -1.000000
4.279822 4.387925 243.338652 2703.827148 433.047302 -1.000000
4.280008 4.388123 243.377674 2703.870850 38.386040 -1.000000
4.280195 4.388320 243.416691 2703.842773 -334.193390 -1.000000
4.280382 4.388517 243.455705 2703.748291 -670.654053 -1.000000
4.280569 4.388714 243.494716 2703.595703 -957.794434 -1.000000
4.280756 4.388912 243.533722 2703.394775 -1183.670166 -1.000000
4.280942 4.389109 243.572725 2703.158203 -1338.286377 -1.000000
4.281129 4.389306 243.611724 2702.900391 -1414.722168 -1.000000
4.281315 4.389503 243.650719 2702.635498 -1409.315308 -1.000000
4.281502 4.389700 243.689711 2702.379395 -1322.263306 -1.000000
4.281688 4.389897 243.728699 2702.146973 -1157.680298 -1.000000
4.281875 4.390094 243.767683 2701.952148 -923.011841 -1.000000
4.282061 4.390291 243.806664 2701.806641 -628.353821 -1.000000
4.282248 4.390488 243.845640 2701.720947 -285.892090 -1.000000
4.282434 4.390685 243.884613 2701.702393 90.937210 -1.000000
4.282621 4.390882 243.923583 2701.755859 488.156006 -1.000000
4.282807 4.391078 243.962548 2701.884277 891.338074 -1.000000
4.282993 4.391275 244.001510 2702.087402 1285.866821 -1.000000
4.283179 4.391472 244.040468 2702.362061 1657.452759 -1.000000
4.283365 4.391668 244.079422 2702.702393 1992.022461 -1.000000
4.283552 4.391865 244.118373 2703.100586 2276.375488 -1.000000
4.283738 4.392062 244.157320 2703.545898 2498.646484 -1.000000
4.283924 4.392258 244.196263 2704.025879 2649.107178 -1.000000
4.284110 4.392455 244.235202 2704.526611 2720.863770 -1.000000
4.284296 4.392651 244.274138 2705.033203 2710.517090 -1.000000
4.284482 4.392848 244.313070 2705.530029 2618.528564 -1.000000
4.284668 4.393044 244.351998 2706.002441 2449.139404 -1.000000
4.284854 4.393240 244.390923 2706.436523 2210.079102 -1.000000
4.285039 4.393437 244.429844 2706.820312 1911.586426 -1.000000
4.285225 4.393633 244.468761 2707.144287 1565.975586 -1.000000
4.285411 4.393829 244.507675 2707.400391 1186.714722 -1.000000
4.285597 4.394025 244.546584 2707.583984 787.932251 -1.000000
4.285782 4.394221 244.585490 2707.692627 384.183624 -1.000000
4.285968 4.394418 244.624393 2707.727051 -10.115630 -1.000000
4.286154 4.394614 244.663291 2707.690674 -380.517944 -1.000000
4.286339 4.394810 244.702186 2707.588379 -712.983582 -1.000000
4.286525 4.395006 244.741077 2707.429199 -994.303284 -1.000000
4.286710 4.395202 244.779965 2707.223389 -1212.753540 -1.000000
4.286896 4.395397 244.818849 2706.983643 -1358.679565 -1.000000
4.287081 4.395593 244.857729 2706.724121 -1425.442627 -1.000000
4.287266 4.395789 244.896605 2706.459961 -1409.895752 -1.000000
4.287452 4.395985 244.935478 2706.206543 -1312.750854 -1.000000
4.287637 4.396181 244.974347 2705.978516 -1138.549805 -1.000000
4.287822 4.396376 245.013212 2705.789062 -895.101440 -1.000000
4.288008 4.396572 245.052074 2705.650391 -592.854675 -1.000000
4.288193 4.396768 245.090932 2705.572266 -244.200562 -1.000000
4.288378 4.396963 245.129786 2705.561768 137.344910 -1.000000
4.288563 4.397159 245.168637 2705.624023 537.561401 -1.000000
4.288748 4.397354 245.207484 2705.760742 941.961182 -1.000000
4.288933 4.397550 245.246327 2705.971680 1335.941040 -1.000000
4.289118 4.397745 245.285167 2706.253418 1705.115967 -1.000000
4.289303 4.397941 245.324003 2706.600098 2035.428345 -1.000000
4.289488 4.398136 245.362835 2707.003174 2313.744873 -1.000000
4.289673 4.398331 245.401664 2707.452148 2528.342285 -1.000000
4.289858 4.398527 245.440489 2707.933594 2669.825439 -1.000000
4.290043 4.398722 245.479310 2708.434082 2731.673096 -1.000000
4.290228 4.398917 245.518127 2708.938232 2710.961182 -1.000000
4.290412 4.399112 245.556941 2709.430908 2608.682617 -1.000000
4.290597 4.399307 245.595752 2709.897461 2429.534180 -1.000000
4.290782 4.399503 245.634558 2710.324463 2181.526611 -1.000000
4.290966 4.399698 245.673361 2710.699951 1875.312134 -1.000000
4.291151 4.399893 245.712161 2711.014160 1523.410522 -1.000000
4.291335 4.400088 245.750956 2711.260254 1139.471680 -1.000000
4.291520 4.400283 245.789748 2711.433838 737.778687 -1.000000
4.291705 4.400477 245.828537 2711.532471 332.818054 -1.000000
4.291889 4.400672 245.867321 2711.557129 -60.736488 -1.000000
4.292073 4.400867 245.906103 2711.511475 -428.486389 -1.000000
4.292258 4.401062 245.944880 2711.401367 -756.408325 -1.000000
4.292442 4.401257 245.983654 2711.235840 -1031.460938 -1.000000
4.292626 4.401451 246.022424 2711.025391 -1241.999146 -1.000000
4.292811 4.401646 246.061191 2710.782959 -1378.824341 -1.000000
4.292995 4.401841 246.099954 2710.522461 -1435.594604 -1.000000
4.293179 4.402035 246.138713 2710.259033 -1409.624390 -1.000000
4.293363 4.402230 246.177469 2710.007812 -1302.079712 -1.000000
4.293547 4.402424 246.216221 2709.783936 -1117.916016 -1.000000
4.293731 4.402619 246.254969 2709.600342 -865.390259 -1.000000
4.293916 4.402813 246.293714 2709.468994 -555.315735 -1.000000
4.294100 4.403008 246.332455 2709.398926 -200.310898 -1.000000
4.294283 4.403202 246.371193 2709.397217 185.850723 -1.000000
4.294467 4.403396 246.409927 2709.468262 588.936523 -1.000000
4.294651 4.403590 246.448657 2709.613770 994.287842 -1.000000
4.294835 4.403785 246.487384 2709.833252 1387.351440 -1.000000
4.295019 4.403979 246.526107 2710.122314 1753.661255 -1.000000
4.295203 4.404173 246.564827 2710.475098 2079.259033 -1.000000
4.295387 4.404367 246.603542 2710.883057 2351.015137 -1.000000
4.295570 4.404561 246.642255 2711.334961 2557.480957 -1.000000
4.295754 4.404755 246.680964 2711.817871 2689.551025 -1.000000
4.295938 4.404949 246.719669 2712.317627 2741.184082 -1.000000
4.296121 4.405143 246.758370 2712.819580 2709.851562 -1.000000
4.296305 4.405337 246.797068 2713.307861 2597.037354 -1.000000
4.296488 4.405531 246.835763 2713.768066 2407.942383 -1.000000
4.296672 4.405725 246.874453 2714.187256 2151.014404 -1.000000
4.296855 4.405919 246.913140 2714.553955 1837.142700 -1.000000
4.297039 4.406113 246.951824 2714.858643 1479.091797 -1.000000
4.297222 4.406306 246.990504 2715.094727 1090.651123 -1.000000
4.297405 4.406500 247.029180 2715.257568 686.195984 -1.000000
4.297589 4.406694 247.067853 2715.345947 280.433990 -1.000000
4.297772 4.406887 247.106523 2715.361328 -112.087677 -1.000000
4.297955 4.407081 247.145188 2715.306885 -476.882843 -1.000000
4.298138 4.407274 247.183850 2715.189209 -799.952026 -1.000000
4.298322 4.407468 247.222509 2715.017090 -1068.272705 -1.000000
4.298505 4.407661 247.261164 2714.802002 -1270.581787 -1.000000
4.298688 4.407855 247.299815 2714.556396 -1397.812744 -1.000000
4.298871 4.408048 247.338463 2714.294922 -1444.106689 -1.000000
4.299054 4.408242 247.377107 2714.032715 -1407.300537 -1.000000
4.299237 4.408435 247.415748 2713.784912 -1289.104370 -1.000000
4.299420 4.408628 247.454385 2713.565430 -1094.921753 -1.000000
4.299603 4.408821 247.493019 2713.388184 -833.352661 -1.000000
4.299786 4.409015 247.531649 2713.264160 -515.597412 -1.000000
4.299968 4.409208 247.570275 2713.202393 -154.467789 -1.000000
4.300151 4.409401 247.608898 2713.209473 236.170166 -1.000000
4.300334 4.409594 247.647517 2713.289551 641.855896 -1.000000
4.300517 4.409787 247.686133 2713.444092 1047.987549 -1.000000
4.300699 4.409980 247.724745 2713.671875 1439.764404 -1.000000
4.300882 4.410173 247.763354 2713.968750 1802.741821 -1.000000
4.301065 4.410366 247.801959 2714.328125 2122.990967 -1.000000
4.301247 4.410559 247.840561 2714.740723 2387.611084 -1.000000
4.301430 4.410752 247.879159 2715.195801 2585.348389 -1.000000
4.301612 4.410945 247.917753 2715.680176 2707.331299 -1.000000
4.301795 4.411137 247.956344 2716.179199 2748.097168 -1.000000
4.301977 4.411330 247.994932 2716.677979 2705.619141 -1.000000
4.302160 4.411523 248.033516 2717.161621 2581.834229 -1.000000
4.302342 4.411716 248.072096 2717.615234 2382.468506 -1.000000
4.302524 4.411908 248.110673 2718.026611 2116.350586 -1.000000
4.302707 4.412101 248.149246 2718.383789 1794.723755 -1.000000
4.302889 4.412293 248.187816 2718.678467 1430.543579 -1.000000
4.303071 4.412486 248.226383 2718.903564 1037.786011 -1.000000
4.303253 4.412678 248.264945 2719.055664 630.963318 -1.000000
4.303435 4.412871 248.303505 2719.133545 224.773773 -1.000000
4.303618 4.413063 248.342060 2719.138672 -166.147827 -1.000000
4.303800 4.413256 248.380613 2719.075195 -527.296936 -1.000000
4.303982 4.413448 248.419161 2718.949707 -844.744507 -1.000000
4.304164 4.413640 248.457706 2718.771240 -1105.614624 -1.000000
4.304346 4.413833 248.496248 2718.551270 -1298.820312 -1.000000
4.304528 4.414025 248.534786 2718.303223 -1415.692261 -1.000000
4.304709 4.414217 248.573321 2718.041260 -1450.833496 -1.000000
4.304891 4.414409 248.611852 2717.780273 -1402.564087 -1.000000
4.305073 4.414601 248.650380 2717.535889 -1273.159302 -1.000000
4.305255 4.414793 248.688904 2717.321777 -1068.584839 -1.000000
4.305437 4.414985 248.727424 2717.151123 -797.737427 -1.000000
4.305618 4.415177 248.765942 2717.034912 -472.069519 -1.000000
4.305800 4.415369 248.804455 2716.981934 -104.694031 -1.000000
4.305982 4.415561 248.842965 2716.998535 290.311981 -1.000000
4.306163 4.415753 248.881472 2717.088379 698.389465 -1.000000
4.306345 4.415945 248.919975 2717.252441 1104.813965 -1.000000
4.306526 4.416137 248.958475 2717.488770 1494.822632 -1.000000
4.306708 4.416328 248.996971 2717.793457 1853.983398 -1.000000
4.306889 4.416520 249.035464 2718.159424 2168.333008 -1.000000
4.307071 4.416712 249.073953 2718.576904 2425.149658 -1.000000
4.307252 4.416904 249.112439 2719.034912 2613.505615 -1.000000
4.307434 4.417095 249.150921 2719.520264 2724.935791 -1.000000
4.307615 4.417287 249.189400 2720.018555 2754.249512 -1.000000
4.307796 4.417478 249.227875 2720.514160 2700.106689 -1.000000
4.307977 4.417670 249.266347 2720.992432 2565.047363 -1.000000
4.308159 4.417861 249.304815 2721.439209 2355.161133 -1.000000
4.308340 4.418053 249.343280 2721.841797 2079.804443 -1.000000
4.308521 4.418244 249.381742 2722.189453 1750.449707 -1.000000
4.308702 4.418436 249.420200 2722.473389 1380.286621 -1.000000
4.308883 4.418627 249.458654 2722.687744 983.352783 -1.000000
4.309064 4.418818 249.497105 2722.828857 574.338867 -1.000000
4.309245 4.419009 249.535553 2722.895752 167.983490 -1.000000
4.309426 4.419201 249.573997 2722.890625 -220.945206 -1.000000
4.309607 4.419392 249.612437 2722.817627 -577.955505 -1.000000
4.309788 4.419583 249.650875 2722.684082 -889.167175 -1.000000
4.309969 4.419774 249.689308 2722.499512 -1141.958252 -1.000000
4.310150 4.419965 249.727739 2722.275635 -1325.510010 -1.000000
4.310331 4.420156 249.766165 2722.025146 -1431.593384 -1.000000
4.310511 4.420347 249.804589 2721.762939 -1455.218018 -1.000000
4.310692 4.420538 249.843009 2721.504150 -1395.320801 -1.000000
4.310873 4.420729 249.881425 2721.263672 -1254.667236 -1.000000
4.311053 4.420920 249.919838 2721.055420 -1039.655518 -1.000000
4.311234 4.421111 249.958248 2720.892090 -759.678345 -1.000000
4.311415 4.421302 249.996654 2720.784180 -426.487366 -1.000000
4.311595 4.421492 250.035057 2720.740479 -53.368675 -1.000000
4.311776 4.421683 250.073456 2720.766602 345.557098 -1.000000
4.311956 4.421874 250.111852 2720.865723 755.589539 -1.000000
4.312136 4.422064 250.150244 2721.039062 1161.909790 -1.000000
4.312317 4.422255 250.188633 2721.284180 1549.709351 -1.000000
4.312497 4.422446 250.227019 2721.596191 1904.518555 -1.000000
4.312678 4.422636 250.265401 2721.968262 2212.630371 -1.000000
4.312858 4.422827 250.303780 2722.390381 2461.328613 -1.000000
4.313038 4.423017 250.342155 2722.851074 2639.976562 -1.000000
4.313218 4.423208 250.380527 2723.337158 2740.585449 -1.000000
4.313399 4.423398 250.418895 2723.833740 2758.376465 -1.000000
4.313579 4.423588 250.457260 2724.326172 2692.579102 -1.000000
4.313759 4.423779 250.495622 2724.799072 2546.257080 -1.000000
4.313939 4.423969 250.533980 2725.238770 2325.990479 -1.000000
4.314119 4.424159 250.572335 2725.632812 2041.396484 -1.000000
4.314299 4.424349 250.610686 2725.970947 1704.333252 -1.000000
4.314479 4.424540 250.649034 2726.244385 1328.187012 -1.000000
4.314659 4.424730 250.687378 2726.447510 927.286865 -1.000000
4.314839 4.424920 250.725720 2726.577393 516.284546 -1.000000
4.315019 4.425110 250.764057 2726.633545 110.073616 -1.000000
4.315198 4.425300 250.802392 2726.618164 -276.564026 -1.000000
4.315378 4.425490 250.840722 2726.536133 -629.177856 -1.000000
4.315558 4.425680 250.879050 2726.394531 -933.958435 -1.000000
4.315738 4.425870 250.917374 2726.203613 -1178.358276 -1.000000
4.315917 4.426060 250.955695 2725.975342 -1351.844116 -1.000000
4.316097 4.426250 250.994012 2725.722656 -1446.680664 -1.000000
4.316277 4.426439 251.032326 2725.460693 -1458.475464 -1.000000
4.316456 4.426629 251.070636 2725.204346 -1386.674561 -1.000000
4.316636 4.426819 251.108944 2724.968018 -1234.575928 -1.000000
4.316815 4.427009 251.147247 2724.765381 -1009.020935 -1.000000
4.316995 4.427198 251.185548 2724.609619 -719.822571 -1.000000
4.317174 4.427388 251.223845 2724.510254 -379.005280 -1.000000
4.317354 4.427577 251.262138 2724.475830 -0.078258 -1.000000
4.317533 4.427767 251.300428 2724.511719 402.663269 -1.000000
4.317713 4.427957 251.338715 2724.620850 814.399597 -1.000000
4.317892 4.428146 251.376999 2724.803467 1220.357666 -1.000000
4.318071 4.428335 251.415279 2725.057129 1605.648193 -1.000000
4.318250 4.428525 251.453555 2725.376953 1955.812744 -1.000000
4.318430 4.428714 251.491829 2725.754883 2257.198486 -1.000000
4.318609 4.428904 251.530099 2726.181641 2497.390381 -1.000000
4.318788 4.429093 251.568365 2726.645264 2665.940430 -1.000000
4.318967 4.429282 251.606628 2727.131592 2755.275879 -1.000000
4.319146 4.429471 251.644888 2727.626709 2761.252930 -1.000000
4.319325 4.429661 251.683145 2728.115479 2683.522949 -1.000000
4.319504 4.429850 251.721398 2728.583008 2525.661621 -1.000000
4.319683 4.430039 251.759647 2729.015625 2294.721680 -1.000000
4.319862 4.430228 251.797894 2729.400879 2000.772705 -1.000000
4.320041 4.430417 251.836137 2729.728516 1656.055054 -1.000000
4.320220 4.430606 251.874376 2729.991211 1274.122314 -1.000000
4.320399 4.430795 251.912613 2730.183350 869.391663 -1.000000
4.320577 4.430984 251.950846 2730.301758 456.602386 -1.000000
4.320756 4.431173 251.989075 2730.346924 50.825294 -1.000000
4.320935 4.431362 252.027301 2730.321533 -333.271027 -1.000000
4.321114 4.431551 252.065524 2730.230469 -681.173706 -1.000000
4.321292 4.431739 252.103744 2730.081543 -979.187744 -1.000000
4.321471 4.431928 252.141960 2729.884277 -1214.947266 -1.000000
4.321649 4.432117 252.180173 2729.651855 -1378.237549 -1.000000
4.321828 4.432306 252.218382 2729.396973 -1461.646729 -1.000000
4.322006 4.432494 252.256589 2729.134766 -1461.341553 -1.000000
4.322185 4.432683 252.294791 2728.880127 -1377.271118 -1.000000
4.322363 4.432871 252.332991 2728.647949 -1213.321533 -1.000000
4.322542 4.433060 252.371187 2728.451660 -976.916382 -1.000000
4.322720 4.433248 252.409380 2728.303223 -678.245544 -1.000000
4.322899 4.433437 252.447569 2728.212891 -329.652100 -1.000000
4.323077 4.433625 252.485756 2728.187988 55.185970 -1.000000
4.323255 4.433814 252.523938 2728.233887 461.775879 -1.000000
4.323433 4.434002 252.562118 2728.353027 875.268005 -1.000000
4.323612 4.434190 252.600294 2728.545166 1280.767456 -1.000000
4.323790 4.434379 252.638467 2728.807861 1663.333618 -1.000000
4.323968 4.434567 252.676636 2729.135742 2008.564087 -1.000000
4.324146 4.434755 252.714803 2729.520508 2302.805176 -1.000000
4.324324 4.434943 252.752966 2729.952148 2533.868652 -1.000000
4.324502 4.435132 252.791125 2730.418457 2691.660645 -1.000000
4.324680 4.435320 252.829281 2730.905762 2769.068604 -1.000000
4.324858 4.435508 252.867434 2731.398926 2762.474854 -1.000000
4.325036 4.435696 252.905584 2731.883545 2672.210938 -1.000000
4.325214 4.435884 252.943730 2732.345215 2502.394775 -1.000000
4.325392 4.436072 252.981873 2732.769775 2260.611084 -1.000000
4.325570 4.436260 253.020013 2733.145996 1957.296997 -1.000000
4.325747 4.436448 253.058149 2733.463623 1604.858765 -1.000000
4.325925 4.436635 253.096282 2733.714600 1217.158813 -1.000000
4.326103 4.436823 253.134412 2733.894775 808.753052 -1.000000
4.326281 4.437011 253.172539 2734.001465 394.630554 -1.000000
4.326458 4.437199 253.210662 2734.035400 -10.269968 -1.000000
4.326636 4.437387 253.248782 2733.999268 -391.175629 -1.000000
4.326813 4.437574 253.286898 2733.898682 -733.590454 -1.000000
4.326991 4.437762 253.325011 2733.741699 -1023.922424 -1.000000
4.327168 4.437949 253.363121 2733.538818 -1250.090942 -1.000000
4.327346 4.438137 253.401228 2733.302246 -1402.168091 -1.000000
4.327523 4.438325 253.439331 2733.045898 -1473.282471 -1.000000
4.327701 4.438512 253.477432 2732.784424 -1460.209717 -1.000000
4.327878 4.438700 253.515528 2732.532715 -1363.485352 -1.000000
4.328056 4.438887 253.553622 2732.305176 -1187.488770 -1.000000
4.328233 4.439074 253.591712 2732.115723 -940.160645 -1.000000
4.328410 4.439262 253.629799 2731.975586 -632.171448 -1.000000
4.328587 4.439449 253.667883 2731.894531 -276.055115 -1.000000
4.328765 4.439636 253.705963 2731.880127 114.254639 -1.000000
4.328942 4.439824 253.744040 2731.936523 524.168640 -1.000000
4.329119 4.440011 253.782114 2732.066406 938.672729 -1.000000
4.329296 4.440198 253.820185 2732.269043 1342.791138 -1.000000
4.329473 4.440385 253.858252 2732.540771 1721.658691 -1.000000
4.329650 4.440572 253.896316 2732.876709 2060.845703 -1.000000
4.329827 4.440759 253.934377 2733.267578 2346.879883 -1.000000
4.330004 4.440946 253.972434 2733.703369 2567.840088 -1.000000
4.330181 4.441133 254.010488 2734.171631 2714.053955 -1.000000
4.330358 4.441320 254.048539 2734.658691 2778.925781 -1.000000
4.330535 4.441507 254.086587 2735.149902 2759.362549 -1.000000
4.330712 4.441694 254.124631 2735.630127 2656.194336 -1.000000
4.330889 4.441881 254.162673 2736.084961 2474.179199 -1.000000
4.331065 4.442068 254.200710 2736.500977 2221.454590 -1.000000
4.331242 4.442255 254.238745 2736.866699 1908.899536 -1.000000
4.331419 4.442442 254.276776 2737.172607 1549.209839 -1.000000
4.331595 4.442628 254.314805 2737.412109 1156.399414 -1.000000
4.331772 4.442815 254.352829 2737.580322 745.098877 -1.000000
4.331949 4.443002 254.390851 2737.675293 330.261292 -1.000000
4.332125 4.443188 254.428869 2737.697510 -73.016212 -1.000000
4.332302 4.443375 254.466885 2737.650879 -449.870850 -1.000000
4.332478 4.443561 254.504896 2737.541016 -785.892700 -1.000000
4.332655 4.443748 254.542905 2737.376709 -1067.727417 -1.000000
4.332831 4.443934 254.580910 2737.168213 -1283.542236 -1.000000
4.333008 4.444121 254.618912 2736.928223 -1423.800781 -1.000000
4.333184 4.444307 254.656911 2736.670654 -1482.140137 -1.000000
4.333360 4.444494 254.694907 2736.410400 -1455.827515 -1.000000
4.333537 4.444680 254.732899 2736.162354 -1346.084717 -1.000000
4.333713 4.444866 254.770889 2735.940674 -1157.997192 -1.000000
4.333889 4.445053 254.808874 2735.758057 -899.841370 -1.000000
4.334065 4.445239 254.846857 2735.626953 -582.594482 -1.000000
4.334242 4.445425 254.884837 2735.555664 -219.169083 -1.000000
4.334418 4.445611 254.922813 2735.551514 176.292694 -1.000000
4.334594 4.445797 254.960786 2735.618896 589.081238 -1.000000
4.334770 4.445983 254.998756 2735.759277 1004.145142 -1.000000
4.334946 4.446169 255.036722 2735.971924 1406.482666 -1.000000
4.335122 4.446355 255.074686 2736.252930 1781.142578 -1.000000
4.335298 4.446541 255.112646 2736.596436 2113.812012 -1.000000
4.335474 4.446727 255.150602 2736.993652 2391.172852 -1.000000
4.335650 4.446913 255.188556 2737.433838 2601.593750 -1.000000
4.335826 4.447099 255.226507 2737.904297 2735.736328 -1.000000
4.336001 4.447285 255.264454 2738.391357 2787.502197 -1.000000
4.336177 4.447471 255.302398 2738.879883 2754.460205 -1.000000
4.336353 4.447657 255.340339 2739.354980 2638.079834 -1.000000
4.336529 4.447842 255.378276 2739.802734 2443.723145 -1.000000
4.336704 4.448028 255.416210 2740.209717 2180.028564 -1.000000
4.336880 4.448214 255.454142 2740.565186 1858.161011 -1.000000
4.337056 4.448399 255.492069 2740.859863 1491.135742 -1.000000
4.337231 4.448585 255.529994 2741.086914 1093.145386 -1.000000
4.337407 4.448771 255.567916 2741.242676 679.060730 -1.000000
4.337582 4.448956 255.605834 2741.325439 263.804657 -1.000000
4.337758 4.449142 255.643749 2741.336182 -137.457626 -1.000000
4.337933 4.449327 255.681661 2741.279053 -509.886353 -1.000000
4.338109 4.449513 255.719570 2741.160156 -839.174011 -1.000000
4.338284 4.449698 255.757475 2740.988037 -1112.007446 -1.000000
4.338460 4.449883 255.795378 2740.773926 -1316.880371 -1.000000
4.338635 4.450069 255.833277 2740.530518 -1444.742920 -1.000000
4.338810 4.450254 255.871173 2740.271973 -1489.723877 -1.000000
4.338986 4.450439 255.909065 2740.013184 -1449.773438 -1.000000
4.339161 4.450624 255.946955 2739.768555 -1326.676025 -1.000000
4.339336 4.450810 255.984841 2739.552490 -1126.036133 -1.000000
4.339511 4.450995 256.022724 2739.377930 -856.725647 -1.000000
4.339686 4.451180 256.060604 2739.255859 -530.147339 -1.000000
4.339861 4.451365 256.098481 2739.194824 -159.441605 -1.000000
4.340037 4.451550 256.136355 2739.201416 241.165024 -1.000000
4.340212 4.451735 256.174225 2739.280029 656.730652 -1.000000
4.340387 4.451920 256.212092 2739.431396 1072.190918 -1.000000
4.340562 4.452105 256.249956 2739.654297 1472.360962 -1.000000
4.340736 4.452290 256.287817 2739.944824 1842.446289 -1.000000
4.340911 4.452475 256.325675 2740.296387 2168.122559 -1.000000
4.341086 4.452660 256.363529 2740.699951 2436.194336 -1.000000
4.341261 4.452844 256.401381 2741.144287 2635.356201 -1.000000
4.341436 4.453029 256.439229 2741.616455 2756.807129 -1.000000
4.341611 4.453214 256.477074 2742.103027 2794.970703 -1.000000
4.341785 4.453399 256.514916 2742.588623 2747.952881 -1.000000
4.341960 4.453583 256.552754 2743.058350 2618.072754 -1.000000
4.342135 4.453768 256.590590 2743.498779 2411.166748 -1.000000
4.342309 4.453953 256.628422 2743.896729 2136.318848 -1.000000
4.342484 4.454137 256.666251 2744.241455 1805.089111 -1.000000
4.342659 4.454322 256.704077 2744.524658 1430.764526 -1.000000
4.342833 4.454506 256.741900 2744.739746 1027.744751 -1.000000
4.343008 4.454691 256.779720 2744.882812 610.899536 -1.000000
4.343182 4.454875 256.817536 2744.952881 195.433884 -1.000000
4.343357 4.455060 256.855350 2744.951904 -203.541962 -1.000000
4.343531 4.455244 256.893160 2744.883789 -571.176392 -1.000000
4.343705 4.455428 256.930967 2744.755127 -893.092041 -1.000000
4.343880 4.455613 256.968771 2744.575928 -1156.406982 -1.000000
4.344054 4.455797 257.006572 2744.356445 -1349.882568 -1.000000
4.344228 4.455981 257.044369 2744.109863 -1464.898193 -1.000000
4.344403 4.456165 257.082164 2743.850586 -1496.077637 -1.000000
4.344577 4.456349 257.119955 2743.593262 -1442.065186 -1.000000
4.344751 4.456533 257.157743 2743.352539 -1305.273315 -1.000000
4.344925 4.456718 257.195528 2743.142822 -1091.938965 -1.000000
4.345099 4.456902 257.233310 2742.976318 -811.480591 -1.000000
4.345273 4.457086 257.271089 2742.863525 -475.612640 -1.000000
4.345447 4.457270 257.308864 2742.812988 -97.683510 -1.000000
4.345621 4.457454 257.346637 2742.831055 307.771576 -1.000000
4.345795 4.457638 257.384406 2742.920898 725.806519 -1.000000
4.345969 4.457821 257.422172 2743.083496 1141.140869 -1.000000
4.346143 4.458005 257.459935 2743.316650 1538.749634 -1.000000
4.346317 4.458189 257.497695 2743.616699 1903.648804 -1.000000
4.346491 4.458373 257.535452 2743.976318 2221.770996 -1.000000
4.346665 4.458557 257.573205 2744.385742 2480.050781 -1.000000
4.346839 4.458740 257.610956 2744.834229 2667.485107 -1.000000
4.347012 4.458924 257.648703 2745.308350 2775.776855 -1.000000
4.347186 4.459108 257.686448 2745.793945 2799.933838 -1.000000
4.347360 4.459291 257.724189 2746.276123 2738.807861 -1.000000
4.347534 4.459475 257.761927 2746.740723 2595.165283 -1.000000
4.347707 4.459658 257.799662 2747.173340 2375.483887 -1.000000
4.347881 4.459842 257.837393 2747.561768 2089.395752 -1.000000
4.348054 4.460025 257.875122 2747.895508 1748.917725 -1.000000
4.348228 4.460209 257.912847 2748.166504 1367.456543 -1.000000
4.348401 4.460392 257.950570 2748.368652 959.683044 -1.000000
4.348575 4.460576 257.988289 2748.498779 540.599487 -1.000000
4.348748 4.460759 258.026005 2748.556396 125.395378 -1.000000
4.348922 4.460942 258.063718 2748.543457 -270.651672 -1.000000
4.349095 4.461126 258.101428 2748.464600 -632.826050 -1.000000
4.349268 4.461309 258.139135 2748.326904 -946.935730 -1.000000
4.349442 4.461492 258.176839 2748.139893 -1200.056763 -1.000000
4.349615 4.461675 258.214539 2747.915039 -1381.355591 -1.000000
4.349788 4.461858 258.252237 2747.665771 -1482.869141 -1.000000
4.349962 4.462041 258.289931 2747.406494 -1499.833740 -1.000000
4.350135 4.462225 258.327623 2747.151367 -1431.486694 -1.000000
4.350308 4.462408 258.365311 2746.915283 -1280.879150 -1.000000
4.350481 4.462591 258.402996 2746.712158 -1054.834229 -1.000000
4.350654 4.462774 258.440678 2746.553711 -763.184082 -1.000000
4.350827 4.462956 258.478357 2746.450928 -418.088074 -1.000000
4.351000 4.463139 258.516033 2746.411377 -33.215477 -1.000000
4.351173 4.463322 258.553705 2746.440674 376.864960 -1.000000
4.351346 4.463505 258.591375 2746.542236 796.991943 -1.000000
4.351519 4.463688 258.629041 2746.716064 1211.863892 -1.000000
4.351692 4.463871 258.666705 2746.959961 1606.410400 -1.000000
4.351865 4.464053 258.704365 2747.269287 1965.622925 -1.000000
4.352038 4.464236 258.742022 2747.636719 2275.534424 -1.000000
4.352210 4.464419 258.779676 2748.052490 2523.336182 -1.000000
4.352383 4.464601 258.817328 2748.504639 2698.388672 -1.000000
4.352556 4.464784 258.854976 2748.979980 2792.961182 -1.000000
4.352729 4.464967 258.892620 2749.464355 2802.618896 -1.000000
4.352901 4.465149 258.930262 2749.942871 2726.930176 -1.000000
4.353074 4.465332 258.967901 2750.401123 2569.355225 -1.000000
4.353246 4.465514 259.005537 2750.825684 2336.922607 -1.000000
4.353419 4.465697 259.043169 2751.204102 2039.780884 -1.000000
4.353592 4.465879 259.080799 2751.526611 1690.209595 -1.000000
4.353764 4.466061 259.118425 2751.785156 1301.989868 -1.000000
4.353937 4.466244 259.156048 2751.974365 889.842529 -1.000000
4.354109 4.466426 259.193669 2752.091553 468.911926 -1.000000
4.354281 4.466608 259.231286 2752.136475 54.534096 -1.000000
4.354454 4.466790 259.268900 2752.111572 -338.189819 -1.000000
4.354626 4.466973 259.306511 2752.021973 -694.263489 -1.000000
4.354798 4.467155 259.344119 2751.875244 -999.809998 -1.000000
4.354971 4.467337 259.381724 2751.681152 -1242.164062 -1.000000
4.355143 4.467519 259.419326 2751.451660 -1410.920410 -1.000000
4.355315 4.467701 259.456925 2751.199951 -1498.526611 -1.000000
4.355487 4.467883 259.494520 2750.940674 -1500.887329 -1.000000
4.355659 4.468065 259.532113 2750.688232 -1417.928833 -1.000000
4.355832 4.468247 259.569703 2750.457275 -1253.454102 -1.000000
4.356004 4.468429 259.607289 2750.261230 -1014.772644 -1.000000
4.356176 4.468611 259.644873 2750.111816 -712.224976 -1.000000
4.356348 4.468793 259.682453 2750.018799 -358.193237 -1.000000
4.356520 4.468975 259.720031 2749.990479 33.307224 -1.000000
4.356692 4.469157 259.757605 2750.031738 447.480377 -1.000000
4.356864 4.469338 259.795176 2750.145020 869.127563 -1.000000
4.357036 4.469520 259.832744 2750.330322 1282.865112 -1.000000
4.357207 4.469702 259.870310 2750.584961 1673.525635 -1.000000
4.357379 4.469883 259.907872 2750.903564 2026.321777 -1.000000
4.357551 4.470065 259.945431 2751.278320 2327.303955 -1.000000
4.357723 4.470247 259.982987 2751.699463 2564.055420 -1.000000
4.357895 4.470428 260.020540 2752.154785 2726.303955 -1.000000
4.358066 4.470610 260.058090 2752.631104 2806.748291 -1.000000
4.358238 4.470791 260.095637 2753.113770 2801.680664 -1.000000
4.358410 4.470973 260.133181 2753.588379 2711.293457 -1.000000
4.358581 4.471154 260.170721 2754.040039 2539.694580 -1.000000
4.358753 4.471336 260.208259 2754.455811 2294.628418 -1.000000
4.358924 4.471517 260.245794 2754.823975 1986.608887 -1.000000
4.359096 4.471698 260.283326 2755.134521 1628.249512 -1.000000
4.359267 4.471880 260.320854 2755.380615 1233.567261 -1.000000
4.359439 4.472061 260.358380 2755.556641 817.488342 -1.000000
4.359610 4.472242 260.395903 2755.660400 395.319641 -1.000000
4.359782 4.472423 260.433422 2755.692627 -17.681892 -1.000000
4.359953 4.472604 260.470939 2755.655762 -406.230865 -1.000000
4.360124 4.472786 260.508452 2755.555664 -755.561951 -1.000000
4.360296 4.472967 260.545963 2755.400146 -1051.869507 -1.000000
4.360467 4.473148 260.583470 2755.199219 -1282.780396 -1.000000
4.360638 4.473329 260.620975 2754.965332 -1438.307251 -1.000000
4.360809 4.473510 260.658476 2754.711426 -1511.416138 -1.000000
4.360981 4.473691 260.695974 2754.452637 -1498.718872 -1.000000
4.361152 4.473872 260.733470 2754.203125 -1400.803101 -1.000000
4.361323 4.474053 260.770962 2753.978027 -1222.150757 -1.000000
4.361494 4.474234 260.808452 2753.789307 -970.721619 -1.000000
4.361665 4.474414 260.845938 2753.649170 -657.182190 -1.000000
4.361836 4.474595 260.883421 2753.567139 -294.389191 -1.000000
4.362007 4.474776 260.920901 2753.550293 103.461266 -1.000000
4.362178 4.474957 260.958379 2753.603516 521.444397 -1.000000
4.362349 4.475137 260.995853 2753.729004 944.174011 -1.000000
4.362520 4.475318 261.033324 2753.925781 1356.330078 -1.000000
4.362691 4.475499 261.070792 2754.191162 1742.543579 -1.000000
4.362861 4.475679 261.108258 2754.519043 2088.260742 -1.000000
4.363032 4.475860 261.145720 2754.901611 2379.677002 -1.000000
4.363203 4.476041 261.183179 2755.328125 2604.610107 -1.000000
4.363374 4.476221 261.220635 2755.786621 2753.249268 -1.000000
4.363544 4.476402 261.258089 2756.263428 2818.897461 -1.000000
4.363715 4.476582 261.295539 2756.743896 2798.535156 -1.000000
4.363886 4.476762 261.332986 2757.213623 2693.130615 -1.000000
4.364056 4.476943 261.370430 2757.658447 2507.352051 -1.000000
4.364227 4.477123 261.407872 2758.065186 2249.492676 -1.000000
4.364397 4.477304 261.445310 2758.422607 1930.528687 -1.000000
4.364568 4.477484 261.482745 2758.721191 1563.482056 -1.000000
4.364738 4.477664 261.520177 2758.954102 1162.564575 -1.000000
4.364909 4.477844 261.557606 2759.116699 742.824402 -1.000000
4.365079 4.478024 261.595033 2759.207275 319.649445 -1.000000
4.365250 4.478205 261.632456 2759.226562 -91.533730 -1.000000
4.365420 4.478385 261.669876 2759.177979 -475.501251 -1.000000
4.365590 4.478565 261.707293 2759.067383 -817.599304 -1.000000
4.365761 4.478745 261.744708 2758.903076 -1104.196411 -1.000000
4.365931 4.478925 261.782119 2758.695312 -1323.189697 -1.000000
4.366101 4.479105 261.819527 2758.457031 -1465.036377 -1.000000
4.366271 4.479285 261.856933 2758.201660 -1523.297607 -1.000000
4.366442 4.479465 261.894335 2757.943848 -1495.309937 -1.000000
4.366612 4.479645 261.931734 2757.697754 -1382.318115 -1.000000
4.366782 4.479825 261.969131 2757.477783 -1189.407715 -1.000000
4.366952 4.480004 262.006524 2757.297119 -925.095093 -1.000000
4.367122 4.480184 262.043915 2757.166504 -600.626648 -1.000000
4.367292 4.480364 262.081302 2757.095215 -229.149536 -1.000000
4.367462 4.480544 262.118687 2757.090576 174.920013 -1.000000
4.367632 4.480723 262.156068 2757.156006 596.382385 -1.000000
4.367802 4.480903 262.193447 2757.293213 1019.913269 -1.000000
4.367972 4.481083 262.230822 2757.501465 1430.107788 -1.000000
4.368142 4.481262 262.268195 2757.777344 1811.734741 -1.000000
4.368312 4.481442 262.305564 2758.114746 2150.120117 -1.000000
4.368481 4.481622 262.342931 2758.504883 2431.550293 -1.000000
4.368651 4.481801 262.380295 2758.936768 2644.315674 -1.000000
4.368821 4.481981 262.417655 2759.398438 2778.993164 -1.000000
4.368991 4.482160 262.455013 2759.875488 2829.525391 -1.000000
4.369160 4.482339 262.492368 2760.354004 2793.547607 -1.000000
4.369330 4.482519 262.529720 2760.818848 2672.743408 -1.000000
4.369500 4.482698 262.567069 2761.256104 2472.613525 -1.000000
4.369669 4.482877 262.604415 2761.653564 2201.904541 -1.000000
4.369839 4.483057 262.641758 2761.999756 1872.107666 -1.000000
4.370008 4.483236 262.679098 2762.285889 1496.507202 -1.000000
4.370178 4.483415 262.716435 2762.505371 1089.592651 -1.000000
4.370347 4.483594 262.753769 2762.654541 666.588379 -1.000000
4.370517 4.483774 262.791100 2762.731689 242.915466 -1.000000
4.370686 4.483953 262.828428 2762.737793 -165.997696 -1.000000
4.370855 4.484132 262.865753 2762.677246 -544.854553 -1.000000
4.371025 4.484311 262.903075 2762.555908 -879.091675 -1.000000
4.371194 4.484490 262.940395 2762.382812 -1155.155273 -1.000000
4.371363 4.484669 262.977711 2762.168701 -1361.423462 -1.000000
4.371533 4.484848 263.015025 2761.926270 -1488.809937 -1.000000
4.371702 4.485027 263.052335 2761.669678 -1531.534302 -1.000000
4.371871 4.485206 263.089643 2761.413086 -1487.671875 -1.000000
4.372040 4.485385 263.126947 2761.171143 -1359.100342 -1.000000
4.372209 4.485563 263.164249 2760.957764 -1151.755371 -1.000000
4.372378 4.485742 263.201548 2760.785645 -874.663757 -1.000000
4.372547 4.485921 263.238843 2760.665527 -539.549744 -1.000000
4.372716 4.486100 263.276136 2760.605957 -159.868271 -1.000000
4.372885 4.486278 263.313426 2760.613281 249.757172 -1.000000
4.373054 4.486457 263.350713 2760.691406 674.138550 -1.000000
4.373223 4.486636 263.387997 2760.841309 1097.745605 -1.000000
4.373392 4.486814 263.425278 2761.061279 1505.047852 -1.000000
4.373561 4.486993 263.462556 2761.347900 1880.942505 -1.000000
4.373730 4.487171 263.499832 2761.694092 2210.766113 -1.000000
4.373899 4.487350 263.537104 2762.091064 2481.265381 -1.000000
4.374068 4.487528 263.574373 2762.527832 2680.931641 -1.000000
4.374236 4.487707 263.611640 2762.991455 2800.922607 -1.000000
4.374405 4.487885 263.648903 2763.468262 2835.879883 -1.000000
4.374574 4.488064 263.686164 2763.943359 2784.147461 -1.000000
4.374742 4.488242 263.723421 2764.402832 2648.003906 -1.000000
4.374911 4.488420 263.760676 2764.832520 2433.601562 -1.000000
4.375080 4.488599 263.797928 2765.219727 2150.315186 -1.000000
4.375248 4.488777 263.835177 2765.554443 1809.991089 -1.000000
4.375417 4.488955 263.872423 2765.827637 1426.324341 -1.000000
4.375585 4.489133 263.909666 2766.033447 1014.022949 -1.000000
4.375754 4.489312 263.946906 2766.168457 588.455750 -1.000000
4.375922 4.489490 263.984143 2766.231934 165.032364 -1.000000
4.376091 4.489668 264.021378 2766.225342 -240.670212 -1.000000
4.376259 4.489846 264.058609 2766.152832 -613.515137 -1.000000
4.376428 4.490024 264.095837 2766.021484 -938.929565 -1.000000
4.376596 4.490202 264.133063 2765.840088 -1203.704956 -1.000000
4.376764 4.490380 264.170286 2765.620117 -1396.592529 -1.000000
4.376932 4.490558 264.207505 2765.374268 -1508.974365 -1.000000
4.377101 4.490736 264.244722 2765.116943 -1535.789307 -1.000000
4.377269 4.490914 264.281936 2764.862305 -1475.774048 -1.000000
4.377437 4.491092 264.319147 2764.625000 -1331.662476 -1.000000
4.377605 4.491269 264.356355 2764.418457 -1109.981079 -1.000000
4.377773 4.491447 264.393560 2764.255127 -820.252869 -1.000000
4.377941 4.491625 264.430763 2764.145752 -474.705383 -1.000000
4.378110 4.491803 264.467962 2764.097900 -87.089256 -1.000000
4.378278 4.491980 264.505159 2764.117676 327.859161 -1.000000
4.378446 4.492158 264.542352 2764.208496 754.740906 -1.000000
4.378614 4.492336 264.579543 2764.371094 1177.861084 -1.000000
4.378781 4.492513 264.616731 2764.603271 1581.752197 -1.000000
4.378949 4.492691 264.653916 2764.900391 1951.241577 -1.000000
4.379117 4.492868 264.691098 2765.255615 2271.906982 -1.000000
4.379285 4.493046 264.728277 2765.659668 2530.674316 -1.000000
4.379453 4.493223 264.765453 2766.101074 2716.520996 -1.000000
4.379621 4.493401 264.802626 2766.566895 2821.101807 -1.000000
4.379789 4.493578 264.839797 2767.042725 2839.708740 -1.000000
4.379956 4.493756 264.876964 2767.514404 2771.452637 -1.000000
4.380124 4.493933 264.914129 2767.967773 2619.437988 -1.000000
4.380292 4.494110 264.951291 2768.388916 2390.492432 -1.000000
4.380459 4.494287 264.988450 2768.765625 2094.520752 -1.000000
4.380627 4.494465 265.025606 2769.088135 1743.840454 -1.000000
4.380794 4.494642 265.062759 2769.348145 1352.360718 -1.000000
4.380962 4.494819 265.099909 2769.540039 934.952515 -1.000000
4.381130 4.494996 265.137056 2769.660889 507.082825 -1.000000
4.381297 4.495173 265.174201 2769.710205 84.420937 -1.000000
4.381464 4.495351 265.211342 2769.690430 -317.574371 -1.000000
4.381632 4.495528 265.248481 2769.606201 -683.674561 -1.000000
4.381799 4.495705 265.285617 2769.464600 -999.593262 -1.000000
4.381967 4.495882 265.322750 2769.275146 -1252.397583 -1.000000
4.382134 4.496059 265.359880 2769.049561 -1431.223389 -1.000000
4.382301 4.496236 265.397007 2768.800781 -1528.077759 -1.000000
4.382469 4.496412 265.434131 2768.542969 -1538.479126 -1.000000
4.382636 4.496589 265.471253 2768.290771 -1461.941284 -1.000000
4.382803 4.496766 265.508371 2768.058594 -1302.046265 -1.000000
4.382970 4.496943 265.545487 2767.859619 -1065.908936 -1.000000
4.383137 4.497120 265.582600 2767.706055 -763.665833 -1.000000
4.383305 4.497297 265.619710 2767.607422 -407.848511 -1.000000
4.383472 4.497473 265.656817 2767.571777 -12.565976 -1.000000
4.383639 4.497650 265.693921 2767.604492 407.250916 -1.000000
4.383806 4.497827 265.731023 2767.708252 836.034851 -1.000000
4.383973 4.498003 265.768121 2767.883301 1258.167480 -1.000000
4.384140 4.498180 265.805217 2768.127197 1658.067871 -1.000000
4.384307 4.498356 265.842310 2768.434570 2020.713989 -1.000000
4.384474 4.498533 265.879400 2768.798584 2331.737793 -1.000000
4.384641 4.498709 265.916487 2769.209229 2578.393066 -1.000000
4.384807 4.498886 265.953571 2769.654785 2750.017090 -1.000000
4.384974 4.499062 265.990652 2770.122314 2838.920654 -1.000000
4.385141 4.499239 266.027731 2770.597168 2841.081787 -1.000000
4.385308 4.499415 266.064806 2771.065186 2756.395020 -1.000000
4.385475 4.499591 266.101879 2771.511963 2588.659424 -1.000000
4.385641 4.499768 266.138949 2771.924316 2345.319824 -1.000000
4.385808 4.499944 266.176016 2772.290527 2036.867554 -1.000000
4.385975 4.500120 266.213081 2772.600586 1675.915039 -1.000000
4.386141 4.500297 266.250142 2772.846924 1276.821045 -1.000000
4.386308 4.500473 266.287200 2773.024658 854.715088 -1.000000
4.386475 4.500649 266.324256 2773.131104 425.091431 -1.000000
4.386641 4.500825 266.361309 2773.166504 3.692810 -1.000000
4.386808 4.501001 266.398359 2773.133545 -393.979797 -1.000000
4.386974 4.501177 266.435406 2773.037354 -752.753784 -1.000000
4.387141 4.501353 266.472450 2772.885986 -1058.554321 -1.000000
4.387307 4.501529 266.509492 2772.688965 -1298.712402 -1.000000
4.387473 4.501705 266.546531 2772.458008 -1462.868774 -1.000000
4.387640 4.501881 266.583566 2772.206543 -1543.591187 -1.000000
4.387806 4.502057 266.620599 2771.949219 -1537.255615 -1.000000
4.387972 4.502233 266.657629 2771.700195 -1444.182983 -1.000000
4.388139 4.502409 266.694657 2771.473633 -1268.466797 -1.000000
4.388305 4.502585 266.731681 2771.282715 -1018.018494 -1.000000
4.388471 4.502760 266.768703 2771.138672 -703.537292 -1.000000
4.388637 4.502936 266.805721 2771.051270 -337.839417 -1.000000
4.388803 4.503112 266.842737 2771.028320 64.740913 -1.000000
4.388970 4.503288 266.879750 2771.074219 488.817963 -1.000000
4.389136 4.503463 266.916761 2771.191406 918.928223 -1.000000
4.389302 4.503639 266.953768 2771.379150 1339.247314 -1.000000
4.389468 4.503815 266.990773 2771.635010 1734.301270 -1.000000
4.389634 4.503990 267.027775 2771.953125 2089.006104 -1.000000
4.389800 4.504166 267.064774 2772.325684 2389.355713 -1.000000
4.389966 4.504341 267.101770 2772.742920 2622.785889 -1.000000
4.390132 4.504517 267.138763 2773.192383 2779.127197 -1.000000
4.390297 4.504692 267.175753 2773.660889 2851.453125 -1.000000
4.390463 4.504868 267.212741 2774.133789 2836.460693 -1.000000
4.390629 4.505043 267.249726 2774.596924 2734.781250 -1.000000
4.390795 4.505218 267.286708 2775.036133 2551.084961 -1.000000
4.390961 4.505394 267.323687 2775.438721 2293.456055 -1.000000
4.391127 4.505569 267.360664 2775.793213 1972.905518 -1.000000
4.391292 4.505744 267.397637 2776.090088 1602.402222 -1.000000
4.391458 4.505919 267.434608 2776.322266 1196.655640 -1.000000
4.391624 4.506095 267.471576 2776.485352 770.747131 -1.000000
4.391789 4.506270 267.508541 2776.577393 340.409973 -1.000000
4.391955 4.506445 267.545503 2776.598877 -78.631668 -1.000000
4.392120 4.506620 267.582463 2776.552979 -470.870819 -1.000000
4.392286 4.506795 267.619419 2776.445312 -821.298279 -1.000000
4.392451 4.506970 267.656373 2776.284180 -1115.866699 -1.000000
4.392617 4.507145 267.693324 2776.079834 -1342.361816 -1.000000
4.392782 4.507320 267.730273 2775.844482 -1490.960449 -1.000000
4.392948 4.507495 267.767218 2775.591309 -1554.938354 -1.000000
4.393113 4.507670 267.804161 2775.334717 -1531.331177 -1.000000
4.393279 4.507845 267.841101 2775.089600 -1421.194458 -1.000000
4.393444 4.508020 267.878038 2774.869385 -1229.531860 -1.000000
4.393609 4.508195 267.914972 2774.687256 -964.824097 -1.000000
4.393774 4.508370 267.951903 2774.553955 -638.299927 -1.000000
4.393940 4.508544 267.988832 2774.479004 -263.165405 -1.000000
4.394105 4.508719 268.025758 2774.469238 145.835251 -1.000000
4.394270 4.508894 268.062681 2774.528564 573.417175 -1.000000
4.394435 4.509069 268.099601 2774.658936 1003.973755 -1.000000
4.394600 4.509243 268.136518 2774.859619 1421.621094 -1.000000
4.394766 4.509418 268.173433 2775.126709 1810.938354 -1.000000
4.394931 4.509592 268.210345 2775.455078 2156.916016 -1.000000
4.395096 4.509767 268.247254 2775.835693 2445.794189 -1.000000
4.395261 4.509942 268.284160 2776.258545 2665.366943 -1.000000
4.395426 4.510116 268.321064 2776.711182 2806.038086 -1.000000
4.395591 4.510291 268.357964 2777.179932 2861.507080 -1.000000
4.395756 4.510465 268.394862 2777.650635 2829.135986 -1.000000
4.395920 4.510639 268.431757 2778.108643 2710.474121 -1.000000
4.396085 4.510814 268.468650 2778.540283 2510.819580 -1.000000
4.396250 4.510988 268.505539 2778.932617 2239.074707 -1.000000
4.396415 4.511162 268.542426 2779.275146 1906.599365 -1.000000
4.396580 4.511337 268.579310 2779.558594 1526.928833 -1.000000
4.396745 4.511511 268.616191 2779.776367 1114.761108 -1.000000
4.396909 4.511685 268.653069 2779.924805 685.544739 -1.000000
4.397074 4.511859 268.689945 2780.002197 254.955353 -1.000000
4.397239 4.512034 268.726818 2780.009766 -161.230240 -1.000000
4.397403 4.512208 268.763688 2779.950684 -547.365723 -1.000000
4.397568 4.512382 268.800555 2779.832031 -888.683044 -1.000000
4.397732 4.512556 268.837420 2779.661377 -1171.412354 -1.000000
4.397897 4.512730 268.874281 2779.450195 -1383.665039 -1.000000
4.398062 4.512904 268.911140 2779.210449 -1516.173706 -1.000000
4.398226 4.513078 268.947996 2778.956055 -1562.900635 -1.000000
4.398391 4.513252 268.984850 2778.701172 -1521.663208 -1.000000
4.398555 4.513426 269.021700 2778.460449 -1394.450562 -1.000000
4.398719 4.513600 269.058548 2778.247314 -1186.935913 -1.000000
4.398884 4.513774 269.095393 2778.073975 -908.168335 -1.000000
4.399048 4.513948 269.132236 2777.951660 -569.791992 -1.000000
4.399212 4.514121 269.169075 2777.888916 -185.557022 -1.000000
4.399377 4.514295 269.205912 2777.892090 229.740891 -1.000000
4.399541 4.514469 269.242746 2777.964844 660.595703 -1.000000
4.399705 4.514643 269.279577 2778.108887 1091.214966 -1.000000
4.399869 4.514816 269.316406 2778.322266 1505.781006 -1.000000
4.400034 4.514990 269.353231 2778.601562 1888.826904 -1.000000
4.400198 4.515164 269.390054 2778.940186 2225.420410 -1.000000
4.400362 4.515337 269.426874 2779.329102 2502.000488 -1.000000
4.400526 4.515511 269.463692 2779.757568 2706.836426 -1.000000
4.400690 4.515684 269.500506 2780.212891 2831.033936 -1.000000
4.400854 4.515858 269.537318 2780.681641 2868.939941 -1.000000
4.401018 4.516031 269.574127 2781.149414 2818.762695 -1.000000
4.401182 4.516205 269.610934 2781.601562 2682.784912 -1.000000
4.401346 4.516378 269.647737 2782.024658 2467.161865 -1.000000
4.401510 4.516552 269.684538 2782.406738 2181.308594 -1.000000
4.401674 4.516725 269.721336 2782.736816 1837.108398 -1.000000
4.401838 4.516898 269.758132 2783.006348 1448.372559 -1.000000
4.402002 4.517072 269.794924 2783.209717 1030.161499 -1.000000
4.402165 4.517245 269.831714 2783.343018 597.991760 -1.000000
4.402329 4.517418 269.868501 2783.405273 167.752487 -1.000000
4.402493 4.517591 269.905286 2783.398682 -244.775146 -1.000000
4.402657 4.517765 269.942067 2783.326904 -624.127319 -1.000000
4.402820 4.517938 269.978846 2783.196777 -955.602295 -1.000000
4.402984 4.518111 270.015622 2783.017578 -1225.737671 -1.000000
4.403148 4.518284 270.052396 2782.800049 -1423.119751 -1.000000
4.403311 4.518457 270.089166 2782.556641 -1539.025146 -1.000000
4.403475 4.518630 270.125934 2782.301514 -1568.191772 -1.000000
4.403638 4.518803 270.162699 2782.048828 -1509.263184 -1.000000
4.403802 4.518976 270.199462 2781.812744 -1364.865967 -1.000000
4.403965 4.519149 270.236221 2781.606934 -1141.453369 -1.000000
4.404129 4.519322 270.272978 2781.443359 -848.819336 -1.000000
4.404292 4.519495 270.309732 2781.332520 -499.066498 -1.000000
4.404456 4.519668 270.346484 2781.282715 -106.217316 -1.000000
4.404619 4.519841 270.383232 2781.299316 314.688049 -1.000000
4.404783 4.520013 270.419978 2781.385742 748.030762 -1.000000
4.404946 4.520186 270.456722 2781.543213 1177.978638 -1.000000
4.405109 4.520359 270.493462 2781.769531 1588.592041 -1.000000
4.405272 4.520532 270.530200 2782.060303 1964.443481 -1.000000
4.405436 4.520704 270.566935 2782.408203 2290.876465 -1.000000
4.405599 4.520877 270.603667 2782.804688 2554.601074 -1.000000
4.405762 4.521050 270.640397 2783.237793 2744.416016 -1.000000
4.405925 4.521222 270.677123 2783.695557 2851.940918 -1.000000
4.406088 4.521395 270.713848 2784.163574 2872.225830 -1.000000
4.406251 4.521567 270.750569 2784.627686 2804.304932 -1.000000
4.406415 4.521740 270.787288 2785.073486 2651.381836 -1.000000
4.406578 4.521912 270.824003 2785.487793 2420.205811 -1.000000
4.406741 4.522085 270.860717 2785.858643 2120.779541 -1.000000
4.406904 4.522257 270.897427 2786.175781 1765.588989 -1.000000
4.407067 4.522429 270.934135 2786.431885 1368.636475 -1.000000
4.407229 4.522602 270.970840 2786.620605 945.146301 -1.000000
4.407392 4.522774 271.007542 2786.739258 510.796448 -1.000000
4.407555 4.522946 271.044242 2786.787354 81.514839 -1.000000
4.407718 4.523119 271.080939 2786.766846 -326.828094 -1.000000
4.407881 4.523291 271.117633 2786.682617 -698.843079 -1.000000
4.408044 4.523463 271.154324 2786.541992 -1019.947144 -1.000000
4.408206 4.523635 271.191013 2786.354004 -1277.027954 -1.000000
4.408369 4.523807 271.227699 2786.130371 -1459.022949 -1.000000
4.408532 4.523980 271.264382 2785.883545 -1557.919922 -1.000000
4.408695 4.524152 271.301063 2785.627686 -1569.063721 -1.000000
4.408857 4.524324 271.337741 2785.377441 -1492.055542 -1.000000
4.409020 4.524496 271.374416 2785.146729 -1330.320801 -1.000000
4.409182 4.524668 271.411088 2784.948975 -1091.238403 -1.000000
4.409345 4.524840 271.447758 2784.795654 -784.940979 -1.000000
4.409508 4.525012 271.484425 2784.696777 -424.112366 -1.000000
4.409670 4.525184 271.521089 2784.659912 -23.111258 -1.000000
4.409833 4.525356 271.557751 2784.690674 402.863220 -1.000000
4.409995 4.525527 271.594410 2784.791504 837.971741 -1.000000
4.410157 4.525699 271.631066 2784.962646 1266.373291 -1.000000
4.410320 4.525871 271.667719 2785.201660 1672.115112 -1.000000
4.410482 4.526043 271.704370 2785.503662 2039.883545 -1.000000
4.410645 4.526215 271.741018 2785.861328 2355.138184 -1.000000
4.410807 4.526386 271.777664 2786.264893 2605.022461 -1.000000
4.410969 4.526558 271.814306 2786.702881 2778.744385 -1.000000
4.411131 4.526730 271.850946 2787.162354 2868.622803 -1.000000
4.411294 4.526901 271.887584 2787.628906 2870.494873 -1.000000
4.411456 4.527073 271.924218 2788.088867 2784.248535 -1.000000
4.411618 4.527244 271.960850 2788.527832 2613.884033 -1.000000
4.411780 4.527416 271.997479 2788.932617 2366.918457 -1.000000
4.411942 4.527587 272.034106 2789.291748 2053.919678 -1.000000
4.412104 4.527759 272.070729 2789.595459 1687.735474 -1.000000
4.412266 4.527930 272.107351 2789.836670 1282.888550 -1.000000
4.412428 4.528102 272.143969 2790.010010 854.617493 -1.000000
4.412590 4.528273 272.180585 2790.113037 418.898285 -1.000000
4.412752 4.528444 272.217198 2790.145996 -8.379208 -1.000000
4.412914 4.528616 272.253808 2790.111572 -411.354004 -1.000000
4.413076 4.528787 272.290416 2790.015137 -774.742004 -1.000000
4.413238 4.528958 272.327021 2789.864014 -1084.268066 -1.000000
4.413400 4.529130 272.363623 2789.668213 -1327.059326 -1.000000
4.413562 4.529301 272.400222 2789.438965 -1492.675903 -1.000000
4.413724 4.529472 272.436819 2789.189697 -1573.654297 -1.000000
4.413886 4.529643 272.473414 2788.934570 -1566.398193 -1.000000
4.414047 4.529814 272.510005 2788.687500 -1471.094971 -1.000000
4.414209 4.529985 272.546594 2788.463135 -1292.055908 -1.000000
4.414371 4.530157 272.583180 2788.273682 -1037.257324 -1.000000
4.414532 4.530328 272.619764 2788.131104 -717.559631 -1.000000
4.414694 4.530499 272.656344 2788.044434 -346.082458 -1.000000
4.414856 4.530670 272.692922 2788.021240 62.638298 -1.000000
4.415017 4.530840 272.729498 2788.066162 493.059021 -1.000000
4.415179 4.531011 272.766071 2788.180908 929.375244 -1.000000
4.415340 4.531182 272.802641 2788.365723 1355.605225 -1.000000
4.415502 4.531353 272.839208 2788.617432 1755.912109 -1.000000
4.415663 4.531524 272.875773 2788.930664 2114.948486 -1.000000
4.415825 4.531695 272.912335 2789.297363 2418.506348 -1.000000
4.415986 4.531866 272.948894 2789.707764 2653.973145 -1.000000
4.416148 4.532036 272.985451 2790.149658 2811.190430 -1.000000
4.416309 4.532207 273.022005 2790.610596 2883.133301 -1.000000
4.416470 4.532378 273.058556 2791.075684 2866.436523 -1.000000
4.416632 4.532548 273.095105 2791.530762 2761.881348 -1.000000
4.416793 4.532719 273.131651 2791.961914 2574.260010 -1.000000
4.416954 4.532890 273.168195 2792.356934 2311.791748 -1.000000
4.417115 4.533060 273.204735 2792.704102 1985.589722 -1.000000
4.417277 4.533231 273.241273 2792.994385 1609.025757 -1.000000
4.417438 4.533401 273.277809 2793.220947 1196.676025 -1.000000
4.417599 4.533572 273.314341 2793.379150 764.140198 -1.000000
4.417760 4.533742 273.350871 2793.467041 327.402008 -1.000000
4.417921 4.533913 273.387399 2793.485107 -97.448524 -1.000000
4.418082 4.534083 273.423923 2793.437012 -494.695038 -1.000000
4.418243 4.534254 273.460446 2793.327881 -849.018066 -1.000000
4.418404 4.534424 273.496965 2793.166504 -1146.342163 -1.000000
4.418565 4.534594 273.533482 2792.962402 -1374.270874 -1.000000
4.418726 4.534764 273.569996 2792.728027 -1522.836914 -1.000000
4.418887 4.534935 273.606507 2792.476807 -1585.500610 -1.000000
4.419048 4.535105 273.643016 2792.222900 -1559.341431 -1.000000
4.419209 4.535275 273.679522 2791.979980 -1445.656860 -1.000000
4.419370 4.535445 273.716026 2791.762207 -1249.352905 -1.000000
4.419531 4.535616 273.752526 2791.582275 -979.161316 -1.000000
4.419691 4.535786 273.789024 2791.450684 -646.476501 -1.000000
4.419852 4.535956 273.825520 2791.377197 -264.833374 -1.000000
4.420013 4.536126 273.862013 2791.367676 150.895203 -1.000000
4.420174 4.536296 273.898503 2791.427002 585.082214 -1.000000
4.420334 4.536466 273.934991 2791.556152 1021.756836 -1.000000
4.420495 4.536636 273.971475 2791.754639 1444.922729 -1.000000
4.420656 4.536806 274.007958 2792.019043 1838.706787 -1.000000
4.420816 4.536976 274.044437 2792.343018 2187.963867 -1.000000
4.420977 4.537146 274.080914 2792.718506 2478.726562 -1.000000
4.421137 4.537315 274.117389 2793.135254 2698.835938 -1.000000
4.421298 4.537485 274.153860 2793.580811 2838.663574 -1.000000
4.421458 4.537655 274.190329 2794.041992 2891.987549 -1.000000
4.421619 4.537825 274.226796 2794.504395 2856.326172 -1.000000
4.421779 4.537995 274.263259 2794.953857 2733.291504 -1.000000
4.421940 4.538164 274.299720 2795.376953 2528.419922 -1.000000
4.422100 4.538334 274.336179 2795.761230 2250.628662 -1.000000
4.422260 4.538504 274.372635 2796.095703 1911.659424 -1.000000
4.422421 4.538673 274.409088 2796.371582 1525.192749 -1.000000
4.422581 4.538843 274.445538 2796.583008 1106.223022 -1.000000
4.422741 4.539012 274.481986 2796.725586 670.401978 -1.000000
4.422902 4.539182 274.518432 2796.798096 233.773773 -1.000000
4.423062 4.539352 274.554874 2796.801514 -187.572861 -1.000000
4.423222 4.539521 274.591314 2796.739746 -577.926025 -1.000000
4.423382 4.539691 274.627752 2796.618896 -922.064575 -1.000000
4.423542 4.539860 274.664186 2796.447754 -1206.252075 -1.000000
4.423702 4.540029 274.700618 2796.236572 -1418.484375 -1.000000
4.423862 4.540199 274.737048 2795.997803 -1549.401978 -1.000000
4.424023 4.540368 274.773475 2795.744873 -1593.143433 -1.000000
4.424183 4.540537 274.809899 2795.492432 -1547.750488 -1.000000
4.424343 4.540707 274.846321 2795.254150 -1415.252686 -1.000000
4.424503 4.540876 274.882740 2795.043945 -1201.633423 -1.000000
4.424662 4.541045 274.919156 2794.873779 -916.181458 -1.000000
4.424822 4.541214 274.955570 2794.754150 -570.820923 -1.000000
4.424982 4.541384 274.991981 2794.693604 -179.422440 -1.000000
4.425142 4.541553 275.028389 2794.698242 242.838074 -1.000000
4.425302 4.541722 275.064795 2794.771729 680.244080 -1.000000
4.425462 4.541891 275.101198 2794.915283 1116.752197 -1.000000
4.425622 4.542060 275.137599 2795.127686 1536.245728 -1.000000
4.425781 4.542229 275.173997 2795.404541 1922.855225 -1.000000
4.425941 4.542398 275.210392 2795.739746 2261.625000 -1.000000
4.426101 4.542567 275.246785 2796.123779 2538.860840 -1.000000
4.426260 4.542736 275.283175 2796.546387 2742.892822 -1.000000
4.426420 4.542905 275.319562 2796.995117 2864.771240 -1.000000
4.426580 4.543074 275.355947 2797.456299 2899.007812 -1.000000
4.426739 4.543243 275.392330 2797.916016 2843.937988 -1.000000
4.426899 4.543412 275.428709 2798.359619 2702.108154 -1.000000
4.427058 4.543580 275.465086 2798.774170 2479.803711 -1.000000
4.427218 4.543749 275.501461 2799.147217 2186.690918 -1.000000
4.427377 4.543918 275.537832 2799.468262 1835.052246 -1.000000
4.427537 4.544087 275.574202 2799.729980 1438.949829 -1.000000
4.427696 4.544255 275.610568 2799.925781 1013.561279 -1.000000
4.427856 4.544424 275.646932 2800.052246 574.803162 -1.000000
4.428015 4.544593 275.683294 2800.109131 138.763489 -1.000000
4.428175 4.544761 275.719652 2800.097656 -278.399353 -1.000000
4.428334 4.544930 275.756008 2800.022217 -661.105896 -1.000000
4.428493 4.545098 275.792362 2799.889648 -994.288391 -1.000000
4.428652 4.545267 275.828713 2799.708984 -1264.499023 -1.000000
4.428812 4.545435 275.865061 2799.490967 -1460.216675 -1.000000
4.428971 4.545604 275.901407 2799.248291 -1572.857788 -1.000000
4.429130 4.545772 275.937750 2798.994629 -1597.325073 -1.000000
4.429289 4.545941 275.974091 2798.744385 -1532.439087 -1.000000
4.429448 4.546109 276.010429 2798.511475 -1381.217651 -1.000000
4.429608 4.546278 276.046764 2798.309082 -1150.394287 -1.000000
4.429767 4.546446 276.083097 2798.149170 -849.879517 -1.000000
4.429926 4.546614 276.119427 2798.041992 -492.212006 -1.000000
4.430085 4.546782 276.155754 2797.995117 -91.648956 -1.000000
4.430244 4.546951 276.192079 2798.014160 336.561493 -1.000000
4.430403 4.547119 276.228402 2798.102539 776.451904 -1.000000
4.430562 4.547287 276.264721 2798.260742 1211.842163 -1.000000
4.430721 4.547455 276.301038 2798.486572 1626.592529 -1.000000
4.430880 4.547623 276.337353 2798.775879 2005.082520 -1.000000
4.431038 4.547792 276.373665 2799.121338 2332.442383 -1.000000
4.431197 4.547960 276.409974 2799.513672 2595.304688 -1.000000
4.431356 4.548128 276.446281 2799.941650 2782.531982 -1.000000
4.431515 4.548296 276.482585 2800.392822 2885.826416 -1.000000
4.431674 4.548464 276.518887 2800.853516 2900.473633 -1.000000
4.431832 4.548632 276.555186 2801.309082 2825.892334 -1.000000
4.431991 4.548800 276.591482 2801.745850 2665.384766 -1.000000
4.432150 4.548968 276.627776 2802.150879 2426.028809 -1.000000
4.432308 4.549135 276.664067 2802.512207 2118.139160 -1.000000
4.432467 4.549303 276.700356 2802.820068 1754.511108 -1.000000
4.432626 4.549471 276.736642 2803.066650 1349.520874 -1.000000
4.432784 4.549639 276.772925 2803.247070 918.523132 -1.000000
4.432943 4.549807 276.809206 2803.357910 477.594604 -1.000000
4.433101 4.549975 276.845485 2803.399170 43.039021 -1.000000
4.433260 4.550142 276.881760 2803.373047 -369.232697 -1.000000
4.433418 4.550310 276.918033 2803.284424 -743.489929 -1.000000
4.433577 4.550478 276.954304 2803.140625 -1064.981812 -1.000000
4.433735 4.550645 276.990572 2802.950928 -1320.555054 -1.000000
4.433894 4.550813 277.026837 2802.726807 -1499.320435 -1.000000
4.434052 4.550980 277.063100 2802.480957 -1593.348877 -1.000000
4.434210 4.551148 277.099360 2802.227051 -1598.286011 -1.000000
4.434369 4.551316 277.135618 2801.979736 -1513.988037 -1.000000
4.434527 4.551483 277.171873 2801.752441 -1344.227661 -1.000000
4.434685 4.551650 277.208126 2801.558105 -1096.359619 -1.000000
4.434843 4.551818 277.244376 2801.408691 -781.086426 -1.000000
4.435002 4.551985 277.280623 2801.313721 -411.428375 -1.000000
4.435160 4.552153 277.316868 2801.280518 -1.930423 -1.000000
4.435318 4.552320 277.353110 2801.314209 431.838196 -1.000000
4.435476 4.552487 277.389350 2801.417480 873.731262 -1.000000
4.435634 4.552655 277.425587 2801.590088 1307.515747 -1.000000
4.435792 4.552822 277.461821 2801.829346 1717.193237 -1.000000
4.435950 4.552989 277.498053 2802.130371 2087.112305 -1.000000
4.436108 4.553157 277.534283 2802.485840 2402.664307 -1.000000
4.436266 4.553324 277.570509 2802.886230 2650.798584 -1.000000
4.436424 4.553491 277.606734 2803.319336 2820.914307 -1.000000
4.436582 4.553658 277.642955 2803.772705 2905.373535 -1.000000
4.436740 4.553825 277.679174 2804.232178 2900.432373 -1.000000
4.436898 4.553992 277.715391 2804.683838 2806.280029 -1.000000
4.437056 4.554159 277.751605 2805.113770 2627.080811 -1.000000
4.437214 4.554326 277.787816 2805.509033 2370.831055 -1.000000
4.437372 4.554493 277.824025 2805.858887 2048.389404 -1.000000
4.437529 4.554660 277.860232 2806.152832 1672.923584 -1.000000
4.437687 4.554827 277.896435 2806.384521 1259.290161 -1.000000
4.437845 4.554994 277.932636 2806.549072 823.156799 -1.000000
4.438003 4.555161 277.968835 2806.644043 380.590088 -1.000000
4.438160 4.555328 278.005031 2806.669922 -52.108253 -1.000000
4.438318 4.555495 278.041225 2806.629395 -458.899017 -1.000000
4.438476 4.555662 278.077416 2806.527588 -824.188477 -1.000000
4.438633 4.555828 278.113604 2806.372559 -1133.407837 -1.000000
4.438791 4.555995 278.149790 2806.174316 -1373.863281 -1.000000
4.438948 4.556162 278.185973 2805.944092 -1535.154175 -1.000000
4.439106 4.556329 278.222154 2805.695068 -1610.001343 -1.000000
4.439263 4.556495 278.258332 2805.441406 -1595.058838 -1.000000
4.439421 4.556662 278.294508 2805.197266 -1490.943604 -1.000000
4.439578 4.556829 278.330681 2804.976318 -1302.371216 -1.000000
4.439736 4.556995 278.366851 2804.791260 -1037.682495 -1.000000
4.439893 4.557162 278.403019 2804.653076 -708.083252 -1.000000
4.440051 4.557328 278.439185 2804.571045 -326.944946 -1.000000
4.440208 4.557495 278.475348 2804.552002 90.778412 -1.000000
4.440365 4.557661 278.511508 2804.600586 529.283020 -1.000000
4.440522 4.557828 278.547666 2804.718750 972.369141 -1.000000
4.440680 4.557994 278.583821 2804.905762 1403.716919 -1.000000
4.440837 4.558161 278.619974 2805.158691 1807.205688 -1.000000
4.440994 4.558327 278.656124 2805.471924 2167.366943 -1.000000
4.441151 4.558493 278.692271 2805.837402 2469.886475 -1.000000
4.441309 4.558660 278.728416 2806.244629 2702.168213 -1.000000
4.441466 4.558826 278.764559 2806.682373 2854.158936 -1.000000
4.441623 4.558992 278.800699 2807.136963 2919.028564 -1.000000
4.441780 4.559158 278.836836 2807.594727 2893.885254 -1.000000
4.441937 4.559325 278.872971 2808.041260 2779.895020 -1.000000
4.442094 4.559491 278.909104 2808.463135 2582.127441 -1.000000
4.442251 4.559657 278.945233 2808.847900 2309.221191 -1.000000
4.442408 4.559823 278.981361 2809.184570 1972.725098 -1.000000
4.442565 4.559989 279.017485 2809.464355 1586.336548 -1.000000
4.442722 4.560155 279.053608 2809.680420 1165.030640 -1.000000
4.442879 4.560321 279.089727 2809.828613 724.788940 -1.000000
4.443036 4.560487 279.125845 2809.907471 281.767883 -1.000000
4.443192 4.560653 279.161959 2809.917725 -147.704453 -1.000000
4.443349 4.560819 279.198071 2809.862549 -547.436218 -1.000000
4.443506 4.560985 279.234181 2809.748291 -902.217468 -1.000000
4.443663 4.561151 279.270288 2809.582764 -1197.755127 -1.000000
4.443820 4.561317 279.306392 2809.376465 -1421.733154 -1.000000
4.443976 4.561483 279.342494 2809.141357 -1564.422241 -1.000000
4.444133 4.561649 279.378594 2808.890625 -1619.418213 -1.000000
4.444290 4.561814 279.414691 2808.638672 -1584.164307 -1.000000
4.444446 4.561980 279.450785 2808.399170 -1460.305786 -1.000000
4.444603 4.562146 279.486877 2808.185791 -1253.473145 -1.000000
4.444760 4.562312 279.522966 2808.010986 -972.624023 -1.000000
4.444916 4.562477 279.559053 2807.884521 -629.559204 -1.000000
4.445073 4.562643 279.595137 2807.815918 -238.047653 -1.000000
4.445229 4.562809 279.631219 2807.811523 186.701691 -1.000000
4.445386 4.562974 279.667298 2807.875244 628.660095 -1.000000
4.445542 4.563140 279.703375 2808.008301 1071.506104 -1.000000
4.445699 4.563306 279.739449 2808.209717 1499.027954 -1.000000
4.445855 4.563471 279.775521 2808.475342 1895.083984 -1.000000
4.446011 4.563637 279.811590 2808.799561 2244.444824 -1.000000
4.446168 4.563802 279.847656 2809.174072 2532.969727 -1.000000
4.446324 4.563967 279.883721 2809.588135 2748.529785 -1.000000
4.446480 4.564133 279.919782 2810.029297 2881.734863 -1.000000
4.446637 4.564298 279.955841 2810.484375 2926.610352 -1.000000
4.446793 4.564464 279.991898 2810.939453 2881.123779 -1.000000
4.446949 4.564629 280.027952 2811.380371 2747.260498 -1.000000
4.447105 4.564794 280.064003 2811.793701 2531.031006 -1.000000
4.447262 4.564960 280.100052 2812.167236 2241.885010 -1.000000
4.447418 4.565125 280.136099 2812.490723 1891.878662 -1.000000
4.447574 4.565290 280.172143 2812.755615 1495.063354 -1.000000
4.447730 4.565455 280.208184 2812.956055 1066.847778 -1.000000
4.447886 4.565621 280.244223 2813.087891 623.244751 -1.000000
4.448042 4.565786 280.280260 2813.150635 180.637238 -1.000000
4.448198 4.565951 280.316294 2813.145264 -244.730545 -1.000000
4.448354 4.566116 280.352325 2813.076172 -636.758850 -1.000000
4.448510 4.566281 280.388354 2812.949219 -980.243713 -1.000000
4.448666 4.566446 280.424380 2812.773438 -1261.281738 -1.000000
4.448822 4.566611 280.460404 2812.559570 -1467.974731 -1.000000
4.448978 4.566776 280.496426 2812.319824 -1591.301270 -1.000000
4.449134 4.566941 280.532445 2812.067871 -1625.759888 -1.000000
4.449290 4.567106 280.568461 2811.817871 -1569.767700 -1.000000
4.449445 4.567271 280.604475 2811.583496 -1425.805664 -1.000000
4.449601 4.567436 280.640486 2811.377686 -1200.279785 -1.000000
4.449757 4.567601 280.676495 2811.212891 -903.014221 -1.000000
4.449913 4.567766 280.712501 2811.099365 -546.323853 -1.000000
4.450068 4.567930 280.748505 2811.044922 -144.461411 -1.000000
4.450224 4.568095 280.784507 2811.055908 287.008728 -1.000000
4.450380 4.568260 280.820506 2811.135254 731.939880 -1.000000
4.450535 4.568425 280.856502 2811.283691 1174.028198 -1.000000
4.450691 4.568589 280.892496 2811.499756 1596.854004 -1.000000
4.450847 4.568754 280.928487 2811.778809 1984.484619 -1.000000
4.451002 4.568919 280.964476 2812.114746 2321.816895 -1.000000
4.451158 4.569083 281.000462 2812.498047 2595.110840 -1.000000
4.451313 4.569248 281.036446 2812.917969 2792.759766 -1.000000
4.451469 4.569412 281.072428 2813.362061 2906.149902 -1.000000
4.451624 4.569577 281.108407 2813.816895 2930.127197 -1.000000
4.451780 4.569742 281.144383 2814.268311 2863.677734 -1.000000
4.451935 4.569906 281.180357 2814.702393 2709.670654 -1.000000
4.452090 4.570070 281.216328 2815.106201 2475.059814 -1.000000
4.452246 4.570235 281.252297 2815.468018 2169.872314 -1.000000
4.452401 4.570399 281.288264 2815.777832 1806.708618 -1.000000
4.452556 4.570564 281.324228 2816.027344 1400.103027 -1.000000
4.452712 4.570728 281.360189 2816.211182 965.638184 -1.000000
4.452867 4.570892 281.396148 2816.326660 519.494629 -1.000000
4.453022 4.571057 281.432105 2816.372803 78.120995 -1.000000
4.453177 4.571221 281.468059 2816.351807 -342.058380 -1.000000
4.453333 4.571385 281.504010 2816.268555 -725.136719 -1.000000
4.453488 4.571549 281.539959 2816.129883 -1056.210693 -1.000000
4.453643 4.571714 281.575906 2815.944824 -1321.733887 -1.000000
4.453798 4.571878 281.611850 2815.723877 -1510.381470 -1.000000
4.453953 4.572042 281.647792 2815.480469 -1613.781372 -1.000000
4.454108 4.572206 281.683731 2815.228027 -1627.272583 -1.000000
4.454263 4.572370 281.719667 2814.980469 -1550.312744 -1.000000
4.454418 4.572534 281.755601 2814.751953 -1386.305542 -1.000000
4.454573 4.572698 281.791533 2814.554932 -1142.498169 -1.000000
4.454728 4.572862 281.827462 2814.401367 -829.360168 -1.000000
4.454883 4.573026 281.863389 2814.300781 -459.806610 -1.000000
4.455038 4.573190 281.899313 2814.260986 -48.519730 -1.000000
4.455193 4.573354 281.935235 2814.287354 388.791412 -1.000000
4.455348 4.573518 281.971154 2814.382080 835.815796 -1.000000
4.455503 4.573682 282.007071 2814.545898 1276.171631 -1.000000
4.455657 4.573846 282.042985 2814.776123 1693.369629 -1.000000
4.455812 4.574010 282.078897 2815.068115 2071.662842 -1.000000
4.455967 4.574173 282.114807 2815.414795 2396.197266 -1.000000
4.456122 4.574337 282.150713 2815.806396 2653.545410 -1.000000
4.456276 4.574501 282.186618 2816.231689 2832.784912 -1.000000
4.456431 4.574665 282.222520 2816.678223 2926.044678 -1.000000
4.456586 4.574828 282.258419 2817.132080 2928.992432 -1.000000
4.456740 4.574992 282.294316 2817.579346 2841.550293 -1.000000
4.456895 4.575156 282.330211 2818.006348 2667.682129 -1.000000
4.457050 4.575319 282.366103 2818.400146 2414.904053 -1.000000
4.457204 4.575483 282.401993 2818.749512 2094.132324 -1.000000
4.457359 4.575647 282.437880 2819.044678 1718.490845 -1.000000
4.457513 4.575810 282.473764 2819.278564 1302.800537 -1.000000
4.457668 4.575974 282.509647 2819.446045 862.907104 -1.000000
4.457822 4.576137 282.545526 2819.544922 415.172272 -1.000000
4.457977 4.576301 282.581404 2819.574951 -23.928169 -1.000000
4.458131 4.576464 282.617278 2819.538574 -438.033234 -1.000000
4.458285 4.576627 282.653151 2819.441650 -811.323792 -1.000000
4.458440 4.576791 282.689021 2819.291016 -1129.045776 -1.000000
4.458594 4.576954 282.724888 2819.096680 -1378.132324 -1.000000
4.458748 4.577117 282.760753 2818.869873 -1547.883057 -1.000000
4.458903 4.577281 282.796615 2818.623535 -1630.764526 -1.000000
4.459057 4.577444 282.832475 2818.371338 -1623.033936 -1.000000
4.459211 4.577607 282.868333 2818.127686 -1525.005249 -1.000000
4.459365 4.577771 282.904188 2817.905762 -1341.142090 -1.000000
4.459519 4.577934 282.940041 2817.718018 -1079.435669 -1.000000
4.459674 4.578097 282.975891 2817.576172 -751.023438 -1.000000
4.459828 4.578260 283.011739 2817.489258 -369.405945 -1.000000
4.459982 4.578423 283.047584 2817.464111 50.526646 -1.000000
4.460136 4.578586 283.083427 2817.505859 492.825806 -1.000000
4.460290 4.578749 283.119267 2817.616699 941.018127 -1.000000
4.460444 4.578912 283.155105 2817.795410 1378.577271 -1.000000
4.460598 4.579075 283.190941 2818.039795 1789.200684 -1.000000
4.460752 4.579238 283.226774 2818.344238 2157.172363 -1.000000
4.460906 4.579401 283.262604 2818.701416 2467.860107 -1.000000
4.461060 4.579564 283.298432 2819.100586 2708.377197 -1.000000
4.461214 4.579727 283.334258 2819.531006 2868.328857 -1.000000
4.461368 4.579890 283.370081 2819.979248 2940.641357 -1.000000
4.461522 4.580053 283.405902 2820.431396 2922.047607 -1.000000
4.461675 4.580216 283.441720 2820.873535 2813.410645 -1.000000
4.461829 4.580379 283.477536 2821.292725 2619.540283 -1.000000
4.461983 4.580541 283.513350 2821.675781 2348.927490 -1.000000
4.462137 4.580704 283.549161 2822.011719 2012.996948 -1.000000
4.462290 4.580867 283.584969 2822.291992 1625.524902 -1.000000
4.462444 4.581030 283.620775 2822.509766 1201.546265 -1.000000
4.462598 4.581192 283.656579 2822.660400 757.071045 -1.000000
4.462752 4.581355 283.692380 2822.742188 308.729462 -1.000000
4.462905 4.581518 283.728179 2822.756104 -127.047913 -1.000000
4.463059 4.581680 283.763975 2822.704834 -533.998108 -1.000000
4.463212 4.581843 283.799769 2822.594238 -896.370605 -1.000000
4.463366 4.582005 283.835561 2822.432617 -1199.681641 -1.000000
4.463519 4.582168 283.871350 2822.229492 -1431.369141 -1.000000
4.463673 4.582330 283.907136 2821.997314 -1581.372803 -1.000000
4.463826 4.582493 283.942920 2821.748779 -1643.039795 -1.000000
4.463980 4.582655 283.978702 2821.497559 -1613.579468 -1.000000
4.464133 4.582818 284.014481 2821.258057 -1494.256714 -1.000000
4.464287 4.582980 284.050258 2821.043457 -1290.366333 -1.000000
4.464440 4.583142 284.086032 2820.865967 -1010.925537 -1.000000
4.464593 4.583305 284.121804 2820.736328 -667.511536 -1.000000
4.464747 4.583467 284.157574 2820.663574 -274.183868 -1.000000
4.464900 4.583629 284.193341 2820.653809 153.811172 -1.000000
4.465053 4.583792 284.229106 2820.711670 600.301086 -1.000000
4.465207 4.583954 284.264868 2820.838379 1048.703369 -1.000000
4.465360 4.584116 284.300627 2821.032715 1482.445190 -1.000000
4.465513 4.584278 284.336385 2821.291260 1885.305176 -1.000000
4.465666 4.584440 284.372140 2821.607910 2241.786377 -1.000000
4.465819 4.584603 284.407892 2821.974854 2537.505859 -1.000000
4.465973 4.584765 284.443642 2822.381592 2760.119141 -1.000000
4.466126 4.584927 284.479390 2822.815918 2899.907959 -1.000000
4.466279 4.585089 284.515135 2823.264893 2950.685791 -1.000000
4.466432 4.585251 284.550878 2823.714844 2910.127686 -1.000000
4.466585 4.585413 284.586618 2824.151611 2780.050781 -1.000000
4.466738 4.585575 284.622356 2824.561523 2566.271484 -1.000000
4.466891 4.585737 284.658092 2824.933105 2278.000244 -1.000000
4.467044 4.585899 284.693825 2825.255859 1927.315430 -1.000000
4.467197 4.586061 284.729555 2825.520508 1528.379517 -1.000000
4.467350 4.586222 284.765283 2825.721680 1096.665894 -1.000000
4.467503 4.586384 284.801009 2825.855225 648.433044 -1.000000
4.467656 4.586546 284.836733 2825.920166 200.232895 -1.000000
4.467808 4.586708 284.872453 2825.917236 -231.360016 -1.000000
4.467961 4.586870 284.908172 2825.850830 -630.014526 -1.000000
4.468114 4.587031 284.943888 2825.727051 -980.266846 -1.000000
4.468267 4.587193 284.979602 2825.554443 -1268.098022 -1.000000
4.468420 4.587355 285.015313 2825.343506 -1481.330444 -1.000000
4.468572 4.587517 285.051022 2825.106201 -1610.739136 -1.000000
4.468725 4.587678 285.086728 2824.856201 -1650.464111 -1.000000
4.468878 4.587840 285.122432 2824.606934 -1598.735352 -1.000000
4.469030 4.588001 285.158134 2824.372803 -1457.867188 -1.000000
4.469183 4.588163 285.193833 2824.166504 -1234.191772 -1.000000
4.469336 4.588325 285.229530 2824.000244 -937.358887 -1.000000
4.469488 4.588486 285.265224 2823.883545 -579.664368 -1.000000
4.469641 4.588648 285.300916 2823.825439 -175.500946 -1.000000
4.469793 4.588809 285.336606 2823.831787 259.523865 -1.000000
4.469946 4.588971 285.372293 2823.905518 709.181763 -1.000000
4.470098 4.589132 285.407977 2824.047852 1156.767578 -1.000000
4.470251 4.589293 285.443660 2824.257324 1585.762329 -1.000000
4.470403 4.589455 285.479340 2824.529541 1979.854980 -1.000000
4.470555 4.589616 285.515017 2824.858154 2323.794678 -1.000000
4.470708 4.589777 285.550692 2825.234375 2603.606934 -1.000000
4.470860 4.589939 285.586365 2825.647705 2807.547607 -1.000000
4.471013 4.590100 285.622035 2826.085693 2926.580322 -1.000000
4.471165 4.590261 285.657703 2826.534912 2955.366699 -1.000000
4.471317 4.590422 285.693368 2826.981201 2892.699219 -1.000000
4.471469 4.590584 285.729031 2827.411133 2741.354980 -1.000000
4.471622 4.590745 285.764692 2827.812012 2508.000488 -1.000000
4.471774 4.590906 285.800350 2828.171387 2202.645752 -1.000000
4.471926 4.591067 285.836006 2828.479492 1838.072876 -1.000000
4.472078 4.591228 285.871659 2828.728516 1428.735962 -1.000000
4.472230 4.591389 285.907310 2828.912842 990.398987 -1.000000
4.472382 4.591550 285.942959 2829.029297 539.450623 -1.000000
4.472535 4.591711 285.978605 2829.077148 92.591003 -1.000000
4.472687 4.591872 286.014249 2829.058594 -333.657990 -1.000000
4.472839 4.592033 286.049890 2828.977783 -723.060791 -1.000000
4.472991 4.592194 286.085529 2828.841309 -1060.435303 -1.000000
4.473143 4.592355 286.121166 2828.658447 -1331.973022 -1.000000
4.473295 4.592516 286.156800 2828.440430 -1526.195923 -1.000000
4.473447 4.592677 286.192432 2828.199219 -1634.553833 -1.000000
4.473599 4.592838 286.228061 2827.948730 -1652.304077 -1.000000
4.473750 4.592998 286.263688 2827.702148 -1578.567993 -1.000000
4.473902 4.593159 286.299313 2827.473389 -1416.586060 -1.000000
4.474054 4.593320 286.334935 2827.275879 -1173.458740 -1.000000
4.474206 4.593481 286.370555 2827.120605 -859.672058 -1.000000
4.474358 4.593641 286.406172 2827.017578 -488.245575 -1.000000
4.474510 4.593802 286.441787 2826.974609 -73.863068 -1.000000
4.474661 4.593963 286.477400 2826.996582 367.531006 -1.000000
4.474813 4.594123 286.513010 2827.086914 819.510193 -1.000000
4.474965 4.594284 286.548618 2827.245117 1265.345459 -1.000000
4.475116 4.594445 286.584224 2827.469727 1688.370239 -1.000000
4.475268 4.594605 286.619827 2827.755615 2072.651123 -1.000000
4.475420 4.594766 286.655427 2828.095703 2403.021729 -1.000000
4.475571 4.594926 286.691026 2828.480957 2665.925537 -1.000000
4.475723 4.595087 286.726621 2828.900391 2850.154541 -1.000000
4.475874 4.595247 286.762215 2829.340820 2947.714111 -1.000000
4.476026 4.595408 286.797806 2829.789062 2954.137695 -1.000000
4.476177 4.595568 286.833395 2830.231201 2869.116211 -1.000000
4.476329 4.595728 286.868981 2830.654053 2696.500977 -1.000000
4.476480 4.595889 286.904565 2831.044189 2443.816650 -1.000000
4.476632 4.596049 286.940147 2831.390869 2121.906494 -1.000000
4.476783 4.596209 286.975726 2831.684082 1743.970581 -1.000000
4.476935 4.596370 287.011303 2831.916748 1324.982544 -1.000000
4.477086 4.596530 287.046877 2832.083740 880.921387 -1.000000
4.477237 4.596690 287.082449 2832.182861 428.308746 -1.000000
4.477389 4.596850 287.118019 2832.213867 -16.068125 -1.000000
4.477540 4.597010 287.153586 2832.179199 -435.723663 -1.000000
4.477691 4.597171 287.189151 2832.083984 -814.560486 -1.000000
4.477843 4.597331 287.224714 2831.935547 -1137.629883 -1.000000
4.477994 4.597491 287.260274 2831.743164 -1391.665527 -1.000000
4.478145 4.597651 287.295832 2831.518311 -1565.719727 -1.000000
4.478296 4.597811 287.331387 2831.273926 -1652.177856 -1.000000
4.478447 4.597971 287.366940 2831.023438 -1647.131958 -1.000000
4.478598 4.598131 287.402491 2830.780518 -1550.845947 -1.000000
4.478750 4.598291 287.438039 2830.559082 -1367.520996 -1.000000
4.478901 4.598451 287.473585 2830.371338 -1105.269775 -1.000000
4.479052 4.598611 287.509128 2830.228271 -775.188782 -1.000000
4.479203 4.598771 287.544670 2830.139648 -390.845276 -1.000000
4.479354 4.598931 287.580208 2830.112305 32.631920 -1.000000
4.479505 4.599091 287.615745 2830.150635 479.220917 -1.000000
4.479656 4.599250 287.651279 2830.257080 932.264648 -1.000000
4.479807 4.599410 287.686810 2830.431641 1375.021973 -1.000000
4.479958 4.599570 287.722340 2830.670898 1790.954346 -1.000000
4.480108 4.599730 287.757867 2830.969727 2164.094971 -1.000000
4.480259 4.599889 287.793391 2831.320801 2479.616211 -1.000000
4.480410 4.600049 287.828913 2831.714355 2724.565674 -1.000000
4.480561 4.600209 287.864433 2832.138672 2888.347900 -1.000000
4.480712 4.600368 287.899951 2832.581055 2963.740723 -1.000000
4.480863 4.600528 287.935466 2833.028076 2947.249512 -1.000000
4.481013 4.600688 287.970978 2833.465332 2839.626953 -1.000000
4.481164 4.600847 288.006489 2833.879639 2645.732666 -1.000000
4.481315 4.601007 288.041997 2834.258789 2374.074951 -1.000000
4.481465 4.601166 288.077502 2834.591797 2036.077515 -1.000000
4.481616 4.601326 288.113006 2834.869873 1645.517090 -1.000000
4.481767 4.601485 288.148507 2835.086182 1217.527100 -1.000000
4.481917 4.601645 288.184005 2835.235840 768.517395 -1.000000
4.482068 4.601804 288.219501 2835.317383 315.085846 -1.000000
4.482218 4.601964 288.254995 2835.331299 -125.975838 -1.000000
4.482369 4.602123 288.290486 2835.281006 -538.074585 -1.000000
4.482519 4.602282 288.325976 2835.171631 -905.434021 -1.000000
4.482670 4.602442 288.361462 2835.011719 -1213.352539 -1.000000
4.482820 4.602601 288.396947 2834.810547 -1449.119019 -1.000000
4.482971 4.602760 288.432429 2834.579834 -1602.446045 -1.000000
4.483121 4.602920 288.467908 2834.332764 -1666.594971 -1.000000
4.483272 4.603079 288.503386 2834.083252 -1638.674072 -1.000000
4.483422 4.603238 288.538860 2833.844482 -1519.840088 -1.000000
4.483572 4.603397 288.574333 2833.630615 -1315.460205 -1.000000
4.483723 4.603556 288.609803 2833.453125 -1034.462891 -1.000000
4.483873 4.603716 288.645271 2833.322998 -688.650330 -1.000000
4.484023 4.603875 288.680737 2833.248535 -291.933594 -1.000000
4.484173 4.604034 288.716200 2833.236816 140.185837 -1.000000
4.484324 4.604193 288.751661 2833.291748 591.302368 -1.000000
4.484474 4.604352 288.787119 2833.414795 1044.722168 -1.000000
4.484624 4.604511 288.822575 2833.604980 1483.650024 -1.000000
4.484774 4.604670 288.858029 2833.858887 1891.599731 -1.000000
4.484924 4.604829 288.893480 2834.170898 2252.836182 -1.000000
4.485075 4.604988 288.928929 2834.532227 2552.801025 -1.000000
4.485225 4.605147 288.964376 2834.933350 2779.050293 -1.000000
4.485375 4.605306 288.999820 2835.362061 2921.721924 -1.000000
4.485525 4.605464 289.035262 2835.805664 2974.596680 -1.000000
4.485675 4.605623 289.070702 2836.250000 2935.134521 -1.000000
4.485825 4.605782 289.106139 2836.681641 2805.165527 -1.000000
4.485975 4.605941 289.141574 2837.087402 2590.457275 -1.000000
4.486125 4.606100 289.177007 2837.455078 2300.268311 -1.000000
4.486275 4.606258 289.212437 2837.774170 1946.803589 -1.000000
4.486424 4.606417 289.247865 2838.036377 1544.232422 -1.000000
4.486574 4.606576 289.283291 2838.235596 1108.282959 -1.000000
4.486724 4.606734 289.318714 2838.367676 655.330566 -1.000000
4.486874 4.606893 289.354135 2838.431885 202.229858 -1.000000
4.487024 4.607052 289.389553 2838.428955 -234.301941 -1.000000
4.487174 4.607210 289.424970 2838.363281 -637.798218 -1.000000
4.487323 4.607369 289.460383 2838.240479 -992.487183 -1.000000
4.487473 4.607527 289.495795 2838.069092 -1284.227783 -1.000000
4.487623 4.607686 289.531204 2837.859619 -1500.733398 -1.000000
4.487772 4.607844 289.566611 2837.624023 -1632.569214 -1.000000
4.487922 4.608003 289.602015 2837.375488 -1673.843262 -1.000000
4.488072 4.608161 289.637418 2837.127686 -1622.716919 -1.000000
4.488221 4.608320 289.672817 2836.894531 -1481.476562 -1.000000
4.488371 4.608478 289.708215 2836.688721 -1256.406982 -1.000000
4.488521 4.608637 289.743610 2836.522217 -957.218018 -1.000000
4.488670 4.608795 289.779003 2836.405273 -596.253235 -1.000000
4.488820 4.608953 289.814393 2836.345947 -188.094894 -1.000000
4.488969 4.609111 289.849782 2836.350586 251.545044 -1.000000
4.489119 4.609270 289.885167 2836.422119 706.055481 -1.000000
4.489268 4.609428 289.920551 2836.561523 1158.638428 -1.000000
4.489417 4.609586 289.955932 2836.767334 1592.512085 -1.000000
4.489567 4.609744 289.991311 2837.035645 1991.294922 -1.000000
4.489716 4.609903 290.026687 2837.359863 2339.300293 -1.000000
4.489866 4.610061 290.062061 2837.731201 2622.555420 -1.000000
4.490015 4.610219 290.097433 2838.139160 2829.112061 -1.000000
4.490164 4.610377 290.132803 2838.571777 2949.993164 -1.000000
4.490314 4.610535 290.168170 2839.015625 2979.718018 -1.000000
4.490463 4.610693 290.203535 2839.456787 2917.005859 -1.000000
4.490612 4.610851 290.238897 2839.881836 2764.562256 -1.000000
4.490761 4.611009 290.274257 2840.277832 2529.211182 -1.000000
4.490911 4.611167 290.309615 2840.633301 2220.999756 -1.000000
4.491060 4.611325 290.344971 2840.937988 1852.649780 -1.000000
4.491209 4.611483 290.380324 2841.184082 1438.903809 -1.000000
4.491358 4.611641 290.415675 2841.365723 995.731628 -1.000000
4.491507 4.611799 290.451023 2841.480225 539.791016 -1.000000
4.491656 4.611957 290.486370 2841.526855 87.969124 -1.000000
4.491805 4.612115 290.521714 2841.507324 -342.955566 -1.000000
4.491954 4.612272 290.557055 2841.426025 -736.572327 -1.000000
4.492103 4.612430 290.592394 2841.290039 -1077.494263 -1.000000
4.492252 4.612588 290.627731 2841.108154 -1351.893311 -1.000000
4.492401 4.612746 290.663066 2840.891113 -1548.115967 -1.000000
4.492550 4.612903 290.698398 2840.651367 -1657.641968 -1.000000
4.492699 4.613061 290.733728 2840.401855 -1675.498169 -1.000000
4.492848 4.613219 290.769056 2840.156738 -1600.898682 -1.000000
4.492997 4.613376 290.804381 2839.929688 -1437.171997 -1.000000
4.493146 4.613534 290.839704 2839.733154 -1191.543091 -1.000000
4.493295 4.613692 290.875025 2839.578613 -874.517944 -1.000000
4.493443 4.613849 290.910343 2839.475830 -499.183411 -1.000000
4.493592 4.614007 290.945659 2839.432373 -80.454483 -1.000000
4.493741 4.614164 290.980973 2839.453369 365.671722 -1.000000
4.493890 4.614322 291.016284 2839.541748 822.453796 -1.000000
4.494038 4.614479 291.051594 2839.697754 1273.005371 -1.000000
4.494187 4.614637 291.086900 2839.918945 1700.587402 -1.000000
4.494336 4.614794 291.122205 2840.201416 2088.809814 -1.000000
4.494484 4.614952 291.157507 2840.537598 2422.402588 -1.000000
4.494633 4.615109 291.192807 2840.918213 2687.711426 -1.000000
4.494782 4.615266 291.228104 2841.332520 2873.490967 -1.000000
4.494930 4.615424 291.263400 2841.767822 2971.626221 -1.000000
4.495079 4.615581 291.298693 2842.210938 2977.622803 -1.000000
4.495227 4.615738 291.333983 2842.648193 2891.245850 -1.000000
4.495376 4.615895 291.369272 2843.065674 2716.381836 -1.000000
4.495524 4.616053 291.404557 2843.450928 2460.599854 -1.000000
4.495673 4.616210 291.439841 2843.792969 2134.888184 -1.000000
4.495821 4.616367 291.475123 2844.082275 1752.516479 -1.000000
4.495970 4.616524 291.510402 2844.311279 1328.733154 -1.000000
4.496118 4.616681 291.545678 2844.475586 879.632996 -1.000000
4.496266 4.616838 291.580953 2844.572021 422.051178 -1.000000
4.496415 4.616996 291.616225 2844.601318 -27.130413 -1.000000
4.496563 4.617153 291.651495 2844.565674 -451.156433 -1.000000
4.496711 4.617310 291.686762 2844.469971 -833.768433 -1.000000
4.496860 4.617467 291.722028 2844.321289 -1159.843140 -1.000000
4.497008 4.617624 291.757291 2844.129395 -1415.933350 -1.000000
4.497156 4.617781 291.792551 2843.905518 -1591.092285 -1.000000
4.497304 4.617938 291.827809 2843.662354 -1677.642090 -1.000000
4.497452 4.618095 291.863066 2843.412842 -1671.676147 -1.000000
4.497601 4.618251 291.898319 2843.171387 -1573.438232 -1.000000
4.497749 4.618408 291.933571 2842.951172 -1387.304321 -1.000000
4.497897 4.618565 291.968820 2842.764404 -1121.510132 -1.000000
4.498045 4.618722 292.004067 2842.622070 -787.186707 -1.000000
4.498193 4.618879 292.039311 2842.533691 -397.962372 -1.000000
4.498341 4.619036 292.074553 2842.506104 30.666021 -1.000000
4.498489 4.619192 292.109793 2842.543945 482.518768 -1.000000
4.498637 4.619349 292.145031 2842.649170 940.746155 -1.000000
4.498785 4.619506 292.180266 2842.821533 1388.447632 -1.000000
4.498933 4.619662 292.215499 2843.058594 1808.715820 -1.000000
4.499081 4.619819 292.250730 2843.354980 2185.437012 -1.000000
4.499229 4.619976 292.285958 2843.702637 2503.559082 -1.000000
4.499377 4.620132 292.321185 2844.092041 2750.088623 -1.000000
4.499525 4.620289 292.356408 2844.511963 2914.366699 -1.000000
4.499672 4.620446 292.391630 2844.949463 2989.147217 -1.000000
4.499820 4.620602 292.426849 2845.391113 2971.166992 -1.000000
4.499968 4.620759 292.462066 2845.823242 2861.126465 -1.000000
4.500116 4.620915 292.497281 2846.232666 2663.933105 -1.000000
4.500264 4.621072 292.532493 2846.606689 2388.125488 -1.000000
4.500411 4.621228 292.567703 2846.934814 2045.468750 -1.000000
4.500559 4.621384 292.602911 2847.208496 1649.856323 -1.000000
4.500707 4.621541 292.638117 2847.420654 1216.687866 -1.000000
4.500854 4.621697 292.673320 2847.566895 762.389038 -1.000000
4.501002 4.621854 292.708521 2847.645508 303.978851 -1.000000
4.501150 4.622010 292.743720 2847.657227 -141.635559 -1.000000
4.501297 4.622166 292.778916 2847.605225 -557.633362 -1.000000
4.501445 4.622322 292.814110 2847.495117 -928.060669 -1.000000
4.501592 4.622479 292.849302 2847.334717 -1238.133301 -1.000000
4.501740 4.622635 292.884491 2847.133545 -1474.963867 -1.000000
4.501887 4.622791 292.919679 2846.903320 -1628.300415 -1.000000
4.502035 4.622947 292.954863 2846.657227 -1691.315186 -1.000000
4.502182 4.623103 292.990046 2846.408936 -1661.155884 -1.000000
4.502330 4.623260 293.025226 2846.171875 -1539.282104 -1.000000
4.502477 4.623416 293.060405 2845.959229 -1331.034302 -1.000000
4.502625 4.623572 293.095580 2845.783447 -1045.492676 -1.000000
4.502772 4.623728 293.130754 2845.654541 -694.617676 -1.000000
4.502919 4.623884 293.165925 2845.581299 -292.601166 -1.000000
4.503067 4.624040 293.201094 2845.570068 144.809875 -1.000000
4.503214 4.624196 293.236261 2845.625000 601.173340 -1.000000
4.503361 4.624352 293.271425 2845.747314 1059.468750 -1.000000
4.503508 4.624508 293.306587 2845.936279 1502.722168 -1.000000
4.503656 4.624664 293.341747 2846.188477 1914.182251 -1.000000
4.503803 4.624820 293.376905 2846.497803 2277.932373 -1.000000
4.503950 4.624976 293.412060 2846.855957 2579.406738 -1.000000
4.504097 4.625131 293.447213 2847.253174 2806.083008 -1.000000
4.504244 4.625287 293.482364 2847.677490 2948.140381 -1.000000
4.504391 4.625443 293.517512 2848.116455 2999.218018 -1.000000
4.504539 4.625599 293.552658 2848.555664 2957.021240 -1.000000
4.504686 4.625755 293.587802 2848.981689 2823.420898 -1.000000
4.504833 4.625910 293.622944 2849.381836 2604.351318 -1.000000
4.504980 4.626066 293.658083 2849.743896 2309.306396 -1.000000
4.505127 4.626222 293.693220 2850.057617 1950.550659 -1.000000
4.505274 4.626377 293.728355 2850.314941 1542.600952 -1.000000
4.505421 4.626533 293.763488 2850.509521 1101.213623 -1.000000
4.505568 4.626689 293.798618 2850.637939 643.060730 -1.000000
4.505714 4.626844 293.833746 2850.698730 185.142929 -1.000000
4.505861 4.627000 293.868872 2850.692871 -255.412903 -1.000000
4.506008 4.627155 293.903995 2850.625000 -661.998657 -1.000000
4.506155 4.627311 293.939116 2850.500977 -1018.971008 -1.000000
4.506302 4.627466 293.974235 2850.328613 -1311.717896 -1.000000
4.506449 4.627622 294.009352 2850.119385 -1528.035400 -1.000000
4.506595 4.627777 294.044466 2849.884521 -1658.574829 -1.000000
4.506742 4.627933 294.079578 2849.637451 -1697.610596 -1.000000
4.506889 4.628088 294.114688 2849.391113 -1643.249268 -1.000000
4.507036 4.628244 294.149796 2849.159668 -1497.975464 -1.000000
4.507182 4.628399 294.184901 2848.956055 -1268.180786 -1.000000
4.507329 4.628554 294.220004 2848.791260 -963.726807 -1.000000
4.507476 4.628710 294.255105 2848.676270 -597.304871 -1.000000
4.507622 4.628865 294.290203 2848.618652 -183.603546 -1.000000
4.507769 4.629020 294.325300 2848.624023 261.377472 -1.000000
4.507916 4.629175 294.360394 2848.696045 721.005371 -1.000000
4.508062 4.629331 294.395485 2848.835205 1178.076660 -1.000000
4.508209 4.629486 294.430575 2849.040283 1615.730591 -1.000000
4.508355 4.629641 294.465662 2849.307129 2017.225830 -1.000000
4.508502 4.629796 294.500747 2849.628906 2366.945312 -1.000000
4.508648 4.629951 294.535830 2849.997314 2650.788086 -1.000000
4.508795 4.630106 294.570910 2850.401611 2856.692871 -1.000000
4.508941 4.630261 294.605988 2850.829834 2975.691406 -1.000000
4.509087 4.630416 294.641064 2851.268799 3002.458252 -1.000000
4.509234 4.630571 294.676138 2851.704590 2935.798340 -1.000000
4.509380 4.630726 294.711209 2852.123779 2778.741943 -1.000000
4.509526 4.630881 294.746278 2852.513916 2538.185303 -1.000000
4.509673 4.631036 294.781345 2852.863281 2224.387939 -1.000000
4.509819 4.631191 294.816410 2853.162109 1850.409302 -1.000000
4.509965 4.631346 294.851472 2853.402588 1431.044312 -1.000000
4.510112 4.631501 294.886532 2853.579346 982.547485 -1.000000
4.510258 4.631656 294.921590 2853.689209 521.674561 -1.000000
4.510404 4.631811 294.956646 2853.731934 65.683235 -1.000000
4.510550 4.631966 294.991699 2853.709717 -368.660614 -1.000000
4.510696 4.632121 295.026750 2853.626221 -764.738464 -1.000000
4.510842 4.632275 295.061799 2853.489014 -1106.933960 -1.000000
4.510989 4.632430 295.096846 2853.306396 -1381.446167 -1.000000
4.511135 4.632585 295.131890 2853.089111 -1576.534546 -1.000000
4.511281 4.632739 295.166932 2852.850098 -1683.761841 -1.000000
4.511427 4.632894 295.201972 2852.602051 -1698.245972 -1.000000
4.511573 4.633049 295.237009 2852.358643 -1619.419922 -1.000000
4.511719 4.633203 295.272045 2852.133301 -1450.640869 -1.000000
4.511865 4.633358 295.307078 2851.939209 -1199.404297 -1.000000
4.512011 4.633513 295.342109 2851.786621 -876.399902 -1.000000
4.512157 4.633667 295.377137 2851.686035 -495.005096 -1.000000
4.512303 4.633822 295.412164 2851.644287 -70.182304 -1.000000
4.512448 4.633976 295.447188 2851.666748 381.610565 -1.000000
4.512594 4.634131 295.482210 2851.756104 843.503601 -1.000000
4.512740 4.634285 295.517229 2851.912598 1298.340332 -1.000000
4.512886 4.634440 295.552246 2852.133545 1729.212646 -1.000000
4.513032 4.634594 295.587262 2852.414551 2119.614014 -1.000000
4.513178 4.634749 295.622274 2852.748779 2454.124512 -1.000000
4.513323 4.634903 295.657285 2853.126709 2719.127686 -1.000000
4.513469 4.635057 295.692293 2853.537354 2903.316895 -1.000000
4.513615 4.635212 295.727300 2853.968506 2998.639160 -1.000000
4.513761 4.635366 295.762303 2854.406738 3000.750977 -1.000000
4.513906 4.635520 295.797305 2854.838623 2909.505859 -1.000000
4.514052 4.635675 295.832305 2855.250488 2728.974609 -1.000000
4.514197 4.635829 295.867302 2855.629883 2467.048096 -1.000000
4.514343 4.635983 295.902297 2855.965820 2134.899658 -1.000000
4.514489 4.636137 295.937289 2856.249023 1746.173218 -1.000000
4.514634 4.636291 295.972280 2856.472412 1316.161377 -1.000000
4.514780 4.636445 296.007268 2856.630859 861.291870 -1.000000
4.514925 4.636600 296.042254 2856.722656 398.638763 -1.000000
4.515071 4.636754 296.077238 2856.747559 -54.720921 -1.000000
4.515216 4.636908 296.112219 2856.708252 -481.790222 -1.000000
4.515362 4.637062 296.147198 2856.609619 -866.191833 -1.000000
4.515507 4.637216 296.182176 2856.458984 -1192.677979 -1.000000
4.515653 4.637370 296.217150 2856.266113 -1447.782837 -1.000000
4.515798 4.637524 296.252123 2856.041992 -1620.541504 -1.000000
4.515943 4.637678 296.287093 2855.799316 -1703.513672 -1.000000
4.516089 4.637832 296.322061 2855.551270 -1692.912720 -1.000000
4.516234 4.637986 296.357027 2855.311523 -1589.175781 -1.000000
4.516379 4.638140 296.391991 2855.093506 -1396.938110 -1.000000
4.516524 4.638294 296.426952 2854.909424 -1124.523071 -1.000000
4.516670 4.638447 296.461911 2854.770020 -783.500122 -1.000000
4.516815 4.638601 296.496868 2854.684326 -387.793488 -1.000000
4.516960 4.638755 296.531823 2854.659180 47.191925 -1.000000
4.517105 4.638909 296.566775 2854.699219 504.726929 -1.000000
4.517251 4.639063 296.601726 2854.806152 967.830750 -1.000000
4.517396 4.639216 296.636674 2854.979736 1419.176758 -1.000000
4.517541 4.639370 296.671619 2855.216797 1841.983154 -1.000000
4.517686 4.639524 296.706563 2855.512207 2219.830078 -1.000000
4.517831 4.639677 296.741504 2855.857910 2537.851807 -1.000000
4.517976 4.639831 296.776443 2856.244873 2782.750000 -1.000000
4.518121 4.639985 296.811380 2856.661133 2944.122803 -1.000000
4.518266 4.640138 296.846315 2857.094482 3014.802490 -1.000000
4.518411 4.640292 296.881247 2857.531250 2991.499023 -1.000000
4.518556 4.640445 296.916178 2857.957520 2875.392334 -1.000000
4.518701 4.640599 296.951106 2858.360352 2671.628418 -1.000000
4.518846 4.640752 296.986031 2858.727783 2389.078369 -1.000000
4.518991 4.640906 297.020955 2859.049561 2039.512451 -1.000000
4.519136 4.641059 297.055876 2859.316406 1637.169800 -1.000000
4.519281 4.641213 297.090795 2859.522217 1197.760742 -1.000000
4.519425 4.641366 297.125712 2859.662598 737.980469 -1.000000
4.519570 4.641520 297.160627 2859.735596 274.998230 -1.000000
4.519715 4.641673 297.195539 2859.742676 -174.041138 -1.000000
4.519860 4.641826 297.230449 2859.686768 -592.219727 -1.000000
4.520005 4.641980 297.265357 2859.573730 -963.477417 -1.000000
4.520149 4.642133 297.300263 2859.411377 -1272.859619 -1.000000
4.520294 4.642286 297.335166 2859.209229 -1507.568726 -1.000000
4.520439 4.642440 297.370068 2858.979248 -1657.441162 -1.000000
4.520583 4.642593 297.404967 2858.733887 -1715.823608 -1.000000
4.520728 4.642746 297.439864 2858.487305 -1680.110962 -1.000000
4.520873 4.642899 297.474758 2858.252441 -1551.777100 -1.000000
4.521017 4.643052 297.509651 2858.042480 -1336.646362 -1.000000
4.521162 4.643206 297.544541 2857.869629 -1043.996826 -1.000000
4.521306 4.643359 297.579429 2857.744141 -686.082703 -1.000000
4.521451 4.643512 297.614315 2857.674072 -277.359283 -1.000000
4.521595 4.643665 297.649198 2857.665771 166.333176 -1.000000
4.521740 4.643818 297.684080 2857.723145 628.110474 -1.000000
4.521884 4.643971 297.718959 2857.847412 1090.801880 -1.000000
4.522029 4.644124 297.753836 2858.037598 1537.231201 -1.000000
4.522173 4.644277 297.788711 2858.290039 1950.561157 -1.000000
4.522318 4.644430 297.823583 2858.598877 2314.660889 -1.000000
4.522462 4.644583 297.858453 2858.955566 2614.977051 -1.000000
4.522606 4.644736 297.893322 2859.350342 2838.924805 -1.000000
4.522751 4.644889 297.928187 2859.770996 2976.902100 -1.000000
4.522895 4.645041 297.963051 2860.205078 3022.731201 -1.000000
4.523039 4.645194 297.997913 2860.639160 2974.324951 -1.000000
4.523184 4.645347 298.032772 2861.059326 2833.839111 -1.000000
4.523328 4.645500 298.067629 2861.452881 2607.453613 -1.000000
4.523472 4.645653 298.102484 2861.807861 2304.977783 -1.000000
4.523616 4.645806 298.137336 2862.114746 1939.006470 -1.000000
4.523761 4.645958 298.172187 2862.364990 1524.062866 -1.000000
4.523905 4.646111 298.207035 2862.552979 1076.422607 -1.000000
4.524049 4.646264 298.241881 2862.675049 612.915588 -1.000000
4.524193 4.646416 298.276725 2862.729736 150.698593 -1.000000
4.524337 4.646569 298.311566 2862.719238 -292.872711 -1.000000
4.524481 4.646722 298.346406 2862.647217 -701.005859 -1.000000
4.524625 4.646874 298.381243 2862.520020 -1057.855713 -1.000000
4.524769 4.647027 298.416078 2862.345703 -1349.010620 -1.000000
4.524913 4.647179 298.450911 2862.135010 -1562.142700 -1.000000
4.525057 4.647332 298.485741 2861.900146 -1688.045410 -1.000000
4.525201 4.647484 298.520570 2861.653809 -1721.209717 -1.000000
4.525345 4.647637 298.555396 2861.409424 -1660.022461 -1.000000
4.525489 4.647789 298.590220 2861.180664 -1507.276001 -1.000000
4.525633 4.647942 298.625042 2860.979980 -1269.708984 -1.000000
4.525777 4.648094 298.659861 2860.819092 -957.523926 -1.000000
4.525921 4.648247 298.694678 2860.707520 -583.559814 -1.000000
4.526065 4.648399 298.729494 2860.653564 -162.870697 -1.000000
4.526208 4.648551 298.764307 2860.662109 288.465027 -1.000000
4.526352 4.648704 298.799117 2860.737061 753.361328 -1.000000
4.526496 4.648856 298.833926 2860.878662 1214.624390 -1.000000
4.526640 4.649008 298.868732 2861.085449 1654.905640 -1.000000
4.526784 4.649161 298.903536 2861.352783 2057.619629 -1.000000
4.526927 4.649313 298.938338 2861.674316 2406.886475 -1.000000
4.527071 4.649465 298.973138 2862.041504 2688.490723 -1.000000
4.527215 4.649617 299.007936 2862.443359 2890.586182 -1.000000
4.527358 4.649769 299.042731 2862.867920 3004.443604 -1.000000
4.527502 4.649922 299.077524 2863.302002 3024.934326 -1.000000
4.527646 4.650074 299.112315 2863.732422 2951.136475 -1.000000
4.527789 4.650226 299.147104 2864.145508 2786.279297 -1.000000
4.527933 4.650378 299.181891 2864.528564 2537.647461 -1.000000
4.528076 4.650530 299.216675 2864.870605 2215.928955 -1.000000
4.528220 4.650682 299.251458 2865.161865 1834.289551 -1.000000
4.528363 4.650834 299.286238 2865.395020 1407.907471 -1.000000
4.528507 4.650986 299.321015 2865.564697 953.152222 -1.000000
4.528650 4.651138 299.355791 2865.668213 487.115021 -1.000000
4.528794 4.651290 299.390565 2865.704834 27.209045 -1.000000
4.528937 4.651442 299.425336 2865.677246 -409.569885 -1.000000
4.529080 4.651594 299.460105 2865.589600 -806.395630 -1.000000
4.529224 4.651746 299.494872 2865.448730 -1147.747803 -1.000000
4.529367 4.651898 299.529637 2865.263916 -1419.594360 -1.000000
4.529511 4.652049 299.564399 2865.045654 -1610.451538 -1.000000
4.529654 4.652201 299.599159 2864.806641 -1711.946533 -1.000000
4.529797 4.652353 299.633918 2864.559570 -1719.578491 -1.000000
4.529940 4.652505 299.668674 2864.318359 -1632.919678 -1.000000
4.530084 4.652657 299.703427 2864.096191 -1455.943481 -1.000000
4.530227 4.652808 299.738179 2863.905518 -1196.370972 -1.000000
4.530370 4.652960 299.772928 2863.757080 -865.179932 -1.000000
4.530513 4.653112 299.807676 2863.660400 -475.950623 -1.000000
4.530656 4.653263 299.842421 2863.622803 -44.106915 -1.000000
4.530800 4.653415 299.877164 2863.648926 413.835876 -1.000000
4.530943 4.653567 299.911904 2863.741699 880.690552 -1.000000
4.531086 4.653718 299.946643 2863.900879 1339.093628 -1.000000
4.531229 4.653870 299.981379 2864.124023 1771.786865 -1.000000
4.531372 4.654021 300.016113 2864.406250 2162.271729 -1.000000
4.531515 4.654173 300.050845 2864.740234 2495.082275 -1.000000
4.531658 4.654324 300.085575 2865.116699 2756.696045 -1.000000
4.531801 4.654476 300.120302 2865.524902 2935.791016 -1.000000
4.531944 4.654627 300.155028 2865.952148 3024.609619 -1.000000
4.532087 4.654779 300.189751 2866.385254 3019.300293 -1.000000
4.532230 4.654930 300.224472 2866.811035 2919.867188 -1.000000
4.532373 4.655082 300.259191 2867.215820 2730.838135 -1.000000
4.532516 4.655233 300.293908 2867.587646 2460.504150 -1.000000
4.532659 4.655384 300.328622 2867.915527 2120.170654 -1.000000
4.532801 4.655536 300.363335 2868.190674 1723.793823 -1.000000
4.532944 4.655687 300.398045 2868.406006 1286.981079 -1.000000
4.533087 4.655838 300.432753 2868.557129 826.465332 -1.000000
4.533230 4.655990 300.467459 2868.641602 359.428497 -1.000000
4.533373 4.656141 300.502162 2868.660156 -96.781174 -1.000000
4.533515 4.656292 300.536864 2868.615234 -525.054199 -1.000000
4.533658 4.656443 300.571563 2868.512451 -908.888550 -1.000000
4.533801 4.656594 300.606260 2868.358887 -1233.053833 -1.000000
4.533943 4.656746 300.640955 2868.164062 -1484.170532 -1.000000
4.534086 4.656897 300.675648 2867.939453 -1651.485229 -1.000000
4.534229 4.657048 300.710338 2867.697510 -1727.695190 -1.000000
4.534371 4.657199 300.745027 2867.451416 -1709.414795 -1.000000
4.534514 4.657350 300.779713 2867.214600 -1597.307861 -1.000000
4.534656 4.657501 300.814397 2867.000244 -1396.452271 -1.000000
4.534799 4.657652 300.849079 2866.820312 -1115.489990 -1.000000
4.534942 4.657803 300.883759 2866.685547 -766.335266 -1.000000
4.535084 4.657954 300.918436 2866.604492 -363.041779 -1.000000
4.535227 4.658105 300.953112 2866.583740 78.560791 -1.000000
4.535369 4.658256 300.987785 2866.627686 541.641113 -1.000000
4.535511 4.658407 301.022456 2866.738281 1008.898376 -1.000000
4.535654 4.658558 301.057125 2866.914795 1462.864014 -1.000000
4.535796 4.658709 301.091792 2867.154053 1886.492188 -1.000000
4.535939 4.658859 301.126456 2867.449951 2263.452148 -1.000000
4.536081 4.659010 301.161119 2867.795410 2578.674316 -1.000000
4.536223 4.659161 301.195779 2868.180664 2819.154297 -1.000000
4.536366 4.659312 301.230437 2868.593750 2974.501465 -1.000000
4.536508 4.659463 301.265093 2869.022705 3037.902588 -1.000000
4.536650 4.659613 301.299747 2869.454102 3006.449951 -1.000000
4.536793 4.659764 301.334398 2869.874023 2881.507568 -1.000000
4.536935 4.659915 301.369048 2870.269775 2668.689209 -1.000000
4.537077 4.660065 301.403695 2870.629395 2377.161621 -1.000000
4.537219 4.660216 301.438340 2870.942627 2019.233643 -1.000000
4.537361 4.660367 301.472983 2871.201172 1609.211792 -1.000000
4.537504 4.660517 301.507624 2871.398193 1163.208374 -1.000000
4.537646 4.660668 301.542262 2871.530518 698.119751 -1.000000
4.537788 4.660818 301.576899 2871.596191 231.355667 -1.000000
4.537930 4.660969 301.611533 2871.596924 -219.758240 -1.000000
4.538072 4.661120 301.646165 2871.535400 -638.261169 -1.000000
4.538214 4.661270 301.680795 2871.417725 -1007.820557 -1.000000
4.538356 4.661420 301.715423 2871.252197 -1313.641479 -1.000000
4.538498 4.661571 301.750049 2871.048340 -1543.078003 -1.000000
4.538640 4.661721 301.784672 2870.818115 -1686.151978 -1.000000
4.538782 4.661872 301.819294 2870.574219 -1736.566162 -1.000000
4.538924 4.662022 301.853913 2870.329590 -1692.031006 -1.000000
4.539066 4.662173 301.888530 2870.098145 -1554.441040 -1.000000
4.539208 4.662323 301.923145 2869.892578 -1330.030396 -1.000000
4.539350 4.662473 301.957757 2869.724365 -1028.310669 -1.000000
4.539492 4.662624 301.992368 2869.603760 -661.957886 -1.000000
4.539633 4.662774 302.026976 2869.539062 -245.595001 -1.000000
4.539775 4.662924 302.061583 2869.535645 204.536697 -1.000000
4.539917 4.663074 302.096187 2869.597656 671.449646 -1.000000
4.540059 4.663225 302.130789 2869.726074 1137.701904 -1.000000
4.540201 4.663375 302.165388 2869.919434 1585.924927 -1.000000
4.540342 4.663525 302.199986 2870.174316 1999.114014 -1.000000
4.540484 4.663675 302.234582 2870.484131 2361.111328 -1.000000
4.540626 4.663825 302.269175 2870.840576 2657.339111 -1.000000
4.540767 4.663975 302.303766 2871.233398 2875.416504 -1.000000
4.540909 4.664125 302.338355 2871.651123 3005.973633 -1.000000
4.541051 4.664275 302.372942 2872.080566 3043.166260 -1.000000
4.541192 4.664425 302.407527 2872.508545 2985.397705 -1.000000
4.541334 4.664575 302.442109 2872.921631 2835.107666 -1.000000
4.541475 4.664725 302.476690 2873.307129 2599.021484 -1.000000
4.541617 4.664875 302.511268 2873.653809 2287.199463 -1.000000
4.541759 4.665025 302.545844 2873.951660 1912.569336 -1.000000
4.541900 4.665175 302.580418 2874.192871 1490.032227 -1.000000
4.542042 4.665325 302.614990 2874.371826 1036.065918 -1.000000
4.542183 4.665475 302.649560 2874.485352 567.693359 -1.000000
4.542324 4.665625 302.684127 2874.532959 102.361580 -1.000000
4.542466 4.665775 302.718693 2874.515625 -342.497925 -1.000000
4.542607 4.665925 302.753256 2874.437744 -749.931580 -1.000000
4.542749 4.666074 302.787817 2874.306152 -1104.080566 -1.000000
4.542890 4.666224 302.822376 2874.129150 -1390.620239 -1.000000
4.543031 4.666374 302.856933 2873.916992 -1597.362305 -1.000000
4.543173 4.666524 302.891488 2873.681885 -1715.418213 -1.000000
4.543314 4.666673 302.926040 2873.436523 -1739.521729 -1.000000
4.543455 4.666823 302.960591 2873.194824 -1668.550293 -1.000000
4.543597 4.666973 302.995139 2872.969727 -1505.683105 -1.000000
4.543738 4.667122 303.029685 2872.773438 -1258.041260 -1.000000
4.543879 4.667272 303.064229 2872.617432 -936.096680 -1.000000
4.544020 4.667422 303.098771 2872.511719 -553.187805 -1.000000
4.544161 4.667571 303.133311 2872.463623 -124.683449 -1.000000
4.544303 4.667721 303.167848 2872.478271 333.015228 -1.000000
4.544444 4.667870 303.202384 2872.558594 802.613953 -1.000000
4.544585 4.668020 303.236917 2872.704590 1266.618164 -1.000000
4.544726 4.668169 303.271448 2872.914551 1707.775269 -1.000000
4.544867 4.668319 303.305977 2873.184326 2109.337402 -1.000000
4.545008 4.668468 303.340504 2873.507080 2455.289307 -1.000000
4.545149 4.668618 303.375029 2873.873535 2731.700439 -1.000000
4.545290 4.668767 303.409551 2874.273682 2926.821777 -1.000000
4.545431 4.668917 303.444072 2874.694824 3032.071289 -1.000000
4.545572 4.669066 303.478590 2875.124268 3042.780273 -1.000000
4.545713 4.669215 303.513106 2875.548584 2958.576416 -1.000000
4.545854 4.669365 303.547620 2875.954102 2783.053955 -1.000000
4.545995 4.669514 303.582132 2876.329102 2523.909424 -1.000000
4.546136 4.669663 303.616642 2876.662109 2192.151855 -1.000000
4.546277 4.669813 303.651150 2876.944092 1801.411255 -1.000000
4.546418 4.669962 303.685655 2877.167725 1367.175659 -1.000000
4.546558 4.670111 303.720159 2877.327881 906.174255 -1.000000
4.546699 4.670260 303.754660 2877.422363 435.626465 -1.000000
4.546840 4.670409 303.789159 2877.450928 -26.903879 -1.000000
4.546981 4.670559 303.823656 2877.416016 -464.040894 -1.000000
4.547121 4.670708 303.858151 2877.322021 -859.087585 -1.000000
4.547262 4.670857 303.892644 2877.176514 -1196.386963 -1.000000
4.547403 4.671006 303.927134 2876.988281 -1462.032349 -1.000000
4.547544 4.671155 303.961623 2876.768799 -1644.845825 -1.000000
4.547684 4.671304 303.996109 2876.529785 -1736.834595 -1.000000
4.547825 4.671453 304.030593 2876.284424 -1733.848022 -1.000000
4.547966 4.671602 304.065076 2876.046387 -1636.097168 -1.000000
4.548106 4.671751 304.099556 2875.828613 -1447.894775 -1.000000
4.548247 4.671900 304.134033 2875.643066 -1177.374512 -1.000000
4.548387 4.672049 304.168509 2875.500977 -836.041992 -1.000000
4.548528 4.672198 304.202983 2875.411133 -437.794739 -1.000000
4.548668 4.672347 304.237454 2875.380127 1.506972 -1.000000
4.548809 4.672496 304.271924 2875.412842 465.199371 -1.000000
4.548949 4.672645 304.306391 2875.511230 935.966431 -1.000000
4.549090 4.672793 304.340856 2875.675293 1396.312866 -1.000000
4.549230 4.672942 304.375319 2875.902344 1828.829346 -1.000000
4.549371 4.673091 304.409780 2876.186768 2216.846191 -1.000000
4.549511 4.673240 304.444238 2876.521973 2545.054199 -1.000000
4.549652 4.673388 304.478695 2876.897949 2799.864258 -1.000000
4.549792 4.673537 304.513149 2877.303955 2970.496338 -1.000000
4.549932 4.673686 304.547602 2877.727539 3049.360596 -1.000000
4.550073 4.673835 304.582052 2878.155273 3033.015869 -1.000000
4.550213 4.673983 304.616500 2878.574219 2922.017822 -1.000000
4.550353 4.674132 304.650946 2878.970947 2721.402100 -1.000000
4.550493 4.674281 304.685390 2879.333740 2439.979980 -1.000000
4.550634 4.674429 304.719832 2879.652344 2089.413330 -1.000000
4.550774 4.674578 304.754271 2879.917480 1683.946777 -1.000000
4.550914 4.674726 304.788709 2880.122803 1239.583618 -1.000000
4.551054 4.674875 304.823144 2880.264160 773.103149 -1.000000
4.551194 4.675023 304.857578 2880.339355 302.036774 -1.000000
4.551335 4.675172 304.892009 2880.349365 -155.991638 -1.000000
4.551475 4.675320 304.926438 2880.297119 -583.743347 -1.000000
4.551615 4.675469 304.960865 2880.187988 -964.676880 -1.000000
4.551755 4.675617 304.995290 2880.029785 -1283.618286 -1.000000
4.551895 4.675766 305.029712 2879.831787 -1527.379517 -1.000000
4.552035 4.675914 305.064133 2879.605713 -1685.444092 -1.000000
4.552175 4.676062 305.098551 2879.364014 -1750.883301 -1.000000
4.552315 4.676211 305.132968 2879.120117 -1720.886719 -1.000000
4.552455 4.676359 305.167382 2878.886963 -1596.760864 -1.000000
4.552595 4.676507 305.201794 2878.677490 -1383.874146 -1.000000
4.552735 4.676656 305.236204 2878.503418 -1091.466064 -1.000000
4.552875 4.676804 305.270612 2878.375244 -731.767761 -1.000000
4.553015 4.676952 305.305018 2878.301025 -319.312897 -1.000000
4.553155 4.677100 305.339421 2878.287598 129.800293 -1.000000
4.553294 4.677249 305.373823 2878.338623 598.430237 -1.000000
4.553434 4.677397 305.408223 2878.455322 1069.130859 -1.000000
4.553574 4.677545 305.442620 2878.636719 1524.383179 -1.000000
4.553714 4.677693 305.477015 2878.879883 1946.939941 -1.000000
4.553854 4.677841 305.511408 2879.178711 2320.415039 -1.000000
4.553993 4.677989 305.545799 2879.525391 2629.847168 -1.000000
4.554133 4.678137 305.580188 2879.910156 2862.308838 -1.000000
4.554273 4.678285 305.614575 2880.321533 3007.818115 -1.000000
4.554413 4.678433 305.648960 2880.746582 3059.944092 -1.000000
4.554552 4.678581 305.683342 2881.171875 3016.345947 -1.000000
4.554692 4.678729 305.717723 2881.584717 2878.968262 -1.000000
4.554832 4.678877 305.752101 2881.971924 2653.912109 -1.000000
4.554971 4.679025 305.786477 2882.322266 2350.711426 -1.000000
4.555111 4.679173 305.820852 2882.625244 1982.141479 -1.000000
4.555250 4.679321 305.855224 2882.873047 1563.012939 -1.000000
4.555390 4.679469 305.889594 2883.059814 1109.589111 -1.000000
4.555529 4.679617 305.923961 2883.181641 639.036682 -1.000000
4.555669 4.679765 305.958327 2883.237793 168.941254 -1.000000
4.555808 4.679913 305.992691 2883.229492 -283.091919 -1.000000
4.555948 4.680060 306.027052 2883.160156 -699.937927 -1.000000
4.556087 4.680208 306.061412 2883.036377 -1065.331543 -1.000000
4.556227 4.680356 306.095769 2882.866211 -1364.621338 -1.000000
4.556366 4.680504 306.130124 2882.659424 -1585.296387 -1.000000
4.556506 4.680651 306.164477 2882.427979 -1717.737061 -1.000000
4.556645 4.680799 306.198828 2882.184814 -1756.149658 -1.000000
4.556784 4.680947 306.233177 2881.943115 -1698.878906 -1.000000
4.556924 4.681094 306.267524 2881.715576 -1548.319092 -1.000000
4.557063 4.681242 306.301869 2881.515381 -1311.146973 -1.000000
4.557202 4.681390 306.336212 2881.353760 -997.478577 -1.000000
4.557342 4.681537 306.370552 2881.240234 -620.361145 -1.000000
4.557481 4.681685 306.404891 2881.183105 -194.833313 -1.000000
4.557620 4.681832 306.439227 2881.187500 262.560822 -1.000000
4.557759 4.681980 306.473561 2881.256836 734.653748 -1.000000
4.557898 4.682127 306.507893 2881.391846 1203.691040 -1.000000
4.558038 4.682275 306.542223 2881.590820 1652.193359 -1.000000
4.558177 4.682422 306.576551 2881.849854 2063.150635 -1.000000
4.558316 4.682570 306.610877 2882.162598 2420.314697 -1.000000
4.558455 4.682717 306.645201 2882.520508 2709.243896 -1.000000
4.558594 4.682865 306.679523 2882.912598 2917.894775 -1.000000
4.558733 4.683012 306.713842 2883.327881 3037.146973 -1.000000
4.558872 4.683159 306.748160 2883.752930 3061.759766 -1.000000
4.559011 4.683307 306.782475 2884.174805 2990.590820 -1.000000
4.559150 4.683454 306.816788 2884.580078 2826.861816 -1.000000
4.559289 4.683601 306.851099 2884.956787 2577.642090 -1.000000
4.559428 4.683749 306.885409 2885.293213 2253.630127 -1.000000
4.559567 4.683896 306.919716 2885.580322 1868.172729 -1.000000
4.559706 4.684043 306.954020 2885.810547 1436.514526 -1.000000
4.559845 4.684190 306.988323 2885.978516 975.348450 -1.000000
4.559984 4.684338 307.022624 2886.081055 502.053894 -1.000000
4.560123 4.684485 307.056923 2886.118164 34.374897 -1.000000
4.560262 4.684632 307.091219 2886.091553 -410.257721 -1.000000
4.560401 4.684779 307.125514 2886.005859 -814.842346 -1.000000
4.560539 4.684926 307.159806 2885.867676 -1163.390137 -1.000000
4.560678 4.685073 307.194096 2885.686035 -1441.808350 -1.000000
4.560817 4.685220 307.228385 2885.471436 -1638.212891 -1.000000
4.560956 4.685367 307.262671 2885.235596 -1744.225708 -1.000000
4.561095 4.685514 307.296955 2884.991699 -1755.024658 -1.000000
4.561233 4.685661 307.331237 2884.752930 -1670.041382 -1.000000
4.561372 4.685808 307.365516 2884.532471 -1493.178101 -1.000000
4.561511 4.685955 307.399794 2884.342773 -1232.189209 -1.000000
4.561649 4.686102 307.434070 2884.194336 -898.052979 -1.000000
4.561788 4.686249 307.468343 2884.096680 -504.514893 -1.000000
4.561927 4.686396 307.502615 2884.056885 -67.152794 -1.000000
4.562065 4.686543 307.536884 2884.079346 397.310974 -1.000000
4.562204 4.686690 307.571152 2884.167480 871.345398 -1.000000
4.562342 4.686837 307.605417 2884.320801 1337.242554 -1.000000
4.562481 4.686984 307.639680 2884.537109 1777.436523 -1.000000
4.562619 4.687130 307.673941 2884.811279 2175.219238 -1.000000
4.562758 4.687277 307.708200 2885.136719 2514.871826 -1.000000
4.562896 4.687424 307.742457 2885.504395 2782.324463 -1.000000
4.563035 4.687571 307.776712 2885.903320 2966.389648 -1.000000
4.563173 4.687717 307.810965 2886.321533 3058.935059 -1.000000
4.563312 4.687864 307.845216 2886.746094 3055.882812 -1.000000
4.563450 4.688011 307.879464 2887.163574 2957.217041 -1.000000
4.563588 4.688157 307.913711 2887.560547 2767.442871 -1.000000
4.563727 4.688304 307.947955 2887.925537 2494.786133 -1.000000
4.563865 4.688451 307.982197 2888.247559 2150.775879 -1.000000
4.564004 4.688597 308.016438 2888.517822 1749.480469 -1.000000
4.564142 4.688744 308.050676 2888.729492 1306.637695 -1.000000
4.564280 4.688890 308.084912 2888.877930 839.237854 -1.000000
4.564418 4.689037 308.119146 2888.961182 364.815430 -1.000000
4.564557 4.689184 308.153378 2888.979492 -98.860268 -1.000000
4.564695 4.689330 308.187608 2888.935303 -534.525085 -1.000000
4.564833 4.689476 308.221836 2888.833984 -925.234985 -1.000000
4.564971 4.689623 308.256062 2888.682617 -1255.619019 -1.000000
4.565109 4.689769 308.290285 2888.490479 -1511.977051 -1.000000
4.565248 4.689916 308.324507 2888.268799 -1683.401855 -1.000000
4.565386 4.690062 308.358726 2888.029785 -1762.370117 -1.000000
4.565524 4.690209 308.392944 2887.786621 -1745.347534 -1.000000
4.565662 4.690355 308.427159 2887.552246 -1633.142212 -1.000000
4.565800 4.690501 308.461372 2887.339600 -1430.616211 -1.000000
4.565938 4.690648 308.495584 2887.160889 -1146.590576 -1.000000
4.566076 4.690794 308.529793 2887.026123 -792.896790 -1.000000
4.566214 4.690940 308.564000 2886.944336 -383.903015 -1.000000
4.566352 4.691086 308.598205 2886.922119 64.202705 -1.000000
4.566490 4.691233 308.632408 2886.963379 534.303040 -1.000000
4.566628 4.691379 308.666609 2887.069580 1008.941223 -1.000000
4.566766 4.691525 308.700808 2887.240723 1470.381104 -1.000000
4.566904 4.691671 308.735004 2887.473877 1901.127808 -1.000000
4.567042 4.691817 308.769199 2887.762939 2284.556152 -1.000000
4.567180 4.691963 308.803391 2888.101074 2605.335205 -1.000000
4.567318 4.692109 308.837582 2888.478027 2850.153076 -1.000000
4.567455 4.692256 308.871770 2888.882812 3008.667969 -1.000000
4.567593 4.692402 308.905957 2889.303223 3073.774658 -1.000000
4.567731 4.692548 308.940141 2889.725830 3042.571533 -1.000000
4.567869 4.692694 308.974323 2890.137451 2916.537109 -1.000000
4.568007 4.692840 309.008504 2890.525391 2701.157227 -1.000000
4.568144 4.692986 309.042682 2890.877930 2405.725098 -1.000000
4.568282 4.693132 309.076858 2891.184814 2042.630005 -1.000000
4.568420 4.693278 309.111032 2891.437744 1626.542236 -1.000000
4.568557 4.693424 309.145204 2891.630859 1173.659546 -1.000000
4.568695 4.693569 309.179373 2891.760010 701.222778 -1.000000
4.568833 4.693715 309.213541 2891.823730 226.934525 -1.000000
4.568970 4.693861 309.247707 2891.823242 -231.506195 -1.000000
4.569108 4.694007 309.281871 2891.761475 -656.702026 -1.000000
4.569245 4.694153 309.316032 2891.644531 -1032.116699 -1.000000
4.569383 4.694299 309.350192 2891.480713 -1342.786377 -1.000000
4.569521 4.694444 309.384349 2891.279053 -1575.754395 -1.000000
4.569658 4.694590 309.418505 2891.051270 -1721.091919 -1.000000
4.569796 4.694736 309.452658 2890.810059 -1772.266968 -1.000000
4.569933 4.694882 309.486809 2890.568359 -1727.047729 -1.000000
4.570071 4.695027 309.520959 2890.339355 -1587.341064 -1.000000
4.570208 4.695173 309.555106 2890.135986 -1359.448730 -1.000000
4.570345 4.695319 309.589251 2889.969482 -1053.055420 -1.000000
4.570483 4.695464 309.623394 2889.849854 -680.987793 -1.000000
4.570620 4.695610 309.657535 2889.784912 -258.111237 -1.000000
4.570758 4.695755 309.691674 2889.780518 199.070557 -1.000000
4.570895 4.695901 309.725811 2889.840576 673.292419 -1.000000
4.571032 4.696047 309.759945 2889.965820 1146.739868 -1.000000
4.571170 4.696192 309.794078 2890.155029 1601.666626 -1.000000
4.571307 4.696338 309.828209 2890.404053 2020.945801 -1.000000
4.571444 4.696483 309.862338 2890.707275 2388.122314 -1.000000
4.571581 4.696629 309.896464 2891.056641 2688.446289 -1.000000
4.571719 4.696774 309.930589 2891.441895 2909.286377 -1.000000
4.571856 4.696920 309.964711 2891.851318 3041.137207 -1.000000
4.571993 4.697065 309.998832 2892.272217 3078.258789 -1.000000
4.572130 4.697210 310.032950 2892.691650 3018.934082 -1.000000
4.572267 4.697356 310.067066 2893.096436 2865.729980 -1.000000
4.572405 4.697501 310.101180 2893.474121 2625.356201 -1.000000
4.572542 4.697646 310.135293 2893.813232 2308.115479 -1.000000
4.572679 4.697792 310.169403 2894.104004 1927.173218 -1.000000
4.572816 4.697937 310.203511 2894.339111 1497.754883 -1.000000
4.572953 4.698082 310.237617 2894.513184 1036.454224 -1.000000
4.573090 4.698228 310.271721 2894.622803 560.825684 -1.000000
4.573227 4.698373 310.305823 2894.667236 88.447975 -1.000000
4.573364 4.698518 310.339923 2894.648193 -362.831665 -1.000000
4.573501 4.698663 310.374021 2894.569824 -775.876648 -1.000000
4.573638 4.698808 310.408116 2894.438477 -1134.529663 -1.000000
4.573775 4.698953 310.442210 2894.262451 -1424.269043 -1.000000
4.573912 4.699099 310.476302 2894.052246 -1632.807983 -1.000000
4.574049 4.699244 310.510391 2893.819336 -1751.151733 -1.000000
4.574186 4.699389 310.544479 2893.576904 -1774.024658 -1.000000
4.574322 4.699534 310.578565 2893.337891 -1700.361572 -1.000000
4.574459 4.699679 310.612648 2893.115479 -1533.438110 -1.000000
4.574596 4.699824 310.646730 2892.922119 -1280.599121 -1.000000
4.574733 4.699969 310.680809 2892.768311 -952.597717 -1.000000
4.574870 4.700114 310.714886 2892.664062 -562.918701 -1.000000
4.575007 4.700259 310.748962 2892.616699 -127.092995 -1.000000
4.575143 4.700404 310.783035 2892.630859 338.110626 -1.000000
4.575280 4.700549 310.817106 2892.709717 815.116150 -1.000000
4.575417 4.700694 310.851175 2892.853760 1286.092285 -1.000000
4.575553 4.700839 310.885242 2893.060547 1733.381836 -1.000000
4.575690 4.700983 310.919307 2893.325684 2139.868408 -1.000000
4.575827 4.701128 310.953370 2893.643066 2489.409424 -1.000000
4.575963 4.701273 310.987431 2894.003174 2767.955322 -1.000000
4.576100 4.701418 311.021490 2894.395752 2963.604004 -1.000000
4.576237 4.701563 311.055547 2894.808594 3067.957275 -1.000000
4.576373 4.701708 311.089602 2895.229248 3076.431152 -1.000000
4.576510 4.701852 311.123655 2895.644287 2988.603516 -1.000000
4.576646 4.701997 311.157706 2896.041016 2808.337158 -1.000000
4.576783 4.702142 311.191754 2896.407227 2543.452393 -1.000000
4.576919 4.702286 311.225801 2896.732178 2205.234619 -1.000000
4.577056 4.702431 311.259846 2897.006592 1807.430298 -1.000000
4.577192 4.702576 311.293888 2897.223389 1365.786743 -1.000000
4.577329 4.702720 311.327929 2897.378174 897.319885 -1.000000
4.577465 4.702865 311.361968 2897.468018 419.630737 -1.000000
4.577602 4.703010 311.396004 2897.492920 -49.422771 -1.000000
4.577738 4.703154 311.430039 2897.455811 -492.235352 -1.000000
4.577874 4.703299 311.464071 2897.360840 -891.691345 -1.000000
4.578011 4.703443 311.498101 2897.215088 -1232.063110 -1.000000
4.578147 4.703588 311.532130 2897.028076 -1499.367676 -1.000000
4.578283 4.703732 311.566156 2896.810303 -1682.306885 -1.000000
4.578420 4.703877 311.600180 2896.573730 -1772.869385 -1.000000
4.578556 4.704021 311.634202 2896.331299 -1767.041138 -1.000000
4.578692 4.704166 311.668223 2896.096191 -1665.074829 -1.000000
4.578828 4.704310 311.702241 2895.881592 -1471.422119 -1.000000
4.578965 4.704454 311.736257 2895.699219 -1194.456421 -1.000000
4.579101 4.704599 311.770271 2895.559570 -845.935791 -1.000000
4.579237 4.704743 311.804283 2895.471191 -439.963318 -1.000000
4.579373 4.704887 311.838293 2895.441406 7.377991 -1.000000
4.579509 4.705032 311.872301 2895.474365 478.994415 -1.000000
4.579646 4.705176 311.906307 2895.572266 957.216614 -1.000000
4.579782 4.705320 311.940311 2895.734375 1424.108765 -1.000000
4.579918 4.705464 311.974313 2895.958740 1862.012451 -1.000000
4.580054 4.705609 312.008313 2896.239502 2253.976074 -1.000000
4.580190 4.705753 312.042311 2896.569336 2584.618408 -1.000000
4.580326 4.705897 312.076306 2896.938965 2840.206055 -1.000000
4.580462 4.706041 312.110300 2897.337891 3009.852539 -1.000000
4.580598 4.706185 312.144292 2897.753662 3086.245605 -1.000000
4.580734 4.706330 312.178282 2898.173096 3065.857910 -1.000000
4.580870 4.706474 312.212269 2898.583252 2949.563477 -1.000000
4.581006 4.706618 312.246255 2898.971191 2742.491699 -1.000000
4.581142 4.706762 312.280239 2899.324951 2453.692871 -1.000000
4.581278 4.706906 312.314220 2899.634521 2095.266846 -1.000000
4.581413 4.707050 312.348200 2899.891846 1681.704956 -1.000000
4.581549 4.707194 312.382177 2900.089844 1229.142090 -1.000000
4.581685 4.707338 312.416153 2900.224609 754.968750 -1.000000
4.581821 4.707482 312.450126 2900.294678 276.915192 -1.000000
4.581957 4.707626 312.484098 2900.300781 -187.208588 -1.000000
4.582093 4.707770 312.518067 2900.245605 -619.805969 -1.000000
4.582228 4.707914 312.552035 2900.134521 -1004.080139 -1.000000
4.582364 4.708058 312.586000 2899.975830 -1324.689331 -1.000000
4.582500 4.708201 312.619963 2899.778564 -1568.280273 -1.000000
4.582635 4.708345 312.653925 2899.553955 -1724.527466 -1.000000
4.582771 4.708489 312.687884 2899.314697 -1786.581665 -1.000000
4.582907 4.708633 312.721841 2899.073730 -1751.742676 -1.000000
4.583043 4.708777 312.755796 2898.843994 -1621.509888 -1.000000
4.583178 4.708921 312.789750 2898.638184 -1401.547119 -1.000000
4.583314 4.709064 312.823701 2898.467529 -1101.302490 -1.000000
4.583449 4.709208 312.857650 2898.342529 -733.278748 -1.000000
4.583585 4.709352 312.891597 2898.271240 -312.405731 -1.000000
4.583720 4.709495 312.925542 2898.259521 144.904938 -1.000000
4.583856 4.709639 312.959486 2898.311035 621.419556 -1.000000
4.583992 4.709783 312.993427 2898.427734 1099.237427 -1.000000
4.584127 4.709926 313.027366 2898.608643 1560.329468 -1.000000
4.584263 4.710070 313.061303 2898.849121 1987.255737 -1.000000
4.584398 4.710214 313.095238 2899.144531 2363.375977 -1.000000
4.584533 4.710357 313.129171 2899.486572 2673.559326 -1.000000
4.584669 4.710501 313.163102 2899.865479 2904.953857 -1.000000
4.584804 4.710644 313.197031 2900.269775 3047.586182 -1.000000
4.584940 4.710788 313.230958 2900.686768 3095.166748 -1.000000
4.585075 4.710931 313.264883 2901.103516 3045.689697 -1.000000
4.585210 4.711075 313.298806 2901.506836 2901.283447 -1.000000
4.585346 4.711218 313.332727 2901.884766 2668.287354 -1.000000
4.585481 4.711362 313.366646 2902.225830 2356.594727 -1.000000
4.585616 4.711505 313.400562 2902.519775 1979.162842 -1.000000
4.585752 4.711649 313.434477 2902.759277 1551.110962 -1.000000
4.585887 4.711792 313.468390 2902.938232 1089.141846 -1.000000
4.586022 4.711935 313.502301 2903.053467 610.718140 -1.000000
4.586157 4.712079 313.536210 2903.103760 133.658813 -1.000000
4.586293 4.712222 313.570117 2903.090576 -323.958984 -1.000000
4.586428 4.712365 313.604021 2903.018066 -744.784058 -1.000000
4.586563 4.712509 313.637924 2902.891846 -1112.345703 -1.000000
4.586698 4.712652 313.671825 2902.720459 -1411.843750 -1.000000
4.586833 4.712795 313.705724 2902.513916 -1630.666748 -1.000000
4.586968 4.712938 313.739620 2902.283936 -1759.473389 -1.000000
4.587103 4.713081 313.773515 2902.042969 -1792.531128 -1.000000
4.587238 4.713225 313.807408 2901.804199 -1728.438110 -1.000000
4.587374 4.713368 313.841299 2901.580322 -1569.952637 -1.000000
4.587509 4.713511 313.875187 2901.384033 -1323.923584 -1.000000
4.587644 4.713654 313.909074 2901.226318 -1000.905212 -1.000000
4.587779 4.713797 313.942959 2901.116455 -614.201721 -1.000000
4.587914 4.713940 313.976841 2901.062500 -179.300262 -1.000000
4.588049 4.714083 314.010722 2901.069336 286.945343 -1.000000
4.588183 4.714226 314.044601 2901.140381 767.046631 -1.000000
4.588318 4.714369 314.078477 2901.276367 1242.902344 -1.000000
4.588453 4.714512 314.112352 2901.475098 1696.636108 -1.000000
4.588588 4.714655 314.146224 2901.732422 2110.968262 -1.000000
4.588723 4.714798 314.180095 2902.041992 2469.604736 -1.000000
4.588858 4.714941 314.213964 2902.395264 2757.916504 -1.000000
4.588993 4.715084 314.247830 2902.781982 2963.939453 -1.000000
4.589128 4.715227 314.281695 2903.190430 3078.679199 -1.000000
4.589262 4.715370 314.315557 2903.607666 3097.074707 -1.000000
4.589397 4.715513 314.349418 2904.020996 3018.321045 -1.000000
4.589532 4.715656 314.383277 2904.417236 2845.824463 -1.000000
4.589667 4.715799 314.417133 2904.784180 2587.109863 -1.000000
4.589801 4.715942 314.450988 2905.110840 2253.201416 -1.000000
4.589936 4.716084 314.484840 2905.388428 1857.833862 -1.000000
4.590071 4.716227 314.518691 2905.609375 1416.585327 -1.000000
4.590205 4.716370 314.552539 2905.768555 946.570312 -1.000000
4.590340 4.716513 314.586386 2905.863770 465.508057 -1.000000
4.590475 4.716655 314.620230 2905.894287 -8.637630 -1.000000
4.590609 4.716798 314.654073 2905.862549 -458.047760 -1.000000
4.590744 4.716941 314.687914 2905.772949 -865.384399 -1.000000
4.590878 4.717083 314.721752 2905.632568 -1214.677612 -1.000000
4.591013 4.717226 314.755589 2905.449463 -1491.641846 -1.000000
4.591147 4.717369 314.789423 2905.234619 -1684.608032 -1.000000
4.591282 4.717511 314.823256 2905.000000 -1785.046265 -1.000000
4.591416 4.717654 314.857086 2904.758545 -1788.602417 -1.000000
4.591551 4.717796 314.890915 2904.523193 -1695.085205 -1.000000
4.591685 4.717939 314.924741 2904.306641 -1508.671875 -1.000000
4.591820 4.718081 314.958566 2904.121338 -1237.479492 -1.000000
4.591954 4.718224 314.992388 2903.977539 -892.867676 -1.000000
4.592089 4.718366 315.026209 2903.884033 -488.958954 -1.000000
4.592223 4.718509 315.060027 2903.848145 -41.715443 -1.000000
4.592357 4.718651 315.093844 2903.874268 431.609436 -1.000000
4.592492 4.718794 315.127659 2903.964844 913.236816 -1.000000
4.592626 4.718936 315.161471 2904.119385 1385.168701 -1.000000
4.592760 4.719079 315.195282 2904.335693 1829.638916 -1.000000
4.592895 4.719221 315.229090 2904.608887 2229.468750 -1.000000
4.593029 4.719363 315.262897 2904.931885 2568.860352 -1.000000
4.593163 4.719506 315.296701 2905.295654 2833.777832 -1.000000
4.593298 4.719648 315.330504 2905.688965 3013.074707 -1.000000
4.593432 4.719790 315.364304 2906.100342 3099.044922 -1.000000
4.593566 4.719932 315.398103 2906.516602 3087.784912 -1.000000
4.593700 4.720075 315.431900 2906.924805 2979.706543 -1.000000
4.593834 4.720217 315.465694 2907.312256 2779.673340 -1.000000
4.593968 4.720359 315.499487 2907.666992 2496.247070 -1.000000
4.594103 4.720501 315.533277 2907.978760 2141.365234 -1.000000
4.594237 4.720644 315.567066 2908.238525 1729.502686 -1.000000
4.594371 4.720786 315.600853 2908.440186 1276.948853 -1.000000
4.594505 4.720928 315.634637 2908.579834 800.819641 -1.000000
4.594639 4.721070 315.668420 2908.654785 319.061310 -1.000000
4.594773 4.721212 315.702201 2908.665771 -150.268524 -1.000000
4.594907 4.721354 315.735979 2908.615723 -589.363159 -1.000000
4.595041 4.721496 315.769756 2908.509766 -981.242920 -1.000000
4.595175 4.721638 315.803531 2908.355469 -1310.348267 -1.000000
4.595309 4.721780 315.837303 2908.161865 -1563.085571 -1.000000
4.595443 4.721922 315.871074 2907.940430 -1728.653442 -1.000000
4.595577 4.722064 315.904843 2907.703125 -1799.930298 -1.000000
4.595711 4.722206 315.938609 2907.462646 -1773.667236 -1.000000
4.595845 4.722348 315.972374 2907.232178 -1650.938354 -1.000000
4.595978 4.722490 316.006137 2907.024414 -1437.342041 -1.000000
4.596112 4.722632 316.039898 2906.851074 -1141.909912 -1.000000
4.596246 4.722774 316.073656 2906.721924 -777.021912 -1.000000
4.596380 4.722916 316.107413 2906.645264 -357.391815 -1.000000
4.596514 4.723058 316.141168 2906.627930 100.470901 -1.000000
4.596648 4.723199 316.174921 2906.673096 579.127930 -1.000000
4.596781 4.723341 316.208672 2906.782959 1060.596924 -1.000000
4.596915 4.723483 316.242420 2906.956299 1526.848022 -1.000000
4.597049 4.723625 316.276167 2907.189941 1960.162720 -1.000000
4.597182 4.723767 316.309912 2907.478271 2343.763184 -1.000000
4.597316 4.723908 316.343655 2907.813721 2662.275879 -1.000000
4.597450 4.724050 316.377396 2908.186768 2902.447266 -1.000000
4.597583 4.724192 316.411135 2908.585693 3054.059326 -1.000000
4.597717 4.724333 316.444872 2908.998535 3110.426514 -1.000000
4.597851 4.724475 316.478607 2909.412354 3069.180664 -1.000000
4.597984 4.724617 316.512340 2909.814453 2932.105957 -1.000000
4.598118 4.724758 316.546071 2910.192139 2704.997314 -1.000000
4.598251 4.724900 316.579800 2910.533447 2397.764893 -1.000000
4.598385 4.725042 316.613527 2910.829590 2023.136841 -1.000000
4.598519 4.725183 316.647252 2911.071533 1596.092529 -1.000000
4.598652 4.725325 316.680975 2911.254150 1133.358154 -1.000000
4.598786 4.725466 316.714696 2911.373535 652.565002 -1.000000
4.598919 4.725608 316.748415 2911.428223 171.725296 -1.000000
4.599052 4.725749 316.782132 2911.419922 -291.055634 -1.000000
4.599186 4.725891 316.815847 2911.352051 -718.338379 -1.000000
4.599319 4.726032 316.849561 2911.230469 -1093.273804 -1.000000
4.599453 4.726174 316.883272 2911.063232 -1400.818726 -1.000000
4.599586 4.726315 316.916981 2910.860107 -1628.252686 -1.000000
4.599719 4.726456 316.950688 2910.632812 -1765.663452 -1.000000
4.599853 4.726598 316.984393 2910.393799 -1807.225708 -1.000000
4.599986 4.726739 317.018097 2910.155518 -1750.996582 -1.000000
4.600119 4.726880 317.051798 2909.931152 -1599.428589 -1.000000
4.600253 4.727022 317.085497 2909.732910 -1359.125122 -1.000000
4.600386 4.727163 317.119195 2909.572266 -1040.274414 -1.000000
4.600519 4.727304 317.152890 2909.458740 -656.218933 -1.000000
4.600652 4.727446 317.186583 2909.399658 -222.269516 -1.000000
4.600786 4.727587 317.220275 2909.400879 244.797668 -1.000000
4.600919 4.727728 317.253964 2909.465576 727.176086 -1.000000
4.601052 4.727869 317.287652 2909.594727 1206.856812 -1.000000
4.601185 4.728010 317.321337 2909.786133 1665.833618 -1.000000
4.601318 4.728152 317.355021 2910.036621 2086.487305 -1.000000
4.601452 4.728293 317.388702 2910.339355 2452.402832 -1.000000
4.601585 4.728434 317.422382 2910.686279 2748.753418 -1.000000
4.601718 4.728575 317.456060 2911.067383 2963.180908 -1.000000
4.601851 4.728716 317.489735 2911.471191 3086.378418 -1.000000
4.601984 4.728857 317.523409 2911.884766 3112.972900 -1.000000
4.602117 4.728998 317.557081 2912.295410 3041.677734 -1.000000
4.602250 4.729139 317.590750 2912.689941 2875.750000 -1.000000
4.602383 4.729280 317.624418 2913.056396 2622.324707 -1.000000
4.602516 4.729421 317.658084 2913.384033 2292.211182 -1.000000
4.602649 4.729562 317.691748 2913.663330 1898.940063 -1.000000
4.602782 4.729703 317.725410 2913.886719 1458.234863 -1.000000
4.602915 4.729844 317.759069 2914.049561 987.129578 -1.000000
4.603048 4.729985 317.792727 2914.148682 503.380890 -1.000000
4.603181 4.730126 317.826383 2914.183594 25.262302 -1.000000
4.603313 4.730267 317.860037 2914.156250 -429.343445 -1.000000
4.603446 4.730408 317.893689 2914.071045 -842.894226 -1.000000
4.603579 4.730549 317.927339 2913.934814 -1199.306885 -1.000000
4.603712 4.730689 317.960987 2913.755859 -1483.952148 -1.000000
4.603845 4.730830 317.994633 2913.544678 -1684.988403 -1.000000
4.603978 4.730971 318.028278 2913.312500 -1793.612427 -1.000000
4.604110 4.731112 318.061920 2913.072754 -1805.108765 -1.000000
4.604243 4.731253 318.095560 2912.838135 -1718.914917 -1.000000
4.604376 4.731393 318.129198 2912.620850 -1538.822998 -1.000000
4.604508 4.731534 318.162834 2912.433350 -1272.647095 -1.000000
4.604641 4.731675 318.196469 2912.286377 -931.576660 -1.000000
4.604774 4.731815 318.230101 2912.188721 -529.623962 -1.000000
4.604907 4.731956 318.263732 2912.147705 -82.700287 -1.000000
4.605039 4.732097 318.297360 2912.167969 391.956360 -1.000000
4.605172 4.732237 318.330986 2912.252197 876.502441 -1.000000
4.605304 4.732378 318.364611 2912.400146 1352.748657 -1.000000
4.605437 4.732518 318.398233 2912.609619 1802.713379 -1.000000
4.605570 4.732659 318.431854 2912.876465 2208.972412 -1.000000
4.605702 4.732800 318.465473 2913.192871 2555.672607 -1.000000
4.605835 4.732940 318.499089 2913.550781 2828.472900 -1.000000
4.605967 4.733081 318.532704 2913.939209 3015.845947 -1.000000
4.606100 4.733221 318.566317 2914.346191 3109.599854 -1.000000
4.606232 4.733362 318.599927 2914.759033 3105.787598 -1.000000
4.606365 4.733502 318.633536 2915.164795 3004.437988 -1.000000
4.606497 4.733642 318.667143 2915.550781 2810.102295 -1.000000
4.606629 4.733783 318.700748 2915.905518 2531.095215 -1.000000
4.606762 4.733923 318.734351 2916.218018 2179.173340 -1.000000
4.606894 4.734064 318.767952 2916.480225 1768.614258 -1.000000
4.607027 4.734204 318.801551 2916.684814 1315.671143 -1.000000
4.607159 4.734344 318.835148 2916.827637 837.706909 -1.000000
4.607291 4.734485 318.868743 2916.906494 352.672607 -1.000000
4.607424 4.734625 318.902336 2916.921631 -121.232002 -1.000000
4.607556 4.734765 318.935927 2916.875732 -566.009766 -1.000000
4.607688 4.734905 318.969516 2916.774170 -964.469849 -1.000000
4.607821 4.735046 319.003104 2916.623779 -1300.877808 -1.000000
4.607953 4.735186 319.036689 2916.433594 -1561.419312 -1.000000
4.608085 4.735326 319.070272 2916.214600 -1734.868042 -1.000000
4.608217 4.735466 319.103854 2915.979004 -1813.799805 -1.000000
4.608349 4.735606 319.137433 2915.739746 -1794.713867 -1.000000
4.608482 4.735747 319.171011 2915.509277 -1678.455811 -1.000000
4.608614 4.735887 319.204586 2915.300049 -1470.024048 -1.000000
4.608746 4.736027 319.238160 2915.124268 -1178.452271 -1.000000
4.608878 4.736167 319.271731 2914.991699 -815.880920 -1.000000
4.609010 4.736307 319.305301 2914.910889 -397.071350 -1.000000
4.609142 4.736447 319.338869 2914.888184 61.645107 -1.000000
4.609274 4.736587 319.372435 2914.927979 542.731140 -1.000000
4.609406 4.736727 319.405998 2915.031738 1028.013306 -1.000000
4.609538 4.736867 319.439560 2915.198486 1499.321167 -1.000000
4.609670 4.737007 319.473120 2915.425781 1938.783447 -1.000000
4.609802 4.737147 319.506678 2915.708252 2329.290527 -1.000000
4.609934 4.737287 319.540234 2916.037842 2655.340088 -1.000000
4.610066 4.737427 319.573788 2916.405518 2903.384033 -1.000000
4.610198 4.737567 319.607340 2916.800049 3062.876709 -1.000000
4.610330 4.737707 319.640891 2917.209473 3126.922119 -1.000000
4.610462 4.737847 319.674439 2917.620850 3092.477539 -1.000000
4.610594 4.737987 319.707985 2918.021240 2961.223389 -1.000000
4.610726 4.738126 319.741529 2918.398438 2738.740723 -1.000000
4.610858 4.738266 319.775072 2918.740234 2434.621094 -1.000000
4.610990 4.738406 319.808612 2919.037109 2061.637207 -1.000000
4.611121 4.738546 319.842151 2919.281494 1634.800049 -1.000000
4.611253 4.738686 319.875687 2919.466553 1170.717651 -1.000000
4.611385 4.738825 319.909222 2919.589355 687.085510 -1.000000
4.611517 4.738965 319.942754 2919.647949 202.090164 -1.000000
4.611649 4.739105 319.976285 2919.643311 -266.096375 -1.000000
4.611780 4.739244 320.009814 2919.579346 -699.618225 -1.000000
4.611912 4.739384 320.043341 2919.461426 -1081.551514 -1.000000
4.612044 4.739524 320.076865 2919.297363 -1396.619507 -1.000000
4.612175 4.739663 320.110388 2919.097168 -1631.646973 -1.000000
4.612307 4.739803 320.143909 2918.871826 -1776.697021 -1.000000
4.612439 4.739943 320.177428 2918.633545 -1825.470337 -1.000000
4.612570 4.740082 320.210945 2918.395752 -1775.655151 -1.000000
4.612702 4.740222 320.244461 2918.170654 -1629.449097 -1.000000
4.612833 4.740361 320.277974 2917.970703 -1393.351318 -1.000000
4.612965 4.740501 320.311485 2917.807129 -1077.200928 -1.000000
4.613097 4.740640 320.344994 2917.690186 -694.321411 -1.000000
4.613228 4.740780 320.378502 2917.627197 -260.019073 -1.000000
4.613360 4.740919 320.412007 2917.623535 208.761200 -1.000000
4.613491 4.741059 320.445511 2917.682861 694.322449 -1.000000
4.613623 4.741198 320.479012 2917.806152 1178.363281 -1.000000
4.613754 4.741337 320.512512 2917.991943 1642.727417 -1.000000
4.613886 4.741477 320.546009 2918.236816 2069.616211 -1.000000
4.614017 4.741616 320.579505 2918.533936 2442.323242 -1.000000
4.614148 4.741756 320.612999 2918.875488 2746.036865 -1.000000
4.614280 4.741895 320.646491 2919.251709 2967.915283 -1.000000
4.614411 4.742034 320.679981 2919.651367 3098.489014 -1.000000
4.614543 4.742174 320.713468 2920.061768 3131.903809 -1.000000
4.614674 4.742313 320.746954 2920.470215 3066.684326 -1.000000
4.614805 4.742452 320.780439 2920.863281 2905.741455 -1.000000
4.614937 4.742591 320.813921 2921.229492 2656.029053 -1.000000
4.615068 4.742731 320.847401 2921.557373 2328.287109 -1.000000
4.615199 4.742870 320.880879 2921.838135 1935.915039 -1.000000
4.615330 4.743009 320.914356 2922.063965 1494.584961 -1.000000
4.615462 4.743148 320.947830 2922.229492 1021.367371 -1.000000
4.615593 4.743287 320.981302 2922.331787 534.197205 -1.000000
4.615724 4.743426 321.014773 2922.370117 51.390610 -1.000000
4.615855 4.743566 321.048241 2922.346436 -408.840973 -1.000000
4.615986 4.743705 321.081708 2922.264648 -828.971497 -1.000000
4.616118 4.743844 321.115173 2922.131348 -1192.390381 -1.000000
4.616249 4.743983 321.148636 2921.955078 -1484.311646 -1.000000
4.616380 4.744122 321.182096 2921.746094 -1692.656128 -1.000000
4.616511 4.744261 321.215555 2921.515625 -1808.271484 -1.000000
4.616642 4.744400 321.249012 2921.276611 -1826.257690 -1.000000
4.616773 4.744539 321.282467 2921.041504 -1745.748779 -1.000000
4.616904 4.744678 321.315921 2920.822998 -1570.151123 -1.000000
4.617035 4.744817 321.349372 2920.633789 -1307.117065 -1.000000
4.617166 4.744956 321.382821 2920.484131 -967.816528 -1.000000
4.617297 4.745095 321.416268 2920.383057 -566.132324 -1.000000
4.617428 4.745234 321.449714 2920.337891 -118.089912 -1.000000
4.617559 4.745372 321.483157 2920.353760 359.030426 -1.000000
4.617690 4.745511 321.516599 2920.432861 847.165527 -1.000000
4.617821 4.745650 321.550038 2920.575439 1328.098145 -1.000000
4.617952 4.745789 321.583476 2920.779297 1783.702515 -1.000000
4.618083 4.745928 321.616912 2921.040527 2196.430664 -1.000000
4.618214 4.746067 321.650346 2921.351807 2550.010254 -1.000000
4.618345 4.746205 321.683777 2921.704590 2829.933105 -1.000000
4.618475 4.746344 321.717207 2922.088379 3024.563965 -1.000000
4.618606 4.746483 321.750635 2922.491943 3125.382568 -1.000000
4.618737 4.746622 321.784061 2922.902100 3127.906982 -1.000000
4.618868 4.746760 321.817486 2923.306152 3031.966553 -1.000000
4.618999 4.746899 321.850908 2923.691406 2841.864014 -1.000000
4.619129 4.747038 321.884328 2924.045898 2565.749756 -1.000000
4.619260 4.747176 321.917747 2924.359131 2215.401855 -1.000000
4.619391 4.747315 321.951163 2924.622559 1804.928955 -1.000000
4.619522 4.747453 321.984578 2924.829102 1350.631470 -1.000000
4.619652 4.747592 322.017990 2924.974365 870.034729 -1.000000
4.619783 4.747731 322.051401 2925.056152 381.184967 -1.000000
4.619914 4.747869 322.084810 2925.074463 -97.581497 -1.000000
4.620044 4.748008 322.118216 2925.031982 -548.080261 -1.000000
4.620175 4.748146 322.151621 2924.933350 -953.020203 -1.000000
4.620305 4.748285 322.185024 2924.785889 -1296.269531 -1.000000
4.620436 4.748423 322.218425 2924.598145 -1563.731323 -1.000000
4.620567 4.748562 322.251825 2924.381348 -1744.143066 -1.000000
4.620697 4.748700 322.285222 2924.146973 -1829.676392 -1.000000
4.620828 4.748838 322.318617 2923.907715 -1816.438477 -1.000000
4.620958 4.748977 322.352010 2923.677002 -1705.099121 -1.000000
4.621089 4.749115 322.385402 2923.466797 -1500.490967 -1.000000
4.621219 4.749254 322.418791 2923.289062 -1211.427002 -1.000000
4.621350 4.749392 322.452179 2923.153564 -849.997192 -1.000000
4.621480 4.749530 322.485565 2923.069336 -430.875977 -1.000000
4.621610 4.749669 322.518949 2923.042969 29.409615 -1.000000
4.621741 4.749807 322.552330 2923.078369 513.167480 -1.000000
4.621871 4.749945 322.585710 2923.177246 1002.260864 -1.000000
4.622002 4.750083 322.619088 2923.339355 1478.333252 -1.000000
4.622132 4.750222 322.652464 2923.561523 1923.179321 -1.000000
4.622262 4.750360 322.685839 2923.838623 2319.717773 -1.000000
4.622393 4.750498 322.719211 2924.163330 2652.098145 -1.000000
4.622523 4.750636 322.752581 2924.526367 2906.684326 -1.000000
4.622653 4.750775 322.785950 2924.916748 3072.625000 -1.000000
4.622784 4.750913 322.819316 2925.322510 3142.784912 -1.000000
4.622914 4.751051 322.852681 2925.731201 3113.816162 -1.000000
4.623044 4.751189 322.886043 2926.129639 2987.151855 -1.000000
4.623174 4.751327 322.919404 2926.505371 2768.268066 -1.000000
4.623304 4.751465 322.952763 2926.846924 2466.482178 -1.000000
4.623435 4.751603 322.986120 2927.144287 2094.621582 -1.000000
4.623565 4.751741 323.019475 2927.389893 1667.541748 -1.000000
4.623695 4.751879 323.052828 2927.577148 1201.938721 -1.000000
4.623825 4.752017 323.086179 2927.701904 715.511658 -1.000000
4.623955 4.752155 323.119528 2927.763184 226.725815 -1.000000
4.624085 4.752293 323.152876 2927.761719 -246.136581 -1.000000
4.624215 4.752431 323.186221 2927.700684 -685.128784 -1.000000
4.624345 4.752569 323.219565 2927.585449 -1073.076782 -1.000000
4.624475 4.752707 323.252906 2927.424072 -1394.362427 -1.000000
4.624605 4.752845 323.286246 2927.226318 -1635.760010 -1.000000
4.624736 4.752983 323.319584 2927.002686 -1787.011597 -1.000000
4.624865 4.753121 323.352919 2926.766113 -1841.508545 -1.000000
4.624995 4.753259 323.386253 2926.528564 -1796.903564 -1.000000
4.625125 4.753396 323.419585 2926.302979 -1654.937378 -1.000000
4.625255 4.753534 323.452916 2926.102051 -1421.958374 -1.000000
4.625385 4.753672 323.486244 2925.936768 -1107.768066 -1.000000
4.625515 4.753810 323.519570 2925.816895 -725.471741 -1.000000
4.625645 4.753947 323.552894 2925.750244 -290.407074 -1.000000
4.625775 4.754085 323.586217 2925.742676 180.442474 -1.000000
4.625905 4.754223 323.619538 2925.797852 669.122437 -1.000000
4.626035 4.754361 323.652856 2925.916260 1157.295532 -1.000000
4.626165 4.754498 323.686173 2926.097168 1626.588745 -1.000000
4.626294 4.754636 323.719488 2926.336670 2059.221680 -1.000000
4.626424 4.754774 323.752801 2926.629150 2438.156494 -1.000000
4.626554 4.754911 323.786112 2926.966553 2748.062744 -1.000000
4.626684 4.755049 323.819421 2927.338867 2976.085449 -1.000000
4.626813 4.755186 323.852728 2927.735107 3112.482178 -1.000000
4.626943 4.755324 323.886033 2928.142334 3151.262939 -1.000000
4.627073 4.755462 323.919337 2928.548340 3090.680664 -1.000000
4.627203 4.755599 323.952638 2928.939941 2933.397461 -1.000000
4.627332 4.755737 323.985938 2929.305176 2686.335449 -1.000000
4.627462 4.755874 324.019236 2929.633057 2359.795654 -1.000000
4.627591 4.756012 324.052531 2929.914307 1967.444336 -1.000000
4.627721 4.756149 324.085825 2930.140869 1524.886963 -1.000000
4.627851 4.756287 324.119117 2930.307861 1049.388062 -1.000000
4.627980 4.756424 324.152407 2930.412109 558.880005 -1.000000
4.628110 4.756561 324.185695 2930.453125 71.819771 -1.000000
4.628239 4.756699 324.218982 2930.431885 -393.462158 -1.000000
4.628369 4.756836 324.252266 2930.352783 -819.106323 -1.000000
4.628498 4.756974 324.285548 2930.222168 -1188.359497 -1.000000
4.628628 4.757111 324.318829 2930.048096 -1486.406006 -1.000000
4.628757 4.757248 324.352108 2929.840820 -1700.615723 -1.000000
4.628887 4.757386 324.385384 2929.611816 -1821.863892 -1.000000
4.629016 4.757523 324.418659 2929.373291 -1844.842529 -1.000000
4.629146 4.757660 324.451932 2929.138428 -1768.581543 -1.000000
4.629275 4.757797 324.485203 2928.919434 -1596.214844 -1.000000
4.629405 4.757935 324.518472 2928.729004 -1335.359619 -1.000000
4.629534 4.758072 324.551739 2928.577148 -997.041077 -1.000000
4.629663 4.758209 324.585005 2928.473389 -595.061218 -1.000000
4.629793 4.758346 324.618268 2928.425049 -145.487350 -1.000000
4.629922 4.758483 324.651530 2928.437012 334.322479 -1.000000
4.630051 4.758621 324.684789 2928.511963 826.173767 -1.000000
4.630181 4.758758 324.718047 2928.650146 1311.725586 -1.000000
4.630310 4.758895 324.751303 2928.849854 1772.484741 -1.000000
4.630439 4.759032 324.784557 2929.106445 2190.754883 -1.000000
4.630568 4.759169 324.817809 2929.413574 2550.111328 -1.000000
4.630698 4.759306 324.851059 2929.762451 2835.897217 -1.000000
4.630827 4.759443 324.884307 2930.142822 3036.106689 -1.000000
4.630956 4.759580 324.917554 2930.542969 3142.043457 -1.000000
4.631085 4.759717 324.950798 2930.950439 3149.085693 -1.000000
4.631214 4.759854 324.984041 2931.352051 3056.911865 -1.000000
4.631344 4.759991 325.017281 2931.735840 2869.682861 -1.000000
4.631473 4.760128 325.050520 2932.089600 2595.230225 -1.000000
4.631602 4.760265 325.083757 2932.403076 2245.135986 -1.000000
4.631731 4.760402 325.116992 2932.666992 1833.845337 -1.000000
4.631860 4.760539 325.150225 2932.874756 1377.485596 -1.000000
4.631989 4.760676 325.183456 2933.021484 893.759094 -1.000000
4.632118 4.760813 325.216685 2933.104736 401.025848 -1.000000
4.632247 4.760949 325.249913 2933.125000 -82.278534 -1.000000
4.632376 4.761086 325.283138 2933.084473 -537.891907 -1.000000
4.632505 4.761223 325.316362 2932.988037 -948.310425 -1.000000
4.632634 4.761360 325.349584 2932.842773 -1297.181396 -1.000000
4.632763 4.761497 325.382803 2932.656982 -1570.311768 -1.000000
4.632892 4.761633 325.416021 2932.441406 -1756.140625 -1.000000
4.633021 4.761770 325.449237 2932.208008 -1846.454346 -1.000000
4.633150 4.761907 325.482452 2931.969482 -1837.403198 -1.000000
4.633279 4.762044 325.515664 2931.738525 -1729.389160 -1.000000
4.633408 4.762180 325.548874 2931.527588 -1527.051636 -1.000000
4.633536 4.762317 325.582083 2931.348877 -1239.268066 -1.000000
4.633665 4.762454 325.615289 2931.211670 -878.065613 -1.000000
4.633794 4.762590 325.648494 2931.125244 -458.053497 -1.000000
4.633923 4.762727 325.681697 2931.095703 4.146429 -1.000000
4.634052 4.762863 325.714898 2931.127441 490.888641 -1.000000
4.634180 4.763000 325.748097 2931.222412 983.777466 -1.000000
4.634309 4.763137 325.781294 2931.380127 1464.395142 -1.000000
4.634438 4.763273 325.814489 2931.597900 1914.388428 -1.000000
4.634567 4.763410 325.847682 2931.870850 2316.429932 -1.000000
4.634695 4.763546 325.880874 2932.191406 2654.428223 -1.000000
4.634824 4.763683 325.914063 2932.550781 2914.547363 -1.000000
4.634953 4.763819 325.947251 2932.938232 3085.573975 -1.000000
4.635081 4.763956 325.980437 2933.341309 3160.111328 -1.000000
4.635210 4.764092 326.013621 2933.747314 3134.965820 -1.000000
4.635339 4.764228 326.046803 2934.143311 3011.262451 -1.000000
4.635467 4.764365 326.079983 2934.517822 2794.444092 -1.000000
4.635596 4.764501 326.113161 2934.858643 2493.651123 -1.000000
4.635724 4.764638 326.146338 2935.156006 2121.482178 -1.000000
4.635853 4.764774 326.179512 2935.401611 1693.111572 -1.000000
4.635982 4.764910 326.212685 2935.589355 1225.205200 -1.000000
4.636110 4.765047 326.245855 2935.715576 735.635864 -1.000000
4.636239 4.765183 326.279024 2935.778320 242.970551 -1.000000
4.636367 4.765319 326.312191 2935.778564 -234.320740 -1.000000
4.636496 4.765456 326.345356 2935.719482 -678.048767 -1.000000
4.636624 4.765592 326.378519 2935.606445 -1071.016479 -1.000000
4.636752 4.765728 326.411681 2935.447021 -1397.506104 -1.000000
4.636881 4.765864 326.444840 2935.250977 -1644.001465 -1.000000
4.637009 4.766000 326.477998 2935.028809 -1800.048706 -1.000000
4.637138 4.766137 326.511153 2934.792725 -1858.746216 -1.000000
4.637266 4.766273 326.544307 2934.555664 -1817.555176 -1.000000
4.637394 4.766409 326.577459 2934.330322 -1678.306763 -1.000000
4.637523 4.766545 326.610609 2934.128906 -1446.983643 -1.000000
4.637651 4.766681 326.643757 2933.962646 -1133.565796 -1.000000
4.637779 4.766817 326.676903 2933.841064 -751.088989 -1.000000
4.637908 4.766953 326.710048 2933.772461 -314.809204 -1.000000
4.638036 4.767089 326.743190 2933.761963 158.190079 -1.000000
4.638164 4.767225 326.776331 2933.813721 649.936157 -1.000000
4.638292 4.767361 326.809470 2933.928711 1141.784424 -1.000000
4.638421 4.767497 326.842606 2934.105713 1615.337036 -1.000000
4.638549 4.767633 326.875741 2934.341553 2052.428223 -1.000000
4.638677 4.767769 326.908874 2934.629883 2436.027100 -1.000000
4.638805 4.767905 326.942006 2934.963135 2750.737549 -1.000000
4.638933 4.768041 326.975135 2935.331543 2983.479980 -1.000000
4.639062 4.768177 327.008262 2935.723877 3124.319580 -1.000000
4.639190 4.768313 327.041388 2936.127930 3167.047852 -1.000000
4.639318 4.768449 327.074512 2936.531006 3109.780029 -1.000000
4.639446 4.768585 327.107634 2936.920410 2955.106689 -1.000000
4.639574 4.768721 327.140753 2937.284180 2709.689941 -1.000000
4.639702 4.768857 327.173872 2937.611084 2383.933105 -1.000000
4.639830 4.768992 327.206988 2937.891846 1991.280518 -1.000000
4.639958 4.769128 327.240102 2938.118896 1547.495483 -1.000000
4.640086 4.769264 327.273215 2938.286377 1069.831543 -1.000000
4.640214 4.769400 327.306325 2938.391846 576.458984 -1.000000
4.640342 4.769535 327.339434 2938.434326 85.861359 -1.000000
4.640470 4.769671 327.372541 2938.415039 -383.434204 -1.000000
4.640598 4.769807 327.405646 2938.338135 -813.535461 -1.000000
4.640726 4.769943 327.438749 2938.209473 -1187.546875 -1.000000
4.640854 4.770078 327.471850 2938.037109 -1490.259277 -1.000000
4.640982 4.770214 327.504949 2937.831543 -1708.984741 -1.000000
4.641110 4.770350 327.538047 2937.604004 -1834.473633 -1.000000
4.641237 4.770485 327.571142 2937.366699 -1861.114258 -1.000000
4.641365 4.770621 327.604236 2937.132324 -1787.796753 -1.000000
4.641493 4.770756 327.637328 2936.913574 -1617.628906 -1.000000
4.641621 4.770892 327.670418 2936.722412 -1358.015137 -1.000000
4.641749 4.771028 327.703506 2936.569824 -1020.051208 -1.000000
4.641876 4.771163 327.736592 2936.464600 -617.600769 -1.000000
4.642004 4.771299 327.769677 2936.414307 -166.600647 -1.000000
4.642132 4.771434 327.802759 2936.423584 315.391327 -1.000000
4.642260 4.771570 327.835840 2936.495605 810.100769 -1.000000
4.642387 4.771705 327.868918 2936.630615 1298.900146 -1.000000
4.642515 4.771840 327.901995 2936.826660 1763.346680 -1.000000
4.642643 4.771976 327.935070 2937.079102 2185.697754 -1.000000
4.642770 4.772111 327.968144 2937.382080 2549.356445 -1.000000
4.642898 4.772247 328.001215 2937.727051 2839.364502 -1.000000
4.643026 4.772382 328.034284 2938.103516 3043.616211 -1.000000
4.643153 4.772517 328.067352 2938.500000 3153.287109 -1.000000
4.643281 4.772653 328.100417 2938.903809 3163.738525 -1.000000
4.643409 4.772788 328.133481 2939.302734 3074.416016 -1.000000
4.643536 4.772923 328.166543 2939.684326 2889.114258 -1.000000
4.643664 4.773059 328.199603 2940.036133 2615.866211 -1.000000
4.643791 4.773194 328.232662 2940.348389 2266.222168 -1.000000
4.643919 4.773329 328.265718 2940.611816 1854.441040 -1.000000
4.644046 4.773465 328.298772 2940.819580 1396.726318 -1.000000
4.644174 4.773600 328.331825 2940.966797 910.949280 -1.000000
4.644301 4.773735 328.364876 2941.051270 415.389069 -1.000000
4.644429 4.773870 328.397925 2941.072998 -71.209305 -1.000000
4.644556 4.774005 328.430972 2941.034180 -530.516602 -1.000000
4.644683 4.774141 328.464017 2940.939453 -944.804138 -1.000000
4.644811 4.774276 328.497060 2940.795898 -1297.682861 -1.000000
4.644938 4.774411 328.530102 2940.612061 -1574.737915 -1.000000
4.645066 4.774546 328.563141 2940.398438 -1764.253784 -1.000000
4.645193 4.774681 328.596179 2940.166992 -1858.174805 -1.000000
4.645320 4.774816 328.629215 2939.929688 -1852.223267 -1.000000
4.645448 4.774951 328.662249 2939.699707 -1746.799561 -1.000000
4.645575 4.775086 328.695281 2939.489014 -1546.382690 -1.000000
4.645702 4.775221 328.728311 2939.309570 -1259.598877 -1.000000
4.645829 4.775356 328.761339 2939.171631 -898.385498 -1.000000
4.645957 4.775491 328.794366 2939.083496 -477.665100 -1.000000
4.646084 4.775626 328.827391 2939.051758 -13.798117 -1.000000
4.646211 4.775761 328.860414 2939.081055 475.240967 -1.000000
4.646338 4.775896 328.893435 2939.173096 971.061035 -1.000000
4.646465 4.776031 328.926454 2939.327637 1454.948975 -1.000000
4.646593 4.776166 328.959471 2939.541992 1908.597900 -1.000000
4.646720 4.776301 328.992486 2939.811035 2314.413574 -1.000000
4.646847 4.776436 329.025500 2940.127930 2656.210205 -1.000000
4.646974 4.776570 329.058511 2940.483398 2920.009521 -1.000000
4.647101 4.776705 329.091521 2940.866699 3094.660645 -1.000000
4.647228 4.776840 329.124529 2941.266113 3172.488525 -1.000000
4.647355 4.776975 329.157535 2941.668945 3150.089355 -1.000000
4.647482 4.777110 329.190540 2942.062500 3028.500244 -1.000000
4.647609 4.777244 329.223542 2942.434814 2812.977783 -1.000000
4.647736 4.777379 329.256542 2942.773926 2512.638184 -1.000000
4.647863 4.777514 329.289541 2943.069824 2140.239258 -1.000000
4.647990 4.777649 329.322538 2943.314941 1710.756714 -1.000000
4.648117 4.777783 329.355533 2943.502686 1241.033325 -1.000000
4.648244 4.777918 329.388526 2943.629150 749.096069 -1.000000
4.648371 4.778053 329.421517 2943.692871 253.515564 -1.000000
4.648498 4.778187 329.454507 2943.694336 -227.123199 -1.000000
4.648625 4.778322 329.487494 2943.636475 -674.411011 -1.000000
4.648752 4.778457 329.520480 2943.525146 -1071.136108 -1.000000
4.648879 4.778591 329.553464 2943.367676 -1401.342285 -1.000000
4.649006 4.778726 329.586446 2943.173096 -1651.369385 -1.000000
4.649133 4.778860 329.619426 2942.952393 -1810.526611 -1.000000
4.649259 4.778995 329.652404 2942.718018 -1872.024414 -1.000000
4.649386 4.779129 329.685381 2942.481934 -1833.129272 -1.000000
4.649513 4.779264 329.718355 2942.257568 -1695.536011 -1.000000
4.649640 4.779398 329.751328 2942.056396 -1465.307251 -1.000000
4.649767 4.779533 329.784299 2941.889893 -1152.169434 -1.000000
4.649893 4.779667 329.817268 2941.767578 -769.098450 -1.000000
4.650020 4.779802 329.850235 2941.697266 -331.554749 -1.000000
4.650147 4.779936 329.883200 2941.685303 143.350739 -1.000000
4.650274 4.780071 329.916164 2941.734863 637.471375 -1.000000
4.650400 4.780205 329.949125 2941.847168 1132.239990 -1.000000
4.650527 4.780339 329.982085 2942.020996 1609.078369 -1.000000
4.650654 4.780474 330.015043 2942.253174 2049.599609 -1.000000
4.650780 4.780608 330.047999 2942.537842 2436.752441 -1.000000
4.650907 4.780742 330.080953 2942.867432 2754.987793 -1.000000
4.651033 4.780877 330.113906 2943.231934 2991.066895 -1.000000
4.651160 4.781011 330.146856 2943.620605 3134.915527 -1.000000
4.651287 4.781145 330.179805 2944.021240 3180.394775 -1.000000
4.651413 4.781279 330.212752 2944.421387 3125.309082 -1.000000
4.651540 4.781414 330.245697 2944.808105 2972.142822 -1.000000
4.651666 4.781548 330.278640 2945.169678 2727.385254 -1.000000
4.651793 4.781682 330.311581 2945.494873 2401.682129 -1.000000
4.651919 4.781816 330.344520 2945.774170 2008.332520 -1.000000
4.652046 4.781950 330.377458 2946.000488 1563.226440 -1.000000
4.652172 4.782085 330.410394 2946.168213 1083.480713 -1.000000
4.652298 4.782219 330.443328 2946.274170 587.388062 -1.000000
4.652425 4.782353 330.476260 2946.317139 93.768639 -1.000000
4.652551 4.782487 330.509190 2946.299072 -378.863831 -1.000000
4.652678 4.782621 330.542118 2946.223145 -812.408691 -1.000000
4.652804 4.782755 330.575045 2946.096191 -1189.882568 -1.000000
4.652930 4.782889 330.607969 2945.925537 -1495.994995 -1.000000
4.653057 4.783023 330.640892 2945.721436 -1717.915771 -1.000000
4.653183 4.783157 330.673813 2945.495361 -1846.109863 -1.000000
4.653309 4.783291 330.706732 2945.259277 -1875.026001 -1.000000
4.653436 4.783425 330.739650 2945.026123 -1803.424316 -1.000000
4.653562 4.783559 330.772565 2944.808105 -1634.462769 -1.000000
4.653688 4.783693 330.805479 2944.617188 -1375.433472 -1.000000
4.653815 4.783827 330.838391 2944.464111 -1037.236450 -1.000000
4.653941 4.783961 330.871300 2944.358154 -633.810669 -1.000000
4.654067 4.784095 330.904209 2944.306396 -181.182770 -1.000000
4.654193 4.784229 330.937115 2944.313965 303.041748 -1.000000
4.654319 4.784363 330.970019 2944.383545 800.441406 -1.000000
4.654446 4.784496 331.002922 2944.515625 1292.389526 -1.000000
4.654572 4.784630 331.035822 2944.708496 1760.294678 -1.000000
4.654698 4.784764 331.068721 2944.958252 2186.099121 -1.000000
4.654824 4.784898 331.101618 2945.257568 2553.107422 -1.000000
4.654950 4.785032 331.134514 2945.598633 2846.495850 -1.000000
4.655076 4.785165 331.167407 2945.971436 3053.833252 -1.000000
4.655202 4.785299 331.200299 2946.364502 3166.336914 -1.000000
4.655328 4.785433 331.233188 2946.765381 3178.919189 -1.000000
4.655454 4.785567 331.266076 2947.161621 3091.156250 -1.000000
4.655580 4.785700 331.298962 2947.540283 2906.796631 -1.000000
4.655706 4.785834 331.331846 2947.890381 2633.817139 -1.000000
4.655832 4.785968 331.364729 2948.200928 2283.741699 -1.000000
4.655958 4.786101 331.397609 2948.462891 1870.817505 -1.000000
4.656084 4.786235 331.430488 2948.670166 1411.404053 -1.000000
4.656210 4.786369 331.463365 2948.817139 923.365479 -1.000000
4.656336 4.786502 331.496240 2948.902100 425.072357 -1.000000
4.656462 4.786636 331.529113 2948.924561 -64.626854 -1.000000
4.656588 4.786769 331.561984 2948.886963 -527.329712 -1.000000
4.656714 4.786903 331.594854 2948.793701 -945.153320 -1.000000
4.656840 4.787036 331.627721 2948.651855 -1301.558960 -1.000000
4.656965 4.787170 331.660587 2948.469727 -1582.010010 -1.000000
4.657091 4.787303 331.693451 2948.257324 -1774.585205 -1.000000
4.657217 4.787437 331.726313 2948.026855 -1870.981689 -1.000000
4.657343 4.787570 331.759173 2947.790527 -1867.021484 -1.000000
4.657469 4.787704 331.792032 2947.561035 -1762.797974 -1.000000
4.657594 4.787837 331.824889 2947.350830 -1562.938843 -1.000000
4.657720 4.787971 331.857743 2947.171387 -1275.964478 -1.000000
4.657846 4.788104 331.890596 2947.032959 -914.001038 -1.000000
4.657972 4.788237 331.923448 2946.943848 -491.655579 -1.000000
4.658097 4.788371 331.956297 2946.910889 -25.676849 -1.000000
4.658223 4.788504 331.989144 2946.938232 466.106659 -1.000000
4.658349 4.788637 332.021990 2947.028076 965.070557 -1.000000
4.658474 4.788771 332.054834 2947.180176 1452.340210 -1.000000
4.658600 4.788904 332.087676 2947.391846 1909.371216 -1.000000
4.658726 4.789037 332.120516 2947.657959 2318.553955 -1.000000
4.658851 4.789171 332.153354 2947.971680 2663.562500 -1.000000
4.658977 4.789304 332.186191 2948.323730 2930.345215 -1.000000
4.659102 4.789437 332.219026 2948.703857 3107.444336 -1.000000
4.659228 4.789570 332.251858 2949.100098 3187.375000 -1.000000
4.659354 4.789704 332.284689 2949.500244 3166.439697 -1.000000
4.659479 4.789837 332.317519 2949.891357 3045.585693 -1.000000
4.659605 4.789970 332.350346 2950.260986 2830.086426 -1.000000
4.659730 4.790103 332.383171 2950.598145 2529.270020 -1.000000
4.659856 4.790236 332.415995 2950.893066 2155.553955 -1.000000
4.659981 4.790369 332.448817 2951.136719 1724.105591 -1.000000
4.660106 4.790502 332.481637 2951.323730 1251.933838 -1.000000
4.660232 4.790635 332.514455 2951.449951 757.029114 -1.000000
4.660357 4.790768 332.547272 2951.513672 258.125946 -1.000000
4.660483 4.790902 332.580086 2951.515625 -225.996918 -1.000000
4.660608 4.791035 332.612899 2951.458496 -676.823853 -1.000000
4.660733 4.791168 332.645710 2951.348145 -1076.854614 -1.000000
4.660859 4.791301 332.678519 2951.191650 -1410.181763 -1.000000
4.660984 4.791434 332.711326 2950.998047 -1662.954834 -1.000000
4.661110 4.791567 332.744132 2950.778564 -1824.511597 -1.000000
4.661235 4.791699 332.776935 2950.544678 -1887.701782 -1.000000
4.661360 4.791832 332.809737 2950.309570 -1849.852173 -1.000000
4.661485 4.791965 332.842537 2950.085449 -1712.566650 -1.000000
4.661611 4.792098 332.875335 2949.884521 -1481.987671 -1.000000
4.661736 4.792231 332.908132 2949.718018 -1167.773926 -1.000000
4.661861 4.792364 332.940926 2949.595215 -782.981812 -1.000000
4.661986 4.792497 332.973719 2949.524170 -343.135040 -1.000000
4.662112 4.792630 333.006510 2949.510986 134.588043 -1.000000
4.662237 4.792762 333.039299 2949.558838 631.915710 -1.000000
4.662362 4.792895 333.072086 2949.669434 1130.083862 -1.000000
4.662487 4.793028 333.104871 2949.841064 1610.279053 -1.000000
4.662612 4.793161 333.137655 2950.071045 2054.290527 -1.000000
4.662737 4.793294 333.170436 2950.353027 2444.641113 -1.000000
4.662862 4.793426 333.203216 2950.679932 2765.817627 -1.000000
4.662987 4.793559 333.235994 2951.041504 3004.317627 -1.000000
4.663113 4.793692 333.268771 2951.427246 3150.107910 -1.000000
4.663238 4.793824 333.301545 2951.825195 3196.925293 -1.000000
4.663363 4.793957 333.334318 2952.222656 3142.506592 -1.000000
4.663488 4.794090 333.367089 2952.606934 2989.270752 -1.000000
4.663613 4.794222 333.399858 2952.966309 2743.887695 -1.000000
4.663738 4.794355 333.432625 2953.289551 2416.658447 -1.000000
4.663863 4.794488 333.465390 2953.567627 2021.203613 -1.000000
4.663988 4.794620 333.498154 2953.792725 1573.387329 -1.000000
4.664113 4.794753 333.530915 2953.959473 1090.616821 -1.000000
4.664237 4.794885 333.563675 2954.064697 591.235229 -1.000000
4.664362 4.795018 333.596433 2954.107422 94.096519 -1.000000
4.664487 4.795150 333.629190 2954.089111 -381.990631 -1.000000
4.664612 4.795283 333.661944 2954.013672 -818.816162 -1.000000
4.664737 4.795415 333.694697 2953.887207 -1199.266479 -1.000000
4.664862 4.795548 333.727448 2953.717773 -1507.970947 -1.000000
4.664987 4.795680 333.760197 2953.514648 -1732.079834 -1.000000
4.665112 4.795813 333.792944 2953.289307 -1862.060425 -1.000000
4.665236 4.795945 333.825689 2953.053955 -1892.184448 -1.000000
4.665361 4.796077 333.858433 2952.821289 -1820.968994 -1.000000
4.665486 4.796210 333.891175 2952.603760 -1651.679810 -1.000000
4.665611 4.796342 333.923914 2952.413086 -1391.589478 -1.000000
4.665735 4.796475 333.956653 2952.260010 -1051.651367 -1.000000
4.665860 4.796607 333.989389 2952.153320 -645.888550 -1.000000
4.665985 4.796739 334.022123 2952.100586 -190.340622 -1.000000
4.666110 4.796872 334.054856 2952.107178 297.224854 -1.000000
4.666234 4.797004 334.087587 2952.175537 798.241638 -1.000000
4.666359 4.797136 334.120316 2952.306152 1293.843750 -1.000000
4.666484 4.797268 334.153043 2952.497314 1765.246094 -1.000000
4.666608 4.797401 334.185769 2952.744385 2194.478027 -1.000000
4.666733 4.797533 334.218492 2953.041504 2564.535156 -1.000000
4.666857 4.797665 334.251214 2953.380371 2860.385254 -1.000000
4.666982 4.797797 334.283934 2953.750732 3069.692871 -1.000000
4.667107 4.797929 334.316652 2954.141357 3183.321777 -1.000000
4.667231 4.798062 334.349369 2954.539551 3196.456787 -1.000000
4.667356 4.798194 334.382083 2954.933105 3108.503418 -1.000000
4.667480 4.798326 334.414796 2955.309570 2923.257568 -1.000000
4.667605 4.798458 334.447507 2955.657471 2648.678223 -1.000000
4.667729 4.798590 334.480216 2955.966309 2296.297363 -1.000000
4.667854 4.798722 334.512923 2956.227051 1880.471558 -1.000000
4.667978 4.798854 334.545629 2956.432617 1417.770264 -1.000000
4.668103 4.798986 334.578332 2956.578613 926.155334 -1.000000
4.668227 4.799118 334.611034 2956.662598 424.182922 -1.000000
4.668351 4.799250 334.643734 2956.684570 -69.275482 -1.000000
4.668476 4.799382 334.676433 2956.646729 -535.445923 -1.000000
4.668600 4.799514 334.709129 2956.553467 -956.434631 -1.000000
4.668724 4.799646 334.741824 2956.411621 -1315.528442 -1.000000
4.668849 4.799778 334.774517 2956.229736 -1598.042969 -1.000000
4.668973 4.799910 334.807208 2956.017822 -1792.050903 -1.000000
4.669098 4.800042 334.839897 2955.787842 -1889.241943 -1.000000
4.669222 4.800174 334.872584 2955.552246 -1885.361206 -1.000000
4.669346 4.800306 334.905270 2955.323242 -1780.565918 -1.000000
4.669470 4.800438 334.937954 2955.113281 -1579.342773 -1.000000
4.669595 4.800569 334.970636 2954.933838 -1290.280518 -1.000000
4.669719 4.800701 335.003316 2954.795410 -925.572327 -1.000000
4.669843 4.800833 335.035994 2954.706055 -500.019104 -1.000000
4.669967 4.800965 335.068671 2954.672852 -30.493679 -1.000000
4.670092 4.801097 335.101346 2954.699463 465.051636 -1.000000
4.670216 4.801228 335.134019 2954.788574 967.698730 -1.000000
4.670340 4.801360 335.166690 2954.939453 1458.525269 -1.000000
4.670464 4.801492 335.199359 2955.149658 1918.922363 -1.000000
4.670588 4.801624 335.232027 2955.414062 2331.052002 -1.000000
4.670712 4.801755 335.264693 2955.725586 2678.456787 -1.000000
4.670836 4.801887 335.297357 2956.075684 2946.994385 -1.000000
4.670960 4.802019 335.330019 2956.453613 3125.223633 -1.000000
4.671085 4.802150 335.362679 2956.847412 3205.404541 -1.000000
4.671209 4.802282 335.395338 2957.244629 3184.173584 -1.000000
4.671333 4.802414 335.427995 2957.632812 3062.393799 -1.000000
4.671457 4.802545 335.460649 2958.000000 2845.452393 -1.000000
4.671581 4.802677 335.493303 2958.334961 2542.465820 -1.000000
4.671705 4.802808 335.525954 2958.627686 2166.125977 -1.000000
4.671829 4.802940 335.558604 2958.869629 1731.630005 -1.000000
4.671953 4.803071 335.591251 2959.055176 1256.025635 -1.000000
4.672077 4.803203 335.623897 2959.180176 757.693726 -1.000000
4.672200 4.803334 335.656541 2959.242920 255.342361 -1.000000
4.672324 4.803466 335.689184 2959.244141 -232.086304 -1.000000
4.672448 4.803597 335.721824 2959.186768 -686.055847 -1.000000
4.672572 4.803729 335.754463 2959.076172 -1088.739868 -1.000000
4.672696 4.803860 335.787100 2958.919678 -1424.095947 -1.000000
4.672820 4.803992 335.819735 2958.726562 -1678.426880 -1.000000
4.672944 4.804123 335.852369 2958.507812 -1840.809448 -1.000000
4.673068 4.804255 335.885000 2958.275146 -1904.298950 -1.000000
4.673191 4.804386 335.917630 2958.040771 -1866.150513 -1.000000
4.673315 4.804517 335.950258 2957.817139 -1727.919434 -1.000000
4.673439 4.804649 335.982884 2957.616455 -1495.585205 -1.000000
4.673563 4.804780 336.015508 2957.450195 -1179.093384 -1.000000
4.673686 4.804911 336.048131 2957.327393 -791.504395 -1.000000
4.673810 4.805043 336.080752 2957.256348 -348.374939 -1.000000
4.673934 4.805174 336.113371 2957.242676 132.942108 -1.000000
4.674058 4.805305 336.145988 2957.289795 633.970886 -1.000000
4.674181 4.805436 336.178603 2957.399170 1135.803833 -1.000000
4.674305 4.805568 336.211217 2957.569824 1619.551880 -1.000000
4.674429 4.805699 336.243829 2957.798096 2066.739014 -1.000000
4.674552 4.805830 336.276439 2958.078857 2459.796143 -1.000000
4.674676 4.805961 336.309047 2958.403809 2782.913086 -1.000000
4.674800 4.806092 336.341654 2958.763672 3022.623779 -1.000000
4.674923 4.806224 336.374258 2959.147217 3168.872070 -1.000000
4.675047 4.806355 336.406861 2959.542725 3215.286621 -1.000000
4.675170 4.806486 336.439462 2959.937500 3159.783203 -1.000000
4.675294 4.806617 336.472061 2960.319336 3004.844971 -1.000000
4.675417 4.806748 336.504659 2960.676025 2757.193848 -1.000000
4.675541 4.806879 336.537255 2960.997070 2427.161133 -1.000000
4.675664 4.807010 336.569848 2961.272949 2028.495850 -1.000000
4.675788 4.807141 336.602440 2961.496094 1577.115356 -1.000000
4.675911 4.807272 336.635031 2961.661133 1090.541260 -1.000000
4.676035 4.807403 336.667619 2961.764893 587.404236 -1.000000
4.676158 4.807534 336.700206 2961.806396 86.684204 -1.000000
4.676282 4.807665 336.732791 2961.786865 -392.655121 -1.000000
4.676405 4.807796 336.765374 2961.710693 -832.163086 -1.000000
4.676528 4.807927 336.797955 2961.583984 -1214.764526 -1.000000
4.676652 4.808058 336.830535 2961.414307 -1524.992310 -1.000000
4.676775 4.808189 336.863113 2961.211182 -1749.802124 -1.000000
4.676899 4.808320 336.895689 2960.986572 -1879.715088 -1.000000
4.677022 4.808451 336.928263 2960.752197 -1909.164551 -1.000000
4.677145 4.808582 336.960835 2960.520020 -1836.751709 -1.000000
4.677269 4.808712 336.993406 2960.303223 -1665.509033 -1.000000
4.677392 4.808843 337.025975 2960.113037 -1402.784302 -1.000000
4.677515 4.808974 337.058542 2959.960449 -1059.817139 -1.000000
4.677638 4.809105 337.091107 2959.854492 -650.656921 -1.000000
4.677762 4.809236 337.123671 2959.802246 -191.592987 -1.000000
4.677885 4.809366 337.156232 2959.808594 299.566376 -1.000000
4.678008 4.809497 337.188792 2959.876465 804.165894 -1.000000
4.678131 4.809628 337.221350 2960.006592 1303.119263 -1.000000
4.678254 4.809759 337.253907 2960.196777 1777.589966 -1.000000
4.678378 4.809889 337.286461 2960.443115 2209.176025 -1.000000
4.678501 4.810020 337.319014 2960.738770 2580.937500 -1.000000
4.678624 4.810151 337.351565 2961.075684 2877.812012 -1.000000
4.678747 4.810281 337.384114 2961.444092 3087.404785 -1.000000
4.678870 4.810412 337.416661 2961.832275 3200.603516 -1.000000
4.678993 4.810543 337.449207 2962.228027 3212.568604 -1.000000
4.679116 4.810673 337.481751 2962.618896 3122.819092 -1.000000
4.679239 4.810804 337.514293 2962.992676 2935.183594 -1.000000
4.679362 4.810934 337.546833 2963.337891 2657.743652 -1.000000
4.679485 4.811065 337.579372 2963.643555 2302.101074 -1.000000
4.679608 4.811195 337.611908 2963.901611 1882.831055 -1.000000
4.679731 4.811326 337.644443 2964.104980 1416.617920 -1.000000
4.679854 4.811456 337.676976 2964.249023 921.375549 -1.000000
4.679977 4.811587 337.709508 2964.331299 415.943298 -1.000000
4.680100 4.811717 337.742037 2964.351807 -80.542076 -1.000000
4.680223 4.811848 337.774565 2964.312744 -549.403015 -1.000000
4.680346 4.811978 337.807091 2964.218750 -972.327454 -1.000000
4.680469 4.812109 337.839615 2964.076660 -1332.842529 -1.000000
4.680592 4.812239 337.872138 2963.894775 -1616.059204 -1.000000
4.680715 4.812370 337.904658 2963.683350 -1810.101807 -1.000000
4.680838 4.812500 337.937177 2963.453857 -1906.498779 -1.000000
4.680961 4.812630 337.969694 2963.218994 -1901.206299 -1.000000
4.681083 4.812761 338.002210 2962.991211 -1794.413086 -1.000000
4.681206 4.812891 338.034723 2962.782471 -1590.741699 -1.000000
4.681329 4.813021 338.067235 2962.604248 -1298.911743 -1.000000
4.681452 4.813152 338.099745 2962.466797 -931.151001 -1.000000
4.681575 4.813282 338.132253 2962.378174 -502.387024 -1.000000
4.681697 4.813412 338.164759 2962.345459 -29.534533 -1.000000
4.681820 4.813543 338.197264 2962.372070 469.232544 -1.000000
4.681943 4.813673 338.229767 2962.460693 974.985962 -1.000000
4.682066 4.813803 338.262268 2962.610840 1468.679443 -1.000000
4.682188 4.813933 338.294767 2962.819824 1931.592041 -1.000000
4.682311 4.814063 338.327265 2963.083008 2345.652100 -1.000000
4.682434 4.814194 338.359761 2963.392822 2694.414062 -1.000000
4.682556 4.814324 338.392255 2963.740723 2963.657471 -1.000000
4.682679 4.814454 338.424747 2964.115967 3141.920898 -1.000000
4.682802 4.814584 338.457237 2964.507324 3221.556396 -1.000000
4.682924 4.814714 338.489726 2964.902100 3199.046387 -1.000000
4.683047 4.814844 338.522213 2965.287598 3075.426025 -1.000000
4.683169 4.814974 338.554698 2965.652100 2856.060791 -1.000000
4.683292 4.815104 338.587181 2965.984375 2550.117920 -1.000000
4.683414 4.815234 338.619663 2966.274170 2170.521973 -1.000000
4.683537 4.815365 338.652143 2966.513916 1732.621338 -1.000000
4.683660 4.815495 338.684621 2966.697021 1253.562378 -1.000000
4.683782 4.815625 338.717097 2966.820068 751.798706 -1.000000
4.683905 4.815755 338.749571 2966.881348 246.131027 -1.000000
4.684027 4.815885 338.782044 2966.881348 -244.241089 -1.000000
4.684149 4.816014 338.814515 2966.822998 -700.659485 -1.000000
4.684272 4.816144 338.846984 2966.712158 -1105.273926 -1.000000
4.684394 4.816274 338.879451 2966.555420 -1442.017334 -1.000000
4.684517 4.816404 338.911917 2966.362305 -1696.847168 -1.000000
4.684639 4.816534 338.944381 2966.143799 -1859.027466 -1.000000
4.684762 4.816664 338.976843 2965.911621 -1921.554443 -1.000000
4.684884 4.816794 339.009303 2965.677734 -1881.703979 -1.000000
4.685006 4.816924 339.041762 2965.455322 -1741.169922 -1.000000
4.685129 4.817054 339.074218 2965.255859 -1506.042114 -1.000000
4.685251 4.817183 339.106673 2965.090332 -1186.360840 -1.000000
4.685373 4.817313 339.139127 2964.968750 -795.285034 -1.000000
4.685496 4.817443 339.171578 2964.898193 -348.683319 -1.000000
4.685618 4.817573 339.204028 2964.885010 136.088165 -1.000000
4.685740 4.817702 339.236476 2964.932129 640.515808 -1.000000
4.685862 4.817832 339.268922 2965.041260 1145.592529 -1.000000
4.685985 4.817962 339.301366 2965.211426 1632.112305 -1.000000
4.686107 4.818092 339.333809 2965.438721 2081.509766 -1.000000
4.686229 4.818221 339.366249 2965.718018 2476.208008 -1.000000
4.686351 4.818351 339.398688 2966.041260 2800.214111 -1.000000
4.686473 4.818481 339.431126 2966.398926 3040.273193 -1.000000
4.686595 4.818610 339.463561 2966.780273 3186.095215 -1.000000
4.686718 4.818740 339.495995 2967.173096 3231.325439 -1.000000
4.686840 4.818870 339.528427 2967.565430 3174.033203 -1.000000
4.686962 4.818999 339.560857 2967.944336 3016.756836 -1.000000
4.687084 4.819129 339.593286 2968.298096 2766.300537 -1.000000
4.687206 4.819258 339.625712 2968.616455 2433.133057 -1.000000
4.687328 4.819388 339.658137 2968.889648 2031.009888 -1.000000
4.687450 4.819517 339.690560 2969.110352 1576.097290 -1.000000
4.687572 4.819647 339.722982 2969.272949 1086.057983 -1.000000
4.687694 4.819776 339.755401 2969.374512 579.648987 -1.000000
4.687816 4.819906 339.787819 2969.414551 75.915077 -1.000000
4.687938 4.820035 339.820235 2969.394043 -406.049744 -1.000000
4.688060 4.820165 339.852650 2969.316895 -847.764160 -1.000000
4.688182 4.820294 339.885062 2969.189453 -1231.737427 -1.000000
4.688304 4.820424 339.917473 2969.019775 -1542.671997 -1.000000
4.688426 4.820553 339.949882 2968.816895 -1767.569946 -1.000000
4.688548 4.820683 339.982289 2968.592773 -1896.849365 -1.000000
4.688670 4.820812 340.014695 2968.358643 -1924.759033 -1.000000
4.688792 4.820941 340.047099 2968.127686 -1850.172852 -1.000000
4.688914 4.821071 340.079500 2967.911621 -1676.265137 -1.000000
4.689036 4.821200 340.111901 2967.722412 -1410.409546 -1.000000
4.689157 4.821329 340.144299 2967.571045 -1064.030029 -1.000000
4.689279 4.821459 340.176696 2967.466064 -651.245728 -1.000000
4.689401 4.821588 340.209091 2967.414551 -188.517441 -1.000000
4.689523 4.821717 340.241484 2967.421631 306.193329 -1.000000
4.689645 4.821846 340.273875 2967.489746 814.022705 -1.000000
4.689766 4.821976 340.306265 2967.619629 1315.906128 -1.000000
4.689888 4.822105 340.338653 2967.809082 1792.787231 -1.000000
4.690010 4.822234 340.371039 2968.054199 2226.353271 -1.000000
4.690132 4.822363 340.403423 2968.348633 2599.406250 -1.000000
4.690253 4.822492 340.435806 2968.683838 2896.850830 -1.000000
4.690375 4.822622 340.468187 2969.050293 3106.227783 -1.000000
4.690497 4.822751 340.500566 2969.436035 3218.559326 -1.000000
4.690618 4.822880 340.532943 2969.829346 3228.897705 -1.000000
4.690740 4.823009 340.565319 2970.217529 3136.857910 -1.000000
4.690862 4.823138 340.597693 2970.588379 2946.439209 -1.000000
4.690983 4.823267 340.630065 2970.930420 2665.774658 -1.000000
4.691105 4.823396 340.662435 2971.233398 2306.686279 -1.000000
4.691227 4.823525 340.694804 2971.488770 1883.849243 -1.000000
4.691348 4.823654 340.727170 2971.689941 1413.831177 -1.000000
4.691470 4.823783 340.759535 2971.831787 914.922485 -1.000000
4.691591 4.823912 340.791899 2971.912109 406.068848 -1.000000
4.691713 4.824041 340.824260 2971.931152 -93.573853 -1.000000
4.691834 4.824170 340.856620 2971.890625 -564.995972 -1.000000
4.691956 4.824299 340.888978 2971.795654 -989.886230 -1.000000
4.692077 4.824428 340.921334 2971.652588 -1351.543457 -1.000000
4.692199 4.824557 340.953689 2971.470215 -1635.026611 -1.000000
4.692320 4.824686 340.986041 2971.258789 -1828.415161 -1.000000
4.692442 4.824815 341.018392 2971.030029 -1923.604980 -1.000000
4.692563 4.824944 341.050742 2970.795654 -1916.201660 -1.000000
4.692684 4.825073 341.083089 2970.568604 -1806.615479 -1.000000
4.692806 4.825202 341.115435 2970.360840 -1599.668945 -1.000000
4.692927 4.825330 341.147779 2970.183838 -1304.276611 -1.000000
4.693049 4.825459 341.180121 2970.047119 -932.617493 -1.000000
4.693170 4.825588 341.212462 2969.959717 -499.753265 -1.000000
4.693291 4.825717 341.244800 2969.927734 -22.823154 -1.000000
4.693413 4.825846 341.277137 2969.955322 479.751251 -1.000000
4.693534 4.825974 341.309472 2970.044434 988.903259 -1.000000
4.693655 4.826103 341.341806 2970.194824 1485.411987 -1.000000
4.693777 4.826232 341.374138 2970.403564 1950.511230 -1.000000
4.693898 4.826361 341.406467 2970.665771 2365.983643 -1.000000
4.694019 4.826489 341.438796 2970.974609 2715.414795 -1.000000
4.694140 4.826618 341.471122 2971.321045 2984.432373 -1.000000
4.694262 4.826747 341.503447 2971.694336 3161.601807 -1.000000
4.694383 4.826875 341.535770 2972.083008 3239.426270 -1.000000
4.694504 4.827004 341.568091 2972.475342 3214.432373 -1.000000
4.694625 4.827132 341.600410 2972.858154 3087.677246 -1.000000
4.694746 4.827261 341.632728 2973.219727 2864.671875 -1.000000
4.694867 4.827390 341.665044 2973.548828 2554.798096 -1.000000
4.694989 4.827518 341.697358 2973.835938 2171.093262 -1.000000
4.695110 4.827647 341.729671 2974.072998 1728.907715 -1.000000
4.695231 4.827775 341.761981 2974.253418 1245.671387 -1.000000
4.695352 4.827904 341.794290 2974.373779 739.957581 -1.000000
4.695473 4.828032 341.826598 2974.432861 230.776703 -1.000000
4.695594 4.828161 341.858903 2974.430664 -262.393463 -1.000000
4.695715 4.828289 341.891207 2974.370605 -720.856323 -1.000000
4.695836 4.828418 341.923509 2974.258057 -1126.677612 -1.000000
4.695957 4.828546 341.955809 2974.100586 -1463.660522 -1.000000
4.696078 4.828675 341.988107 2973.906982 -1717.871094 -1.000000
4.696199 4.828803 342.020404 2973.688477 -1878.572754 -1.000000
4.696320 4.828932 342.052699 2973.456299 -1938.753174 -1.000000
4.696441 4.829060 342.084992 2973.223389 -1895.778442 -1.000000
4.696562 4.829188 342.117284 2973.001709 -1751.521973 -1.000000
4.696683 4.829317 342.149573 2972.803223 -1512.244141 -1.000000
4.696804 4.829445 342.181861 2972.639160 -1188.023926 -1.000000
4.696925 4.829573 342.214148 2972.518555 -792.367798 -1.000000
4.697046 4.829702 342.246432 2972.449463 -341.133606 -1.000000
4.697167 4.829830 342.278715 2972.437256 148.092484 -1.000000
4.697287 4.829958 342.310996 2972.485840 656.580627 -1.000000
4.697408 4.830086 342.343275 2972.595947 1164.945801 -1.000000
4.697529 4.830215 342.375553 2972.766357 1654.136475 -1.000000
4.697650 4.830343 342.407829 2972.993896 2105.341309 -1.000000
4.697771 4.830471 342.440103 2973.272461 2500.881104 -1.000000
4.697892 4.830599 342.472375 2973.594971 2824.921387 -1.000000
4.698012 4.830728 342.504645 2973.951416 3063.927246 -1.000000
4.698133 4.830856 342.536914 2974.331055 3207.816650 -1.000000
4.698254 4.830984 342.569181 2974.722168 3250.244385 -1.000000
4.698375 4.831112 342.601447 2975.112061 3189.264648 -1.000000
4.698495 4.831240 342.633710 2975.488525 3027.642578 -1.000000
4.698616 4.831368 342.665972 2975.839355 2772.380371 -1.000000
4.698737 4.831496 342.698232 2976.154297 2434.207031 -1.000000
4.698857 4.831625 342.730490 2976.424072 2027.087646 -1.000000
4.698978 4.831753 342.762747 2976.641357 1567.237671 -1.000000
4.699099 4.831881 342.795002 2976.801025 1072.606079 -1.000000
4.699219 4.832009 342.827255 2976.899902 561.976685 -1.000000
4.699340 4.832137 342.859507 2976.936768 54.851936 -1.000000
4.699460 4.832265 342.891756 2976.914062 -429.786346 -1.000000
4.699581 4.832393 342.924004 2976.835205 -873.278015 -1.000000
4.699702 4.832521 342.956250 2976.706055 -1258.126099 -1.000000
4.699822 4.832649 342.988495 2976.534668 -1568.712646 -1.000000
4.699943 4.832777 343.020737 2976.331299 -1792.145264 -1.000000
4.700063 4.832905 343.052978 2976.106689 -1918.979370 -1.000000
4.700184 4.833032 343.085218 2975.872559 -1943.454590 -1.000000
4.700304 4.833160 343.117455 2975.642090 -1864.615845 -1.000000
4.700425 4.833288 343.149691 2975.427246 -1685.913940 -1.000000
4.700545 4.833416 343.181925 2975.239746 -1415.078369 -1.000000
4.700666 4.833544 343.214157 2975.089600 -1063.442383 -1.000000
4.700786 4.833672 343.246388 2974.986328 -645.470581 -1.000000
4.700907 4.833800 343.278617 2974.936279 -177.675842 -1.000000
4.701027 4.833927 343.310844 2974.944580 321.653503 -1.000000
4.701147 4.834055 343.343069 2975.013916 833.722046 -1.000000
4.701268 4.834183 343.375292 2975.144775 1339.114990 -1.000000
4.701388 4.834311 343.407514 2975.335205 1818.601440 -1.000000
4.701508 4.834439 343.439734 2975.581055 2253.535889 -1.000000
4.701629 4.834566 343.471953 2975.875488 2626.919189 -1.000000
4.701749 4.834694 343.504170 2976.210449 2923.484863 -1.000000
4.701869 4.834822 343.536384 2976.575684 3130.805908 -1.000000
4.701990 4.834949 343.568598 2976.959961 3240.124023 -1.000000
4.702110 4.835077 343.600809 2977.351318 3246.544678 -1.000000
4.702230 4.835205 343.633019 2977.737061 3149.762695 -1.000000
4.702351 4.835332 343.665227 2978.104736 2954.092041 -1.000000
4.702471 4.835460 343.697433 2978.443359 2668.087646 -1.000000
4.702591 4.835588 343.729638 2978.742920 2303.494629 -1.000000
4.702711 4.835715 343.761840 2978.994629 1875.239624 -1.000000
4.702831 4.835843 343.794041 2979.191895 1400.337524 -1.000000
4.702952 4.835970 343.826241 2979.330078 896.957397 -1.000000
4.703072 4.836098 343.858438 2979.406982 384.437866 -1.000000
4.703192 4.836225 343.890634 2979.422852 -118.035721 -1.000000
4.703312 4.836353 343.922828 2979.379883 -591.186157 -1.000000
4.703432 4.836480 343.955021 2979.282959 -1016.950012 -1.000000
4.703552 4.836608 343.987211 2979.138672 -1378.411499 -1.000000
4.703672 4.836735 344.019400 2978.955322 -1660.676514 -1.000000
4.703792 4.836863 344.051588 2978.743652 -1852.035522 -1.000000
4.703912 4.836990 344.083773 2978.514893 -1944.098022 -1.000000
4.704033 4.837118 344.115957 2978.281250 -1932.859497 -1.000000
4.704153 4.837245 344.148139 2978.054932 -1818.814941 -1.000000
4.704273 4.837373 344.180319 2977.848389 -1606.982178 -1.000000
4.704393 4.837500 344.212498 2977.672852 -1306.329346 -1.000000
4.704513 4.837627 344.244674 2977.538086 -929.426086 -1.000000
4.704633 4.837755 344.276850 2977.452393 -491.527283 -1.000000
4.704753 4.837882 344.309023 2977.421875 -9.792516 -1.000000
4.704872 4.838009 344.341195 2977.450684 497.188019 -1.000000
4.704992 4.838137 344.373365 2977.541016 1010.238403 -1.000000
4.705112 4.838264 344.405533 2977.692383 1509.895752 -1.000000
4.705232 4.838391 344.437699 2977.901855 1976.975952 -1.000000
4.705352 4.838519 344.469864 2978.164307 2393.451172 -1.000000
4.705472 4.838646 344.502027 2978.473145 2742.774414 -1.000000
4.705592 4.838773 344.534188 2978.818604 3010.515869 -1.000000
4.705712 4.838900 344.566348 2979.190918 3185.399658 -1.000000
4.705832 4.839027 344.598506 2979.578125 3259.873047 -1.000000
4.705951 4.839155 344.630662 2979.967773 3230.713379 -1.000000
4.706071 4.839282 344.662816 2980.347900 3099.213379 -1.000000
4.706191 4.839409 344.694969 2980.706299 2871.108398 -1.000000
4.706311 4.839536 344.727120 2981.032471 2555.950928 -1.000000
4.706431 4.839663 344.759269 2981.315918 2166.775146 -1.000000
4.706550 4.839790 344.791416 2981.549072 1719.439087 -1.000000
4.706670 4.839917 344.823562 2981.726318 1231.342285 -1.000000
4.706790 4.840045 344.855706 2981.843506 721.314636 -1.000000
4.706909 4.840172 344.887848 2981.899170 208.497238 -1.000000
4.707029 4.840299 344.919989 2981.894043 -287.382721 -1.000000
4.707149 4.840426 344.952128 2981.831543 -747.609558 -1.000000
4.707268 4.840553 344.984265 2981.717041 -1154.049927 -1.000000
4.707388 4.840680 345.016400 2981.558105 -1490.477051 -1.000000
4.707508 4.840807 345.048534 2981.363770 -1743.140625 -1.000000
4.707627 4.840934 345.080666 2981.145020 -1901.211060 -1.000000
4.707747 4.841061 345.112796 2980.913086 -1957.937378 -1.000000
4.707867 4.841188 345.144925 2980.680908 -1910.877808 -1.000000
4.707986 4.841315 345.177052 2980.460449 -1761.917114 -1.000000
4.708106 4.841441 345.209177 2980.263428 -1517.566772 -1.000000
4.708225 4.841568 345.241300 2980.100830 -1188.148315 -1.000000
4.708345 4.841695 345.273422 2979.982178 -787.278137 -1.000000
4.708464 4.841822 345.305542 2979.914795 -331.079132 -1.000000
4.708584 4.841949 345.337660 2979.904541 162.642532 -1.000000
4.708703 4.842076 345.369776 2979.954590 675.023865 -1.000000
4.708823 4.842203 345.401891 2980.066162 1186.581421 -1.000000
4.708942 4.842330 345.434004 2980.237549 1677.984863 -1.000000
4.709062 4.842456 345.466116 2980.465332 2130.459473 -1.000000
4.709181 4.842583 345.498225 2980.744141 2526.273438 -1.000000
4.709301 4.842710 345.530333 2981.065918 2849.440186 -1.000000
4.709420 4.842837 345.562439 2981.421387 3086.594482 -1.000000
4.709539 4.842963 345.594544 2981.799316 3227.642090 -1.000000
4.709659 4.843090 345.626646 2982.187744 3266.471680 -1.000000
4.709778 4.843217 345.658747 2982.574951 3201.390625 -1.000000
4.709897 4.843344 345.690847 2982.948242 3035.147705 -1.000000
4.710017 4.843470 345.722944 2983.295654 2774.979980 -1.000000
4.710136 4.843597 345.755040 2983.607178 2431.782227 -1.000000
4.710255 4.843724 345.787134 2983.873291 2019.718628 -1.000000
4.710375 4.843850 345.819227 2984.086914 1555.244141 -1.000000
4.710494 4.843977 345.851318 2984.243164 1056.450195 -1.000000
4.710613 4.844103 345.883407 2984.338623 542.244385 -1.000000
4.710733 4.844230 345.915494 2984.372559 32.241959 -1.000000
4.710852 4.844357 345.947579 2984.346924 -454.250977 -1.000000
4.710971 4.844483 345.979663 2984.265625 -898.495056 -1.000000
4.711090 4.844610 346.011745 2984.134766 -1282.968628 -1.000000
4.711209 4.844736 346.043826 2983.962646 -1592.164551 -1.000000
4.711329 4.844863 346.075905 2983.758789 -1813.194946 -1.000000
4.711448 4.844989 346.107982 2983.534424 -1936.716797 -1.000000
4.711567 4.845116 346.140057 2983.301270 -1957.254272 -1.000000
4.711686 4.845242 346.172130 2983.072266 -1874.027710 -1.000000
4.711805 4.845369 346.204202 2982.858887 -1690.545166 -1.000000
4.711924 4.845495 346.236272 2982.673096 -1414.708252 -1.000000
4.712043 4.845622 346.268341 2982.525146 -1058.113770 -1.000000
4.712162 4.845748 346.300408 2982.423584 -635.251587 -1.000000
4.712281 4.845874 346.332473 2982.375977 -163.092484 -1.000000
4.712401 4.846001 346.364536 2982.386475 340.025024 -1.000000
4.712520 4.846127 346.396597 2982.457764 855.029114 -1.000000
4.712639 4.846253 346.428657 2982.589844 1362.533691 -1.000000
4.712758 4.846380 346.460715 2982.781006 1843.119751 -1.000000
4.712877 4.846506 346.492772 2983.026611 2278.423584 -1.000000
4.712996 4.846632 346.524827 2983.320557 2651.138428 -1.000000
4.713115 4.846759 346.556880 2983.654297 2946.084473 -1.000000
4.713234 4.846885 346.588931 2984.017822 3150.954346 -1.000000
4.713352 4.847011 346.620981 2984.399658 3257.001709 -1.000000
4.713471 4.847138 346.653028 2984.788330 3259.632324 -1.000000
4.713590 4.847264 346.685075 2985.170654 3158.603027 -1.000000
4.713709 4.847390 346.717119 2985.535400 2958.268799 -1.000000
4.713828 4.847516 346.749162 2985.870605 2667.268311 -1.000000
4.713947 4.847642 346.781203 2986.166504 2297.816406 -1.000000
4.714066 4.847769 346.813242 2986.414551 1864.848389 -1.000000
4.714185 4.847895 346.845280 2986.607910 1385.536621 -1.000000
4.714304 4.848021 346.877316 2986.742676 878.409363 -1.000000
4.714422 4.848147 346.909350 2986.816406 362.727936 -1.000000
4.714541 4.848273 346.941383 2986.829346 -141.994751 -1.000000
4.714660 4.848399 346.973413 2986.783936 -616.671936 -1.000000
4.714779 4.848525 347.005443 2986.684814 -1042.683960 -1.000000
4.714897 4.848651 347.037470 2986.538818 -1403.222656 -1.000000
4.715016 4.848778 347.069496 2986.354492 -1683.641846 -1.000000
4.715135 4.848904 347.101520 2986.142578 -1871.958740 -1.000000
4.715254 4.849030 347.133542 2985.914062 -1960.207886 -1.000000
4.715372 4.849156 347.165563 2985.681396 -1944.499512 -1.000000
4.715491 4.849282 347.197581 2985.456787 -1825.502686 -1.000000
4.715610 4.849408 347.229599 2985.251953 -1608.355957 -1.000000
4.715728 4.849534 347.261614 2985.078125 -1302.316650 -1.000000
4.715847 4.849660 347.293628 2984.945312 -920.066284 -1.000000
4.715966 4.849786 347.325640 2984.862061 -477.143799 -1.000000
4.716084 4.849911 347.357650 2984.833984 8.944454 -1.000000
4.716203 4.850037 347.389659 2984.865479 519.577698 -1.000000
4.716321 4.850163 347.421666 2984.957520 1035.367676 -1.000000
4.716440 4.850289 347.453671 2985.110107 1536.718262 -1.000000
4.716559 4.850415 347.485674 2985.320557 2004.607422 -1.000000
4.716677 4.850541 347.517676 2985.583496 2420.671631 -1.000000
4.716796 4.850667 347.549676 2985.891846 2768.396240 -1.000000
4.716914 4.850793 347.581675 2986.236572 3033.546875 -1.000000
4.717033 4.850918 347.613672 2986.606934 3204.915283 -1.000000
4.717151 4.851044 347.645667 2986.992188 3275.025635 -1.000000
4.717270 4.851170 347.677660 2987.379395 3240.877197 -1.000000
4.717388 4.851296 347.709652 2987.756104 3103.916260 -1.000000
4.717507 4.851421 347.741641 2988.110840 2869.960449 -1.000000
4.717625 4.851547 347.773630 2988.432373 2549.199951 -1.000000
4.717743 4.851673 347.805616 2988.711670 2154.880371 -1.000000
4.717862 4.851799 347.837601 2988.940186 1702.718628 -1.000000
4.717980 4.851924 347.869584 2989.113037 1210.611084 -1.000000
4.718099 4.852050 347.901565 2989.226074 697.324219 -1.000000
4.718217 4.852176 347.933545 2989.278076 182.294006 -1.000000
4.718335 4.852301 347.965523 2989.269775 -314.977509 -1.000000
4.718454 4.852427 347.997500 2989.204834 -775.276672 -1.000000
4.718572 4.852553 348.029474 2989.088623 -1180.852539 -1.000000
4.718690 4.852678 348.061447 2988.928467 -1515.419556 -1.000000
4.718809 4.852804 348.093418 2988.733643 -1765.052368 -1.000000
4.718927 4.852929 348.125388 2988.514648 -1919.196045 -1.000000
4.719045 4.853055 348.157356 2988.283447 -1971.244995 -1.000000
4.719163 4.853180 348.189322 2988.052246 -1918.751221 -1.000000
4.719282 4.853306 348.221286 2987.833740 -1764.235229 -1.000000
4.719400 4.853432 348.253249 2987.639160 -1514.181030 -1.000000
4.719518 4.853557 348.285210 2987.479004 -1179.219849 -1.000000
4.719636 4.853683 348.317169 2987.363037 -773.162476 -1.000000
4.719755 4.853808 348.349127 2987.298584 -312.229095 -1.000000
4.719873 4.853933 348.381083 2987.291016 185.471863 -1.000000
4.719991 4.854059 348.413037 2987.343262 700.927979 -1.000000
4.720109 4.854184 348.444990 2987.456543 1214.669312 -1.000000
4.720227 4.854310 348.476940 2987.629395 1707.212524 -1.000000
4.720345 4.854435 348.508890 2987.858643 2159.558594 -1.000000
4.720463 4.854561 348.540837 2988.137695 2553.923096 -1.000000
4.720581 4.854686 348.572783 2988.458984 2874.560303 -1.000000
4.720700 4.854811 348.604727 2988.813232 3108.125244 -1.000000
4.720818 4.854937 348.636669 2989.189209 3244.669678 -1.000000
4.720936 4.855062 348.668610 2989.574951 3278.349365 -1.000000
4.721054 4.855187 348.700549 2989.958740 3207.706299 -1.000000
4.721172 4.855313 348.732486 2990.328125 3035.700928 -1.000000
4.721290 4.855438 348.764422 2990.671631 2769.662109 -1.000000
4.721408 4.855563 348.796356 2990.978760 2420.869385 -1.000000
4.721526 4.855688 348.828288 2991.240479 2003.556519 -1.000000
4.721644 4.855814 348.860218 2991.449707 1534.439331 -1.000000
4.721762 4.855939 348.892147 2991.601318 1031.741089 -1.000000
4.721880 4.856064 348.924074 2991.692627 514.657166 -1.000000
4.721997 4.856189 348.956000 2991.723145 2.760288 -1.000000
4.722115 4.856314 348.987924 2991.694580 -484.555359 -1.000000
4.722233 4.856440 349.019846 2991.610840 -928.594788 -1.000000
4.722351 4.856565 349.051766 2991.478027 -1311.631104 -1.000000
4.722469 4.856690 349.083685 2991.304443 -1618.216919 -1.000000
4.722587 4.856815 349.115602 2991.100098 -1835.610229 -1.000000
4.722705 4.856940 349.147517 2990.875732 -1954.487915 -1.000000
4.722823 4.857065 349.179431 2990.643799 -1969.750854 -1.000000
4.722940 4.857190 349.211342 2990.415771 -1880.685913 -1.000000
4.723058 4.857315 349.243253 2990.204590 -1691.053589 -1.000000
4.723176 4.857441 349.275161 2990.020996 -1409.049194 -1.000000
4.723294 4.857566 349.307068 2989.875732 -1046.544312 -1.000000
4.723411 4.857691 349.338973 2989.777100 -618.261353 -1.000000
4.723529 4.857816 349.370877 2989.731934 -141.178009 -1.000000
4.723647 4.857941 349.402778 2989.744873 366.128876 -1.000000
4.723765 4.858066 349.434679 2989.818604 884.323975 -1.000000
4.723882 4.858191 349.466577 2989.952881 1393.907104 -1.000000
4.724000 4.858315 349.498474 2990.145508 1875.398438 -1.000000
4.724118 4.858440 349.530369 2990.392090 2310.275879 -1.000000
4.724235 4.858565 349.562262 2990.686523 2681.310059 -1.000000
4.724353 4.858690 349.594154 2991.020020 2973.350342 -1.000000
4.724471 4.858815 349.626044 2991.382812 3174.114258 -1.000000
4.724588 4.858940 349.657932 2991.762939 3275.041504 -1.000000
4.724706 4.859065 349.689819 2992.148926 3271.772949 -1.000000
4.724823 4.859190 349.721703 2992.528320 3164.400879 -1.000000
4.724941 4.859315 349.753587 2992.889160 2957.614258 -1.000000
4.725059 4.859439 349.785468 2993.219971 2660.286377 -1.000000
4.725176 4.859564 349.817348 2993.511230 2284.729980 -1.000000
4.725294 4.859689 349.849226 2993.754639 1846.271973 -1.000000
4.725411 4.859814 349.881103 2993.943359 1362.149536 -1.000000
4.725529 4.859939 349.912977 2994.073730 851.035034 -1.000000
4.725646 4.860063 349.944851 2994.143311 332.340179 -1.000000
4.725764 4.860188 349.976722 2994.152100 -174.214111 -1.000000
4.725881 4.860313 350.008592 2994.103516 -649.305725 -1.000000
4.725999 4.860438 350.040460 2994.001465 -1074.481445 -1.000000
4.726116 4.860562 350.072326 2993.853271 -1432.854004 -1.000000
4.726234 4.860687 350.104191 2993.667725 -1709.680542 -1.000000
4.726351 4.860812 350.136054 2993.455078 -1893.289673 -1.000000
4.726468 4.860936 350.167915 2993.227051 -1975.959229 -1.000000
4.726586 4.861061 350.199775 2992.995361 -1954.075439 -1.000000
4.726703 4.861185 350.231633 2992.772217 -1828.458008 -1.000000
4.726820 4.861310 350.263489 2992.570068 -1604.693237 -1.000000
4.726938 4.861435 350.295344 2992.399414 -1292.227661 -1.000000
4.727055 4.861559 350.327197 2992.270020 -904.129517 -1.000000
4.727172 4.861684 350.359048 2992.189697 -455.959991 -1.000000
4.727290 4.861808 350.390897 2992.164795 34.587570 -1.000000
4.727407 4.861933 350.422745 2992.198975 548.652222 -1.000000
4.727524 4.862057 350.454591 2992.293701 1066.819946 -1.000000
4.727642 4.862182 350.486436 2992.448486 1569.333252 -1.000000
4.727759 4.862306 350.518279 2992.660400 2037.053345 -1.000000
4.727876 4.862431 350.550120 2992.924072 2451.791016 -1.000000
4.727993 4.862555 350.581959 2993.232422 2796.927002 -1.000000
4.728111 4.862680 350.613797 2993.576416 3058.248535 -1.000000
4.728228 4.862804 350.645633 2993.945557 3224.666504 -1.000000
4.728345 4.862929 350.677468 2994.327881 3289.205322 -1.000000
4.728462 4.863053 350.709300 2994.711914 3248.942383 -1.000000
4.728579 4.863178 350.741132 2995.084961 3105.676270 -1.000000
4.728696 4.863302 350.772961 2995.435547 2865.498291 -1.000000
4.728814 4.863426 350.804789 2995.752930 2538.570068 -1.000000
4.728931 4.863551 350.836615 2996.027344 2138.384521 -1.000000
4.729048 4.863675 350.868439 2996.251465 1681.069092 -1.000000
4.729165 4.863799 350.900262 2996.419434 1184.523804 -1.000000
4.729282 4.863924 350.932083 2996.527832 667.837524 -1.000000
4.729399 4.864048 350.963902 2996.575684 150.543411 -1.000000
4.729516 4.864172 350.995720 2996.563965 -347.655945 -1.000000
4.729633 4.864296 351.027536 2996.495850 -807.777710 -1.000000
4.729750 4.864421 351.059350 2996.376953 -1211.863159 -1.000000
4.729867 4.864545 351.091163 2996.215088 -1543.441162 -1.000000
4.729984 4.864669 351.122974 2996.019287 -1789.034058 -1.000000
4.730101 4.864793 351.154783 2995.800293 -1938.112305 -1.000000
4.730218 4.864918 351.186590 2995.570068 -1984.305542 -1.000000
4.730335 4.865042 351.218396 2995.340332 -1925.556152 -1.000000
4.730452 4.865166 351.250201 2995.123535 -1764.379272 -1.000000
4.730569 4.865290 351.282003 2994.931396 -1507.694824 -1.000000
4.730686 4.865414 351.313804 2994.774170 -1166.370361 -1.000000
4.730803 4.865538 351.345603 2994.661377 -754.491455 -1.000000
4.730920 4.865662 351.377401 2994.599854 -288.432343 -1.000000
4.731036 4.865787 351.409197 2994.595215 213.607193 -1.000000
4.731153 4.865911 351.440991 2994.650391 732.344421 -1.000000
4.731270 4.866035 351.472784 2994.766357 1248.164795 -1.000000
4.731387 4.866159 351.504574 2994.941406 1741.410522 -1.000000
4.731504 4.866283 351.536364 2995.171631 2193.248779 -1.000000
4.731621 4.866407 351.568151 2995.451416 2585.886475 -1.000000
4.731737 4.866531 351.599937 2995.772705 2903.460938 -1.000000
4.731854 4.866655 351.631721 2996.125977 3132.836182 -1.000000
4.731971 4.866779 351.663504 2996.500488 3264.099365 -1.000000
4.732088 4.866903 351.695284 2996.884277 3291.633789 -1.000000
4.732204 4.867027 351.727064 2997.264893 3214.334717 -1.000000
4.732321 4.867151 351.758841 2997.630615 3035.426514 -1.000000
4.732438 4.867275 351.790617 2997.969727 2762.571533 -1.000000
4.732554 4.867398 351.822391 2998.271973 2407.282959 -1.000000
4.732671 4.867522 351.854164 2998.528809 1984.097656 -1.000000
4.732788 4.867646 351.885934 2998.733154 1509.801880 -1.000000
4.732905 4.867770 351.917703 2998.879883 1002.955444 -1.000000
4.733021 4.867894 351.949471 2998.966797 482.736328 -1.000000
4.733138 4.868018 351.981237 2998.992920 -31.074446 -1.000000
4.733254 4.868142 352.013001 2998.960693 -519.010925 -1.000000
4.733371 4.868265 352.044763 2998.874023 -962.192810 -1.000000
4.733488 4.868389 352.076524 2998.738770 -1343.068604 -1.000000
4.733604 4.868513 352.108283 2998.563721 -1646.168945 -1.000000
4.733721 4.868637 352.140041 2998.358643 -1858.869019 -1.000000
4.733837 4.868761 352.171796 2998.134521 -1972.103882 -1.000000
4.733954 4.868884 352.203551 2997.903076 -1981.031494 -1.000000
4.734070 4.869008 352.235303 2997.676758 -1885.127197 -1.000000
4.734187 4.869132 352.267054 2997.467529 -1688.533447 -1.000000
4.734303 4.869255 352.298803 2997.286865 -1399.705200 -1.000000
4.734420 4.869379 352.330550 2997.144775 -1030.736206 -1.000000
4.734536 4.869503 352.362296 2997.049316 -596.650024 -1.000000
4.734653 4.869626 352.394040 2997.007568 -114.651909 -1.000000
4.734769 4.869750 352.425783 2997.023682 396.744385 -1.000000
4.734886 4.869874 352.457524 2997.100342 917.825500 -1.000000
4.735002 4.869997 352.489263 2997.237305 1428.990601 -1.000000
4.735118 4.870121 352.521000 2997.432129 1910.665894 -1.000000
4.735235 4.870245 352.552736 2997.680420 2344.298828 -1.000000
4.735351 4.870368 352.584470 2997.975342 2712.616211 -1.000000
4.735468 4.870492 352.616203 2998.308594 3000.596191 -1.000000
4.735584 4.870615 352.647933 2998.670166 3196.168213 -1.000000
4.735700 4.870739 352.679662 2999.048584 3290.979980 -1.000000
4.735817 4.870862 352.711390 2999.431641 3280.865967 -1.000000
4.735933 4.870986 352.743116 2999.807373 3166.350586 -1.000000
4.736049 4.871109 352.774840 3000.164307 2952.336670 -1.000000
4.736165 4.871233 352.806562 3000.490723 2647.963379 -1.000000
4.736282 4.871356 352.838283 3000.776855 2265.939209 -1.000000
4.736398 4.871480 352.870002 3001.015137 1821.642822 -1.000000
4.736514 4.871603 352.901720 3001.198975 1332.643066 -1.000000
4.736630 4.871727 352.933436 3001.324219 817.757507 -1.000000
4.736747 4.871850 352.965150 3001.388916 296.474274 -1.000000
4.736863 4.871973 352.996862 3001.393799 -211.255249 -1.000000
4.736979 4.872097 353.028573 3001.341309 -686.215759 -1.000000
4.737095 4.872220 353.060282 3001.236572 -1109.819336 -1.000000
4.737211 4.872343 353.091990 3001.086182 -1465.246338 -1.000000
4.737327 4.872467 353.123696 3000.899170 -1737.788818 -1.000000
4.737444 4.872590 353.155400 3000.686279 -1916.053833 -1.000000
4.737560 4.872713 353.187103 3000.458252 -1992.427246 -1.000000
4.737676 4.872837 353.218803 3000.227783 -1963.543213 -1.000000
4.737792 4.872960 353.250503 3000.006592 -1830.741455 -1.000000
4.737908 4.873083 353.282200 2999.806641 -1599.587646 -1.000000
4.738024 4.873206 353.313896 2999.638916 -1280.064697 -1.000000
4.738140 4.873330 353.345590 2999.512695 -885.240967 -1.000000
4.738256 4.873453 353.377283 2999.435791 -431.137909 -1.000000
4.738372 4.873576 353.408974 2999.414307 64.471291 -1.000000
4.738488 4.873699 353.440663 2999.451904 582.460815 -1.000000
4.738604 4.873822 353.472351 2999.549805 1103.132202 -1.000000
4.738720 4.873946 353.504037 2999.707275 1606.783447 -1.000000
4.738836 4.874069 353.535721 2999.921143 2074.252686 -1.000000
4.738952 4.874192 353.567404 3000.186279 2487.125488 -1.000000
4.739068 4.874315 353.599085 3000.495361 2828.897705 -1.000000
4.739184 4.874438 353.630764 3000.839111 3085.551025 -1.000000
4.739300 4.874561 353.662442 3001.207275 3246.201660 -1.000000
4.739416 4.874684 353.694118 3001.587891 3303.860596 -1.000000
4.739532 4.874807 353.725792 3001.968994 3256.133789 -1.000000
4.739648 4.874930 353.757465 3002.338623 3104.964111 -1.000000
4.739763 4.875054 353.789136 3002.685059 2856.935547 -1.000000
4.739879 4.875177 353.820805 3002.997314 2522.508057 -1.000000
4.739995 4.875300 353.852473 3003.266357 2115.488770 -1.000000
4.740111 4.875423 353.884139 3003.485107 1652.324707 -1.000000
4.740227 4.875546 353.915803 3003.647705 1150.989014 -1.000000
4.740343 4.875669 353.947466 3003.750977 630.754517 -1.000000
4.740458 4.875791 353.979127 3003.793701 111.391495 -1.000000
4.740574 4.875914 354.010787 3003.777344 -387.529175 -1.000000
4.740690 4.876037 354.042444 3003.705322 -846.593384 -1.000000
4.740806 4.876160 354.074101 3003.583496 -1248.029053 -1.000000
4.740921 4.876283 354.105755 3003.419434 -1575.636963 -1.000000
4.741037 4.876406 354.137408 3003.222168 -1815.759521 -1.000000
4.741153 4.876529 354.169059 3003.002930 -1958.405273 -1.000000
4.741269 4.876652 354.200709 3002.773193 -1997.261963 -1.000000
4.741384 4.876775 354.232357 3002.545166 -1930.637329 -1.000000
4.741500 4.876897 354.264003 3002.330322 -1761.346558 -1.000000
4.741616 4.877020 354.295647 3002.141113 -1496.687256 -1.000000
4.741731 4.877143 354.327290 3001.987549 -1147.879150 -1.000000
4.741847 4.877266 354.358932 3001.878418 -729.113708 -1.000000
4.741962 4.877389 354.390571 3001.820801 -257.262909 -1.000000
4.742078 4.877511 354.422209 3001.819824 249.413345 -1.000000
4.742194 4.877634 354.453846 3001.878906 771.488098 -1.000000
4.742309 4.877757 354.485480 3001.998291 1289.132080 -1.000000
4.742425 4.877880 354.517113 3002.176025 1782.720703 -1.000000
4.742540 4.878002 354.548745 3002.408447 2233.248047 -1.000000
4.742656 4.878125 354.580374 3002.689697 2622.922852 -1.000000
4.742771 4.878248 354.612002 3003.011475 2936.025391 -1.000000
4.742887 4.878370 354.643629 3003.364502 3159.559326 -1.000000
4.743002 4.878493 354.675254 3003.737549 3283.884766 -1.000000
4.743118 4.878616 354.706877 3004.119141 3303.593262 -1.000000
4.743233 4.878738 354.738498 3004.496582 3217.937744 -1.000000
4.743349 4.878861 354.770118 3004.858398 3030.619385 -1.000000
4.743464 4.878983 354.801736 3005.193115 2749.425781 -1.000000
4.743580 4.879106 354.833353 3005.490234 2386.341064 -1.000000
4.743695 4.879229 354.864968 3005.741211 1956.263672 -1.000000
4.743810 4.879351 354.896581 3005.939697 1476.202881 -1.000000
4.743926 4.879474 354.928192 3006.080811 964.834778 -1.000000
4.744041 4.879596 354.959802 3006.162109 441.551941 -1.000000
4.744157 4.879719 354.991411 3006.183105 -73.778641 -1.000000
4.744272 4.879841 355.023017 3006.145996 -561.493591 -1.000000
4.744387 4.879964 355.054622 3006.055176 -1002.699158 -1.000000
4.744503 4.880086 355.086226 3005.916992 -1379.908325 -1.000000
4.744618 4.880209 355.117827 3005.739990 -1677.844604 -1.000000
4.744733 4.880331 355.149427 3005.533447 -1884.031006 -1.000000
4.744848 4.880454 355.181026 3005.309082 -1989.609619 -1.000000
4.744964 4.880576 355.212623 3005.078613 -1990.083862 -1.000000
4.745079 4.880698 355.244218 3004.854004 -1885.387207 -1.000000
4.745194 4.880821 355.275811 3004.647461 -1679.873657 -1.000000
4.745309 4.880943 355.307403 3004.470215 -1382.544922 -1.000000
4.745425 4.881066 355.338993 3004.332031 -1005.813416 -1.000000
4.745540 4.881188 355.370582 3004.241211 -564.969910 -1.000000
4.745655 4.881310 355.402169 3004.203857 -77.448654 -1.000000
4.745770 4.881433 355.433754 3004.224609 437.935791 -1.000000
4.745885 4.881555 355.465338 3004.305176 961.510498 -1.000000
4.746001 4.881677 355.496920 3004.445801 1473.512695 -1.000000
4.746116 4.881799 355.528500 3004.643555 1954.334473 -1.000000
4.746231 4.881922 355.560079 3004.893799 2385.385498 -1.000000
4.746346 4.882044 355.591656 3005.190186 2749.407227 -1.000000
4.746461 4.882166 355.623231 3005.523926 3031.517578 -1.000000
4.746576 4.882288 355.654805 3005.884766 3220.033691 -1.000000
4.746691 4.882411 355.686377 3006.261475 3306.692139 -1.000000
4.746806 4.882533 355.717947 3006.641846 3287.784424 -1.000000
4.746921 4.882655 355.749516 3007.013916 3164.147461 -1.000000
4.747036 4.882777 355.781083 3007.366211 2941.181152 -1.000000
4.747151 4.882899 355.812649 3007.687500 2628.220703 -1.000000
4.747266 4.883021 355.844213 3007.968018 2238.304443 -1.000000
4.747381 4.883144 355.875775 3008.199951 1787.214966 -1.000000
4.747496 4.883266 355.907336 3008.377197 1292.726685 -1.000000
4.747611 4.883388 355.938895 3008.496094 774.019714 -1.000000
4.747726 4.883510 355.970452 3008.554932 250.687576 -1.000000
4.747841 4.883632 356.002008 3008.554199 -257.368652 -1.000000
4.747956 4.883754 356.033562 3008.497070 -730.727844 -1.000000
4.748071 4.883876 356.065114 3008.388184 -1150.995239 -1.000000
4.748186 4.883998 356.096665 3008.234863 -1501.273315 -1.000000
4.748301 4.884120 356.128214 3008.046387 -1767.232056 -1.000000
4.748416 4.884242 356.159762 3007.832764 -1937.661987 -1.000000
4.748531 4.884364 356.191308 3007.604980 -2005.282349 -1.000000
4.748646 4.884486 356.222852 3007.375732 -1966.878052 -1.000000
4.748760 4.884608 356.254394 3007.156982 -1824.336060 -1.000000
4.748875 4.884730 356.285935 3006.960449 -1583.862793 -1.000000
4.748990 4.884852 356.317475 3006.796631 -1255.523315 -1.000000
4.749105 4.884974 356.349012 3006.674805 -852.823914 -1.000000
4.749220 4.885096 356.380548 3006.602783 -392.042633 -1.000000
4.749334 4.885218 356.412083 3006.586426 108.649414 -1.000000
4.749449 4.885340 356.443616 3006.628662 630.103333 -1.000000
4.749564 4.885461 356.475147 3006.730957 1152.510864 -1.000000
4.749679 4.885583 356.506676 3006.892334 1656.081055 -1.000000
4.749793 4.885705 356.538204 3007.109375 2121.390137 -1.000000
4.749908 4.885827 356.569730 3007.376709 2530.392578 -1.000000
4.750023 4.885949 356.601255 3007.687256 2866.536377 -1.000000
4.750137 4.886071 356.632778 3008.031250 3115.982666 -1.000000
4.750252 4.886192 356.664299 3008.398438 3268.104492 -1.000000
4.750367 4.886314 356.695819 3008.776855 3316.397949 -1.000000
4.750481 4.886436 356.727337 3009.154785 3258.771973 -1.000000
4.750596 4.886558 356.758853 3009.520020 3097.668701 -1.000000
4.750711 4.886679 356.790368 3009.861328 2840.097900 -1.000000
4.750825 4.886801 356.821881 3010.167725 2496.886475 -1.000000
4.750940 4.886923 356.853393 3010.430908 2082.001221 -1.000000
4.751055 4.887045 356.884903 3010.642822 1612.151611 -1.000000
4.751169 4.887166 356.916411 3010.798828 1105.830200 -1.000000
4.751284 4.887288 356.947918 3010.895508 582.224670 -1.000000
4.751398 4.887409 356.979423 3010.932617 61.242989 -1.000000
4.751513 4.887531 357.010926 3010.910889 -437.307404 -1.000000
4.751627 4.887653 357.042428 3010.834229 -894.317749 -1.000000
4.751742 4.887774 357.073928 3010.708496 -1291.742920 -1.000000
4.751856 4.887896 357.105426 3010.541504 -1613.444214 -1.000000
4.751971 4.888018 357.136923 3010.342285 -1846.169922 -1.000000
4.752085 4.888139 357.168418 3010.122314 -1979.960205 -1.000000
4.752200 4.888261 357.199912 3009.893066 -2009.093994 -1.000000
4.752314 4.888382 357.231404 3009.666260 -1932.158203 -1.000000
4.752428 4.888504 357.262894 3009.454346 -1752.545532 -1.000000
4.752543 4.888625 357.294383 3009.268799 -1478.032471 -1.000000
4.752657 4.888747 357.325870 3009.119385 -1120.110474 -1.000000
4.752772 4.888868 357.357355 3009.015137 -693.479553 -1.000000
4.752886 4.888990 357.388839 3008.962646 -214.983658 -1.000000
4.753000 4.889111 357.420321 3008.967285 296.636719 -1.000000
4.753115 4.889233 357.451802 3009.031250 821.893555 -1.000000
4.753229 4.889354 357.483281 3009.155029 1340.818237 -1.000000
4.753343 4.889475 357.514758 3009.336914 1833.727661 -1.000000
4.753458 4.889597 357.546234 3009.572754 2281.457520 -1.000000
4.753572 4.889718 357.577708 3009.856445 2666.358154 -1.000000
4.753686 4.889840 357.609180 3010.179443 2972.788818 -1.000000
4.753801 4.889961 357.640651 3010.532471 3187.987305 -1.000000
4.753915 4.890082 357.672120 3010.904053 3302.862305 -1.000000
4.754029 4.890204 357.703587 3011.282959 3312.533691 -1.000000
4.754143 4.890325 357.735053 3011.656738 3216.478516 -1.000000
4.754258 4.890446 357.766518 3012.013916 3018.726318 -1.000000
4.754372 4.890568 357.797980 3012.343018 2727.737549 -1.000000
4.754486 4.890689 357.829441 3012.634033 2355.762451 -1.000000
4.754600 4.890810 357.860901 3012.878906 1917.905029 -1.000000
4.754714 4.890931 357.892358 3013.070312 1431.524414 -1.000000
4.754828 4.891053 357.923814 3013.204590 915.442322 -1.000000
4.754943 4.891174 357.955269 3013.279053 389.393524 -1.000000
4.755057 4.891295 357.986722 3013.293945 -126.743797 -1.000000
4.755171 4.891416 358.018173 3013.251221 -613.216248 -1.000000
4.755285 4.891538 358.049623 3013.155762 -1051.071655 -1.000000
4.755399 4.891659 358.081071 3013.013916 -1423.081299 -1.000000
4.755513 4.891780 358.112517 3012.833984 -1713.930908 -1.000000
4.755627 4.891901 358.143962 3012.626221 -1911.466309 -1.000000
4.755741 4.892022 358.175405 3012.401855 -2007.453979 -1.000000
4.755855 4.892143 358.206846 3012.172607 -1997.543213 -1.000000
4.755969 4.892264 358.238286 3011.950439 -1882.290161 -1.000000
4.756083 4.892386 358.269724 3011.747070 -1666.485474 -1.000000
4.756197 4.892507 358.301161 3011.573730 -1359.297729 -1.000000
4.756311 4.892628 358.332596 3011.439941 -973.654480 -1.000000
4.756425 4.892749 358.364029 3011.354004 -525.038879 -1.000000
4.756539 4.892870 358.395461 3011.322021 -31.204580 -1.000000
4.756653 4.892991 358.426891 3011.347900 488.755646 -1.000000
4.756767 4.893112 358.458320 3011.433594 1015.015198 -1.000000
4.756881 4.893233 358.489747 3011.578613 1527.559814 -1.000000
4.756995 4.893354 358.521172 3011.780273 2006.982544 -1.000000
4.757109 4.893475 358.552596 3012.033691 2434.543701 -1.000000
4.757223 4.893596 358.584018 3012.332275 2793.072998 -1.000000
4.757337 4.893717 358.615438 3012.666748 3067.960449 -1.000000
4.757451 4.893838 358.646857 3013.027344 3247.651123 -1.000000
4.757564 4.893959 358.678274 3013.402588 3324.374512 -1.000000
4.757678 4.894080 358.709690 3013.780518 3294.805908 -1.000000
4.757792 4.894200 358.741104 3014.148926 3160.306396 -1.000000
4.757906 4.894321 358.772516 3014.496094 2926.609863 -1.000000
4.758020 4.894442 358.803927 3014.811523 2603.609863 -1.000000
4.758133 4.894563 358.835336 3015.085693 2204.705078 -1.000000
4.758247 4.894684 358.866743 3015.310791 1746.048340 -1.000000
4.758361 4.894805 358.898149 3015.481445 1245.626831 -1.000000
4.758475 4.894925 358.929553 3015.593262 722.594788 -1.000000
4.758588 4.895046 358.960956 3015.645508 196.920105 -1.000000
4.758702 4.895167 358.992357 3015.638428 -311.337433 -1.000000
4.758816 4.895288 359.023756 3015.575684 -782.809082 -1.000000
4.758930 4.895409 359.055154 3015.462402 -1199.098633 -1.000000
4.759043 4.895529 359.086550 3015.305664 -1543.483276 -1.000000
4.759157 4.895650 359.117944 3015.114746 -1801.713745 -1.000000
4.759271 4.895771 359.149337 3014.899902 -1963.046021 -1.000000
4.759384 4.895892 359.180729 3014.672363 -2020.294067 -1.000000
4.759498 4.896012 359.212118 3014.444580 -1971.166748 -1.000000
4.759611 4.896133 359.243506 3014.228271 -1817.834473 -1.000000
4.759725 4.896254 359.274893 3014.035400 -1566.853882 -1.000000
4.759839 4.896374 359.306277 3013.875732 -1228.741211 -1.000000
4.759952 4.896495 359.337661 3013.759033 -817.491516 -1.000000
4.760066 4.896616 359.369042 3013.692139 -349.438904 -1.000000
4.760179 4.896736 359.400422 3013.680908 157.007095 -1.000000
4.760293 4.896857 359.431800 3013.728516 682.378967 -1.000000
4.760406 4.896977 359.463177 3013.835938 1206.672852 -1.000000
4.760520 4.897098 359.494552 3014.001953 1710.022217 -1.000000
4.760633 4.897218 359.525926 3014.222656 2173.130859 -1.000000
4.760747 4.897339 359.557298 3014.492920 2577.740234 -1.000000
4.760860 4.897460 359.588668 3014.804688 2907.646729 -1.000000
4.760974 4.897580 359.620037 3015.149414 3149.068115 -1.000000
4.761087 4.897701 359.651404 3015.515625 3291.867920 -1.000000
4.761201 4.897821 359.682769 3015.892090 3329.904297 -1.000000
4.761314 4.897942 359.714133 3016.267090 3261.443848 -1.000000
4.761428 4.898062 359.745495 3016.628174 3089.434814 -1.000000
4.761541 4.898182 359.776856 3016.964111 2821.377930 -1.000000
4.761654 4.898303 359.808215 3017.264893 2468.426270 -1.000000
4.761768 4.898423 359.839572 3017.521240 2045.055786 -1.000000
4.761881 4.898544 359.870928 3017.726562 1568.068848 -1.000000
4.761995 4.898664 359.902282 3017.875488 1056.194702 -1.000000
4.762108 4.898785 359.933634 3017.965576 528.992126 -1.000000
4.762221 4.898905 359.964985 3017.995850 6.436920 -1.000000
4.762335 4.899025 359.996335 3017.968262 -491.592133 -1.000000
4.762448 4.899146 360.027682 3017.886230 -945.825806 -1.000000
4.762561 4.899266 360.059028 3017.756104 -1338.360840 -1.000000
4.762674 4.899386 360.090373 3017.585693 -1653.245117 -1.000000
4.762788 4.899507 360.121716 3017.384766 -1877.374146 -1.000000
4.762901 4.899627 360.153057 3017.164062 -2001.425293 -1.000000
4.763014 4.899747 360.184397 3016.935303 -2019.853882 -1.000000
4.763127 4.899867 360.215735 3016.710693 -1931.810181 -1.000000
4.763241 4.899988 360.247071 3016.501953 -1741.353882 -1.000000
4.763354 4.900108 360.278406 3016.320312 -1456.478027 -1.000000
4.763467 4.900228 360.309739 3016.175537 -1089.070679 -1.000000
4.763580 4.900348 360.341071 3016.076416 -654.113281 -1.000000
4.763693 4.900469 360.372401 3016.029541 -168.994095 -1.000000
4.763806 4.900589 360.403729 3016.039551 347.565033 -1.000000
4.763920 4.900709 360.435056 3016.108643 875.864807 -1.000000
4.764033 4.900829 360.466381 3016.237305 1395.779541 -1.000000
4.764146 4.900949 360.497705 3016.423584 1887.484985 -1.000000
4.764259 4.901069 360.529027 3016.662598 2331.895020 -1.000000
4.764372 4.901190 360.560347 3016.948730 2711.414307 -1.000000
4.764485 4.901310 360.591666 3017.273193 3010.668701 -1.000000
4.764598 4.901430 360.622983 3017.626221 3217.151123 -1.000000
4.764711 4.901550 360.654298 3017.996826 3322.022461 -1.000000
4.764824 4.901670 360.685612 3018.373291 3320.813721 -1.000000
4.764937 4.901790 360.716924 3018.743408 3213.608887 -1.000000
4.765050 4.901910 360.748235 3019.095459 3004.993164 -1.000000
4.765163 4.902030 360.779544 3019.418701 2703.922607 -1.000000
4.765276 4.902150 360.810852 3019.703613 2322.795654 -1.000000
4.765389 4.902270 360.842158 3019.941406 1877.050049 -1.000000
4.765502 4.902390 360.873462 3020.126221 1384.366699 -1.000000
4.765615 4.902510 360.904765 3020.253418 863.697815 -1.000000
4.765728 4.902630 360.936066 3020.321289 335.016296 -1.000000
4.765841 4.902750 360.967365 3020.329834 -181.714996 -1.000000
4.765954 4.902870 360.998663 3020.281494 -666.597107 -1.000000
4.766067 4.902990 361.029959 3020.180908 -1100.833374 -1.000000
4.766180 4.903110 361.061254 3020.035645 -1467.132324 -1.000000
4.766293 4.903230 361.092547 3019.853271 -1750.584595 -1.000000
4.766405 4.903350 361.123838 3019.644043 -1939.311890 -1.000000
4.766518 4.903469 361.155128 3019.419434 -2025.224731 -1.000000
4.766631 4.903589 361.186416 3019.191406 -2004.537476 -1.000000
4.766744 4.903709 361.217703 3018.971436 -1878.189087 -1.000000
4.766857 4.903829 361.248988 3018.771484 -1651.692383 -1.000000
4.766970 4.903949 361.280272 3018.602295 -1334.503540 -1.000000
4.767082 4.904069 361.311553 3018.473633 -939.857605 -1.000000
4.767195 4.904188 361.342834 3018.392822 -483.670898 -1.000000
4.767308 4.904308 361.374112 3018.366211 16.124628 -1.000000
4.767421 4.904428 361.405389 3018.397217 540.265625 -1.000000
4.767533 4.904548 361.436665 3018.487793 1068.933350 -1.000000
4.767646 4.904667 361.467939 3018.637207 1581.903564 -1.000000
4.767759 4.904787 361.499211 3018.843018 2059.543945 -1.000000
4.767872 4.904907 361.530481 3019.099609 2483.153809 -1.000000
4.767984 4.905027 361.561750 3019.400146 2835.784424 -1.000000
4.768097 4.905146 361.593018 3019.735596 3103.080566 -1.000000
4.768210 4.905266 361.624284 3020.095703 3273.722412 -1.000000
4.768322 4.905386 361.655548 3020.469238 3340.411377 -1.000000
4.768435 4.905505 361.686811 3020.844238 3300.072021 -1.000000
4.768548 4.905625 361.718072 3021.208984 3154.566895 -1.000000
4.768660 4.905745 361.749331 3021.551514 2910.090332 -1.000000
4.768773 4.905864 361.780589 3021.861084 2577.023682 -1.000000
4.768885 4.905984 361.811845 3022.128662 2169.187500 -1.000000
4.768998 4.906103 361.843100 3022.346924 1703.042603 -1.000000
4.769110 4.906223 361.874353 3022.510498 1196.712524 -1.000000
4.769223 4.906342 361.905604 3022.615967 669.599060 -1.000000
4.769336 4.906462 361.936854 3022.661621 141.739029 -1.000000
4.769448 4.906582 361.968102 3022.648682 -366.710968 -1.000000
4.769561 4.906701 361.999349 3022.580566 -836.173828 -1.000000
4.769673 4.906821 362.030594 3022.462646 -1248.317505 -1.000000
4.769786 4.906940 362.061837 3022.302246 -1586.435669 -1.000000
4.769898 4.907060 362.093079 3022.108887 -1836.703735 -1.000000
4.770011 4.907179 362.124320 3021.892578 -1988.419189 -1.000000
4.770123 4.907299 362.155558 3021.665527 -2035.276001 -1.000000
4.770235 4.907418 362.186795 3021.439209 -1975.104858 -1.000000
4.770348 4.907537 362.218031 3021.225586 -1810.658447 -1.000000
4.770460 4.907657 362.249265 3021.035889 -1548.820801 -1.000000
4.770573 4.907776 362.280497 3020.880615 -1200.625000 -1.000000
4.770685 4.907896 362.311728 3020.768555 -780.214722 -1.000000
4.770797 4.908015 362.342957 3020.707275 -304.689484 -1.000000
4.770910 4.908134 362.374184 3020.701660 207.467575 -1.000000
4.771022 4.908254 362.405410 3020.754883 736.653870 -1.000000
4.771134 4.908373 362.436634 3020.867432 1262.627197 -1.000000
4.771247 4.908492 362.467857 3021.038086 1765.484985 -1.000000
4.771359 4.908612 362.499078 3021.262695 2225.783691 -1.000000
4.771471 4.908731 362.530298 3021.535645 2625.626465 -1.000000
4.771584 4.908850 362.561516 3021.849365 2948.698242 -1.000000
4.771696 4.908970 362.592732 3022.194580 3181.620850 -1.000000
4.771808 4.909089 362.623947 3022.560303 3314.447021 -1.000000
4.771921 4.909208 362.655160 3022.934814 3341.553223 -1.000000
4.772033 4.909327 362.686371 3023.306396 3261.686523 -1.000000
4.772145 4.909446 362.717581 3023.662842 3078.448975 -1.000000
4.772257 4.909566 362.748790 3023.993652 2799.547119 -1.000000
4.772369 4.909685 362.779997 3024.288086 2436.584473 -1.000000
4.772482 4.909804 362.811202 3024.537842 2004.553467 -1.000000
4.772594 4.909923 362.842405 3024.735840 1520.548096 -1.000000
4.772706 4.910042 362.873607 3024.877441 1003.508606 -1.000000
4.772818 4.910162 362.904808 3024.960449 473.166870 -1.000000
4.772930 4.910281 362.936007 3024.984131 -50.448330 -1.000000
4.773042 4.910400 362.967204 3024.950439 -547.244629 -1.000000
4.773154 4.910519 362.998400 3024.863281 -998.112305 -1.000000
4.773267 4.910638 363.029594 3024.729004 -1385.187134 -1.000000
4.773379 4.910757 363.060786 3024.555908 -1692.806763 -1.000000
4.773491 4.910876 363.091977 3024.353027 -1908.068726 -1.000000
4.773603 4.910995 363.123166 3024.131592 -2021.799927 -1.000000
4.773715 4.911114 363.154354 3023.903809 -2029.102417 -1.000000
4.773827 4.911233 363.185540 3023.681396 -1929.734497 -1.000000
4.773939 4.911352 363.216725 3023.475586 -1728.033081 -1.000000
4.774051 4.911471 363.247907 3023.297607 -1432.348267 -1.000000
4.774163 4.911590 363.279089 3023.157715 -1055.177368 -1.000000
4.774275 4.911709 363.310269 3023.063965 -611.787842 -1.000000
4.774387 4.911828 363.341447 3023.022705 -119.923180 -1.000000
4.774499 4.911947 363.372623 3023.038574 401.490906 -1.000000
4.774611 4.912066 363.403798 3023.113281 932.483765 -1.000000
4.774723 4.912185 363.434972 3023.247070 1452.972778 -1.000000
4.774835 4.912304 363.466144 3023.437500 1943.094604 -1.000000
4.774947 4.912423 363.497314 3023.680176 2383.718750 -1.000000
4.775059 4.912542 363.528482 3023.968506 2757.549561 -1.000000
4.775170 4.912661 363.559650 3024.294189 3049.173096 -1.000000
4.775282 4.912779 363.590815 3024.647461 3246.340820 -1.000000
4.775394 4.912898 363.621979 3025.016602 3340.844727 -1.000000
4.775506 4.913017 363.653141 3025.390381 3328.478271 -1.000000
4.775618 4.913136 363.684302 3025.756836 3209.931152 -1.000000
4.775730 4.913255 363.715461 3026.104248 2990.151855 -1.000000
4.775842 4.913374 363.746619 3026.421875 2678.467773 -1.000000
4.775953 4.913492 363.777775 3026.700195 2287.802490 -1.000000
4.776065 4.913611 363.808929 3026.930908 1834.079956 -1.000000
4.776177 4.913730 363.840082 3027.108643 1335.002686 -1.000000
4.776289 4.913849 363.871233 3027.229004 809.806274 -1.000000
4.776401 4.913967 363.902383 3027.289551 278.623566 -1.000000
4.776512 4.914086 363.933531 3027.291504 -238.232315 -1.000000
4.776624 4.914205 363.964677 3027.237549 -721.111694 -1.000000
4.776736 4.914323 363.995822 3027.132324 -1151.153076 -1.000000
4.776847 4.914442 364.026965 3026.982910 -1511.208496 -1.000000
4.776959 4.914561 364.058107 3026.797852 -1786.557617 -1.000000
4.777071 4.914679 364.089247 3026.587402 -1965.584595 -1.000000
4.777183 4.914798 364.120386 3026.362793 -2040.704712 -1.000000
4.777294 4.914917 364.151523 3026.135742 -2008.492676 -1.000000
4.777406 4.915035 364.182658 3025.918213 -1870.575806 -1.000000
4.777517 4.915154 364.213792 3025.721680 -1632.645386 -1.000000
4.777629 4.915272 364.244924 3025.556641 -1304.822754 -1.000000
4.777741 4.915391 364.276055 3025.432861 -900.619202 -1.000000
4.777852 4.915510 364.307184 3025.357666 -436.352936 -1.000000
4.777964 4.915628 364.338311 3025.336914 69.678673 -1.000000
4.778075 4.915747 364.369437 3025.374023 598.097168 -1.000000
4.778187 4.915865 364.400561 3025.470215 1128.668701 -1.000000
4.778299 4.915984 364.431684 3025.625000 1641.328369 -1.000000
4.778410 4.916102 364.462805 3025.834961 2116.405273 -1.000000
4.778522 4.916221 364.493925 3026.094727 2535.218018 -1.000000
4.778633 4.916339 364.525043 3026.397705 2880.924316 -1.000000
4.778745 4.916458 364.556159 3026.734375 3139.312744 -1.000000
4.778856 4.916576 364.587274 3027.093994 3299.551270 -1.000000
4.778968 4.916695 364.618387 3027.466064 3354.663330 -1.000000
4.779079 4.916813 364.649499 3027.837891 3302.368164 -1.000000
4.779191 4.916931 364.680609 3028.198242 3144.862549 -1.000000
4.779302 4.917050 364.711717 3028.535400 2888.832031 -1.000000
4.779413 4.917168 364.742824 3028.838867 2545.245361 -1.000000
4.779525 4.917287 364.773930 3029.099854 2128.030518 -1.000000
4.779636 4.917405 364.805033 3029.310791 1654.062622 -1.000000
4.779748 4.917523 364.836136 3029.466553 1141.866333 -1.000000
4.779859 4.917642 364.867236 3029.564209 611.132874 -1.000000
4.779970 4.917760 364.898335 3029.602783 81.965256 -1.000000
4.780082 4.917878 364.929433 3029.583496 -425.528351 -1.000000
4.780193 4.917997 364.960529 3029.509766 -891.754761 -1.000000
4.780304 4.918115 364.991623 3029.387207 -1298.445557 -1.000000
4.780416 4.918233 365.022716 3029.223389 -1629.238281 -1.000000
4.780527 4.918351 365.053807 3029.027588 -1870.230347 -1.000000
4.780638 4.918470 365.084897 3028.810547 -2011.369995 -1.000000
4.780750 4.918588 365.115985 3028.583984 -2046.666748 -1.000000
4.780861 4.918706 365.147071 3028.359375 -1974.541138 -1.000000
4.780972 4.918824 365.178156 3028.148438 -1797.998047 -1.000000
4.781083 4.918942 365.209239 3027.962891 -1524.688110 -1.000000
4.781195 4.919061 365.240321 3027.812500 -1165.974609 -1.000000
4.781306 4.919179 365.271401 3027.706299 -736.607605 -1.000000
4.781417 4.919297 365.302480 3027.651123 -253.869553 -1.000000
4.781528 4.919415 365.333557 3027.651367 263.574188 -1.000000
4.781640 4.919533 365.364632 3027.710205 796.049500 -1.000000
4.781751 4.919651 365.395706 3027.828369 1323.125244 -1.000000
4.781862 4.919769 365.426778 3028.003662 1824.650757 -1.000000
4.781973 4.919887 365.457849 3028.232178 2281.521729 -1.000000
4.782084 4.920006 365.488918 3028.508301 2675.550293 -1.000000
4.782195 4.920124 365.519985 3028.823730 2990.770752 -1.000000
4.782306 4.920242 365.551051 3029.169434 3214.150635 -1.000000
4.782418 4.920360 365.582116 3029.534424 3336.155518 -1.000000
4.782529 4.920478 365.613179 3029.906738 3351.502686 -1.000000
4.782640 4.920596 365.644240 3030.275146 3259.510498 -1.000000
4.782751 4.920714 365.675300 3030.627441 3064.122803 -1.000000
4.782862 4.920832 365.706358 3030.952637 2773.593994 -1.000000
4.782973 4.920950 365.737414 3031.240723 2400.140137 -1.000000
4.783084 4.921068 365.768469 3031.483643 1958.885864 -1.000000
4.783195 4.921186 365.799523 3031.674316 1467.391724 -1.000000
4.783306 4.921304 365.830574 3031.808350 944.834900 -1.000000
4.783417 4.921422 365.861625 3031.883545 411.119965 -1.000000
4.783528 4.921539 365.892673 3031.899658 -113.330467 -1.000000
4.783639 4.921657 365.923720 3031.859131 -608.457458 -1.000000
4.783750 4.921775 365.954766 3031.766357 -1055.150024 -1.000000
4.783861 4.921893 365.985810 3031.627686 -1435.824585 -1.000000
4.783972 4.922011 366.016852 3031.450928 -1734.899902 -1.000000
4.784083 4.922129 366.047893 3031.246094 -1939.770996 -1.000000
4.784194 4.922247 366.078932 3031.024414 -2041.881104 -1.000000
4.784304 4.922364 366.109970 3030.797363 -2036.735352 -1.000000
4.784415 4.922482 366.141006 3030.576660 -1924.588989 -1.000000
4.784526 4.922600 366.172041 3030.374268 -1710.206055 -1.000000
4.784637 4.922718 366.203074 3030.200928 -1402.779907 -1.000000
4.784748 4.922836 366.234105 3030.066406 -1015.024170 -1.000000
4.784859 4.922953 366.265135 3029.978516 -562.662415 -1.000000
4.784970 4.923071 366.296163 3029.943359 -63.657375 -1.000000
4.785080 4.923189 366.327190 3029.965088 462.934143 -1.000000
4.785191 4.923307 366.358215 3030.045898 996.849915 -1.000000
4.785302 4.923424 366.389239 3030.185547 1517.840210 -1.000000
4.785413 4.923542 366.420261 3030.381104 2005.784058 -1.000000
4.785524 4.923660 366.451281 3030.628174 2441.869629 -1.000000
4.785634 4.923777 366.482300 3030.919678 2808.590088 -1.000000
4.785745 4.923895 366.513318 3031.247314 3091.088623 -1.000000
4.785856 4.924013 366.544333 3031.601074 3277.364014 -1.000000
4.785966 4.924130 366.575347 3031.969238 3359.531494 -1.000000
4.786077 4.924248 366.606360 3032.340820 3334.104736 -1.000000
4.786188 4.924366 366.637371 3032.703857 3202.064453 -1.000000
4.786299 4.924483 366.668381 3033.045898 2969.212402 -1.000000
4.786409 4.924601 366.699389 3033.357422 2645.425049 -1.000000
4.786520 4.924718 366.730395 3033.628662 2243.836426 -1.000000
4.786631 4.924836 366.761400 3033.851807 1780.884888 -1.000000
4.786741 4.924953 366.792403 3034.021240 1274.613525 -1.000000
4.786852 4.925071 366.823405 3034.133057 744.691833 -1.000000
4.786962 4.925189 366.854405 3034.185791 211.249344 -1.000000
4.787073 4.925306 366.885403 3034.180420 -305.301819 -1.000000
4.787184 4.925424 366.916400 3034.119629 -785.295959 -1.000000
4.787294 4.925541 366.947396 3034.008545 -1209.846558 -1.000000
4.787405 4.925658 366.978389 3033.854492 -1561.982666 -1.000000
4.787515 4.925776 367.009382 3033.666260 -1827.331177 -1.000000
4.787626 4.925893 367.040372 3033.454346 -1994.624146 -1.000000
4.787736 4.926011 367.071362 3033.229492 -2056.889404 -1.000000
4.787847 4.926128 367.102349 3033.003662 -2011.190552 -1.000000
4.787957 4.926246 367.133335 3032.789062 -1859.615112 -1.000000
4.788068 4.926363 367.164320 3032.596680 -1608.629883 -1.000000
4.788178 4.926480 367.195303 3032.437012 -1268.855103 -1.000000
4.788289 4.926598 367.226284 3032.319092 -854.201843 -1.000000
4.788399 4.926715 367.257264 3032.250488 -381.340485 -1.000000
4.788510 4.926833 367.288242 3032.236572 131.062881 -1.000000
4.788620 4.926950 367.319219 3032.280518 663.374023 -1.000000
4.788731 4.927067 367.350194 3032.383301 1195.528076 -1.000000
4.788841 4.927184 367.381167 3032.543701 1707.029785 -1.000000
4.788951 4.927302 367.412139 3032.758545 2178.423340 -1.000000
4.789062 4.927419 367.443110 3033.022461 2591.021973 -1.000000
4.789172 4.927536 367.474079 3033.327637 2928.400635 -1.000000
4.789282 4.927654 367.505046 3033.665283 3176.480957 -1.000000
4.789393 4.927771 367.536012 3034.024902 3324.787109 -1.000000
4.789503 4.927888 367.566976 3034.395020 3366.980713 -1.000000
4.789613 4.928005 367.597938 3034.763916 3301.186523 -1.000000
4.789724 4.928122 367.628900 3035.119629 3130.365967 -1.000000
4.789834 4.928240 367.659859 3035.450928 2861.770752 -1.000000
4.789944 4.928357 367.690817 3035.747803 2506.566162 -1.000000
4.790055 4.928474 367.721773 3036.001221 2079.416260 -1.000000
4.790165 4.928591 367.752728 3036.204590 1597.213867 -1.000000
4.790275 4.928708 367.783681 3036.352295 1078.954468 -1.000000
4.790385 4.928825 367.814633 3036.441650 544.524902 -1.000000
4.790496 4.928943 367.845583 3036.472412 14.202025 -1.000000
4.790606 4.929060 367.876532 3036.445801 -491.875641 -1.000000
4.790716 4.929177 367.907479 3036.365723 -954.115479 -1.000000
4.790826 4.929294 367.938425 3036.237793 -1354.202148 -1.000000
4.790936 4.929411 367.969368 3036.070312 -1676.049316 -1.000000
4.791047 4.929528 368.000311 3035.871826 -1906.277222 -1.000000
4.791157 4.929645 368.031252 3035.654053 -2035.125977 -1.000000
4.791267 4.929762 368.062191 3035.427490 -2057.088379 -1.000000
4.791377 4.929879 368.093129 3035.204590 -1971.177856 -1.000000
4.791487 4.929996 368.124065 3034.996826 -1780.947876 -1.000000
4.791597 4.930113 368.154999 3034.815430 -1494.556030 -1.000000
4.791707 4.930230 368.185932 3034.670654 -1124.077148 -1.000000
4.791817 4.930347 368.216864 3034.570312 -684.509094 -1.000000
4.791928 4.930464 368.247794 3034.521729 -193.453537 -1.000000
4.792038 4.930581 368.278722 3034.528809 330.084167 -1.000000
4.792148 4.930698 368.309649 3034.594482 865.986206 -1.000000
4.792258 4.930815 368.340574 3034.718994 1393.987183 -1.000000
4.792368 4.930932 368.371498 3034.900391 1893.829956 -1.000000
4.792478 4.931049 368.402420 3035.134033 2346.033936 -1.000000
4.792588 4.931166 368.433341 3035.414062 2732.899414 -1.000000
4.792698 4.931282 368.464260 3035.732178 3038.595215 -1.000000
4.792808 4.931399 368.495177 3036.079102 3250.420654 -1.000000
4.792918 4.931516 368.526093 3036.443604 3359.341553 -1.000000
4.793028 4.931633 368.557008 3036.813965 3360.560547 -1.000000
4.793138 4.931750 368.587921 3037.178711 3254.184082 -1.000000
4.793248 4.931867 368.618832 3037.525879 3044.684082 -1.000000
4.793357 4.931983 368.649742 3037.844482 2741.008301 -1.000000
4.793467 4.932100 368.680650 3038.125488 2355.816895 -1.000000
4.793577 4.932217 368.711556 3038.359863 1904.751831 -1.000000
4.793687 4.932334 368.742462 3038.542480 1405.550049 -1.000000
4.793797 4.932450 368.773365 3038.668213 877.554260 -1.000000
4.793907 4.932567 368.804267 3038.735107 341.102966 -1.000000
4.794017 4.932684 368.835167 3038.743408 -183.581177 -1.000000
4.794127 4.932801 368.866066 3038.695557 -676.227844 -1.000000
4.794236 4.932917 368.896964 3038.596680 -1117.879883 -1.000000
4.794346 4.933034 368.927859 3038.452881 -1490.762329 -1.000000
4.794456 4.933151 368.958754 3038.272705 -1779.894165 -1.000000
4.794566 4.933267 368.989646 3038.065918 -1973.074829 -1.000000
4.794676 4.933384 369.020538 3037.843506 -2062.058594 -1.000000
4.794785 4.933501 369.051427 3037.617432 -2043.133667 -1.000000
4.794895 4.933617 369.082315 3037.399414 -1916.986084 -1.000000
4.795005 4.933734 369.113202 3037.200439 -1689.094604 -1.000000
4.795115 4.933851 369.144087 3037.031738 -1368.769409 -1.000000
4.795224 4.933967 369.174970 3036.902588 -969.566101 -1.000000
4.795334 4.934084 369.205852 3036.821045 -507.468567 -1.000000
4.795444 4.934200 369.236732 3036.792969 -0.802198 -1.000000
4.795553 4.934317 369.267611 3036.822021 530.953552 -1.000000
4.795663 4.934433 369.298488 3036.909668 1067.349365 -1.000000
4.795773 4.934550 369.329364 3037.055664 1588.126099 -1.000000
4.795882 4.934666 369.360238 3037.256592 2073.206299 -1.000000
4.795992 4.934783 369.391110 3037.508057 2503.789551 -1.000000
4.796102 4.934899 369.421981 3037.803223 2862.547363 -1.000000
4.796211 4.935016 369.452851 3038.132568 3134.759766 -1.000000
4.796321 4.935132 369.483719 3038.486572 3309.024414 -1.000000
4.796430 4.935249 369.514585 3038.854004 3377.909912 -1.000000
4.796540 4.935365 369.545450 3039.223145 3338.487793 -1.000000
4.796650 4.935482 369.576313 3039.582031 3192.271973 -1.000000
4.796759 4.935598 369.607175 3039.918945 2945.605469 -1.000000
4.796869 4.935714 369.638035 3040.223877 2608.979004 -1.000000
4.796978 4.935831 369.668894 3040.487549 2196.249512 -1.000000
4.797088 4.935947 369.699751 3040.702881 1723.959229 -1.000000
4.797197 4.936064 369.730606 3040.864014 1210.553101 -1.000000
4.797307 4.936180 369.761460 3040.967529 675.840881 -1.000000
4.797416 4.936296 369.792313 3041.011963 140.212433 -1.000000
4.797526 4.936413 369.823164 3040.998779 -375.790314 -1.000000
4.797635 4.936529 369.854013 3040.931396 -852.467041 -1.000000
4.797745 4.936645 369.884861 3040.814453 -1271.080688 -1.000000
4.797854 4.936762 369.915707 3040.655762 -1614.846680 -1.000000
4.797964 4.936878 369.946552 3040.464355 -1869.531860 -1.000000
4.798073 4.936994 369.977395 3040.250488 -2024.462158 -1.000000
4.798182 4.937110 370.008237 3040.025146 -2072.973877 -1.000000
4.798292 4.937227 370.039077 3039.800537 -2012.934448 -1.000000
4.798401 4.937343 370.069916 3039.588379 -1846.921997 -1.000000
4.798510 4.937459 370.100753 3039.399902 -1581.913086 -1.000000
4.798620 4.937575 370.131588 3039.245361 -1229.153442 -1.000000
4.798729 4.937691 370.162422 3039.133789 -803.174561 -1.000000
4.798839 4.937808 370.193254 3039.072021 -321.064850 -1.000000
4.798948 4.937924 370.224085 3039.064941 198.406036 -1.000000
4.799057 4.938040 370.254915 3039.115723 735.347229 -1.000000
4.799166 4.938156 370.285742 3039.225342 1269.310669 -1.000000
4.799276 4.938272 370.316569 3039.392334 1779.831055 -1.000000
4.799385 4.938388 370.347393 3039.613037 2247.274902 -1.000000
4.799494 4.938504 370.378216 3039.881348 2653.140625 -1.000000
4.799604 4.938621 370.409038 3040.189941 2981.253174 -1.000000
4.799713 4.938737 370.439858 3040.529541 3217.800049 -1.000000
4.799822 4.938853 370.470677 3040.889404 3352.783447 -1.000000
4.799931 4.938969 370.501494 3041.258057 3380.578369 -1.000000
4.800040 4.939085 370.532309 3041.623779 3299.902832 -1.000000
4.800150 4.939201 370.563123 3041.974609 3114.311279 -1.000000
4.800259 4.939317 370.593935 3042.299805 2831.715088 -1.000000
4.800368 4.939433 370.624746 3042.589600 2463.906006 -1.000000
4.800477 4.939549 370.655555 3042.835205 2025.791626 -1.000000
4.800586 4.939665 370.686363 3043.029785 1534.878540 -1.000000
4.800695 4.939781 370.717169 3043.168945 1010.275085 -1.000000
4.800805 4.939897 370.747974 3043.249756 472.085114 -1.000000
4.800914 4.940013 370.778777 3043.272217 -59.235672 -1.000000
4.801023 4.940129 370.809579 3043.238037 -563.494385 -1.000000
4.801132 4.940245 370.840379 3043.150879 -1021.025269 -1.000000
4.801241 4.940361 370.871177 3043.017578 -1413.702759 -1.000000
4.801350 4.940476 370.901974 3042.845459 -1725.633301 -1.000000
4.801459 4.940592 370.932770 3042.644531 -1943.881226 -1.000000
4.801568 4.940708 370.963564 3042.425049 -2059.225586 -1.000000
4.801677 4.940824 370.994356 3042.198975 -2066.544922 -1.000000
4.801786 4.940940 371.025147 3041.978271 -1965.597778 -1.000000
4.801895 4.941056 371.055936 3041.774170 -1760.649048 -1.000000
4.802004 4.941172 371.086724 3041.597900 -1460.640747 -1.000000
4.802113 4.941287 371.117510 3041.458984 -1077.891968 -1.000000
4.802222 4.941403 371.148295 3041.365479 -628.024109 -1.000000
4.802331 4.941519 371.179078 3041.323975 -128.767136 -1.000000
4.802440 4.941635 371.209860 3041.338623 400.426239 -1.000000
4.802549 4.941751 371.240640 3041.411865 939.124329 -1.000000
4.802658 4.941866 371.271419 3041.542969 1467.180054 -1.000000
4.802767 4.941982 371.302196 3041.729980 1964.272095 -1.000000
4.802876 4.942098 371.332971 3041.968750 2411.104248 -1.000000
4.802985 4.942213 371.363745 3042.252686 2789.868408 -1.000000
4.803094 4.942329 371.394517 3042.573242 3085.116455 -1.000000
4.803202 4.942445 371.425288 3042.920898 3284.639893 -1.000000
4.803311 4.942561 371.456058 3043.284424 3379.796631 -1.000000
4.803420 4.942676 371.486826 3043.652344 3366.613281 -1.000000
4.803529 4.942792 371.517592 3044.013184 3245.567871 -1.000000
4.803638 4.942908 371.548357 3044.355225 3021.847168 -1.000000
4.803747 4.943023 371.579120 3044.667480 2704.894287 -1.000000
4.803855 4.943139 371.609881 3044.940918 2307.890137 -1.000000
4.803964 4.943254 371.640642 3045.167480 1846.836060 -1.000000
4.804073 4.943370 371.671400 3045.341309 1339.909546 -1.000000
4.804182 4.943486 371.702157 3045.458008 806.810242 -1.000000
4.804290 4.943601 371.732913 3045.516357 267.912354 -1.000000
4.804399 4.943717 371.763667 3045.516602 -256.342407 -1.000000
4.804508 4.943832 371.794419 3045.461426 -745.767273 -1.000000
4.804617 4.943948 371.825170 3045.355957 -1181.178345 -1.000000
4.804725 4.944063 371.855920 3045.206787 -1545.300171 -1.000000
4.804834 4.944179 371.886668 3045.022705 -1823.227295 -1.000000
4.804943 4.944294 371.917414 3044.813965 -2003.363037 -1.000000
4.805051 4.944410 371.948159 3044.591309 -2077.946533 -1.000000
4.805160 4.944525 371.978902 3044.366699 -2043.976807 -1.000000
4.805269 4.944641 372.009644 3044.151367 -1902.810303 -1.000000
4.805377 4.944756 372.040384 3043.957275 -1660.497070 -1.000000
4.805486 4.944872 372.071123 3043.794189 -1327.231934 -1.000000
4.805595 4.944987 372.101860 3043.671387 -916.632446 -1.000000
4.805703 4.945103 372.132596 3043.596680 -445.163727 -1.000000
4.805812 4.945218 372.163330 3043.575928 68.598358 -1.000000
4.805920 4.945333 372.194063 3043.612305 604.745178 -1.000000
4.806029 4.945449 372.224794 3043.707031 1142.874634 -1.000000
4.806138 4.945564 372.255523 3043.859375 1662.485718 -1.000000
4.806246 4.945679 372.286251 3044.066406 2143.637939 -1.000000
4.806355 4.945795 372.316978 3044.322754 2567.333252 -1.000000
4.806463 4.945910 372.347703 3044.621094 2916.657471 -1.000000
4.806572 4.946025 372.378426 3044.952393 3177.306152 -1.000000
4.806680 4.946141 372.409148 3045.306641 3338.289307 -1.000000
4.806789 4.946256 372.439869 3045.672852 3392.653564 -1.000000
4.806897 4.946371 372.470587 3046.038818 3337.969727 -1.000000
4.807006 4.946487 372.501305 3046.393066 3176.709473 -1.000000
4.807114 4.946602 372.532021 3046.724365 2915.706055 -1.000000
4.807223 4.946717 372.562735 3047.022217 2566.083984 -1.000000
4.807331 4.946832 372.593448 3047.278320 2141.925781 -1.000000
4.807439 4.946948 372.624159 3047.484863 1660.280884 -1.000000
4.807548 4.947063 372.654869 3047.636719 1140.155396 -1.000000
4.807656 4.947178 372.685577 3047.730957 601.463196 -1.000000
4.807765 4.947293 372.716283 3047.767090 64.890686 -1.000000
4.807873 4.947408 372.746989 3047.746094 -449.461182 -1.000000
4.807981 4.947524 372.777692 3047.671387 -921.544189 -1.000000
4.808090 4.947639 372.808394 3047.548584 -1332.718506 -1.000000
4.808198 4.947754 372.839095 3047.385498 -1666.544922 -1.000000
4.808306 4.947869 372.869794 3047.191162 -1909.251709 -1.000000
4.808415 4.947984 372.900491 3046.975586 -2050.414062 -1.000000
4.808523 4.948099 372.931187 3046.750488 -2084.097900 -1.000000
4.808631 4.948214 372.961882 3046.527832 -2008.760986 -1.000000
4.808740 4.948329 372.992575 3046.319336 -1827.716187 -1.000000
4.808848 4.948444 373.023266 3046.135742 -1548.697876 -1.000000
4.808956 4.948559 373.053956 3045.987061 -1183.331055 -1.000000
4.809064 4.948674 373.084644 3045.882080 -746.520325 -1.000000
4.809173 4.948790 373.115331 3045.827393 -255.729721 -1.000000
4.809281 4.948905 373.146017 3045.827881 269.950073 -1.000000
4.809389 4.949020 373.176700 3045.886230 810.358582 -1.000000
4.809497 4.949135 373.207383 3046.003174 1344.870483 -1.000000
4.809605 4.949250 373.238063 3046.176514 1853.065796 -1.000000
4.809714 4.949365 373.268743 3046.402344 2315.373535 -1.000000
4.809822 4.949479 373.299420 3046.675049 2713.398193 -1.000000
4.809930 4.949594 373.330097 3046.986572 3031.066162 -1.000000
4.810038 4.949709 373.360771 3047.327393 3255.252441 -1.000000
4.810146 4.949824 373.391444 3047.686768 3376.388916 -1.000000
4.810254 4.949939 373.422116 3048.053467 3389.323975 -1.000000
4.810362 4.950054 373.452786 3048.415771 3293.408203 -1.000000
4.810471 4.950169 373.483455 3048.761719 3092.789795 -1.000000
4.810579 4.950284 373.514122 3049.080811 2796.094727 -1.000000
4.810687 4.950399 373.544788 3049.363037 2415.575439 -1.000000
4.810795 4.950514 373.575452 3049.600342 1966.739868 -1.000000
4.810903 4.950628 373.606114 3049.786133 1467.449951 -1.000000
4.811011 4.950743 373.636775 3049.916016 937.003235 -1.000000
4.811119 4.950858 373.667435 3049.988281 395.768158 -1.000000
4.811227 4.950973 373.698093 3050.002197 -135.745361 -1.000000
4.811335 4.951088 373.728749 3049.960205 -637.158875 -1.000000
4.811443 4.951202 373.759404 3049.866455 -1089.039429 -1.000000
4.811551 4.951317 373.790058 3049.727539 -1473.328003 -1.000000
4.811659 4.951432 373.820710 3049.551514 -1774.516968 -1.000000
4.811767 4.951547 373.851360 3049.347900 -1980.024780 -1.000000
4.811875 4.951661 373.882009 3049.127686 -2081.068848 -1.000000
4.811983 4.951776 373.912657 3048.902344 -2073.205566 -1.000000
4.812091 4.951891 373.943303 3048.684082 -1956.886230 -1.000000
4.812199 4.952006 373.973947 3048.483643 -1737.007935 -1.000000
4.812307 4.952120 374.004590 3048.312500 -1422.981201 -1.000000
4.812414 4.952235 374.035232 3048.179688 -1027.910522 -1.000000
4.812522 4.952350 374.065871 3048.093262 -567.664673 -1.000000
4.812630 4.952464 374.096510 3048.059082 -60.312099 -1.000000
4.812738 4.952579 374.127147 3048.081055 474.385498 -1.000000
4.812846 4.952694 374.157782 3048.161621 1015.927673 -1.000000
4.812954 4.952808 374.188416 3048.299805 1543.753906 -1.000000
4.813062 4.952923 374.219048 3048.493164 2037.688599 -1.000000
4.813169 4.953037 374.249679 3048.737061 2478.488525 -1.000000
4.813277 4.953152 374.280309 3049.024658 2848.579590 -1.000000
4.813385 4.953266 374.310937 3049.347900 3132.687744 -1.000000
4.813493 4.953381 374.341563 3049.696777 3318.963623 -1.000000
4.813601 4.953496 374.372188 3050.059570 3399.516357 -1.000000
4.813708 4.953610 374.402811 3050.425537 3370.803955 -1.000000
4.813816 4.953725 374.433433 3050.782471 3234.059814 -1.000000
4.813924 4.953839 374.464053 3051.118896 2995.111572 -1.000000
4.814032 4.953954 374.494672 3051.424316 2664.155273 -1.000000
4.814139 4.954068 374.525290 3051.689941 2254.822998 -1.000000
4.814247 4.954183 374.555905 3051.907715 1783.613403 -1.000000
4.814355 4.954297 374.586520 3052.072510 1269.034424 -1.000000
4.814462 4.954411 374.617133 3052.180420 730.939148 -1.000000
4.814570 4.954526 374.647744 3052.229736 189.917450 -1.000000
4.814678 4.954640 374.678354 3052.221924 -333.521362 -1.000000
4.814785 4.954755 374.708962 3052.159424 -819.144775 -1.000000
4.814893 4.954869 374.739569 3052.047607 -1248.109497 -1.000000
4.815001 4.954984 374.770174 3051.893311 -1603.020508 -1.000000
4.815108 4.955098 374.800778 3051.705566 -1869.353760 -1.000000
4.815216 4.955212 374.831381 3051.494385 -2035.968994 -1.000000
4.815323 4.955327 374.861982 3051.271240 -2095.674805 -1.000000
4.815431 4.955441 374.892581 3051.047607 -2046.014526 -1.000000
4.815539 4.955555 374.923179 3050.835205 -1889.036621 -1.000000
4.815646 4.955670 374.953775 3050.645020 -1631.508179 -1.000000
4.815754 4.955784 374.984370 3050.487549 -1284.270020 -1.000000
4.815861 4.955898 375.014963 3050.371338 -861.426025 -1.000000
4.815969 4.956013 375.045555 3050.303955 -379.948151 -1.000000
4.816076 4.956127 375.076146 3050.290771 141.301559 -1.000000
4.816184 4.956241 375.106735 3050.334961 682.190125 -1.000000
4.816291 4.956355 375.137322 3050.437256 1222.078979 -1.000000
4.816399 4.956470 375.167908 3050.596924 1740.315796 -1.000000
4.816506 4.956584 375.198493 3050.810059 2216.974854 -1.000000
4.816614 4.956698 375.229075 3051.071533 2633.247803 -1.000000
4.816721 4.956812 375.259657 3051.373779 2972.365234 -1.000000
4.816829 4.956926 375.290237 3051.707275 3220.425781 -1.000000
4.816936 4.957041 375.320815 3052.062012 3366.908691 -1.000000
4.817043 4.957155 375.351392 3052.426758 3405.594971 -1.000000
4.817151 4.957269 375.381968 3052.789795 3334.690430 -1.000000
4.817258 4.957383 375.412542 3053.139160 3157.486084 -1.000000
4.817366 4.957497 375.443114 3053.464355 2881.296387 -1.000000
4.817473 4.957611 375.473685 3053.755127 2517.768311 -1.000000
4.817580 4.957725 375.504255 3054.002441 2081.837891 -1.000000
4.817688 4.957839 375.534823 3054.199951 1590.777222 -1.000000
4.817795 4.957954 375.565390 3054.342529 1063.822144 -1.000000
4.817902 4.958068 375.595955 3054.427979 521.227539 -1.000000
4.818010 4.958182 375.626518 3054.454834 -16.379704 -1.000000
4.818117 4.958296 375.657080 3054.425293 -528.392639 -1.000000
4.818224 4.958410 375.687641 3054.343018 -994.946472 -1.000000
4.818332 4.958524 375.718200 3054.213867 -1397.741211 -1.000000
4.818439 4.958638 375.748758 3054.045898 -1720.535889 -1.000000
4.818546 4.958752 375.779314 3053.848145 -1949.873901 -1.000000
4.818653 4.958866 375.809869 3053.631104 -2076.087891 -1.000000
4.818761 4.958980 375.840422 3053.406738 -2093.601807 -1.000000
4.818868 4.959094 375.870974 3053.186035 -2001.752563 -1.000000
4.818975 4.959208 375.901524 3052.980957 -1804.464478 -1.000000
4.819082 4.959322 375.932073 3052.802490 -1510.162476 -1.000000
4.819189 4.959436 375.962620 3052.660156 -1131.102051 -1.000000
4.819297 4.959549 375.993166 3052.562256 -682.708557 -1.000000
4.819404 4.959663 376.023710 3052.515625 -182.771927 -1.000000
4.819511 4.959777 376.054253 3052.524414 349.221069 -1.000000
4.819618 4.959891 376.084794 3052.590820 892.944092 -1.000000
4.819725 4.960005 376.115334 3052.715332 1427.764648 -1.000000
4.819832 4.960119 376.145873 3052.895752 1932.845581 -1.000000
4.819939 4.960233 376.176410 3053.127930 2388.788330 -1.000000
4.820047 4.960347 376.206945 3053.405273 2777.560791 -1.000000
4.820154 4.960460 376.237479 3053.719727 3083.508789 -1.000000
4.820261 4.960574 376.268012 3054.062012 3293.640137 -1.000000
4.820368 4.960688 376.298543 3054.421143 3399.215576 -1.000000
4.820475 4.960802 376.329072 3054.786133 3395.675537 -1.000000
4.820582 4.960916 376.359600 3055.144531 3282.910156 -1.000000
4.820689 4.961029 376.390127 3055.485352 3065.891113 -1.000000
4.820796 4.961143 376.420652 3055.797607 2754.004395 -1.000000
4.820903 4.961257 376.451176 3056.071777 2359.866943 -1.000000
4.821010 4.961371 376.481698 3056.300293 1899.610962 -1.000000
4.821117 4.961484 376.512218 3056.476807 1391.433594 -1.000000
4.821224 4.961598 376.542738 3056.597168 854.991638 -1.000000
4.821331 4.961712 376.573255 3056.659424 310.964142 -1.000000
4.821438 4.961825 376.603772 3056.664307 -220.140533 -1.000000
4.821545 4.961939 376.634287 3056.613770 -717.869568 -1.000000
4.821652 4.962053 376.664800 3056.512695 -1162.867554 -1.000000
4.821759 4.962166 376.695312 3056.367676 -1537.323486 -1.000000
4.821866 4.962280 376.725822 3056.187012 -1825.923218 -1.000000
4.821972 4.962394 376.756331 3055.980713 -2016.708130 -1.000000
4.822079 4.962507 376.786839 3055.759766 -2101.489990 -1.000000
4.822186 4.962621 376.817345 3055.535400 -2076.524414 -1.000000
4.822293 4.962734 376.847849 3055.319580 -1942.996948 -1.000000
4.822400 4.962848 376.878352 3055.123779 -1706.546753 -1.000000
4.822507 4.962962 376.908854 3054.958252 -1377.274902 -1.000000
4.822614 4.963075 376.939354 3054.832275 -968.552429 -1.000000
4.822720 4.963189 376.969852 3054.753418 -497.050323 -1.000000
4.822827 4.963302 377.000350 3054.727783 18.677679 -1.000000
4.822934 4.963416 377.030845 3054.758301 558.773926 -1.000000
4.823041 4.963529 377.061340 3054.846924 1102.673462 -1.000000
4.823148 4.963643 377.091832 3054.993164 1629.481323 -1.000000
4.823254 4.963756 377.122324 3055.193604 2118.975098 -1.000000
4.823361 4.963870 377.152814 3055.443848 2552.028809 -1.000000
4.823468 4.963983 377.183302 3055.736084 2911.241943 -1.000000
4.823575 4.964097 377.213789 3056.061768 3182.071533 -1.000000
4.823681 4.964210 377.244274 3056.411621 3352.992188 -1.000000
4.823788 4.964323 377.274758 3056.773682 3416.726807 -1.000000
4.823895 4.964437 377.305241 3057.136719 3370.634521 -1.000000
4.824001 4.964550 377.335722 3057.489014 3216.520020 -1.000000
4.824108 4.964664 377.366202 3057.819336 2961.153076 -1.000000
4.824215 4.964777 377.396680 3058.117676 2614.973877 -1.000000
4.824321 4.964890 377.427156 3058.374512 2192.429688 -1.000000
4.824428 4.965004 377.457632 3058.583008 1710.481934 -1.000000
4.824535 4.965117 377.488105 3058.738037 1188.033325 -1.000000
4.824641 4.965230 377.518578 3058.835938 645.089661 -1.000000
4.824748 4.965344 377.549048 3058.875977 102.486015 -1.000000
4.824855 4.965457 377.579518 3058.858643 -419.213165 -1.000000
4.824961 4.965570 377.609986 3058.787598 -899.733948 -1.000000
4.825068 4.965684 377.640452 3058.668701 -1320.182983 -1.000000
4.825174 4.965797 377.670917 3058.508789 -1663.639404 -1.000000
4.825281 4.965910 377.701381 3058.317383 -1916.139526 -1.000000
4.825387 4.966024 377.731843 3058.104248 -2066.888428 -1.000000
4.825494 4.966137 377.762304 3057.880859 -2109.536377 -1.000000
4.825601 4.966250 377.792763 3057.658691 -2042.202026 -1.000000
4.825707 4.966363 377.823220 3057.449463 -1867.729614 -1.000000
4.825814 4.966476 377.853677 3057.264160 -1593.588501 -1.000000
4.825920 4.966590 377.884131 3057.113037 -1231.154785 -1.000000
4.826027 4.966703 377.914585 3057.004395 -795.350220 -1.000000
4.826133 4.966816 377.945037 3056.945557 -303.549774 -1.000000
4.826239 4.966929 377.975487 3056.941162 224.996735 -1.000000
4.826346 4.967042 378.005936 3056.993896 770.001282 -1.000000
4.826452 4.967155 378.036384 3057.104736 1310.769043 -1.000000
4.826559 4.967269 378.066830 3057.271973 1826.453979 -1.000000
4.826665 4.967382 378.097274 3057.491699 2297.189697 -1.000000
4.826772 4.967495 378.127718 3057.758301 2704.577881 -1.000000
4.826878 4.967608 378.158159 3058.064453 3031.816895 -1.000000
4.826984 4.967721 378.188600 3058.400146 3265.656738 -1.000000
4.827091 4.967834 378.219038 3058.755615 3396.058594 -1.000000
4.827197 4.967947 378.249476 3059.119141 3417.352051 -1.000000
4.827303 4.968060 378.279912 3059.479004 3328.648926 -1.000000
4.827410 4.968173 378.310346 3059.823730 3133.708740 -1.000000
4.827516 4.968286 378.340779 3060.142090 2840.791748 -1.000000
4.827622 4.968399 378.371211 3060.424561 2462.348877 -1.000000
4.827729 4.968512 378.401641 3060.663086 2013.727295 -1.000000
4.827835 4.968625 378.432070 3060.850830 1512.687866 -1.000000
4.827941 4.968738 378.462497 3060.983643 978.681946 -1.000000
4.828048 4.968851 378.492923 3061.058594 432.249756 -1.000000
4.828154 4.968964 378.523347 3061.075684 -105.729355 -1.000000
4.828260 4.969077 378.553770 3061.037109 -614.656250 -1.000000
4.828366 4.969190 378.584191 3060.947021 -1074.825684 -1.000000
4.828473 4.969303 378.614611 3060.811279 -1468.015625 -1.000000
4.828579 4.969416 378.645030 3060.637939 -1778.254272 -1.000000
4.828685 4.969529 378.675447 3060.436768 -1992.660889 -1.000000
4.828791 4.969642 378.705863 3060.218262 -2102.044922 -1.000000
4.828897 4.969754 378.736277 3059.994141 -2101.840088 -1.000000
4.829004 4.969867 378.766690 3059.775879 -1991.966919 -1.000000
4.829110 4.969980 378.797101 3059.574707 -1777.052856 -1.000000
4.829216 4.970093 378.827511 3059.402100 -1466.362305 -1.000000
4.829322 4.970206 378.857919 3059.266602 -1072.732910 -1.000000
4.829428 4.970319 378.888326 3059.177002 -612.213318 -1.000000
4.829534 4.970431 378.918732 3059.138916 -102.995720 -1.000000
4.829640 4.970544 378.949136 3059.156494 435.090515 -1.000000
4.829746 4.970657 378.979539 3059.231934 981.616211 -1.000000
4.829853 4.970770 379.009940 3059.364502 1515.701416 -1.000000
4.829959 4.970883 379.040340 3059.552246 2017.026367 -1.000000
4.830065 4.970995 379.070738 3059.790527 2465.794189 -1.000000
4.830171 4.971108 379.101135 3060.072754 2844.328125 -1.000000
4.830277 4.971221 379.131531 3060.390869 3137.047607 -1.000000
4.830383 4.971334 379.161925 3060.734619 3331.828857 -1.000000
4.830489 4.971446 379.192317 3061.093506 3420.416992 -1.000000
4.830595 4.971559 379.222708 3061.455811 3399.006592 -1.000000
4.830701 4.971672 379.253098 3061.810303 3268.430176 -1.000000
4.830807 4.971784 379.283486 3062.145264 3034.227539 -1.000000
4.830913 4.971897 379.313873 3062.450195 2706.343994 -1.000000
4.831019 4.972010 379.344259 3062.716064 2298.310791 -1.000000
4.831125 4.972122 379.374643 3062.935303 1826.583130 -1.000000
4.831231 4.972235 379.405025 3063.101562 1309.851440 -1.000000
4.831337 4.972347 379.435406 3063.211670 768.016235 -1.000000
4.831443 4.972460 379.465786 3063.263916 221.783020 -1.000000
4.831548 4.972573 379.496164 3063.259033 -307.910187 -1.000000
4.831654 4.972685 379.526541 3063.199951 -800.865540 -1.000000
4.831760 4.972798 379.556916 3063.091309 -1237.635498 -1.000000
4.831866 4.972910 379.587290 3062.940430 -1600.815308 -1.000000
4.831972 4.973023 379.617663 3062.755615 -1875.663086 -1.000000
4.832078 4.973135 379.648034 3062.546631 -2050.494141 -1.000000
4.832184 4.973248 379.678404 3062.324951 -2117.798340 -1.000000
4.832290 4.973360 379.708772 3062.102051 -2074.670898 -1.000000
4.832395 4.973473 379.739139 3061.889648 -1923.120239 -1.000000
4.832501 4.973585 379.769504 3061.698975 -1669.670654 -1.000000
4.832607 4.973698 379.799868 3061.539795 -1324.799683 -1.000000
4.832713 4.973810 379.830230 3061.421631 -902.873840 -1.000000
4.832819 4.973923 379.860591 3061.351318 -420.718445 -1.000000
4.832924 4.974035 379.890951 3061.334229 102.798332 -1.000000
4.833030 4.974148 379.921309 3061.373779 647.353577 -1.000000
4.833136 4.974260 379.951666 3061.471436 1192.206909 -1.000000
4.833242 4.974372 379.982021 3061.625488 1716.583252 -1.000000
4.833347 4.974485 380.012375 3061.833008 2200.295410 -1.000000
4.833453 4.974597 380.042728 3062.088623 2624.171143 -1.000000
4.833559 4.974710 380.073079 3062.385010 2971.490967 -1.000000
4.833664 4.974822 380.103428 3062.713379 3227.833008 -1.000000
4.833770 4.974934 380.133777 3063.063477 3382.400146 -1.000000
4.833876 4.975047 380.164123 3063.424072 3428.648193 -1.000000
4.833982 4.975159 380.194469 3063.783936 3364.606445 -1.000000
4.834087 4.975271 380.224813 3064.131348 3192.815918 -1.000000
4.834193 4.975384 380.255155 3064.455078 2920.622314 -1.000000
4.834298 4.975496 380.285496 3064.745361 2559.478271 -1.000000
4.834404 4.975608 380.315836 3064.993164 2124.169189 -1.000000
4.834510 4.975720 380.346174 3065.191895 1632.128174 -1.000000
4.834615 4.975833 380.376511 3065.336426 1102.565796 -1.000000
4.834721 4.975945 380.406846 3065.423828 555.959534 -1.000000
4.834826 4.976057 380.437180 3065.453857 13.036192 -1.000000
4.834932 4.976169 380.467513 3065.427734 -505.492798 -1.000000
4.835038 4.976282 380.497844 3065.348633 -979.473328 -1.000000
4.835143 4.976394 380.528174 3065.222900 -1390.177002 -1.000000
4.835249 4.976506 380.558502 3065.058105 -1721.153076 -1.000000
4.835354 4.976618 380.588829 3064.863037 -1958.624634 -1.000000
4.835460 4.976730 380.619154 3064.648193 -2092.653076 -1.000000
4.835565 4.976843 380.649478 3064.425293 -2117.525146 -1.000000
4.835671 4.976955 380.679801 3064.205322 -2031.969849 -1.000000
4.835776 4.977067 380.710122 3064.000244 -1839.686523 -1.000000
4.835882 4.977179 380.740442 3063.820801 -1548.911621 -1.000000
4.835987 4.977291 380.770760 3063.676758 -1171.871216 -1.000000
4.836093 4.977403 380.801077 3063.576416 -723.877441 -1.000000
4.836198 4.977515 380.831392 3063.526367 -222.762482 -1.000000
4.836303 4.977627 380.861706 3063.530762 311.906738 -1.000000
4.836409 4.977739 380.892019 3063.592529 859.728271 -1.000000
4.836514 4.977851 380.922330 3063.711914 1399.740479 -1.000000
4.836620 4.977964 380.952640 3063.886719 1911.240967 -1.000000
4.836725 4.978076 380.982949 3064.113281 2374.471924 -1.000000
4.836830 4.978188 381.013256 3064.385010 2771.042480 -1.000000
4.836936 4.978300 381.043561 3064.694336 3084.929443 -1.000000
4.837041 4.978412 381.073865 3065.031738 3303.080566 -1.000000
4.837146 4.978524 381.104168 3065.386475 3416.153809 -1.000000
4.837252 4.978636 381.134469 3065.747314 3419.503662 -1.000000
4.837357 4.978748 381.164769 3066.103027 3312.733887 -1.000000
4.837462 4.978859 381.195068 3066.441650 3100.443115 -1.000000
4.837568 4.978971 381.225365 3066.752686 2791.774414 -1.000000
4.837673 4.979083 381.255661 3067.026611 2399.453125 -1.000000
4.837778 4.979195 381.285955 3067.255615 1939.421875 -1.000000
4.837884 4.979307 381.316248 3067.433105 1429.916870 -1.000000
4.837989 4.979419 381.346539 3067.555176 890.730591 -1.000000
4.838094 4.979531 381.376829 3067.619873 342.603577 -1.000000
4.838199 4.979643 381.407118 3067.627686 -193.762695 -1.000000
4.838305 4.979755 381.437405 3067.580322 -697.659363 -1.000000
4.838410 4.979867 381.467691 3067.482666 -1149.466431 -1.000000
4.838515 4.979978 381.497975 3067.340820 -1531.270996 -1.000000
4.838620 4.980090 381.528258 3067.163574 -1827.549072 -1.000000
4.838725 4.980202 381.558540 3066.960205 -2025.907837 -1.000000
4.838830 4.980314 381.588820 3066.741211 -2117.982910 -1.000000
4.838936 4.980426 381.619099 3066.518555 -2099.742676 -1.000000
4.839041 4.980537 381.649376 3066.303467 -1971.904785 -1.000000
4.839146 4.980649 381.679652 3066.107422 -1739.946289 -1.000000
4.839251 4.980761 381.709927 3065.941162 -1413.703491 -1.000000
4.839356 4.980873 381.740200 3065.813232 -1006.647705 -1.000000
4.839461 4.980984 381.770472 3065.731689 -535.340332 -1.000000
4.839566 4.981096 381.800742 3065.702393 -18.184767 -1.000000
4.839671 4.981208 381.831011 3065.729004 524.731323 -1.000000
4.839777 4.981320 381.861278 3065.812744 1072.680542 -1.000000
4.839882 4.981431 381.891544 3065.953613 1604.739746 -1.000000
4.839987 4.981543 381.921809 3066.148438 2100.512451 -1.000000
4.840092 4.981655 381.952072 3066.392822 2540.597900 -1.000000
4.840197 4.981766 381.982334 3066.679443 2907.347412 -1.000000
4.840302 4.981878 382.012595 3067.000244 3185.819824 -1.000000
4.840407 4.981990 382.042854 3067.344971 3364.224609 -1.000000
4.840512 4.982101 382.073112 3067.702881 3435.085205 -1.000000
4.840617 4.982213 382.103368 3068.062500 3395.257568 -1.000000
4.840722 4.982324 382.133623 3068.411865 3246.566650 -1.000000
4.840827 4.982436 382.163876 3068.740234 2995.318359 -1.000000
4.840932 4.982548 382.194128 3069.037354 2651.945312 -1.000000
4.841037 4.982659 382.224379 3069.294434 2230.618164 -1.000000
4.841142 4.982771 382.254628 3069.503662 1748.313110 -1.000000
4.841246 4.982882 382.284876 3069.659912 1223.855835 -1.000000
4.841351 4.982994 382.315123 3069.760010 677.657166 -1.000000
4.841456 4.983105 382.345368 3069.802246 130.395920 -1.000000
4.841561 4.983217 382.375611 3069.787842 -396.774017 -1.000000
4.841666 4.983328 382.405854 3069.720215 -883.633423 -1.000000
4.841771 4.983440 382.436095 3069.604492 -1311.074219 -1.000000
4.841876 4.983551 382.466334 3069.447754 -1661.954224 -1.000000
4.841981 4.983663 382.496572 3069.259277 -1921.913940 -1.000000
4.842085 4.983774 382.526809 3069.048584 -2079.954590 -1.000000
4.842190 4.983886 382.557044 3068.827148 -2129.421631 -1.000000
4.842295 4.983997 382.587278 3068.606445 -2068.102295 -1.000000
4.842400 4.984109 382.617511 3068.397705 -1898.711304 -1.000000
4.842505 4.984220 382.647742 3068.212158 -1628.381958 -1.000000
4.842610 4.984331 382.677971 3068.059570 -1268.285889 -1.000000
4.842714 4.984443 382.708200 3067.948730 -833.283936 -1.000000
4.842819 4.984554 382.738427 3067.886719 -340.790955 -1.000000
4.842924 4.984666 382.768652 3067.878662 190.033157 -1.000000
4.843029 4.984777 382.798876 3067.927246 738.572266 -1.000000
4.843133 4.984888 382.829099 3068.033447 1283.906738 -1.000000
4.843238 4.985000 382.859320 3068.195557 1805.285034 -1.000000
4.843343 4.985111 382.889540 3068.409912 2282.385498 -1.000000
4.843447 4.985222 382.919759 3068.671143 2696.684082 -1.000000
4.843552 4.985334 382.949976 3068.971680 3031.290771 -1.000000
4.843657 4.985445 382.980192 3069.302490 3272.458740 -1.000000
4.843761 4.985556 383.010406 3069.653320 3409.870850 -1.000000
4.843866 4.985667 383.040619 3070.012695 3437.674561 -1.000000
4.843971 4.985779 383.070831 3070.369141 3354.679443 -1.000000
4.844075 4.985890 383.101041 3070.711182 3164.486816 -1.000000
4.844180 4.986001 383.131250 3071.028076 2875.137695 -1.000000
4.844285 4.986112 383.161457 3071.310059 2498.614502 -1.000000
4.844389 4.986224 383.191663 3071.548340 2050.431396 -1.000000
4.844494 4.986335 383.221868 3071.736816 1548.422607 -1.000000
4.844598 4.986446 383.252071 3071.870850 1012.198547 -1.000000
4.844703 4.986557 383.282273 3071.947998 462.214569 -1.000000
4.844808 4.986668 383.312474 3071.968018 -80.458244 -1.000000
4.844912 4.986780 383.342673 3071.932129 -594.972900 -1.000000
4.845017 4.986891 383.372870 3071.844727 -1061.464722 -1.000000
4.845121 4.987002 383.403067 3071.712158 -1461.445679 -1.000000
4.845226 4.987113 383.433262 3071.542236 -1778.751953 -1.000000
4.845330 4.987224 383.463455 3071.343994 -2000.140991 -1.000000
4.845435 4.987335 383.493647 3071.127930 -2116.415283 -1.000000
4.845539 4.987446 383.523838 3070.905518 -2122.421143 -1.000000
4.845644 4.987557 383.554028 3070.688477 -2017.965454 -1.000000
4.845748 4.987668 383.584216 3070.487793 -1807.576538 -1.000000
4.845853 4.987779 383.614402 3070.314209 -1499.991943 -1.000000
4.845957 4.987891 383.644587 3070.177490 -1108.098022 -1.000000
4.846062 4.988002 383.674771 3070.084961 -647.637207 -1.000000
4.846166 4.988113 383.704954 3070.043701 -137.123917 -1.000000
4.846270 4.988224 383.735135 3070.057373 403.845520 -1.000000
4.846375 4.988335 383.765315 3070.128418 954.479004 -1.000000
4.846479 4.988446 383.795493 3070.256592 1493.628784 -1.000000
4.846584 4.988557 383.825670 3070.439453 2000.621948 -1.000000
4.846688 4.988668 383.855845 3070.672363 2455.801514 -1.000000
4.846792 4.988779 383.886020 3070.949463 2841.091797 -1.000000
4.846897 4.988889 383.916192 3071.262451 3140.811035 -1.000000
4.847001 4.989000 383.946364 3071.601562 3342.432129 -1.000000
4.847105 4.989111 383.976534 3071.956055 3437.461182 -1.000000
4.847210 4.989222 384.006703 3072.314697 3421.783203 -1.000000
4.847314 4.989333 384.036870 3072.665771 3296.095459 -1.000000
4.847418 4.989444 384.067036 3072.998291 3065.913818 -1.000000
4.847523 4.989555 384.097200 3073.302002 2740.651123 -1.000000
4.847627 4.989666 384.127363 3073.567139 2333.833252 -1.000000
4.847731 4.989777 384.157525 3073.786377 1861.893066 -1.000000
4.847835 4.989888 384.187686 3073.953857 1343.478271 -1.000000
4.847940 4.989998 384.217845 3074.065674 798.590088 -1.000000
4.848044 4.990109 384.248002 3074.120117 248.261414 -1.000000
4.848148 4.990220 384.278158 3074.117676 -286.606262 -1.000000
4.848252 4.990331 384.308313 3074.061523 -785.466187 -1.000000
4.848357 4.990442 384.338467 3073.955811 -1228.733765 -1.000000
4.848461 4.990552 384.368619 3073.807861 -1598.750366 -1.000000
4.848565 4.990663 384.398770 3073.625977 -1880.438965 -1.000000
4.848669 4.990774 384.428919 3073.419922 -2062.010254 -1.000000
4.848773 4.990885 384.459067 3073.200684 -2135.830078 -1.000000
4.848877 4.990995 384.489214 3072.979492 -2098.730225 -1.000000
4.848982 4.991106 384.519359 3072.767822 -1952.252319 -1.000000
4.849086 4.991217 384.549503 3072.576660 -1702.631226 -1.000000
4.849190 4.991328 384.579645 3072.416504 -1360.270630 -1.000000
4.849294 4.991438 384.609787 3072.295898 -939.158142 -1.000000
4.849398 4.991549 384.639926 3072.222900 -456.313721 -1.000000
4.849502 4.991660 384.670065 3072.202637 69.222778 -1.000000
4.849606 4.991770 384.700202 3072.238281 617.228821 -1.000000
4.849710 4.991881 384.730337 3072.331055 1166.717529 -1.000000
4.849814 4.991992 384.760472 3072.480225 1696.737793 -1.000000
4.849918 4.992102 384.790605 3072.682617 2186.813721 -1.000000
4.850022 4.992213 384.820736 3072.933105 2617.701660 -1.000000
4.850126 4.992323 384.850866 3073.224365 2972.230469 -1.000000
4.850230 4.992434 384.880995 3073.548340 3235.704834 -1.000000
4.850334 4.992545 384.911123 3073.894287 3397.080078 -1.000000
4.850438 4.992655 384.941249 3074.251221 3449.402588 -1.000000
4.850542 4.992766 384.971373 3074.607666 3390.556641 -1.000000
4.850646 4.992876 385.001497 3074.952393 3223.015137 -1.000000
4.850750 4.992987 385.031619 3075.274414 2953.897705 -1.000000
4.850854 4.993097 385.061739 3075.563477 2594.438477 -1.000000
4.850958 4.993208 385.091858 3075.811035 2159.371582 -1.000000
4.851062 4.993318 385.121976 3076.010010 1666.200195 -1.000000
4.851166 4.993429 385.152093 3076.155518 1134.246216 -1.000000
4.851270 4.993539 385.182208 3076.245117 583.936646 -1.000000
4.851374 4.993650 385.212322 3076.277344 36.128292 -1.000000
4.851478 4.993760 385.242434 3076.253418 -488.053925 -1.000000
4.851582 4.993871 385.272545 3076.177246 -968.226318 -1.000000
4.851686 4.993981 385.302655 3076.054199 -1385.571533 -1.000000
4.851790 4.994092 385.332763 3075.892334 -1723.355347 -1.000000
4.851893 4.994202 385.362870 3075.699951 -1967.643433 -1.000000
4.851997 4.994313 385.392975 3075.487305 -2108.222412 -1.000000
4.852101 4.994423 385.423080 3075.265869 -2138.824463 -1.000000
4.852205 4.994533 385.453183 3075.047119 -2058.373047 -1.000000
4.852309 4.994644 385.483284 3074.842529 -1870.169312 -1.000000
4.852412 4.994754 385.513384 3074.662354 -1582.192017 -1.000000
4.852516 4.994864 385.543483 3074.516846 -1206.392090 -1.000000
4.852620 4.994975 385.573580 3074.414307 -758.280334 -1.000000
4.852724 4.995085 385.603676 3074.361328 -255.428802 -1.000000
4.852828 4.995195 385.633771 3074.362305 282.292023 -1.000000
4.852931 4.995306 385.663864 3074.420410 834.275330 -1.000000
4.853035 4.995416 385.693956 3074.535400 1379.503418 -1.000000
4.853139 4.995526 385.724047 3074.705566 1896.989136 -1.000000
4.853243 4.995637 385.754136 3074.927246 2366.803467 -1.000000
4.853346 4.995747 385.784224 3075.194336 2770.240479 -1.000000
4.853450 4.995857 385.814310 3075.499023 3090.964600 -1.000000
4.853554 4.995967 385.844396 3075.832031 3315.615723 -1.000000
4.853657 4.996078 385.874479 3076.182861 3434.813965 -1.000000
4.853761 4.996188 385.904562 3076.540283 3443.440186 -1.000000
4.853865 4.996298 385.934643 3076.892822 3341.228760 -1.000000
4.853968 4.996408 385.964723 3077.229004 3132.481934 -1.000000
4.854072 4.996518 385.994801 3077.538818 2825.892822 -1.000000
4.854175 4.996629 386.024878 3077.812256 2434.068848 -1.000000
4.854279 4.996739 386.054954 3078.041260 1973.100464 -1.000000
4.854383 4.996849 386.085028 3078.219482 1461.304810 -1.000000
4.854486 4.996959 386.115101 3078.343018 918.450562 -1.000000
4.854590 4.997069 386.145172 3078.409668 365.434814 -1.000000
4.854693 4.997179 386.175243 3078.419189 -176.679260 -1.000000
4.854797 4.997290 386.205311 3078.374023 -686.902161 -1.000000
4.854901 4.997400 386.235379 3078.278564 -1145.456787 -1.000000
4.855004 4.997510 386.265445 3078.139160 -1534.005615 -1.000000
4.855108 4.997620 386.295510 3077.963867 -1836.858032 -1.000000
4.855211 4.997730 386.325573 3077.761963 -2041.437988 -1.000000
4.855315 4.997840 386.355635 3077.544434 -2138.933105 -1.000000
4.855418 4.997950 386.385696 3077.322754 -2125.138916 -1.000000
4.855522 4.998060 386.415756 3077.108398 -2000.784912 -1.000000
4.855625 4.998170 386.445814 3076.912354 -1771.156982 -1.000000
4.855729 4.998280 386.475870 3076.745117 -1446.039673 -1.000000
4.855832 4.998390 386.505926 3076.615967 -1038.705811 -1.000000
4.855936 4.998500 386.535980 3076.532227 -565.637695 -1.000000
4.856039 4.998610 386.566032 3076.500244 -45.463337 -1.000000
4.856142 4.998720 386.596084 3076.523682 501.484131 -1.000000
4.856246 4.998830 386.626134 3076.604492 1054.306763 -1.000000
4.856349 4.998940 386.656182 3076.741455 1591.944824 -1.000000
4.856453 4.999050 386.686229 3076.932373 2093.683594 -1.000000
4.856556 4.999160 386.716275 3077.172607 2539.857422 -1.000000
4.856659 4.999270 386.746320 3077.455078 2912.750244 -1.000000
4.856763 4.999380 386.776363 3077.771484 3197.023438 -1.000000
4.856866 4.999490 386.806405 3078.112061 3381.038574 -1.000000
4.856969 4.999600 386.836445 3078.466309 3456.853027 -1.000000
4.857073 4.999709 386.866484 3078.822754 3421.170410 -1.000000
4.857176 4.999819 386.896522 3079.169678 3275.487793 -1.000000
4.857279 4.999929 386.926559 3079.495850 3025.984131 -1.000000
4.857383 5.000039 386.956594 3079.791504 2683.158203 -1.000000
4.857486 5.000149 386.986628 3080.047607 2261.141113 -1.000000
4.857589 5.000259 387.016660 3080.256592 1776.910034 -1.000000
4.857693 5.000368 387.046691 3080.413086 1249.390747 -1.000000
4.857796 5.000478 387.076721 3080.513672 699.160706 -1.000000
4.857899 5.000588 387.106749 3080.557373 147.191513 -1.000000
4.858002 5.000698 387.136776 3080.544922 -385.429443 -1.000000
4.858106 5.000808 387.166802 3080.479248 -878.131592 -1.000000
4.858209 5.000917 387.196826 3080.365967 -1311.701416 -1.000000
4.858312 5.001027 387.226849 3080.211670 -1668.893799 -1.000000
4.858415 5.001137 387.256871 3080.024902 -1934.737305 -1.000000
4.858518 5.001247 387.286891 3079.815918 -2098.200684 -1.000000
4.858622 5.001356 387.316910 3079.595703 -2152.286865 -1.000000
4.858725 5.001466 387.346928 3079.375488 -2094.575439 -1.000000
4.858828 5.001576 387.376944 3079.167236 -1927.603516 -1.000000
4.858931 5.001685 387.406959 3078.981689 -1658.568359 -1.000000
4.859034 5.001795 387.436973 3078.828369 -1298.744263 -1.000000
4.859137 5.001905 387.466985 3078.716309 -862.609192 -1.000000
4.859240 5.002014 387.496996 3078.652588 -367.773468 -1.000000
4.859344 5.002124 387.527005 3078.641846 166.347290 -1.000000
4.859447 5.002234 387.557014 3078.687500 719.238098 -1.000000
4.859550 5.002343 387.587021 3078.790283 1269.572144 -1.000000
4.859653 5.002453 387.617026 3078.948730 1796.358643 -1.000000
4.859756 5.002562 387.647030 3079.159180 2279.323975 -1.000000
4.859859 5.002672 387.677033 3079.416504 2699.413086 -1.000000
4.859962 5.002782 387.707035 3079.712891 3039.718262 -1.000000
4.860065 5.002891 387.737035 3080.040039 3286.103271 -1.000000
4.860168 5.003001 387.767034 3080.386719 3428.267334 -1.000000
4.860271 5.003110 387.797031 3080.742432 3460.104736 -1.000000
4.860374 5.003220 387.827028 3081.095703 3380.383057 -1.000000
4.860477 5.003329 387.857022 3081.435303 3192.434570 -1.000000
4.860580 5.003439 387.887016 3081.750000 2904.110107 -1.000000
4.860683 5.003548 387.917008 3082.030029 2527.624023 -1.000000
4.860786 5.003658 387.946999 3082.267822 2078.290039 -1.000000
4.860889 5.003767 387.976989 3082.456543 1573.827393 -1.000000
4.860992 5.003877 388.006977 3082.591064 1034.020508 -1.000000
4.861095 5.003986 388.036964 3082.669189 479.568909 -1.000000
4.861198 5.004096 388.066949 3082.690186 -68.291237 -1.000000
4.861301 5.004205 388.096933 3082.656006 -588.494751 -1.000000
4.861404 5.004315 388.126916 3082.570801 -1060.891968 -1.000000
4.861507 5.004424 388.156898 3082.440186 -1466.772705 -1.000000
4.861609 5.004533 388.186878 3082.271973 -1789.733276 -1.000000
4.861712 5.004643 388.216857 3082.075439 -2016.372314 -1.000000
4.861815 5.004752 388.246834 3081.860840 -2137.200195 -1.000000
4.861918 5.004862 388.276810 3081.639404 -2147.023682 -1.000000
4.862021 5.004971 388.306785 3081.422852 -2045.235107 -1.000000
4.862124 5.005080 388.336759 3081.222412 -1836.371460 -1.000000
4.862227 5.005190 388.366731 3081.048584 -1529.226318 -1.000000
4.862329 5.005299 388.396702 3080.910889 -1136.407959 -1.000000
4.862432 5.005408 388.426671 3080.817383 -674.075928 -1.000000
4.862535 5.005518 388.456639 3080.773926 -160.421738 -1.000000
4.862638 5.005627 388.486606 3080.785400 384.469086 -1.000000
4.862740 5.005736 388.516572 3080.853516 939.807251 -1.000000
4.862843 5.005845 388.546536 3080.978271 1484.258179 -1.000000
4.862946 5.005955 388.576499 3081.157227 1997.014404 -1.000000
4.863049 5.006064 388.606461 3081.386475 2458.224365 -1.000000
4.863151 5.006173 388.636421 3081.659668 2849.385010 -1.000000
4.863254 5.006282 388.666380 3081.968750 3154.628906 -1.000000
4.863357 5.006392 388.696337 3082.304199 3361.314209 -1.000000
4.863460 5.006501 388.726293 3082.655518 3460.569092 -1.000000
4.863562 5.006610 388.756248 3083.011230 3448.179932 -1.000000
4.863665 5.006719 388.786202 3083.359863 3324.700684 -1.000000
4.863768 5.006829 388.816154 3083.690186 3095.345947 -1.000000
4.863870 5.006938 388.846105 3083.992188 2769.752686 -1.000000
4.863973 5.007047 388.876055 3084.256348 2361.385254 -1.000000
4.864076 5.007156 388.906003 3084.474854 1886.758545 -1.000000
4.864178 5.007265 388.935950 3084.642090 1364.769165 -1.000000
4.864281 5.007374 388.965896 3084.754150 815.447083 -1.000000
4.864383 5.007483 388.995840 3084.809326 259.898895 -1.000000
4.864486 5.007592 389.025783 3084.808105 -280.644928 -1.000000
4.864589 5.007702 389.055725 3084.753174 -785.405762 -1.000000
4.864691 5.007811 389.085665 3084.648926 -1234.560181 -1.000000
4.864794 5.007920 389.115604 3084.502441 -1610.238525 -1.000000
4.864896 5.008029 389.145542 3084.321777 -1897.010376 -1.000000
4.864999 5.008138 389.175478 3084.116699 -2083.046875 -1.000000
4.865101 5.008247 389.205413 3083.898193 -2160.288818 -1.000000
4.865204 5.008356 389.235347 3083.677490 -2125.555664 -1.000000
4.865307 5.008465 389.265279 3083.466064 -1980.299194 -1.000000
4.865409 5.008574 389.295210 3083.274658 -1730.510254 -1.000000
4.865512 5.008683 389.325140 3083.114258 -1386.746826 -1.000000
4.865614 5.008792 389.355068 3082.993408 -963.391479 -1.000000
4.865717 5.008901 389.384995 3082.918945 -477.273804 -1.000000
4.865819 5.009010 389.414921 3082.896973 52.423359 -1.000000
4.865921 5.009119 389.444846 3082.930664 605.233032 -1.000000
4.866024 5.009228 389.474769 3083.021240 1159.972778 -1.000000
4.866126 5.009337 389.504691 3083.167969 1695.405762 -1.000000
4.866229 5.009446 389.534611 3083.367188 2190.835693 -1.000000
4.866331 5.009555 389.564530 3083.614258 2627.049561 -1.000000
4.866434 5.009664 389.594448 3083.902100 2986.451416 -1.000000
4.866536 5.009772 389.624365 3084.222656 3254.355469 -1.000000
4.866638 5.009881 389.654280 3084.565430 3419.337402 -1.000000
4.866741 5.009990 389.684194 3084.919434 3474.385254 -1.000000
4.866843 5.010099 389.714107 3085.273438 3417.092529 -1.000000
4.866945 5.010208 389.744018 3085.615723 3250.017334 -1.000000
4.867048 5.010317 389.773928 3085.935547 2980.101318 -1.000000
4.867150 5.010426 389.803837 3086.222412 2618.856689 -1.000000
4.867253 5.010534 389.833744 3086.468506 2181.183838 -1.000000
4.867355 5.010643 389.863650 3086.666748 1684.419556 -1.000000
4.867457 5.010752 389.893555 3086.812012 1147.977539 -1.000000
4.867559 5.010861 389.923458 3086.901123 592.580444 -1.000000
4.867662 5.010970 389.953360 3086.933350 39.439812 -1.000000
4.867764 5.011078 389.983261 3086.910156 -490.122528 -1.000000
4.867866 5.011187 390.013160 3086.834473 -975.688293 -1.000000
4.867969 5.011296 390.043058 3086.712646 -1398.072754 -1.000000
4.868071 5.011405 390.072955 3086.551270 -1740.360962 -1.000000
4.868173 5.011513 390.102851 3086.359863 -1988.365601 -1.000000
4.868275 5.011622 390.132745 3086.148193 -2131.683350 -1.000000
4.868377 5.011731 390.162638 3085.927490 -2164.128174 -1.000000
4.868480 5.011839 390.192529 3085.709473 -2084.394775 -1.000000
4.868582 5.011948 390.222420 3085.505371 -1895.807495 -1.000000
4.868684 5.012057 390.252309 3085.325439 -1606.571655 -1.000000
4.868786 5.012165 390.282196 3085.179932 -1228.524292 -1.000000
4.868888 5.012274 390.312083 3085.076904 -777.145874 -1.000000
4.868991 5.012383 390.341968 3085.022949 -270.442474 -1.000000
4.869093 5.012491 390.371851 3085.022949 271.850739 -1.000000
4.869195 5.012600 390.401734 3085.079346 828.841125 -1.000000
4.869297 5.012709 390.431615 3085.192139 1379.031982 -1.000000
4.869399 5.012817 390.461495 3085.359863 1901.644165 -1.000000
4.869501 5.012926 390.491373 3085.578613 2376.389893 -1.000000
4.869603 5.013034 390.521250 3085.842773 2784.427002 -1.000000
4.869705 5.013143 390.551126 3086.144531 3109.020020 -1.000000
4.869807 5.013251 390.581001 3086.474609 3336.929932 -1.000000
4.869910 5.013360 390.610874 3086.822266 3458.570312 -1.000000
4.870012 5.013469 390.640746 3087.176758 3468.565430 -1.000000
4.870114 5.013577 390.670616 3087.526367 3366.617676 -1.000000
4.870216 5.013686 390.700486 3087.860107 3157.084473 -1.000000
4.870318 5.013794 390.730354 3088.167236 2848.745361 -1.000000
4.870420 5.013903 390.760220 3088.438232 2454.536865 -1.000000
4.870522 5.014011 390.790086 3088.665283 1990.307617 -1.000000
4.870624 5.014120 390.819950 3088.842285 1474.744263 -1.000000
4.870726 5.014228 390.849813 3088.964844 927.581360 -1.000000
4.870828 5.014336 390.879674 3089.031250 370.009430 -1.000000
4.870930 5.014445 390.909534 3089.041016 -176.852219 -1.000000
4.871032 5.014553 390.939393 3088.996338 -691.872253 -1.000000
4.871134 5.014662 390.969251 3088.901611 -1154.860229 -1.000000
4.871236 5.014770 390.999107 3088.763184 -1547.666260 -1.000000
4.871337 5.014879 391.028962 3088.589111 -1854.304688 -1.000000
4.871439 5.014987 391.058816 3088.388672 -2061.871582 -1.000000
4.871541 5.015095 391.088668 3088.172607 -2161.760010 -1.000000
4.871643 5.015204 391.118519 3087.952148 -2149.654053 -1.000000
4.871745 5.015312 391.148369 3087.738770 -2026.003662 -1.000000
4.871847 5.015420 391.178217 3087.543213 -1796.058105 -1.000000
4.871949 5.015529 391.208064 3087.376221 -1469.504761 -1.000000
4.872051 5.015637 391.237910 3087.246826 -1059.911133 -1.000000
4.872153 5.015745 391.267755 3087.162842 -583.794250 -1.000000
4.872254 5.015854 391.297598 3087.129883 -59.872635 -1.000000
4.872356 5.015962 391.327440 3087.151611 491.396820 -1.000000
4.872458 5.016070 391.357281 3087.229980 1049.063232 -1.000000
4.872560 5.016179 391.387120 3087.364502 1591.729126 -1.000000
4.872662 5.016287 391.416958 3087.552734 2098.439697 -1.000000
4.872763 5.016395 391.446795 3087.789795 2549.566162 -1.000000
4.872865 5.016503 391.476630 3088.069336 2926.815918 -1.000000
4.872967 5.016612 391.506464 3088.382568 3215.043701 -1.000000
4.873069 5.016720 391.536297 3088.719971 3402.270020 -1.000000
4.873170 5.016828 391.566129 3089.071045 3480.269043 -1.000000
4.873272 5.016936 391.595959 3089.424316 3445.916016 -1.000000
4.873374 5.017044 391.625788 3089.768311 3300.561035 -1.000000
4.873476 5.017153 391.655616 3090.092285 3050.358398 -1.000000
4.873577 5.017261 391.685442 3090.385742 2705.751465 -1.000000
4.873679 5.017369 391.715267 3090.639893 2281.054688 -1.000000
4.873781 5.017477 391.745091 3090.847412 1793.399780 -1.000000
4.873882 5.017585 391.774913 3091.003174 1261.950806 -1.000000
4.873984 5.017693 391.804734 3091.103271 707.196289 -1.000000
4.874086 5.017801 391.834554 3091.146973 150.228592 -1.000000
4.874187 5.017910 391.864373 3091.134521 -387.422119 -1.000000
4.874289 5.018018 391.894190 3091.069580 -884.989807 -1.000000
4.874391 5.018126 391.924006 3090.956787 -1323.086670 -1.000000
4.874492 5.018234 391.953821 3090.803467 -1684.236816 -1.000000
4.874594 5.018342 391.983634 3090.617676 -1953.425903 -1.000000
4.874696 5.018450 392.013446 3090.409668 -2119.449219 -1.000000
4.874797 5.018558 392.043257 3090.190430 -2175.135742 -1.000000
4.874899 5.018666 392.073067 3089.971436 -2118.094727 -1.000000
4.875000 5.018774 392.102875 3089.763672 -1950.853394 -1.000000
4.875102 5.018882 392.132682 3089.578613 -1680.512085 -1.000000
4.875203 5.018990 392.162487 3089.425537 -1318.342651 -1.000000
4.875305 5.019098 392.192292 3089.313477 -879.170837 -1.000000
4.875406 5.019206 392.222095 3089.249268 -380.649170 -1.000000
4.875508 5.019314 392.251897 3089.237305 157.705338 -1.000000
4.875609 5.019422 392.281697 3089.281494 715.218018 -1.000000
4.875711 5.019530 392.311496 3089.382324 1270.478149 -1.000000
4.875812 5.019638 392.341294 3089.538574 1802.289673 -1.000000
4.875914 5.019746 392.371091 3089.746826 2290.003418 -1.000000
4.876015 5.019854 392.400886 3090.001465 2714.304688 -1.000000
4.876117 5.019962 392.430680 3090.294922 3058.273438 -1.000000
4.876218 5.020070 392.460473 3090.618652 3307.706299 -1.000000
4.876320 5.020177 392.490264 3090.962402 3452.055176 -1.000000
4.876421 5.020285 392.520055 3091.315430 3485.118896 -1.000000
4.876523 5.020393 392.549843 3091.665527 3405.570068 -1.000000
4.876624 5.020501 392.579631 3092.002197 3216.777832 -1.000000
4.876725 5.020609 392.609417 3092.314697 2926.773926 -1.000000
4.876827 5.020717 392.639202 3092.592773 2547.446045 -1.000000
4.876928 5.020825 392.668986 3092.828613 2094.477539 -1.000000
4.877030 5.020932 392.698768 3093.015625 1585.834717 -1.000000
4.877131 5.021040 392.728550 3093.149170 1041.337891 -1.000000
4.877232 5.021148 392.758329 3093.226562 481.985382 -1.000000
4.877334 5.021256 392.788108 3093.247314 -70.858391 -1.000000
4.877435 5.021364 392.817885 3093.213135 -595.987732 -1.000000
4.877536 5.021471 392.847661 3093.128174 -1072.923950 -1.000000
4.877638 5.021579 392.877436 3092.998291 -1482.894287 -1.000000
4.877739 5.021687 392.907210 3092.830566 -1809.352295 -1.000000
4.877840 5.021795 392.936982 3092.634766 -2038.606812 -1.000000
4.877941 5.021902 392.966753 3092.420898 -2161.027344 -1.000000
4.878043 5.022010 392.996522 3092.200439 -2171.285645 -1.000000
4.878144 5.022118 393.026290 3091.984619 -2069.063232 -1.000000
4.878245 5.022225 393.056057 3091.784912 -1858.703003 -1.000000
4.878347 5.022333 393.085823 3091.611328 -1549.018188 -1.000000
4.878448 5.022441 393.115588 3091.473877 -1152.955078 -1.000000
4.878549 5.022548 393.145351 3091.380371 -686.573181 -1.000000
4.878650 5.022656 393.175113 3091.336914 -168.440582 -1.000000
4.878751 5.022764 393.204873 3091.347412 381.245880 -1.000000
4.878853 5.022871 393.234633 3091.414062 941.563477 -1.000000
4.878954 5.022979 393.264391 3091.537354 1491.118164 -1.000000
4.879055 5.023087 393.294147 3091.714844 2008.553223 -1.000000
4.879156 5.023194 393.323903 3091.942139 2473.736084 -1.000000
4.879257 5.023302 393.353657 3092.213135 2868.236328 -1.000000
4.879358 5.023409 393.383410 3092.519775 3175.926270 -1.000000
4.879460 5.023517 393.413162 3092.852539 3384.127686 -1.000000
4.879561 5.023624 393.442912 3093.200928 3484.003418 -1.000000
4.879662 5.023732 393.472661 3093.553467 3471.188965 -1.000000
4.879763 5.023839 393.502409 3093.899170 3346.445312 -1.000000
4.879864 5.023947 393.532155 3094.226562 3114.843750 -1.000000
4.879965 5.024055 393.561901 3094.525879 2786.291504 -1.000000
4.880066 5.024162 393.591645 3094.787598 2374.130371 -1.000000
4.880167 5.024270 393.621387 3095.003906 1895.156860 -1.000000
4.880268 5.024377 393.651129 3095.169189 1368.348267 -1.000000
4.880369 5.024485 393.680869 3095.279541 814.109009 -1.000000
4.880470 5.024592 393.710608 3095.333740 253.730896 -1.000000
4.880571 5.024699 393.740345 3095.331543 -291.392914 -1.000000
4.880672 5.024807 393.770082 3095.276123 -800.246643 -1.000000
4.880773 5.024914 393.799817 3095.171631 -1252.816162 -1.000000
4.880874 5.025022 393.829550 3095.025146 -1631.123291 -1.000000
4.880975 5.025129 393.859283 3094.845215 -1919.736328 -1.000000
4.881076 5.025237 393.889014 3094.641113 -2106.620850 -1.000000
4.881177 5.025344 393.918744 3094.423584 -2183.919434 -1.000000
4.881278 5.025451 393.948473 3094.204102 -2148.254395 -1.000000
4.881379 5.025559 393.978200 3093.993652 -2001.147217 -1.000000
4.881480 5.025666 394.007926 3093.803467 -1748.638428 -1.000000
4.881581 5.025773 394.037651 3093.643555 -1401.463379 -1.000000
4.881682 5.025881 394.067374 3093.523193 -974.002136 -1.000000
4.881783 5.025988 394.097097 3093.449219 -483.404236 -1.000000
4.881884 5.026095 394.126818 3093.427246 51.068600 -1.000000
4.881985 5.026203 394.156537 3093.460449 608.605347 -1.000000
4.882086 5.026310 394.186256 3093.550049 1167.992065 -1.000000
4.882187 5.026417 394.215973 3093.695312 1707.838257 -1.000000
4.882287 5.026525 394.245689 3093.893311 2207.189697 -1.000000
4.882388 5.026632 394.275404 3094.138672 2646.526855 -1.000000
4.882489 5.026739 394.305117 3094.424561 3008.223877 -1.000000
4.882590 5.026846 394.334829 3094.742188 3277.440674 -1.000000
4.882691 5.026954 394.364540 3095.081787 3443.033447 -1.000000
4.882792 5.027061 394.394249 3095.432617 3497.780273 -1.000000
4.882892 5.027168 394.423958 3095.783203 3439.357178 -1.000000
4.882993 5.027275 394.453665 3096.122070 3270.305176 -1.000000
4.883094 5.027382 394.483370 3096.438477 2997.775391 -1.000000
4.883195 5.027490 394.513075 3096.722656 2633.342529 -1.000000
4.883296 5.027597 394.542778 3096.966309 2191.771729 -1.000000
4.883396 5.027704 394.572480 3097.162598 1690.625610 -1.000000
4.883497 5.027811 394.602181 3097.305664 1149.528320 -1.000000
4.883598 5.027918 394.631880 3097.393311 589.530029 -1.000000
4.883699 5.028025 394.661578 3097.424561 32.056038 -1.000000
4.883799 5.028133 394.691275 3097.400391 -501.649017 -1.000000
4.883900 5.028240 394.720971 3097.324707 -990.848145 -1.000000
4.884001 5.028347 394.750665 3097.202881 -1416.172363 -1.000000
4.884101 5.028454 394.780358 3097.041992 -1760.683716 -1.000000
4.884202 5.028561 394.810050 3096.851318 -2010.082153 -1.000000
4.884303 5.028668 394.839741 3096.640869 -2153.812988 -1.000000
4.884403 5.028775 394.869430 3096.421631 -2185.953369 -1.000000
4.884504 5.028882 394.899118 3096.204590 -2105.030762 -1.000000
4.884605 5.028989 394.928805 3096.001465 -1914.464722 -1.000000
4.884705 5.029096 394.958490 3095.822754 -1622.303101 -1.000000
4.884806 5.029203 394.988174 3095.677979 -1240.805908 -1.000000
4.884907 5.029310 395.017857 3095.575195 -785.287720 -1.000000
4.885007 5.029417 395.047539 3095.521484 -274.147949 -1.000000
4.885108 5.029524 395.077219 3095.521240 272.773438 -1.000000
4.885208 5.029631 395.106898 3095.576904 834.366455 -1.000000
4.885309 5.029738 395.136576 3095.688965 1389.173950 -1.000000
4.885409 5.029845 395.166253 3095.855469 1915.777832 -1.000000
4.885510 5.029952 395.195928 3096.072754 2393.822021 -1.000000
4.885611 5.030059 395.225602 3096.334961 2804.299805 -1.000000
4.885711 5.030166 395.255275 3096.634277 3130.677979 -1.000000
4.885812 5.030273 395.284947 3096.961182 3359.411133 -1.000000
4.885912 5.030380 395.314617 3097.305908 3481.023926 -1.000000
4.886013 5.030487 395.344286 3097.657227 3490.204346 -1.000000
4.886113 5.030594 395.373954 3098.003662 3386.557861 -1.000000
4.886214 5.030701 395.403620 3098.333984 3174.465332 -1.000000
4.886314 5.030807 395.433286 3098.638184 2862.851807 -1.000000
4.886415 5.030914 395.462950 3098.906494 2464.787598 -1.000000
4.886515 5.031021 395.492612 3099.131104 1996.396484 -1.000000
4.886615 5.031128 395.522274 3099.305908 1476.033691 -1.000000
4.886716 5.031235 395.551934 3099.426758 924.099121 -1.000000
4.886816 5.031342 395.581593 3099.491455 361.705841 -1.000000
4.886917 5.031449 395.611251 3099.500244 -189.599197 -1.000000
4.887017 5.031555 395.640907 3099.454590 -708.483032 -1.000000
4.887118 5.031662 395.670562 3099.359863 -1174.840698 -1.000000
4.887218 5.031769 395.700216 3099.221436 -1570.151733 -1.000000
4.887318 5.031876 395.729869 3099.047607 -1878.316528 -1.000000
4.887419 5.031982 395.759521 3098.847900 -2086.547119 -1.000000
4.887519 5.032089 395.789171 3098.632812 -2186.075195 -1.000000
4.887619 5.032196 395.818820 3098.413086 -2172.519531 -1.000000
4.887720 5.032303 395.848467 3098.200684 -2046.451538 -1.000000
4.887820 5.032409 395.878114 3098.006348 -1813.345581 -1.000000
4.887920 5.032516 395.907759 3097.840088 -1482.888672 -1.000000
4.888021 5.032623 395.937403 3097.711426 -1068.839722 -1.000000
4.888121 5.032729 395.967045 3097.627686 -587.687561 -1.000000
4.888221 5.032836 395.996687 3097.595215 -58.600544 -1.000000
4.888322 5.032943 396.026327 3097.616943 497.861053 -1.000000
4.888422 5.033049 396.055966 3097.694824 1060.415161 -1.000000
4.888522 5.033156 396.085603 3097.828613 1607.681396 -1.000000
4.888622 5.033263 396.115240 3098.015625 2118.384277 -1.000000
4.888723 5.033369 396.144875 3098.251465 2572.496338 -1.000000
4.888823 5.033476 396.174508 3098.528809 2952.144775 -1.000000
4.888923 5.033583 396.204141 3098.839844 3241.595215 -1.000000
4.889023 5.033689 396.233772 3099.175049 3428.882568 -1.000000
4.889123 5.033796 396.263402 3099.523193 3506.066406 -1.000000
4.889224 5.033902 396.293031 3099.873535 3469.804199 -1.000000
4.889324 5.034009 396.322659 3100.214600 3321.710938 -1.000000
4.889424 5.034116 396.352285 3100.535645 3067.885498 -1.000000
4.889524 5.034222 396.381910 3100.826416 2718.933838 -1.000000
4.889624 5.034329 396.411534 3101.077881 2289.302246 -1.000000
4.889724 5.034435 396.441157 3101.282959 1796.231201 -1.000000
4.889825 5.034542 396.470778 3101.436279 1259.177734 -1.000000
4.889925 5.034648 396.500398 3101.534424 698.891907 -1.000000
4.890025 5.034755 396.530017 3101.576416 136.848373 -1.000000
4.890125 5.034861 396.559634 3101.562988 -405.519653 -1.000000
4.890225 5.034968 396.589251 3101.496826 -907.148193 -1.000000
4.890325 5.035074 396.618866 3101.383545 -1348.318970 -1.000000
4.890425 5.035181 396.648480 3101.229736 -1711.499146 -1.000000
4.890525 5.035287 396.678092 3101.044189 -1981.596191 -1.000000
4.890625 5.035393 396.707703 3100.836670 -2147.430664 -1.000000
4.890725 5.035500 396.737313 3100.618164 -2201.950195 -1.000000
4.890825 5.035606 396.766922 3100.399902 -2142.689453 -1.000000
4.890926 5.035713 396.796530 3100.193359 -1972.297729 -1.000000
4.891026 5.035819 396.826136 3100.008789 -1697.896118 -1.000000
4.891126 5.035926 396.855741 3099.856689 -1330.946899 -1.000000
4.891226 5.036032 396.885345 3099.745117 -886.504089 -1.000000
4.891326 5.036138 396.914948 3099.681152 -382.342010 -1.000000
4.891426 5.036245 396.944549 3099.669922 161.843719 -1.000000
4.891526 5.036351 396.974149 3099.714111 724.890625 -1.000000
4.891626 5.036457 397.003748 3099.814697 1285.348022 -1.000000
4.891725 5.036564 397.033346 3099.970215 1821.792725 -1.000000
4.891825 5.036670 397.062942 3100.177246 2313.299072 -1.000000
4.891925 5.036776 397.092537 3100.430420 2740.554199 -1.000000
4.892025 5.036883 397.122131 3100.722412 3086.258789 -1.000000
4.892125 5.036989 397.151723 3101.043945 3336.445557 -1.000000
4.892225 5.037095 397.181315 3101.385498 3480.351562 -1.000000
4.892325 5.037201 397.210905 3101.735596 3511.801758 -1.000000
4.892425 5.037308 397.240494 3102.083252 3429.656494 -1.000000
4.892525 5.037414 397.270081 3102.417236 3237.286621 -1.000000
4.892625 5.037520 397.299668 3102.726562 2942.846680 -1.000000
4.892725 5.037626 397.329253 3103.001953 2558.601562 -1.000000
4.892824 5.037733 397.358837 3103.235107 2100.079346 -1.000000
4.892924 5.037839 397.388420 3103.419678 1585.609863 -1.000000
4.893024 5.037945 397.418001 3103.551025 1035.258545 -1.000000
4.893124 5.038051 397.447581 3103.626221 470.260498 -1.000000
4.893224 5.038157 397.477160 3103.645020 -87.702492 -1.000000
4.893323 5.038264 397.506738 3103.609375 -617.067078 -1.000000
4.893423 5.038370 397.536314 3103.523438 -1097.531006 -1.000000
4.893523 5.038476 397.565889 3103.392578 -1509.887817 -1.000000
4.893623 5.038582 397.595463 3103.224609 -1837.540039 -1.000000
4.893723 5.038688 397.625036 3103.029053 -2066.955566 -1.000000
4.893822 5.038794 397.654608 3102.815918 -2188.447754 -1.000000
4.893922 5.038900 397.684178 3102.596191 -2196.796631 -1.000000
4.894022 5.039006 397.713747 3102.381592 -2091.578125 -1.000000
4.894122 5.039113 397.743315 3102.182617 -1877.414185 -1.000000
4.894221 5.039219 397.772881 3102.010254 -1563.168091 -1.000000
4.894321 5.039325 397.802446 3101.873779 -1162.041382 -1.000000
4.894421 5.039431 397.832011 3101.781006 -690.214844 -1.000000
4.894520 5.039537 397.861573 3101.738037 -166.482300 -1.000000
4.894620 5.039643 397.891135 3101.748779 388.741272 -1.000000
4.894720 5.039749 397.920695 3101.815674 954.324768 -1.000000
4.894819 5.039855 397.950254 3101.938477 1508.521973 -1.000000
4.894919 5.039961 397.979812 3102.115479 2029.945068 -1.000000
4.895019 5.040067 398.009369 3102.341553 2498.405029 -1.000000
4.895118 5.040173 398.038924 3102.611084 2895.056641 -1.000000
4.895218 5.040279 398.068478 3102.915527 3203.981201 -1.000000
4.895318 5.040385 398.098031 3103.245850 3412.312988 -1.000000
4.895417 5.040491 398.127583 3103.591797 3511.296631 -1.000000
4.895517 5.040597 398.157133 3103.941650 3496.475342 -1.000000
4.895616 5.040703 398.186683 3104.284424 3368.617188 -1.000000
4.895716 5.040809 398.216231 3104.609131 3133.131836 -1.000000
4.895816 5.040914 398.245777 3104.905029 2799.941162 -1.000000
4.895915 5.041020 398.275323 3105.163818 2382.740723 -1.000000
4.896015 5.041126 398.304867 3105.377441 1898.337158 -1.000000
4.896114 5.041232 398.334410 3105.540283 1366.102295 -1.000000
4.896214 5.041338 398.363952 3105.648193 806.622498 -1.000000
4.896313 5.041444 398.393492 3105.700195 241.337021 -1.000000
4.896413 5.041550 398.423032 3105.696777 -308.140228 -1.000000
4.896512 5.041656 398.452570 3105.640137 -820.660400 -1.000000
4.896612 5.041761 398.482107 3105.535156 -1276.104614 -1.000000
4.896711 5.041867 398.511642 3105.388672 -1656.428101 -1.000000
4.896811 5.041973 398.541177 3105.208740 -1946.029175 -1.000000
4.896910 5.042079 398.570710 3105.005127 -2132.979492 -1.000000
4.897010 5.042185 398.600242 3104.788330 -2209.118652 -1.000000
4.897109 5.042291 398.629773 3104.569824 -2171.344238 -1.000000
4.897208 5.042396 398.659302 3104.360596 -2021.198364 -1.000000
4.897308 5.042502 398.688830 3104.171631 -1765.096924 -1.000000
4.897407 5.042608 398.718357 3104.012939 -1413.599976 -1.000000
4.897507 5.042714 398.747883 3103.893311 -981.363708 -1.000000
4.897606 5.042819 398.777408 3103.820068 -485.691132 -1.000000
4.897705 5.042925 398.806931 3103.798584 53.904213 -1.000000
4.897805 5.043031 398.836453 3103.831787 616.564697 -1.000000
4.897904 5.043136 398.865974 3103.921143 1180.776245 -1.000000
4.898004 5.043242 398.895494 3104.065430 1724.961304 -1.000000
4.898103 5.043348 398.925012 3104.262207 2228.084961 -1.000000
4.898202 5.043454 398.954529 3104.506104 2670.312500 -1.000000
4.898302 5.043559 398.984045 3104.790039 3033.954102 -1.000000
4.898401 5.043665 399.013560 3105.105713 3303.965088 -1.000000
4.898500 5.043771 399.043073 3105.443115 3469.163086 -1.000000
4.898600 5.043876 399.072586 3105.791260 3522.485840 -1.000000
4.898699 5.043982 399.102097 3106.138916 3461.604492 -1.000000
4.898798 5.044087 399.131606 3106.474854 3289.234863 -1.000000
4.898897 5.044193 399.161115 3106.788574 3012.606934 -1.000000
4.898997 5.044299 399.190622 3107.070068 2643.261230 -1.000000
4.899096 5.044404 399.220128 3107.310791 2196.410156 -1.000000
4.899195 5.044510 399.249633 3107.504395 1689.681396 -1.000000
4.899294 5.044615 399.279137 3107.645264 1143.072632 -1.000000
4.899394 5.044721 399.308639 3107.730713 577.652161 -1.000000
4.899493 5.044826 399.338141 3107.760010 15.140529 -1.000000
4.899592 5.044932 399.367641 3107.734863 -522.950195 -1.000000
4.899691 5.045038 399.397139 3107.658203 -1015.799744 -1.000000
4.899790 5.045143 399.426637 3107.535400 -1443.755859 -1.000000
4.899890 5.045249 399.456133 3107.374268 -1789.674561 -1.000000
4.899989 5.045354 399.485628 3107.183594 -2039.417358 -1.000000
4.900088 5.045460 399.515122 3106.973389 -2182.488037 -1.000000
4.900187 5.045565 399.544615 3106.754639 -2212.732178 -1.000000
4.900286 5.045671 399.574106 3106.538818 -2128.855469 -1.000000
4.900385 5.045776 399.603597 3106.336426 -1934.349731 -1.000000
4.900485 5.045881 399.633085 3106.158691 -1637.578369 -1.000000
4.900584 5.045987 399.662573 3106.014893 -1250.809937 -1.000000
4.900683 5.046092 399.692060 3105.913086 -789.754883 -1.000000
4.900782 5.046198 399.721545 3105.860107 -272.746124 -1.000000
4.900881 5.046303 399.751029 3105.860352 279.990662 -1.000000
4.900980 5.046409 399.780512 3105.916016 847.020020 -1.000000
4.901079 5.046514 399.809994 3106.027832 1406.875610 -1.000000
4.901178 5.046619 399.839474 3106.193848 1937.843506 -1.000000
4.901277 5.046725 399.868953 3106.409912 2419.418945 -1.000000
4.901376 5.046830 399.898431 3106.670654 2832.570312 -1.000000
4.901475 5.046935 399.927908 3106.968262 3160.490967 -1.000000
4.901574 5.047041 399.957384 3107.293457 3389.507812 -1.000000
4.901673 5.047146 399.986858 3107.635742 3510.244141 -1.000000
4.901772 5.047251 400.016331 3107.984619 3517.338867 -1.000000
4.901871 5.047357 400.045803 3108.328613 3410.459717 -1.000000
4.901970 5.047462 400.075274 3108.656250 3194.365723 -1.000000
4.902069 5.047567 400.104743 3108.957520 2877.876465 -1.000000
4.902168 5.047673 400.134211 3109.222900 2474.392822 -1.000000
4.902267 5.047778 400.163678 3109.444580 2000.180298 -1.000000
4.902366 5.047883 400.193144 3109.616943 1473.910156 -1.000000
4.902465 5.047988 400.222609 3109.735352 916.128479 -1.000000
4.902564 5.048094 400.252072 3109.797607 348.416412 -1.000000
4.902663 5.048199 400.281534 3109.804443 -207.663208 -1.000000
4.902762 5.048304 400.310995 3109.757812 -730.687134 -1.000000
4.902861 5.048409 400.340455 3109.661621 -1200.175781 -1.000000
4.902960 5.048515 400.369913 3109.522705 -1597.540405 -1.000000
4.903058 5.048620 400.399370 3109.348877 -1906.636719 -1.000000
4.903157 5.048725 400.428827 3109.149414 -2114.651123 -1.000000
4.903256 5.048830 400.458281 3108.934570 -2212.715576 -1.000000
4.903355 5.048935 400.487735 3108.715576 -2196.658936 -1.000000
4.903454 5.049040 400.517187 3108.503906 -2067.174072 -1.000000
4.903553 5.049146 400.546639 3108.310791 -1829.800049 -1.000000
4.903652 5.049251 400.576089 3108.145752 -1494.423584 -1.000000
4.903750 5.049356 400.605537 3108.018066 -1074.852051 -1.000000
4.903849 5.049461 400.634985 3107.935547 -588.202637 -1.000000
4.903948 5.049566 400.664431 3107.903564 -53.543182 -1.000000
4.904047 5.049671 400.693876 3107.926025 508.406708 -1.000000
4.904146 5.049776 400.723320 3108.004395 1075.973389 -1.000000
4.904244 5.049881 400.752763 3108.138184 1627.468872 -1.000000
4.904343 5.049986 400.782204 3108.324707 2141.611328 -1.000000
4.904442 5.050092 400.811645 3108.559082 2598.208496 -1.000000
4.904541 5.050197 400.841084 3108.834961 2979.146729 -1.000000
4.904639 5.050302 400.870522 3109.144043 3269.032715 -1.000000
4.904738 5.050407 400.899958 3109.476807 3455.586426 -1.000000
4.904837 5.050512 400.929394 3109.822754 3530.897949 -1.000000
4.904935 5.050617 400.958828 3110.170166 3491.790527 -1.000000
4.905034 5.050722 400.988261 3110.508301 3339.881104 -1.000000
4.905133 5.050827 401.017693 3110.825928 3081.508057 -1.000000
4.905232 5.050932 401.047123 3111.113281 2727.707764 -1.000000
4.905330 5.051037 401.076552 3111.361572 2292.775391 -1.000000
4.905429 5.051142 401.105981 3111.563477 1794.356812 -1.000000
4.905527 5.051247 401.135408 3111.714111 1251.955811 -1.000000
4.905626 5.051351 401.164833 3111.810059 686.585693 -1.000000
4.905725 5.051456 401.194258 3111.849609 119.972908 -1.000000
4.905823 5.051561 401.223681 3111.834229 -426.110809 -1.000000
4.905922 5.051666 401.253103 3111.766846 -930.607483 -1.000000
4.906021 5.051771 401.282524 3111.652832 -1373.781860 -1.000000
4.906119 5.051876 401.311944 3111.499023 -1737.911865 -1.000000
4.906218 5.051981 401.341362 3111.313721 -2007.971924 -1.000000
4.906316 5.052086 401.370780 3111.106689 -2172.722168 -1.000000
4.906415 5.052191 401.400196 3110.888916 -2224.970459 -1.000000
4.906513 5.052296 401.429610 3110.671875 -2162.656250 -1.000000
4.906612 5.052400 401.459024 3110.466553 -1988.272095 -1.000000
4.906711 5.052505 401.488437 3110.283691 -1709.386108 -1.000000
4.906809 5.052610 401.517848 3110.133057 -1337.555054 -1.000000
4.906908 5.052715 401.547258 3110.022949 -888.028198 -1.000000
4.907006 5.052820 401.576667 3109.959961 -378.655548 -1.000000
4.907105 5.052924 401.606074 3109.949463 170.590225 -1.000000
4.907203 5.053029 401.635481 3109.994141 738.467224 -1.000000
4.907302 5.053134 401.664886 3110.094727 1303.306641 -1.000000
4.907400 5.053239 401.694290 3110.250000 1843.133179 -1.000000
4.907499 5.053344 401.723693 3110.456299 2337.282227 -1.000000
4.907597 5.053448 401.753094 3110.708252 2766.304932 -1.000000
4.907695 5.053553 401.782495 3110.998535 3112.645752 -1.000000
4.907794 5.053658 401.811894 3111.318115 3362.173340 -1.000000
4.907892 5.053762 401.841292 3111.656982 3504.453369 -1.000000
4.907991 5.053867 401.870688 3112.004395 3533.329590 -1.000000
4.908089 5.053972 401.900084 3112.348633 3447.738525 -1.000000
4.908188 5.054077 401.929478 3112.679199 3251.100586 -1.000000
4.908286 5.054181 401.958872 3112.984863 2951.942139 -1.000000
4.908384 5.054286 401.988264 3113.256836 2562.549316 -1.000000
4.908483 5.054391 402.017654 3113.486816 2098.810547 -1.000000
4.908581 5.054495 402.047044 3113.668213 1579.189453 -1.000000
4.908679 5.054600 402.076432 3113.796631 1023.905823 -1.000000
4.908778 5.054705 402.105819 3113.869629 454.303467 -1.000000
4.908876 5.054809 402.135205 3113.886475 -107.654678 -1.000000
4.908974 5.054914 402.164590 3113.849365 -640.324341 -1.000000
4.909073 5.055018 402.193974 3113.762451 -1123.094971 -1.000000
4.909171 5.055123 402.223356 3113.631104 -1536.891968 -1.000000
4.909269 5.055228 402.252737 3113.463135 -1864.981201 -1.000000
4.909368 5.055332 402.282117 3113.267578 -2093.565430 -1.000000
4.909466 5.055437 402.311496 3113.054932 -2213.062012 -1.000000
4.909564 5.055541 402.340873 3112.836426 -2218.495605 -1.000000
4.909662 5.055646 402.370250 3112.622803 -2109.559570 -1.000000
4.909761 5.055750 402.399625 3112.425537 -1890.904053 -1.000000
4.909859 5.055855 402.428999 3112.254883 -1571.786377 -1.000000
4.909957 5.055959 402.458371 3112.119873 -1165.417603 -1.000000
4.910055 5.056064 402.487743 3112.028320 -688.296143 -1.000000
4.910154 5.056168 402.517113 3111.986572 -159.210983 -1.000000
4.910252 5.056273 402.546482 3111.998291 401.116638 -1.000000
4.910350 5.056377 402.575850 3112.065674 971.317139 -1.000000
4.910448 5.056482 402.605217 3112.188477 1529.463989 -1.000000
4.910546 5.056586 402.634583 3112.364746 2054.025146 -1.000000
4.910644 5.056691 402.663947 3112.590088 2524.616211 -1.000000
4.910743 5.056795 402.693310 3112.857910 2922.471191 -1.000000
4.910841 5.056900 402.722672 3113.160645 3231.509766 -1.000000
4.910939 5.057004 402.752033 3113.489014 3438.780273 -1.000000
4.911037 5.057108 402.781392 3113.832031 3535.531982 -1.000000
4.911135 5.057213 402.810751 3114.178955 3517.731934 -1.000000
4.911233 5.057317 402.840108 3114.518311 3386.100586 -1.000000
4.911331 5.057422 402.869464 3114.839600 3146.198730 -1.000000
4.911430 5.057526 402.898819 3115.132080 2808.110596 -1.000000
4.911528 5.057630 402.928172 3115.387451 2385.662598 -1.000000
4.911626 5.057735 402.957525 3115.597900 1896.007446 -1.000000
4.911724 5.057839 402.986876 3115.757812 1358.462891 -1.000000
4.911822 5.057943 403.016226 3115.863525 793.923462 -1.000000
4.911920 5.058048 403.045575 3115.913330 224.009415 -1.000000
4.912018 5.058152 403.074922 3115.908203 -329.596649 -1.000000
4.912116 5.058256 403.104269 3115.850342 -845.453491 -1.000000
4.912214 5.058361 403.133614 3115.744629 -1303.182373 -1.000000
4.912312 5.058465 403.162958 3115.597656 -1684.704102 -1.000000
4.912410 5.058569 403.192301 3115.417480 -1974.381958 -1.000000
4.912508 5.058673 403.221642 3115.214111 -2160.065918 -1.000000
4.912606 5.058778 403.250983 3114.997803 -2233.918457 -1.000000
4.912704 5.058882 403.280322 3114.780029 -2192.770752 -1.000000
4.912802 5.058986 403.309660 3114.571777 -2038.325684 -1.000000
4.912900 5.059090 403.338997 3114.384033 -1777.187256 -1.000000
4.912998 5.059195 403.368333 3114.226807 -1420.273438 -1.000000
4.913096 5.059299 403.397667 3114.108398 -982.134888 -1.000000
4.913194 5.059403 403.427000 3114.036377 -480.544891 -1.000000
4.913292 5.059507 403.456333 3114.015625 64.958557 -1.000000
4.913390 5.059611 403.485664 3114.049805 633.071106 -1.000000
4.913487 5.059715 403.514993 3114.139893 1202.015991 -1.000000
4.913585 5.059820 403.544322 3114.284424 1750.173584 -1.000000
4.913683 5.059924 403.573649 3114.480957 2256.226562 -1.000000
4.913781 5.060028 403.602975 3114.723877 2700.240234 -1.000000
4.913879 5.060132 403.632300 3115.006592 3064.534668 -1.000000
4.913977 5.060236 403.661624 3115.320557 3334.045654 -1.000000
4.914075 5.060340 403.690947 3115.656006 3497.416748 -1.000000
4.914172 5.060444 403.720268 3116.001465 3547.705078 -1.000000
4.914270 5.060549 403.749588 3116.346436 3482.959717 -1.000000
4.914368 5.060653 403.778907 3116.679443 3305.744629 -1.000000
4.914466 5.060757 403.808225 3116.989746 3023.662354 -1.000000
4.914564 5.060861 403.837542 3117.268066 2648.358643 -1.000000
4.914662 5.060965 403.866857 3117.505371 2195.240967 -1.000000
4.914759 5.061069 403.896171 3117.695557 1682.464600 -1.000000
4.914857 5.061173 403.925485 3117.833008 1130.084595 -1.000000
4.914955 5.061277 403.954796 3117.915527 559.550049 -1.000000
4.915053 5.061381 403.984107 3117.942627 -7.475837 -1.000000
4.915150 5.061485 404.013417 3117.915283 -549.270386 -1.000000
4.915248 5.061589 404.042725 3117.836670 -1044.565308 -1.000000
4.915346 5.061693 404.072032 3117.713135 -1473.911499 -1.000000
4.915444 5.061797 404.101338 3117.551514 -1820.057495 -1.000000
4.915541 5.061901 404.130643 3117.360596 -2068.736084 -1.000000
4.915639 5.062005 404.159946 3117.150879 -2209.405762 -1.000000
4.915737 5.062109 404.189249 3116.932861 -2236.207764 -1.000000
4.915834 5.062213 404.218550 3116.717773 -2147.898438 -1.000000
4.915932 5.062317 404.247850 3116.517090 -1948.308838 -1.000000
4.916030 5.062421 404.277149 3116.340576 -1645.835449 -1.000000
4.916127 5.062524 404.306447 3116.198242 -1252.852783 -1.000000
4.916225 5.062628 404.335743 3116.098389 -785.585510 -1.000000
4.916323 5.062732 404.365038 3116.046875 -262.621887 -1.000000
4.916420 5.062836 404.394333 3116.048340 295.607330 -1.000000
4.916518 5.062940 404.423626 3116.105469 867.663330 -1.000000
4.916616 5.063044 404.452917 3116.218018 1431.487305 -1.000000
4.916713 5.063148 404.482208 3116.384033 1965.561157 -1.000000
4.916811 5.063252 404.511497 3116.599854 2449.184326 -1.000000
4.916908 5.063355 404.540785 3116.859619 2863.066162 -1.000000
4.917006 5.063459 404.570072 3117.155762 3190.478027 -1.000000
4.917103 5.063563 404.599358 3117.479004 3417.901123 -1.000000
4.917201 5.063667 404.628643 3117.819336 3535.681396 -1.000000
4.917299 5.063771 404.657926 3118.165527 3538.692139 -1.000000
4.917396 5.063874 404.687209 3118.506104 3427.038330 -1.000000
4.917494 5.063978 404.716490 3118.830566 3205.329102 -1.000000
4.917591 5.064082 404.745770 3119.128174 2882.815430 -1.000000
4.917689 5.064186 404.775049 3119.389893 2472.979980 -1.000000
4.917786 5.064289 404.804326 3119.608398 1992.350708 -1.000000
4.917884 5.064393 404.833603 3119.777100 1459.919067 -1.000000
4.917981 5.064497 404.862878 3119.892090 896.558533 -1.000000
4.918079 5.064601 404.892152 3119.951660 323.909851 -1.000000
4.918176 5.064704 404.921425 3119.955811 -236.086334 -1.000000
4.918274 5.064808 404.950696 3119.906982 -761.968567 -1.000000
4.918371 5.064912 404.979967 3119.809326 -1233.118896 -1.000000
4.918468 5.065015 405.009236 3119.668945 -1630.822266 -1.000000
4.918566 5.065119 405.038504 3119.494141 -1938.793945 -1.000000
4.918663 5.065223 405.067771 3119.294434 -2144.246582 -1.000000
4.918761 5.065326 405.097037 3119.080078 -2238.542480 -1.000000
4.918858 5.065430 405.126302 3118.862305 -2217.755371 -1.000000
4.918956 5.065534 405.155565 3118.652100 -2082.763672 -1.000000
4.919053 5.065637 405.184827 3118.460205 -1839.163330 -1.000000
4.919150 5.065741 405.214088 3118.296875 -1497.122925 -1.000000
4.919248 5.065845 405.243348 3118.171387 -1070.884644 -1.000000
4.919345 5.065948 405.272607 3118.090576 -577.578491 -1.000000
4.919442 5.066052 405.301865 3118.060547 -36.758896 -1.000000
4.919540 5.066155 405.331121 3118.084473 530.780029 -1.000000
4.919637 5.066259 405.360376 3118.164307 1103.145142 -1.000000
4.919734 5.066362 405.389630 3118.298828 1658.180054 -1.000000
4.919832 5.066466 405.418883 3118.485840 2174.720215 -1.000000
4.919929 5.066570 405.448135 3118.720215 2632.491211 -1.000000
4.920026 5.066673 405.477385 3118.995605 3013.182373 -1.000000
4.920124 5.066777 405.506634 3119.303467 3301.161621 -1.000000
4.920221 5.066880 405.535883 3119.634277 3484.667725 -1.000000
4.920318 5.066984 405.565130 3119.977783 3555.631348 -1.000000
4.920415 5.067087 405.594375 3120.322266 3511.200195 -1.000000
4.920513 5.067191 405.623620 3120.656982 3353.151123 -1.000000
4.920610 5.067294 405.652863 3120.970703 3088.324463 -1.000000
4.920707 5.067398 405.682106 3121.254150 2727.716797 -1.000000
4.920804 5.067501 405.711347 3121.498535 2286.147705 -1.000000
4.920902 5.067604 405.740587 3121.696533 1781.269897 -1.000000
4.920999 5.067708 405.769825 3121.843262 1232.989746 -1.000000
4.921096 5.067811 405.799063 3121.935303 662.544739 -1.000000
4.921193 5.067915 405.828299 3121.971924 91.741196 -1.000000
4.921290 5.068018 405.857535 3121.953857 -457.499756 -1.000000
4.921388 5.068122 405.886769 3121.884277 -963.783020 -1.000000
4.921485 5.068225 405.916002 3121.768555 -1407.364502 -1.000000
4.921582 5.068328 405.945233 3121.613281 -1770.429077 -1.000000
4.921679 5.068432 405.974464 3121.427490 -2037.907471 -1.000000
4.921776 5.068535 406.003693 3121.220703 -2198.851807 -1.000000
4.921873 5.068638 406.032922 3121.003906 -2246.302246 -1.000000
4.921970 5.068742 406.062149 3120.788086 -2178.265869 -1.000000
4.922067 5.068845 406.091374 3120.584473 -1997.545166 -1.000000
4.922165 5.068948 406.120599 3120.403564 -1711.833130 -1.000000
4.922262 5.069052 406.149823 3120.255127 -1333.040405 -1.000000
4.922359 5.069155 406.179045 3120.147217 -876.610413 -1.000000
4.922456 5.069258 406.208266 3120.086914 -360.973602 -1.000000
4.922553 5.069362 406.237486 3120.078613 193.888321 -1.000000
4.922650 5.069465 406.266705 3120.125000 766.542053 -1.000000
4.922747 5.069568 406.295923 3120.227051 1334.905884 -1.000000
4.922844 5.069671 406.325139 3120.383301 1877.328857 -1.000000
4.922941 5.069775 406.354355 3120.589844 2372.620850 -1.000000
4.923038 5.069878 406.383569 3120.841309 2801.351074 -1.000000
4.923135 5.069981 406.412782 3121.130371 3146.164551 -1.000000
4.923232 5.070084 406.441994 3121.448242 3392.942383 -1.000000
4.923329 5.070188 406.471204 3121.785156 3531.126709 -1.000000
4.923426 5.070291 406.500414 3122.129639 3555.020264 -1.000000
4.923523 5.070394 406.529622 3122.470703 3463.362305 -1.000000
4.923620 5.070497 406.558829 3122.797607 3260.145508 -1.000000
4.923717 5.070600 406.588035 3123.099609 2953.995361 -1.000000
4.923814 5.070703 406.617240 3123.367676 2557.535889 -1.000000
4.923911 5.070807 406.646444 3123.593262 2086.900146 -1.000000
4.924008 5.070910 406.675646 3123.770508 1560.924561 -1.000000
4.924105 5.071013 406.704848 3123.894775 999.992554 -1.000000
4.924202 5.071116 406.734048 3123.963867 425.855957 -1.000000
4.924299 5.071219 406.763247 3123.977539 -139.506943 -1.000000
4.924395 5.071322 406.792445 3123.937744 -674.443604 -1.000000
4.924492 5.071425 406.821642 3123.848633 -1158.197388 -1.000000
4.924589 5.071528 406.850837 3123.715820 -1571.420166 -1.000000
4.924686 5.071632 406.880031 3123.547119 -1897.433105 -1.000000
4.924783 5.071735 406.909225 3123.351318 -2122.646729 -1.000000
4.924880 5.071838 406.938417 3123.139160 -2237.515381 -1.000000
4.924977 5.071941 406.967608 3122.921631 -2237.348633 -1.000000
4.925073 5.072044 406.996797 3122.709717 -2122.045654 -1.000000
4.925170 5.072147 407.025986 3122.514160 -1896.498657 -1.000000
4.925267 5.072250 407.055173 3122.345703 -1570.329468 -1.000000
4.925364 5.072353 407.084359 3122.213135 -1156.816284 -1.000000
4.925461 5.072456 407.113544 3122.124268 -672.803650 -1.000000
4.925557 5.072559 407.142728 3122.084961 -137.659622 -1.000000
4.925654 5.072662 407.171911 3122.098877 428.052185 -1.000000
4.925751 5.072765 407.201093 3122.167969 1002.574280 -1.000000
4.925848 5.072868 407.230273 3122.292480 1563.843628 -1.000000
4.925944 5.072971 407.259452 3122.469482 2090.193604 -1.000000
4.926041 5.073074 407.288630 3122.695068 2561.043457 -1.000000
4.926138 5.073177 407.317807 3122.962646 2957.736084 -1.000000
4.926235 5.073280 407.346983 3123.264404 3264.010498 -1.000000
4.926331 5.073382 407.376158 3123.590576 3467.337891 -1.000000
4.926428 5.073485 407.405331 3123.931396 3558.916748 -1.000000
4.926525 5.073588 407.434503 3124.275146 3534.958740 -1.000000
4.926622 5.073691 407.463675 3124.611084 3396.432861 -1.000000
4.926718 5.073794 407.492844 3124.928467 3149.168213 -1.000000
4.926815 5.073897 407.522013 3125.216797 2803.546875 -1.000000
4.926912 5.074000 407.551181 3125.467529 2373.911133 -1.000000
4.927008 5.074103 407.580347 3125.673828 1877.503052 -1.000000
4.927105 5.074205 407.609513 3125.829346 1333.739380 -1.000000
4.927201 5.074308 407.638677 3125.930908 763.794678 -1.000000
4.927298 5.074411 407.667840 3125.977051 189.701462 -1.000000
4.927395 5.074514 407.697002 3125.968262 -366.654419 -1.000000
4.927491 5.074617 407.726162 3125.907471 -883.729919 -1.000000
4.927588 5.074720 407.755322 3125.799561 -1341.220459 -1.000000
4.927685 5.074822 407.784480 3125.651123 -1720.982544 -1.000000
4.927781 5.074925 407.813638 3125.470459 -2007.352295 -1.000000
4.927878 5.075028 407.842794 3125.266846 -2188.394531 -1.000000
4.927974 5.075131 407.871949 3125.051025 -2256.270020 -1.000000
4.928071 5.075233 407.901102 3124.834473 -2208.400635 -1.000000
4.928167 5.075336 407.930255 3124.628418 -2046.535889 -1.000000
4.928264 5.075439 407.959406 3124.442871 -1777.652344 -1.000000
4.928360 5.075542 407.988557 3124.288086 -1412.980469 -1.000000
4.928457 5.075644 408.017706 3124.172607 -967.413757 -1.000000
4.928553 5.075747 408.046854 3124.103516 -458.939240 -1.000000
4.928650 5.075850 408.076001 3124.085449 92.641800 -1.000000
4.928746 5.075952 408.105146 3124.122070 665.776123 -1.000000
4.928843 5.076055 408.134291 3124.213867 1238.615723 -1.000000
4.928939 5.076158 408.163434 3124.360352 1789.053833 -1.000000
4.929036 5.076260 408.192576 3124.557861 2295.735596 -1.000000
4.929132 5.076363 408.221717 3124.801025 2738.969238 -1.000000
4.929229 5.076466 408.250857 3125.083496 3100.754150 -1.000000
4.929325 5.076568 408.279996 3125.396240 3366.220703 -1.000000
4.929422 5.076671 408.309134 3125.729248 3524.333008 -1.000000
4.929518 5.076774 408.338270 3126.072021 3568.552734 -1.000000
4.929614 5.076876 408.367405 3126.413818 3496.604736 -1.000000
4.929711 5.076979 408.396539 3126.742920 3311.737061 -1.000000
4.929807 5.077081 408.425672 3127.049072 3021.748535 -1.000000
4.929904 5.077184 408.454804 3127.322510 2638.662109 -1.000000
4.930000 5.077287 408.483935 3127.555176 2178.214600 -1.000000
4.930096 5.077389 408.513064 3127.740479 1658.624634 -1.000000
4.930193 5.077492 408.542193 3127.873535 1100.477905 -1.000000
4.930289 5.077594 408.571320 3127.951904 525.258667 -1.000000
4.930385 5.077697 408.600446 3127.974854 -44.995296 -1.000000
4.930482 5.077799 408.629571 3127.943848 -588.403687 -1.000000
4.930578 5.077902 408.658695 3127.863037 -1083.904663 -1.000000
4.930674 5.078004 408.687817 3127.737549 -1511.908203 -1.000000
4.930771 5.078107 408.716939 3127.574707 -1855.098999 -1.000000
4.930867 5.078209 408.746059 3127.383301 -2099.384766 -1.000000
4.930963 5.078312 408.775178 3127.173584 -2234.411865 -1.000000
4.931060 5.078414 408.804296 3126.956543 -2254.439453 -1.000000
4.931156 5.078517 408.833413 3126.743164 -2158.561035 -1.000000
4.931252 5.078619 408.862529 3126.544434 -1950.987427 -1.000000
4.931348 5.078721 408.891643 3126.370850 -1640.431030 -1.000000
4.931445 5.078824 408.920757 3126.231445 -1239.640991 -1.000000
4.931541 5.078926 408.949869 3126.134521 -765.004944 -1.000000
4.931637 5.079029 408.978980 3126.085938 -235.359161 -1.000000
4.931733 5.079131 409.008090 3126.090332 328.630737 -1.000000
4.931830 5.079234 409.037199 3126.149658 905.270935 -1.000000
4.931926 5.079336 409.066307 3126.264404 1472.175171 -1.000000
4.932022 5.079438 409.095413 3126.432129 2007.707642 -1.000000
4.932118 5.079541 409.124519 3126.648926 2491.040039 -1.000000
4.932214 5.079643 409.153623 3126.908936 2902.979004 -1.000000
4.932311 5.079745 409.182726 3127.204590 3226.735840 -1.000000
4.932407 5.079848 409.211828 3127.526123 3449.179688 -1.000000
4.932503 5.079950 409.240929 3127.864258 3560.694824 -1.000000
4.932599 5.080052 409.270028 3128.207031 3556.583740 -1.000000
4.932695 5.080155 409.299127 3128.543945 3437.072266 -1.000000
4.932791 5.080257 409.328224 3128.864258 3207.156250 -1.000000
4.932887 5.080359 409.357320 3129.157227 2876.590576 -1.000000
4.932983 5.080462 409.386415 3129.414062 2459.009277 -1.000000
4.933080 5.080564 409.415509 3129.627197 1971.375610 -1.000000
4.933176 5.080666 409.444602 3129.791260 1432.764648 -1.000000
4.933272 5.080768 409.473694 3129.901855 864.206482 -1.000000
4.933368 5.080871 409.502784 3129.957031 287.636993 -1.000000
4.933464 5.080973 409.531874 3129.957520 -275.023010 -1.000000
4.933560 5.081075 409.560962 3129.905273 -801.867188 -1.000000
4.933656 5.081177 409.590049 3129.805420 -1272.449829 -1.000000
4.933752 5.081279 409.619135 3129.663330 -1667.900391 -1.000000
4.933848 5.081382 409.648219 3129.487793 -1972.069092 -1.000000
4.933944 5.081484 409.677303 3129.287842 -2172.361084 -1.000000
4.934040 5.081586 409.706386 3129.073975 -2260.343262 -1.000000
4.934136 5.081688 409.735467 3128.857422 -2232.177246 -1.000000
4.934232 5.081790 409.764547 3128.649170 -2089.244873 -1.000000
4.934328 5.081892 409.793626 3128.459717 -1837.375366 -1.000000
4.934424 5.081995 409.822704 3128.299561 -1487.269531 -1.000000
4.934520 5.082097 409.851781 3128.177002 -1053.274536 -1.000000
4.934616 5.082199 409.880856 3128.099365 -552.770569 -1.000000
4.934712 5.082301 409.909931 3128.072266 -5.577585 -1.000000
4.934808 5.082403 409.939004 3128.099121 566.923950 -1.000000
4.934904 5.082505 409.968076 3128.181396 1142.806519 -1.000000
4.935000 5.082607 409.997147 3128.317871 1700.027832 -1.000000
4.935096 5.082709 410.026217 3128.506104 2217.139160 -1.000000
4.935192 5.082811 410.055286 3128.741211 2673.751709 -1.000000
4.935287 5.082913 410.084354 3129.016357 3051.519531 -1.000000
4.935383 5.083016 410.113420 3129.323486 3335.139648 -1.000000
4.935479 5.083118 410.142486 3129.652588 3512.747314 -1.000000
4.935575 5.083220 410.171550 3129.993408 3576.743896 -1.000000
4.935671 5.083322 410.200613 3130.334717 3524.389404 -1.000000
4.935767 5.083424 410.229675 3130.665527 3357.914551 -1.000000
4.935863 5.083526 410.258736 3130.975098 3084.454102 -1.000000
4.935958 5.083628 410.287795 3131.253662 2715.266846 -1.000000
4.936054 5.083730 410.316854 3131.492920 2265.653076 -1.000000
4.936150 5.083832 410.345911 3131.686035 1753.501831 -1.000000
4.936246 5.083934 410.374967 3131.827881 1199.004395 -1.000000
4.936342 5.084036 410.404022 3131.915527 623.435120 -1.000000
4.936438 5.084138 410.433076 3131.947510 49.005314 -1.000000
4.936533 5.084239 410.462129 3131.925537 -502.207733 -1.000000
4.936629 5.084341 410.491181 3131.852539 -1008.793213 -1.000000
4.936725 5.084443 410.520232 3131.734375 -1450.801514 -1.000000
4.936821 5.084545 410.549281 3131.577637 -1810.509155 -1.000000
4.936916 5.084647 410.578329 3131.390625 -2073.151611 -1.000000
4.937012 5.084749 410.607376 3131.183838 -2227.617920 -1.000000
4.937108 5.084851 410.636422 3130.967529 -2267.331299 -1.000000
4.937204 5.084953 410.665467 3130.753174 -2190.789062 -1.000000
4.937299 5.085055 410.694511 3130.551758 -2001.103271 -1.000000
4.937395 5.085157 410.723554 3130.373535 -1706.143311 -1.000000
4.937491 5.085258 410.752595 3130.228271 -1318.562256 -1.000000
4.937586 5.085360 410.781635 3130.123779 -853.943237 -1.000000
4.937682 5.085462 410.810675 3130.066650 -330.763367 -1.000000
4.937778 5.085564 410.839713 3130.061768 230.491852 -1.000000
4.937873 5.085666 410.868750 3130.111328 807.991455 -1.000000
4.937969 5.085767 410.897785 3130.216309 1379.634766 -1.000000
4.938065 5.085869 410.926820 3130.374512 1923.370239 -1.000000
4.938160 5.085971 410.955853 3130.582520 2418.376953 -1.000000
4.938256 5.086073 410.984886 3130.834961 2844.847168 -1.000000
4.938352 5.086175 411.013917 3131.124023 3185.539307 -1.000000
4.938447 5.086276 411.042947 3131.440918 3426.447754 -1.000000
4.938543 5.086378 411.071976 3131.775635 3557.510498 -1.000000
4.938638 5.086480 411.101004 3132.117432 3573.087646 -1.000000
4.938734 5.086582 411.130031 3132.455078 3472.458252 -1.000000
4.938830 5.086683 411.159056 3132.777344 3260.080811 -1.000000
4.938925 5.086785 411.188081 3133.074463 2944.968262 -1.000000
4.939021 5.086887 411.217104 3133.337158 2539.927002 -1.000000
4.939116 5.086988 411.246126 3133.557373 2061.498779 -1.000000
4.939212 5.087090 411.275147 3133.729248 1528.592651 -1.000000
4.939307 5.087192 411.304167 3133.848389 962.040283 -1.000000
4.939403 5.087293 411.333186 3133.912598 383.644348 -1.000000
4.939498 5.087395 411.362204 3133.922119 -184.387512 -1.000000
4.939594 5.087497 411.391220 3133.878906 -720.187866 -1.000000
4.939689 5.087598 411.420236 3133.786621 -1203.000977 -1.000000
4.939785 5.087700 411.449250 3133.651367 -1613.386108 -1.000000
4.939880 5.087802 411.478263 3133.481201 -1934.812622 -1.000000
4.939976 5.087903 411.507275 3133.284912 -2154.013916 -1.000000
4.940071 5.088005 411.536286 3133.072998 -2261.597412 -1.000000
4.940167 5.088106 411.565296 3132.856689 -2252.906738 -1.000000
4.940262 5.088208 411.594304 3132.646729 -2128.531250 -1.000000
4.940358 5.088310 411.623312 3132.453857 -1893.760132 -1.000000
4.940453 5.088411 411.652318 3132.288574 -1558.449341 -1.000000
4.940548 5.088513 411.681323 3132.159424 -1136.336182 -1.000000
4.940644 5.088614 411.710327 3132.074219 -644.573181 -1.000000
4.940739 5.088716 411.739330 3132.038086 -102.516373 -1.000000
4.940835 5.088817 411.768332 3132.055420 468.769073 -1.000000
4.940930 5.088919 411.797333 3132.127930 1047.268677 -1.000000
4.941025 5.089020 411.826333 3132.254883 1610.685547 -1.000000
4.941121 5.089122 411.855331 3132.434082 2137.356201 -1.000000
4.941216 5.089223 411.884328 3132.660889 2606.633301 -1.000000
4.941312 5.089325 411.913325 3132.928955 2999.813965 -1.000000
4.941407 5.089426 411.942320 3133.229980 3300.961670 -1.000000
4.941502 5.089528 411.971314 3133.554932 3497.420654 -1.000000
4.941598 5.089629 412.000306 3133.893311 3580.978760 -1.000000
4.941693 5.089731 412.029298 3134.233887 3548.208252 -1.000000
4.941788 5.089832 412.058289 3134.565674 3400.422363 -1.000000
4.941883 5.089934 412.087278 3134.878418 3143.767822 -1.000000
4.941979 5.090035 412.116266 3135.161621 2789.180420 -1.000000
4.942074 5.090136 412.145254 3135.406982 2351.036865 -1.000000
4.942169 5.090238 412.174240 3135.607666 1846.958496 -1.000000
4.942265 5.090339 412.203225 3135.757568 1296.811646 -1.000000
4.942360 5.090441 412.232209 3135.853760 721.966736 -1.000000
4.942455 5.090542 412.261191 3135.894775 144.633621 -1.000000
4.942550 5.090643 412.290173 3135.881836 -413.151978 -1.000000
4.942646 5.090745 412.319153 3135.817383 -929.752930 -1.000000
4.942741 5.090846 412.348133 3135.706543 -1384.910645 -1.000000
4.942836 5.090947 412.377111 3135.556152 -1760.317627 -1.000000
4.942931 5.091049 412.406088 3135.374268 -2040.820679 -1.000000
4.943026 5.091150 412.435064 3135.170898 -2214.510254 -1.000000
4.943122 5.091251 412.464039 3134.956299 -2274.158691 -1.000000
4.943217 5.091353 412.493012 3134.741699 -2217.072998 -1.000000
4.943312 5.091454 412.521985 3134.538086 -2045.965698 -1.000000
4.943407 5.091555 412.550956 3134.355713 -1767.912720 -1.000000
4.943502 5.091657 412.579927 3134.204590 -1394.395874 -1.000000
4.943597 5.091758 412.608896 3134.093018 -940.732788 -1.000000
4.943693 5.091859 412.637864 3134.027588 -425.100220 -1.000000
4.943788 5.091960 412.666831 3134.013428 132.220688 -1.000000
4.943883 5.092062 412.695797 3134.053467 709.654114 -1.000000
4.943978 5.092163 412.724761 3134.148438 1285.021729 -1.000000
4.944073 5.092264 412.753725 3134.297119 1836.178345 -1.000000
4.944168 5.092365 412.782687 3134.496338 2341.901367 -1.000000
4.944263 5.092466 412.811649 3134.740723 2782.029785 -1.000000
4.944358 5.092568 412.840609 3135.022949 3139.043701 -1.000000
4.944453 5.092669 412.869568 3135.334473 3398.072021 -1.000000
4.944548 5.092770 412.898526 3135.665527 3548.481934 -1.000000
4.944643 5.092871 412.927483 3136.005371 3583.953613 -1.000000
4.944739 5.092972 412.956439 3136.343018 3502.739502 -1.000000
4.944834 5.093074 412.985393 3136.667480 3308.482910 -1.000000
4.944929 5.093175 413.014347 3136.968506 3009.248779 -1.000000
4.945024 5.093276 413.043299 3137.236328 2617.499512 -1.000000
4.945119 5.093377 413.072251 3137.463379 2149.205322 -1.000000
4.945214 5.093478 413.101201 3137.642822 1622.902344 -1.000000
4.945309 5.093579 413.130150 3137.770508 1059.318970 -1.000000
4.945404 5.093680 413.159098 3137.843750 480.132874 -1.000000
4.945499 5.093781 413.188045 3137.862061 -92.380699 -1.000000
4.945594 5.093882 413.216990 3137.827148 -636.237305 -1.000000
4.945689 5.093984 413.245935 3137.742676 -1130.203003 -1.000000
4.945783 5.094085 413.274878 3137.614746 -1554.718628 -1.000000
4.945878 5.094186 413.303821 3137.450195 -1892.675903 -1.000000
4.945973 5.094287 413.332762 3137.258545 -2130.076660 -1.000000
4.946068 5.094388 413.361702 3137.049316 -2256.978027 -1.000000
4.946163 5.094489 413.390641 3136.833740 -2268.070312 -1.000000
4.946258 5.094590 413.419579 3136.622559 -2162.738770 -1.000000
4.946353 5.094691 413.448515 3136.426758 -1945.506714 -1.000000
4.946448 5.094792 413.477451 3136.256836 -1625.633789 -1.000000
4.946543 5.094893 413.506386 3136.121338 -1216.285645 -1.000000
4.946638 5.094994 413.535319 3136.028076 -733.800659 -1.000000
4.946732 5.095095 413.564251 3135.983643 -197.528107 -1.000000
4.946827 5.095196 413.593182 3135.991699 371.690094 -1.000000
4.946922 5.095297 413.622112 3136.054443 951.741577 -1.000000
4.947017 5.095398 413.651041 3136.171875 1520.571411 -1.000000
4.947112 5.095499 413.679969 3136.341797 2056.087402 -1.000000
4.947207 5.095599 413.708896 3136.560059 2537.396973 -1.000000
4.947302 5.095700 413.737821 3136.820801 2945.388184 -1.000000
4.947396 5.095801 413.766746 3137.115967 3263.492188 -1.000000
4.947491 5.095902 413.795669 3137.436523 3478.570557 -1.000000
4.947586 5.096003 413.824591 3137.771973 3581.564453 -1.000000
4.947681 5.096104 413.853513 3138.111572 3568.095947 -1.000000
4.947775 5.096205 413.882433 3138.444580 3438.740479 -1.000000
4.947870 5.096306 413.911351 3138.760010 3198.824463 -1.000000
4.947965 5.096407 413.940269 3139.047607 2858.701904 -1.000000
4.948060 5.096507 413.969186 3139.298828 2432.241699 -1.000000
4.948154 5.096608 413.998101 3139.506348 1936.626831 -1.000000
4.948249 5.096709 414.027016 3139.664307 1391.305786 -1.000000
4.948344 5.096810 414.055929 3139.769043 817.704163 -1.000000
4.948439 5.096911 414.084841 3139.819092 237.792023 -1.000000
4.948533 5.097012 414.113753 3139.814697 -326.191620 -1.000000
4.948628 5.097112 414.142663 3139.758301 -852.287170 -1.000000
4.948723 5.097213 414.171571 3139.654785 -1319.949585 -1.000000
4.948817 5.097314 414.200479 3139.510986 -1710.601685 -1.000000
4.948912 5.097415 414.229386 3139.334229 -2008.362427 -1.000000
4.949007 5.097515 414.258291 3139.134033 -2200.694336 -1.000000
4.949101 5.097616 414.287196 3138.921143 -2279.556885 -1.000000
4.949196 5.097717 414.316099 3138.706299 -2241.685303 -1.000000
4.949291 5.097818 414.345001 3138.500488 -2088.591797 -1.000000
4.949385 5.097918 414.373903 3138.314209 -1826.656006 -1.000000
4.949480 5.098019 414.402802 3138.157959 -1466.814209 -1.000000
4.949575 5.098120 414.431701 3138.039551 -1023.939148 -1.000000
4.949669 5.098220 414.460599 3137.966309 -515.901245 -1.000000
4.949764 5.098321 414.489496 3137.943359 37.379665 -1.000000
4.949858 5.098422 414.518391 3137.974365 614.349915 -1.000000
4.949953 5.098523 414.547286 3138.059814 1193.041992 -1.000000
4.950047 5.098623 414.576179 3138.198975 1751.172607 -1.000000
4.950142 5.098724 414.605071 3138.389404 2267.135986 -1.000000
4.950237 5.098824 414.633962 3138.625977 2720.573730 -1.000000
4.950331 5.098925 414.662853 3138.901611 3093.254883 -1.000000
4.950426 5.099026 414.691741 3139.208008 3369.917969 -1.000000
4.950520 5.099126 414.720629 3139.535400 3539.174316 -1.000000
4.950615 5.099227 414.749516 3139.873291 3593.835938 -1.000000
4.950709 5.099328 414.778401 3140.210938 3531.458008 -1.000000
4.950804 5.099428 414.807286 3140.537109 3354.767578 -1.000000
4.950898 5.099529 414.836169 3140.841553 3071.193359 -1.000000
4.950993 5.099629 414.865052 3141.114746 2692.463623 -1.000000
4.951087 5.099730 414.893933 3141.347900 2234.025635 -1.000000
4.951182 5.099830 414.922813 3141.534668 1714.399658 -1.000000
4.951276 5.099931 414.951692 3141.670410 1153.954956 -1.000000
4.951371 5.100032 414.980569 3141.752197 574.286743 -1.000000
4.951465 5.100132 415.009446 3141.779053 -2.298357 -1.000000
4.951559 5.100233 415.038322 3141.752197 -553.595093 -1.000000
4.951654 5.100333 415.067196 3141.675537 -1058.111206 -1.000000
4.951748 5.100434 415.096070 3141.554199 -1496.086792 -1.000000
4.951843 5.100534 415.124942 3141.395508 -1849.893677 -1.000000
4.951937 5.100635 415.153813 3141.208008 -2104.884521 -1.000000
4.952031 5.100735 415.182683 3141.001709 -2250.500732 -1.000000
4.952126 5.100835 415.211552 3140.786865 -2280.570801 -1.000000
4.952220 5.100936 415.240420 3140.574707 -2193.601807 -1.000000
4.952315 5.101036 415.269287 3140.376465 -1993.430176 -1.000000
4.952409 5.101137 415.298153 3140.201904 -1688.589722 -1.000000
4.952503 5.101237 415.327017 3140.060547 -1291.506226 -1.000000
4.952598 5.101338 415.355881 3139.960205 -818.411377 -1.000000
4.952692 5.101438 415.384743 3139.907959 -288.239136 -1.000000
4.952786 5.101539 415.413604 3139.907227 278.387756 -1.000000
4.952881 5.101639 415.442464 3139.961182 859.380066 -1.000000
4.952975 5.101739 415.471323 3140.069336 1432.571899 -1.000000
4.953069 5.101840 415.500181 3140.230225 1975.960327 -1.000000
4.953163 5.101940 415.529038 3140.440186 2468.444336 -1.000000
4.953258 5.102040 415.557894 3140.693604 2890.326904 -1.000000
4.953352 5.102141 415.586749 3140.982422 3224.571289 -1.000000
4.953446 5.102241 415.615602 3141.298340 3457.423340 -1.000000
4.953541 5.102341 415.644455 3141.631104 3579.087402 -1.000000
4.953635 5.102442 415.673306 3141.969482 3584.293945 -1.000000
4.953729 5.102542 415.702156 3142.303223 3472.851318 -1.000000
4.953823 5.102642 415.731005 3142.620850 3249.599609 -1.000000
4.953917 5.102743 415.759853 3142.912354 2923.834961 -1.000000
4.954012 5.102843 415.788700 3143.168945 2509.066162 -1.000000
4.954106 5.102943 415.817546 3143.383057 2022.086670 -1.000000
4.954200 5.103044 415.846391 3143.548340 1482.066772 -1.000000
4.954294 5.103144 415.875234 3143.661133 910.163269 -1.000000
4.954388 5.103244 415.904077 3143.719238 328.488953 -1.000000
4.954483 5.103344 415.932918 3143.723145 -240.574402 -1.000000
4.954577 5.103445 415.961759 3143.674805 -775.143738 -1.000000
4.954671 5.103545 415.990598 3143.578613 -1254.267700 -1.000000
4.954765 5.103645 416.019436 3143.440918 -1658.977661 -1.000000
4.954859 5.103745 416.048273 3143.269287 -1972.931396 -1.000000
4.954953 5.103845 416.077109 3143.072998 -2182.982910 -1.000000
4.955048 5.103946 416.105944 3142.862061 -2280.301025 -1.000000
4.955142 5.104046 416.134777 3142.647705 -2260.879395 -1.000000
4.955236 5.104146 416.163610 3142.440186 -2125.468750 -1.000000
4.955330 5.104246 416.192442 3142.250977 -1879.653564 -1.000000
4.955424 5.104346 416.221272 3142.089600 -1533.920288 -1.000000
4.955518 5.104446 416.250101 3141.964844 -1102.349487 -1.000000
4.955612 5.104547 416.278930 3141.884277 -602.277649 -1.000000
4.955706 5.104647 416.307757 3141.853027 -53.634418 -1.000000
4.955800 5.104747 416.336583 3141.875000 522.358032 -1.000000
4.955894 5.104847 416.365408 3141.951416 1103.622559 -1.000000
4.955988 5.104947 416.394232 3142.081787 1667.831421 -1.000000
4.956082 5.105047 416.423054 3142.263672 2193.038574 -1.000000
4.956176 5.105147 416.451876 3142.492432 2658.623535 -1.000000
4.956270 5.105247 416.480696 3142.761230 3045.952881 -1.000000
4.956364 5.105347 416.509516 3143.062256 3339.330566 -1.000000
4.956458 5.105447 416.538334 3143.385742 3526.569336 -1.000000
4.956552 5.105547 416.567152 3143.721436 3599.707031 -1.000000
4.956646 5.105648 416.595968 3144.058350 3555.669189 -1.000000
4.956740 5.105748 416.624783 3144.385986 3396.278564 -1.000000
4.956834 5.105848 416.653597 3144.693359 3128.315430 -1.000000
4.956928 5.105948 416.682410 3144.970703 2762.963867 -1.000000
4.957022 5.106048 416.711221 3145.209717 2315.101318 -1.000000
4.957116 5.106148 416.740032 3145.403564 1802.826660 -1.000000
4.957210 5.106248 416.768842 3145.547119 1246.144531 -1.000000
4.957304 5.106348 416.797650 3145.636963 666.646240 -1.000000
4.957398 5.106448 416.826458 3145.672119 86.760376 -1.000000
4.957492 5.106548 416.855264 3145.654053 -471.336609 -1.000000
4.957586 5.106647 416.884069 3145.585205 -986.085938 -1.000000
4.957680 5.106747 416.912873 3145.470947 -1437.107666 -1.000000
4.957773 5.106847 416.941676 3145.317871 -1806.223999 -1.000000
4.957867 5.106947 416.970478 3145.134521 -2078.483887 -1.000000
4.957961 5.107047 416.999279 3144.930664 -2242.217773 -1.000000
4.958055 5.107147 417.028079 3144.717041 -2290.781006 -1.000000
4.958149 5.107247 417.056877 3144.504395 -2221.957275 -1.000000
4.958243 5.107347 417.085675 3144.303467 -2038.891968 -1.000000
4.958337 5.107447 417.114471 3144.124756 -1749.022461 -1.000000
4.958430 5.107547 417.143267 3143.978027 -1364.561401 -1.000000
4.958524 5.107647 417.172061 3143.871094 -901.132874 -1.000000
4.958618 5.107746 417.200854 3143.810547 -377.115479 -1.000000
4.958712 5.107846 417.229646 3143.801270 186.777390 -1.000000
4.958806 5.107946 417.258437 3143.845947 768.815247 -1.000000
4.958899 5.108046 417.287227 3143.945312 1346.574219 -1.000000
4.958993 5.108146 417.316016 3144.097900 1897.781250 -1.000000
4.959087 5.108246 417.344804 3144.300049 2400.888672 -1.000000
4.959181 5.108345 417.373591 3144.546143 2836.059570 -1.000000
4.959274 5.108445 417.402376 3144.829102 3186.031006 -1.000000
4.959368 5.108545 417.431161 3145.140381 3436.113281 -1.000000
4.959462 5.108645 417.459944 3145.469971 3575.859863 -1.000000
4.959556 5.108745 417.488726 3145.807129 3599.479004 -1.000000
4.959649 5.108844 417.517507 3146.140869 3505.931885 -1.000000
4.959743 5.108944 417.546288 3146.460449 3299.106445 -1.000000
4.959837 5.109044 417.575067 3146.755859 2987.821533 -1.000000
4.959930 5.109144 417.603845 3147.017578 2584.867432 -1.000000
4.960024 5.109243 417.632621 3147.237549 2106.739502 -1.000000
4.960118 5.109343 417.661397 3147.410400 1572.235107 -1.000000
4.960211 5.109443 417.690172 3147.531250 1002.444519 -1.000000
4.960305 5.109542 417.718945 3147.597900 419.239044 -1.000000
4.960399 5.109642 417.747718 3147.610107 -155.025696 -1.000000
4.960492 5.109742 417.776489 3147.569824 -698.149780 -1.000000
4.960586 5.109841 417.805260 3147.480957 -1188.924561 -1.000000
4.960680 5.109941 417.834029 3147.349609 -1607.895630 -1.000000
4.960773 5.110041 417.862797 3147.182861 -1938.192383 -1.000000
4.960867 5.110140 417.891564 3146.989990 -2166.072021 -1.000000
4.960960 5.110240 417.920330 3146.780762 -2281.936035 -1.000000
4.961054 5.110340 417.949095 3146.566162 -2280.852783 -1.000000
4.961148 5.110439 417.977859 3146.357422 -2162.878174 -1.000000
4.961241 5.110539 418.006621 3146.165039 -1933.055664 -1.000000
4.961335 5.110639 418.035383 3145.999023 -1601.056152 -1.000000
4.961428 5.110738 418.064143 3145.868408 -1180.587280 -1.000000
4.961522 5.110838 418.092903 3145.780273 -688.520691 -1.000000
4.961615 5.110937 418.121661 3145.740967 -144.323196 -1.000000
4.961709 5.111037 418.150418 3145.754150 430.703766 -1.000000
4.961803 5.111136 418.179175 3145.821777 1014.481384 -1.000000
4.961896 5.111236 418.207930 3145.943359 1584.601440 -1.000000
4.961990 5.111336 418.236684 3146.116699 2119.040039 -1.000000
4.962083 5.111435 418.265437 3146.337891 2596.701660 -1.000000
4.962177 5.111535 418.294188 3146.600098 2998.684082 -1.000000
4.962270 5.111634 418.322939 3146.895508 3308.712891 -1.000000
4.962363 5.111734 418.351689 3147.215332 3513.864502 -1.000000
4.962457 5.111833 418.380437 3147.549072 3605.387695 -1.000000
4.962550 5.111933 418.409185 3147.885742 3579.519531 -1.000000
4.962644 5.112032 418.437931 3148.214600 3437.229248 -1.000000
4.962737 5.112132 418.466677 3148.524902 3184.578613 -1.000000
4.962831 5.112231 418.495421 3148.806885 2832.150635 -1.000000
4.962924 5.112331 418.524164 3149.051758 2394.192139 -1.000000
4.963018 5.112430 418.552906 3149.252197 1888.637329 -1.000000
4.963111 5.112529 418.581647 3149.403076 1335.441650 -1.000000
4.963204 5.112629 418.610387 3149.500732 756.060181 -1.000000
4.963298 5.112728 418.639126 3149.543945 172.847916 -1.000000
4.963391 5.112828 418.667864 3149.533691 -391.934235 -1.000000
4.963485 5.112927 418.696600 3149.472168 -916.390747 -1.000000
4.963578 5.113027 418.725336 3149.364502 -1379.866577 -1.000000
4.963671 5.113126 418.754070 3149.217041 -1763.896851 -1.000000
4.963765 5.113225 418.782804 3149.038086 -2052.611084 -1.000000
4.963858 5.113325 418.811536 3148.837158 -2234.263184 -1.000000
4.963951 5.113424 418.840267 3148.624512 -2300.968994 -1.000000
4.964045 5.113523 418.868998 3148.411133 -2250.029053 -1.000000
4.964138 5.113623 418.897727 3148.208252 -2083.636719 -1.000000
4.964231 5.113722 418.926455 3148.025635 -1808.558350 -1.000000
4.964325 5.113821 418.955182 3147.873535 -1436.503784 -1.000000
4.964418 5.113921 418.983907 3147.760254 -982.599792 -1.000000
4.964511 5.114020 419.012632 3147.692139 -465.035248 -1.000000
4.964604 5.114119 419.041356 3147.674805 95.950020 -1.000000
4.964698 5.114219 419.070079 3147.710938 678.459961 -1.000000
4.964791 5.114318 419.098800 3147.801270 1260.121460 -1.000000
4.964884 5.114417 419.127520 3147.945068 1818.646606 -1.000000
4.964977 5.114516 419.156240 3148.139160 2332.241943 -1.000000
4.965071 5.114616 419.184958 3148.378174 2780.739502 -1.000000
4.965164 5.114715 419.213675 3148.655273 3146.049805 -1.000000
4.965257 5.114814 419.242391 3148.961914 3413.195801 -1.000000
4.965350 5.114913 419.271107 3149.288330 3570.977783 -1.000000
4.965444 5.115013 419.299820 3149.624023 3612.814697 -1.000000
4.965537 5.115112 419.328533 3149.958008 3536.907715 -1.000000
4.965630 5.115211 419.357245 3150.279541 3346.583496 -1.000000
4.965723 5.115310 419.385956 3150.578369 3049.724365 -1.000000
4.965816 5.115410 419.414666 3150.845215 2658.637451 -1.000000
4.965909 5.115509 419.443374 3151.071533 2189.390625 -1.000000
4.966003 5.115608 419.472082 3151.251465 1660.551514 -1.000000
4.966096 5.115707 419.500788 3151.380127 1092.595581 -1.000000
4.966189 5.115806 419.529493 3151.454590 507.766510 -1.000000
4.966282 5.115905 419.558198 3151.474609 -71.389709 -1.000000
4.966375 5.116005 419.586901 3151.441895 -622.587646 -1.000000
4.966468 5.116104 419.615603 3151.360352 -1124.325317 -1.000000
4.966561 5.116203 419.644304 3151.235107 -1556.935913 -1.000000
4.966654 5.116302 419.673004 3151.073486 -1902.942993 -1.000000
4.966748 5.116401 419.701703 3150.884033 -2148.085693 -1.000000
4.966841 5.116500 419.730401 3150.677002 -2281.951660 -1.000000
4.966934 5.116599 419.759097 3150.463135 -2299.126953 -1.000000
4.967027 5.116698 419.787793 3150.252930 -2198.604736 -1.000000
4.967120 5.116797 419.816488 3150.057617 -1984.729858 -1.000000
4.967213 5.116896 419.845181 3149.886963 -1666.494629 -1.000000
4.967306 5.116995 419.873874 3149.750244 -1257.005859 -1.000000
4.967399 5.117094 419.902565 3149.655273 -773.041016 -1.000000
4.967492 5.117194 419.931255 3149.608398 -233.568298 -1.000000
4.967585 5.117293 419.959945 3149.613281 340.196136 -1.000000
4.967678 5.117392 419.988633 3149.672119 926.010193 -1.000000
4.967771 5.117491 420.017320 3149.785156 1501.510132 -1.000000
4.967864 5.117590 420.046006 3149.950195 2044.461060 -1.000000
4.967957 5.117689 420.074691 3150.163574 2533.652344 -1.000000
4.968050 5.117788 420.103374 3150.419189 2949.822510 -1.000000
4.968143 5.117887 420.132057 3150.709473 3275.763672 -1.000000
4.968236 5.117986 420.160739 3151.025146 3498.245850 -1.000000
4.968329 5.118084 420.189420 3151.356445 3607.906738 -1.000000
4.968422 5.118183 420.218099 3151.692383 3599.986572 -1.000000
4.968515 5.118282 420.246778 3152.021973 3474.897705 -1.000000
4.968608 5.118381 420.275455 3152.334961 3237.774170 -1.000000
4.968701 5.118480 420.304131 3152.620605 2898.797363 -1.000000
4.968794 5.118579 420.332807 3152.870605 2471.801025 -1.000000
4.968886 5.118678 420.361481 3153.077637 1974.057495 -1.000000
4.968979 5.118777 420.390154 3153.235840 1425.320923 -1.000000
4.969072 5.118876 420.418826 3153.341553 846.828186 -1.000000
4.969165 5.118975 420.447497 3153.393311 260.876678 -1.000000
4.969258 5.119074 420.476167 3153.390869 -310.080139 -1.000000
4.969351 5.119173 420.504836 3153.337158 -843.940857 -1.000000
4.969444 5.119271 420.533503 3153.236084 -1319.676880 -1.000000
4.969537 5.119370 420.562170 3153.094482 -1718.339111 -1.000000
4.969629 5.119469 420.590836 3152.919922 -2023.743042 -1.000000
4.969722 5.119568 420.619500 3152.722168 -2223.221436 -1.000000
4.969815 5.119667 420.648164 3152.511230 -2308.390381 -1.000000
4.969908 5.119766 420.676826 3152.297852 -2275.744873 -1.000000
4.970001 5.119864 420.705487 3152.092773 -2126.523926 -1.000000
4.970093 5.119963 420.734148 3151.906738 -1866.937622 -1.000000
4.970186 5.120062 420.762807 3151.749268 -1507.962280 -1.000000
4.970279 5.120161 420.791465 3151.629395 -1064.098511 -1.000000
4.970372 5.120259 420.820122 3151.553711 -553.310730 -1.000000
4.970465 5.120358 420.848778 3151.528076 4.209918 -1.000000
4.970557 5.120457 420.877433 3151.555664 586.779541 -1.000000
4.970650 5.120556 420.906087 3151.637207 1171.971191 -1.000000
4.970743 5.120654 420.934740 3151.772461 1737.413330 -1.000000
4.970836 5.120753 420.963391 3151.958252 2261.145020 -1.000000
4.970928 5.120852 420.992042 3152.189941 2722.472656 -1.000000
4.971021 5.120951 421.020691 3152.460693 3103.033203 -1.000000
4.971114 5.121049 421.049340 3152.762451 3387.260498 -1.000000
4.971206 5.121148 421.077987 3153.085449 3563.291504 -1.000000
4.971299 5.121247 421.106634 3153.419434 3623.791016 -1.000000
4.971392 5.121345 421.135279 3153.753662 3565.970459 -1.000000
4.971484 5.121444 421.163923 3154.077148 3392.396484 -1.000000
4.971577 5.121543 421.192566 3154.379150 3110.376709 -1.000000
4.971670 5.121641 421.221209 3154.650635 2731.752930 -1.000000
4.971762 5.121740 421.249850 3154.883057 2271.809814 -1.000000
4.971855 5.121839 421.278490 3155.069824 1749.114990 -1.000000
4.971948 5.121937 421.307128 3155.206055 1184.170532 -1.000000
4.972040 5.122036 421.335766 3155.288574 598.761719 -1.000000
4.972133 5.122135 421.364403 3155.317139 15.368415 -1.000000
4.972226 5.122233 421.393039 3155.292480 -543.417847 -1.000000
4.972318 5.122332 421.421673 3155.218018 -1055.935181 -1.000000
4.972411 5.122430 421.450307 3155.099121 -1501.959961 -1.000000
4.972503 5.122529 421.478939 3154.942627 -1863.654297 -1.000000
4.972596 5.122627 421.507571 3154.757080 -2125.949463 -1.000000
4.972688 5.122726 421.536201 3154.552490 -2278.033203 -1.000000
4.972781 5.122825 421.564831 3154.338867 -2313.403809 -1.000000
4.972874 5.122923 421.593459 3154.127930 -2230.716553 -1.000000
4.972966 5.123022 421.622086 3153.929688 -2033.201050 -1.000000
4.973059 5.123120 421.650712 3153.754883 -1729.269409 -1.000000
4.973151 5.123219 421.679337 3153.612549 -1331.607788 -1.000000
4.973244 5.123317 421.707961 3153.510742 -856.244080 -1.000000
4.973336 5.123416 421.736584 3153.455811 -322.255615 -1.000000
4.973429 5.123514 421.765206 3153.452148 249.494827 -1.000000
4.973521 5.123613 421.793827 3153.502441 837.011719 -1.000000
4.973614 5.123711 421.822446 3153.606689 1417.579468 -1.000000
4.973706 5.123810 421.851065 3153.763672 1968.972656 -1.000000
4.973799 5.123908 421.879683 3153.969238 2469.526611 -1.000000
4.973891 5.124007 421.908299 3154.218018 2899.397217 -1.000000
4.973984 5.124105 421.936915 3154.502686 3241.305664 -1.000000
4.974076 5.124203 421.965529 3154.814209 3481.280762 -1.000000
4.974169 5.124302 421.994142 3155.142822 3609.121826 -1.000000
4.974261 5.124400 422.022755 3155.478027 3619.394287 -1.000000
4.974353 5.124499 422.051366 3155.808594 3511.631348 -1.000000
4.974446 5.124597 422.079976 3156.123779 3290.386963 -1.000000
4.974538 5.124695 422.108585 3156.413818 2964.983154 -1.000000
4.974631 5.124794 422.137193 3156.668945 2548.850830 -1.000000
4.974723 5.124892 422.165800 3156.882324 2058.871582 -1.000000
4.974815 5.124991 422.194406 3157.047607 1514.555664 -1.000000
4.974908 5.125089 422.223011 3157.160889 937.217163 -1.000000
4.975000 5.125187 422.251615 3157.220215 348.977936 -1.000000
4.975093 5.125286 422.280218 3157.225830 -227.604813 -1.000000
4.975185 5.125384 422.308819 3157.179443 -770.209717 -1.000000
4.975277 5.125482 422.337420 3157.085449 -1257.575562 -1.000000
4.975370 5.125581 422.366019 3156.949707 -1670.413452 -1.000000
4.975462 5.125679 422.394618 3156.779785 -1991.920654 -1.000000
4.975554 5.125777 422.423215 3156.584961 -2208.909668 -1.000000
4.975647 5.125876 422.451812 3156.375244 -2312.018066 -1.000000
4.975739 5.125974 422.480407 3156.161377 -2296.914307 -1.000000
4.975831 5.126072 422.509001 3155.954590 -2164.187012 -1.000000
4.975923 5.126170 422.537595 3155.765381 -1919.579468 -1.000000
4.976016 5.126269 422.566187 3155.603271 -1573.274658 -1.000000
4.976108 5.126367 422.594778 3155.477539 -1139.534668 -1.000000
4.976200 5.126465 422.623368 3155.395264 -635.961426 -1.000000
4.976292 5.126563 422.651957 3155.361816 -82.359276 -1.000000
4.976385 5.126662 422.680545 3155.380859 499.663422 -1.000000
4.976477 5.126760 422.709132 3155.454346 1087.729492 -1.000000
4.976569 5.126858 422.737717 3155.581299 1659.252808 -1.000000
4.976661 5.126956 422.766302 3155.759521 2191.974121 -1.000000
4.976754 5.127054 422.794886 3155.984131 2665.003662 -1.000000
4.976846 5.127153 422.823468 3156.248779 3059.518066 -1.000000
4.976938 5.127251 422.852050 3156.545654 3359.543457 -1.000000
4.977030 5.127349 422.880630 3156.864990 3552.520996 -1.000000
4.977122 5.127447 422.909210 3157.197266 3630.423340 -1.000000
4.977215 5.127545 422.937788 3157.531006 3589.806885 -1.000000
4.977307 5.127643 422.966366 3157.855469 3432.490967 -1.000000
4.977399 5.127741 422.994942 3158.160400 3164.966064 -1.000000
4.977491 5.127840 423.023517 3158.435791 2798.570557 -1.000000
4.977583 5.127938 423.052091 3158.673584 2348.197021 -1.000000
4.977675 5.128036 423.080664 3158.866455 1832.107666 -1.000000
4.977768 5.128134 423.109236 3159.009766 1270.504395 -1.000000
4.977860 5.128232 423.137807 3159.099854 685.010193 -1.000000
4.977952 5.128330 423.166377 3159.135986 98.443085 -1.000000
4.978044 5.128428 423.194946 3159.118652 -466.662811 -1.000000
4.978136 5.128526 423.223514 3159.051270 -988.610474 -1.000000
4.978228 5.128624 423.252081 3158.938721 -1446.611572 -1.000000
4.978320 5.128722 423.280647 3158.787598 -1822.522461 -1.000000
4.978412 5.128820 423.309211 3158.606201 -2100.791260 -1.000000
4.978504 5.128918 423.337775 3158.404297 -2269.970459 -1.000000
4.978596 5.129016 423.366337 3158.192139 -2322.982422 -1.000000
4.978688 5.129114 423.394899 3157.980469 -2257.408936 -1.000000
4.978780 5.129212 423.423459 3157.780273 -2075.980713 -1.000000
4.978872 5.129310 423.452019 3157.601807 -1786.437622 -1.000000
4.978965 5.129408 423.480577 3157.454590 -1400.697266 -1.000000
4.979057 5.129506 423.509134 3157.346680 -934.650818 -1.000000
4.979149 5.129604 423.537691 3157.284424 -406.777069 -1.000000
4.979241 5.129702 423.566246 3157.272949 162.189499 -1.000000
4.979333 5.129800 423.594800 3157.314941 749.988647 -1.000000
4.979425 5.129898 423.623353 3157.410889 1334.458496 -1.000000
4.979517 5.129996 423.651905 3157.559570 1892.821899 -1.000000
4.979608 5.130094 423.680456 3157.757568 2403.356689 -1.000000
4.979700 5.130192 423.709006 3157.999512 2845.950195 -1.000000
4.979792 5.130290 423.737555 3158.278320 3202.677734 -1.000000
4.979884 5.130388 423.766103 3158.585449 3459.055420 -1.000000
4.979976 5.130486 423.794649 3158.911133 3604.296143 -1.000000
4.980068 5.130584 423.823195 3159.244629 3632.092285 -1.000000
4.980160 5.130681 423.851740 3159.575195 3541.347168 -1.000000
4.980252 5.130779 423.880283 3159.892090 3336.061035 -1.000000
4.980344 5.130877 423.908826 3160.185059 3024.848145 -1.000000
4.980436 5.130975 423.937367 3160.445068 2620.360596 -1.000000
4.980528 5.131073 423.965908 3160.664551 2139.176025 -1.000000
4.980620 5.131171 423.994447 3160.836670 1600.514893 -1.000000
4.980712 5.131269 424.022986 3160.957764 1025.167114 -1.000000
4.980803 5.131366 424.051523 3161.024658 435.503204 -1.000000
4.980895 5.131464 424.080059 3161.037842 -145.667740 -1.000000
4.980987 5.131562 424.108594 3160.998779 -696.041382 -1.000000
4.981079 5.131660 424.137129 3160.911377 -1194.120605 -1.000000
4.981171 5.131758 424.165662 3160.781250 -1620.037109 -1.000000
4.981263 5.131855 424.194194 3160.616211 -1956.622314 -1.000000
4.981354 5.131953 424.222725 3160.425049 -2189.993164 -1.000000
4.981446 5.132051 424.251255 3160.217773 -2310.608154 -1.000000
4.981538 5.132149 424.279784 3160.004883 -2313.175781 -1.000000
4.981630 5.132246 424.308312 3159.796875 -2197.620117 -1.000000
4.981722 5.132344 424.336838 3159.604980 -1968.840088 -1.000000
4.981813 5.132442 424.365364 3159.438965 -1636.343872 -1.000000
4.981905 5.132540 424.393889 3159.307373 -1213.879150 -1.000000
4.981997 5.132637 424.422412 3159.218262 -718.484009 -1.000000
4.982089 5.132735 424.450935 3159.177246 -169.803375 -1.000000
4.982180 5.132833 424.479457 3159.188232 410.747375 -1.000000
4.982272 5.132930 424.507977 3159.252930 1000.773132 -1.000000
4.982364 5.133028 424.536497 3159.371094 1577.602539 -1.000000
4.982456 5.133126 424.565015 3159.541260 2118.909180 -1.000000
4.982547 5.133223 424.593532 3159.758545 2603.392578 -1.000000
4.982639 5.133321 424.622049 3160.016846 3011.853271 -1.000000
4.982731 5.133419 424.650564 3160.308350 3327.720215 -1.000000
4.982822 5.133516 424.679078 3160.623779 3537.860352 -1.000000
4.982914 5.133614 424.707592 3160.953613 3633.642578 -1.000000
4.983006 5.133712 424.736104 3161.286865 3610.728760 -1.000000
4.983098 5.133809 424.764615 3161.612549 3470.122070 -1.000000
4.983189 5.133907 424.793125 3161.919922 3217.907227 -1.000000
4.983281 5.134004 424.821634 3162.199463 2864.421631 -1.000000
4.983372 5.134102 424.850142 3162.442383 2424.303955 -1.000000
4.983464 5.134200 424.878649 3162.641602 1915.480713 -1.000000
4.983556 5.134297 424.907155 3162.791992 1357.750366 -1.000000
4.983647 5.134395 424.935659 3162.889893 772.807190 -1.000000
4.983739 5.134492 424.964163 3162.933594 183.354340 -1.000000
4.983831 5.134590 424.992666 3162.923828 -387.881470 -1.000000
4.983922 5.134687 425.021168 3162.863770 -918.989990 -1.000000
4.984014 5.134785 425.049668 3162.757568 -1389.017090 -1.000000
4.984105 5.134882 425.078168 3162.611816 -1779.129517 -1.000000
4.984197 5.134980 425.106666 3162.434814 -2073.525391 -1.000000
4.984289 5.135077 425.135164 3162.235596 -2259.875000 -1.000000
4.984380 5.135175 425.163660 3162.024658 -2330.468750 -1.000000
4.984472 5.135272 425.192156 3161.812500 -2282.066895 -1.000000
4.984563 5.135370 425.220650 3161.610352 -2116.832275 -1.000000
4.984655 5.135467 425.249144 3161.428467 -1841.776489 -1.000000
4.984746 5.135565 425.277636 3161.276367 -1468.387573 -1.000000
4.984838 5.135662 425.306127 3161.162354 -1011.920959 -1.000000
4.984929 5.135760 425.334617 3161.093018 -490.468018 -1.000000
4.985021 5.135857 425.363107 3161.073975 75.386154 -1.000000
4.985112 5.135955 425.391595 3161.107666 663.529175 -1.000000
4.985204 5.136052 425.420082 3161.195068 1251.513672 -1.000000
4.985295 5.136149 425.448568 3161.335693 1816.689941 -1.000000
4.985387 5.136247 425.477053 3161.526123 2337.013184 -1.000000
4.985478 5.136344 425.505537 3161.761230 2791.962158 -1.000000
4.985570 5.136442 425.534020 3162.034424 3163.337158 -1.000000
4.985661 5.136539 425.562501 3162.337158 3435.816895 -1.000000
4.985753 5.136636 425.590982 3162.659912 3598.042480 -1.000000
4.985844 5.136734 425.619462 3162.991943 3643.182129 -1.000000
4.985935 5.136831 425.647941 3163.322510 3569.349121 -1.000000
4.986027 5.136928 425.676419 3163.641113 3379.689453 -1.000000
4.986118 5.137026 425.704895 3163.937256 3082.214355 -1.000000
4.986210 5.137123 425.733371 3164.201904 2689.067383 -1.000000
4.986301 5.137220 425.761845 3164.426514 2216.428955 -1.000000
4.986392 5.137318 425.790319 3164.604980 1683.180786 -1.000000
4.986484 5.137415 425.818791 3164.732910 1110.209351 -1.000000
4.986575 5.137512 425.847263 3164.807617 519.587280 -1.000000
4.986667 5.137610 425.875733 3164.828369 -65.943306 -1.000000
4.986758 5.137707 425.904203 3164.796631 -623.719421 -1.000000
4.986849 5.137804 425.932671 3164.716064 -1132.085815 -1.000000
4.986941 5.137901 425.961138 3164.591797 -1570.813965 -1.000000
4.987032 5.137999 425.989605 3164.431641 -1922.366455 -1.000000
4.987123 5.138096 426.018070 3164.243896 -2172.179199 -1.000000
4.987215 5.138193 426.046534 3164.038574 -2309.811279 -1.000000
4.987306 5.138290 426.074997 3163.825928 -2329.512207 -1.000000
4.987397 5.138388 426.103459 3163.616943 -2230.336670 -1.000000
4.987488 5.138485 426.131920 3163.422119 -2016.482910 -1.000000
4.987580 5.138582 426.160380 3163.251709 -1696.931152 -1.000000
4.987671 5.138679 426.188839 3163.115234 -1284.960938 -1.000000
4.987762 5.138776 426.217297 3163.019775 -797.195557 -1.000000
4.987854 5.138874 426.245754 3162.971436 -253.144119 -1.000000
4.987945 5.138971 426.274210 3162.974854 326.042786 -1.000000
4.988036 5.139068 426.302665 3163.031494 917.836487 -1.000000
4.988127 5.139165 426.331119 3163.141846 1499.717041 -1.000000
4.988219 5.139262 426.359572 3163.304199 2049.002441 -1.000000
4.988310 5.139359 426.388023 3163.514160 2544.328369 -1.000000
4.988401 5.139457 426.416474 3163.766357 2966.004150 -1.000000
4.988492 5.139554 426.444924 3164.052979 3296.896973 -1.000000
4.988583 5.139651 426.473372 3164.364990 3523.381836 -1.000000
4.988675 5.139748 426.501820 3164.692383 3635.914307 -1.000000
4.988766 5.139845 426.530266 3165.024658 3629.855469 -1.000000
4.988857 5.139942 426.558712 3165.350830 3505.351562 -1.000000
4.988948 5.140039 426.587156 3165.660400 3267.756104 -1.000000
4.989039 5.140136 426.615600 3165.943359 2927.038330 -1.000000
4.989130 5.140233 426.644042 3166.191162 2497.122070 -1.000000
4.989222 5.140330 426.672484 3166.396240 1995.554321 -1.000000
4.989313 5.140427 426.700924 3166.552979 1442.035400 -1.000000
4.989404 5.140525 426.729363 3166.657959 858.209778 -1.000000
4.989495 5.140622 426.757802 3166.709229 266.584442 -1.000000
4.989586 5.140719 426.786239 3166.707031 -310.162323 -1.000000
4.989677 5.140816 426.814675 3166.653809 -849.644897 -1.000000
4.989768 5.140913 426.843110 3166.553955 -1330.680176 -1.000000
4.989859 5.141010 426.871544 3166.414062 -1734.410278 -1.000000
4.989950 5.141107 426.899977 3166.241211 -2044.238281 -1.000000
4.990042 5.141204 426.928409 3166.044922 -2247.300781 -1.000000
4.990133 5.141301 426.956840 3165.835449 -2334.927490 -1.000000
4.990224 5.141398 426.985270 3165.623291 -2303.421875 -1.000000
4.990315 5.141495 427.013699 3165.419434 -2154.218262 -1.000000
4.990406 5.141591 427.042127 3165.234375 -1893.577881 -1.000000
4.990497 5.141688 427.070554 3165.077637 -1532.412964 -1.000000
4.990588 5.141785 427.098980 3164.957764 -1085.378174 -1.000000
4.990679 5.141882 427.127405 3164.882080 -570.481262 -1.000000
4.990770 5.141979 427.155829 3164.855469 -8.170691 -1.000000
4.990861 5.142076 427.184251 3164.881348 579.838623 -1.000000
4.990952 5.142173 427.212673 3164.960938 1170.683228 -1.000000
4.991043 5.142270 427.241094 3165.093750 1741.873047 -1.000000
4.991134 5.142367 427.269514 3165.276855 2271.035645 -1.000000
4.991225 5.142464 427.297932 3165.505127 2737.452393 -1.000000
4.991316 5.142561 427.326350 3165.772461 3122.596924 -1.000000
4.991407 5.142657 427.354766 3166.070312 3410.534180 -1.000000
4.991498 5.142754 427.383182 3166.389404 3589.307129 -1.000000
4.991589 5.142851 427.411596 3166.719482 3651.538574 -1.000000
4.991680 5.142948 427.440010 3167.050049 3594.483398 -1.000000
4.991770 5.143045 427.468422 3167.369873 3420.544922 -1.000000
4.991861 5.143142 427.496834 3167.668945 3137.092041 -1.000000
4.991952 5.143238 427.525244 3167.937256 2755.740479 -1.000000
4.992043 5.143335 427.553653 3168.167236 2292.329834 -1.000000
4.992134 5.143432 427.582062 3168.352051 1765.230225 -1.000000
4.992225 5.143529 427.610469 3168.486816 1195.166504 -1.000000
4.992316 5.143626 427.638875 3168.568604 604.318909 -1.000000
4.992407 5.143722 427.667281 3168.596924 15.372630 -1.000000
4.992498 5.143819 427.695685 3168.572510 -549.054993 -1.000000
4.992588 5.143916 427.724088 3168.498779 -1066.948120 -1.000000
4.992679 5.144013 427.752490 3168.380859 -1518.001221 -1.000000
4.992770 5.144109 427.780891 3168.225830 -1883.942383 -1.000000
4.992861 5.144206 427.809291 3168.041992 -2149.822266 -1.000000
4.992952 5.144303 427.837690 3167.838867 -2304.399170 -1.000000
4.993043 5.144400 427.866088 3167.627197 -2341.412354 -1.000000
4.993133 5.144496 427.894485 3167.417480 -2259.063232 -1.000000
4.993224 5.144593 427.922881 3167.220459 -2061.027588 -1.000000
4.993315 5.144690 427.951276 3167.046387 -1755.328003 -1.000000
4.993406 5.144786 427.979670 3166.904541 -1354.706787 -1.000000
4.993497 5.144883 428.008063 3166.802979 -875.658142 -1.000000
4.993587 5.144980 428.036455 3166.747559 -337.098877 -1.000000
4.993678 5.145076 428.064846 3166.742676 239.846725 -1.000000
4.993769 5.145173 428.093235 3166.791260 832.973633 -1.000000
4.993860 5.145270 428.121624 3166.893555 1419.286499 -1.000000
4.993950 5.145366 428.150012 3167.048096 1976.259521 -1.000000
4.994041 5.145463 428.178399 3167.250732 2482.145020 -1.000000
4.994132 5.145560 428.206784 3167.496582 2916.717041 -1.000000
4.994223 5.145656 428.235169 3167.777588 3262.698486 -1.000000
4.994313 5.145753 428.263553 3168.085205 3505.926758 -1.000000
4.994404 5.145849 428.291935 3168.409912 3635.977295 -1.000000
4.994495 5.145946 428.320317 3168.741211 3647.505859 -1.000000
4.994585 5.146043 428.348697 3169.067871 3539.851318 -1.000000
4.994676 5.146139 428.377077 3169.379639 3317.812012 -1.000000
4.994767 5.146236 428.405455 3169.666260 2990.319580 -1.000000
4.994857 5.146332 428.433833 3169.918945 2571.173096 -1.000000
4.994948 5.146429 428.462209 3170.130127 2077.198486 -1.000000
4.995039 5.146525 428.490585 3170.293945 1528.240356 -1.000000
4.995129 5.146622 428.518959 3170.406250 945.467224 -1.000000
4.995220 5.146718 428.547333 3170.465088 351.567261 -1.000000
4.995311 5.146815 428.575705 3170.470459 -230.700867 -1.000000
4.995401 5.146911 428.604076 3170.424316 -778.930176 -1.000000
4.995492 5.147008 428.632447 3170.330811 -1271.534058 -1.000000
4.995582 5.147104 428.660816 3170.195801 -1688.811035 -1.000000
4.995673 5.147201 428.689184 3170.027344 -2014.005615 -1.000000
4.995764 5.147297 428.717551 3169.834229 -2233.741699 -1.000000
4.995854 5.147394 428.745917 3169.626221 -2338.711914 -1.000000
4.995945 5.147490 428.774283 3169.414307 -2324.543701 -1.000000
4.996035 5.147587 428.802647 3169.208740 -2191.700684 -1.000000
4.996126 5.147683 428.831010 3169.020752 -1945.957275 -1.000000
4.996216 5.147780 428.859372 3168.859619 -1597.447510 -1.000000
4.996307 5.147876 428.887733 3168.734375 -1160.591431 -1.000000
4.996398 5.147972 428.916093 3168.651855 -652.873413 -1.000000
4.996488 5.148069 428.944452 3168.617432 -94.454002 -1.000000
4.996579 5.148165 428.972810 3168.635498 492.988800 -1.000000
4.996669 5.148262 429.001167 3168.707031 1086.745239 -1.000000
4.996760 5.148358 429.029523 3168.831543 1663.835205 -1.000000
4.996850 5.148454 429.057878 3169.006836 2202.131836 -1.000000
4.996941 5.148551 429.086232 3169.228271 2680.464600 -1.000000
4.997031 5.148647 429.114585 3169.489502 3079.793213 -1.000000
4.997122 5.148743 429.142937 3169.782715 3383.805908 -1.000000
4.997212 5.148840 429.171288 3170.098633 3579.712402 -1.000000
4.997302 5.148936 429.199638 3170.427002 3659.500977 -1.000000
4.997393 5.149032 429.227986 3170.757080 3619.706299 -1.000000
4.997483 5.149129 429.256334 3171.077881 3462.026367 -1.000000
4.997574 5.149225 429.284681 3171.379395 3193.168701 -1.000000
4.997664 5.149321 429.313027 3171.652100 2824.320068 -1.000000
4.997755 5.149418 429.341371 3171.887451 2370.437988 -1.000000
4.997845 5.149514 429.369715 3172.078613 1849.925171 -1.000000
4.997935 5.149610 429.398058 3172.220703 1283.068359 -1.000000
4.998026 5.149707 429.426399 3172.310059 691.990662 -1.000000
4.998116 5.149803 429.454740 3172.345703 99.494576 -1.000000
4.998207 5.149899 429.483080 3172.328613 -471.625305 -1.000000
4.998297 5.149995 429.511418 3172.261719 -999.212036 -1.000000
4.998387 5.150092 429.539756 3172.150146 -1462.602295 -1.000000
4.998478 5.150188 429.568092 3172.000244 -1843.103516 -1.000000
4.998568 5.150284 429.596428 3171.820312 -2125.241455 -1.000000
4.998658 5.150380 429.624763 3171.619629 -2297.329102 -1.000000
4.998749 5.150476 429.653096 3171.408691 -2351.920166 -1.000000
4.998839 5.150573 429.681429 3171.198486 -2286.728027 -1.000000
4.998929 5.150669 429.709760 3170.999268 -2104.522949 -1.000000
4.999020 5.150765 429.738090 3170.821777 -1813.084351 -1.000000
4.999110 5.150861 429.766420 3170.674805 -1424.421143 -1.000000
4.999200 5.150957 429.794748 3170.567139 -954.292664 -1.000000
4.999291 5.151054 429.823076 3170.504639 -421.768036 -1.000000
4.999381 5.151150 429.851402 3170.492188 152.497070 -1.000000
4.999471 5.151246 429.879727 3170.532715 746.238770 -1.000000
4.999561 5.151342 429.908052 3170.626709 1336.609375 -1.000000
4.999652 5.151438 429.936375 3170.773193 1900.821533 -1.000000
4.999742 5.151534 429.964697 3170.968506 2416.851074 -1.000000
4.999832 5.151630 429.993019 3171.207275 2864.281494 -1.000000
4.999922 5.151726 430.021339 3171.482910 3225.294434 -1.000000
5.000013 5.151823 430.049658 3171.786377 3484.768555 -1.000000
