1.000000 1.000000 1.000000 0.015924 630.000000 0.102320
1.000846 1.000852 1.003561 0.548189 628.871643 0.102320
1.001691 1.001704 1.007131 1.080056 629.181030 0.102320
1.002537 1.002556 1.010710 1.612734 630.543274 0.102320
1.003383 1.003408 1.014299 2.146335 631.012512 0.102320
1.004229 1.004260 1.017896 2.679409 629.244202 0.102320
1.005074 1.005112 1.021502 3.210311 626.252319 0.102320
1.005920 1.005965 1.025118 3.739115 624.752991 0.102320
1.006766 1.006817 1.028743 4.268016 626.572205 0.102320
1.007612 1.007669 1.032377 4.799601 630.677185 0.102320
1.008457 1.008521 1.036020 5.334525 633.897949 0.102320
1.009303 1.009373 1.039672 5.870837 633.763489 0.102320
1.010149 1.010225 1.043334 6.405673 630.756348 0.102320
1.010994 1.011077 1.047004 6.937755 627.820679 0.102320
1.011840 1.011929 1.050684 7.468398 627.611816 0.102320
1.012686 1.012782 1.054374 8.000121 630.111023 0.102320
1.013532 1.013634 1.058072 8.534259 632.805969 0.102320
1.014377 1.014486 1.061780 9.069791 633.123840 0.102320
1.015223 1.015338 1.065497 9.604376 630.751770 0.102320
1.016069 1.016190 1.069224 10.136497 627.752197 0.102320
1.016915 1.017043 1.072959 10.666722 626.580200 0.102320
1.017760 1.017895 1.076705 11.197077 627.988892 0.102320
1.018606 1.018747 1.080459 11.729299 630.654358 0.102320
1.019452 1.019599 1.084223 12.263583 632.579956 0.102320
1.020000 1.020152 1.086668 12.610514 632.892578 0.102320
1.020846 1.021004 1.090448 13.145520 632.104980 12.426424
1.021691 1.021856 1.094237 13.679509 630.667603 12.426424
1.022537 1.022709 1.098035 14.212315 629.380249 12.426424
1.023383 1.023561 1.101843 14.744145 628.320923 12.426424
1.024229 1.024413 1.105661 15.275081 627.237488 12.426424
1.025074 1.025265 1.109488 15.805111 626.250671 12.426424
1.025920 1.026118 1.113324 16.334574 626.030457 12.426424
1.026766 1.026970 1.117171 16.864426 627.238953 12.426424
1.027612 1.027822 1.121026 17.395914 629.810547 12.426424
1.028457 1.028675 1.124891 17.929825 632.731262 12.426424
1.029303 1.029527 1.128766 18.465837 634.551819 12.426424
1.030149 1.030379 1.132651 19.002527 634.232971 12.426424
1.030994 1.031232 1.136545 19.538006 631.785461 12.426424
1.031840 1.032084 1.140449 20.070883 628.350464 12.426424
1.032686 1.032936 1.144362 20.601057 625.707031 12.426424
1.033532 1.033789 1.148285 21.129900 625.380493 12.426424
1.034377 1.034641 1.152218 21.659639 627.773254 12.426424
1.035223 1.035494 1.156161 22.192211 631.770691 12.426424
1.036069 1.036346 1.160113 22.728090 635.206299 12.426424
1.036915 1.037198 1.164075 23.265898 636.084473 12.426424
1.037760 1.038051 1.168047 23.803110 633.876648 12.426424
1.038606 1.038903 1.172029 24.337582 629.972412 12.426424
1.039452 1.039756 1.176021 24.868902 626.840515 12.426424
1.040000 1.040308 1.178613 25.212328 626.192688 12.426424
1.040846 1.041161 1.182621 25.742346 627.659607 24.299479
1.041691 1.042013 1.186639 26.274498 630.909363 24.299479
1.042537 1.042866 1.190666 26.809355 633.674377 24.299479
1.043383 1.043718 1.194704 27.345686 634.223022 24.299479
1.044229 1.044571 1.198751 27.881460 632.499939 24.299479
1.045074 1.045423 1.202808 28.415298 629.963013 24.299479
1.045920 1.046276 1.206875 28.947296 628.397278 24.299479
1.046766 1.047128 1.210952 29.478733 628.668213 24.299479
1.047612 1.047981 1.215040 30.011057 630.315002 24.299479
1.048457 1.048833 1.219137 30.544920 632.089111 24.299479
1.049303 1.049686 1.223244 31.079922 632.873962 24.299479
1.050149 1.050538 1.227361 31.614992 632.248230 24.299479
1.050994 1.051391 1.231488 32.149017 630.488159 24.299479
1.051840 1.052244 1.235626 32.681309 628.276672 24.299479
1.052686 1.053096 1.239773 33.211830 626.462769 24.299479
1.053532 1.053949 1.243931 33.741302 625.940613 24.299479
1.054377 1.054801 1.248098 34.271133 627.366272 24.299479
1.055223 1.055654 1.252276 34.802994 630.637573 24.299479
1.056069 1.056507 1.256464 35.338009 634.530640 24.299479
1.056915 1.057359 1.260662 35.875877 637.029480 24.299479
1.057760 1.058212 1.264870 36.414646 636.484985 24.299479
1.058606 1.059065 1.269089 36.951572 632.841797 24.299479
1.059452 1.059917 1.273318 37.484699 627.921692 24.299479
1.060000 1.060470 1.276065 37.828194 625.295166 24.299479
1.060846 1.061323 1.280310 38.356052 623.529541 35.711678
1.061691 1.062175 1.284566 38.883713 624.705139 35.711678
1.062537 1.063028 1.288833 39.413151 627.402832 35.711678
1.063383 1.063881 1.293109 39.944836 629.768372 35.711678
1.064229 1.064733 1.297396 40.478031 630.957886 35.711678
1.065074 1.065586 1.301693 41.011856 631.407166 35.711678
1.065920 1.066439 1.306001 41.546021 631.823303 35.711678
1.066766 1.067292 1.310319 42.080521 632.096558 35.711678
1.067611 1.068144 1.314647 42.614880 631.318237 35.711678
1.068457 1.068997 1.318986 43.147911 628.974854 35.711678
1.069303 1.069850 1.323335 43.678581 626.022827 35.711678
1.070149 1.070703 1.327695 44.207218 624.545776 35.711678
1.070994 1.071555 1.332065 44.735844 626.089233 35.711678
1.071840 1.072408 1.336446 45.266953 630.146118 35.711678
1.072686 1.073261 1.340837 45.801720 634.235840 35.711678
1.073532 1.074114 1.345239 46.338982 635.706726 35.711678
1.074377 1.074967 1.349651 46.875984 633.693542 35.711678
1.075223 1.075819 1.354074 47.410267 629.662170 35.711678
1.076069 1.076672 1.358507 47.941204 626.220093 35.711678
1.076914 1.077525 1.362951 48.470207 625.276367 35.711678
1.077760 1.078378 1.367406 48.999599 627.021423 35.711678
1.078606 1.079231 1.371871 49.531193 630.213623 35.711678
1.079452 1.080084 1.376347 50.065502 633.178772 35.711678
1.080000 1.080637 1.379255 50.413074 634.341797 35.711678
1.080846 1.081489 1.383748 50.949764 634.489258 46.702378
1.081691 1.082342 1.388253 51.485767 632.814575 46.702378
1.082537 1.083195 1.392767 52.019917 630.356934 46.702378
1.083383 1.084048 1.397293 52.552238 628.788940 46.702378
1.084229 1.084901 1.401829 53.084137 629.502197 46.702378
1.085074 1.085754 1.406377 53.617668 632.472595 46.702378
1.085920 1.086607 1.410935 54.154064 635.849243 46.702378
1.086766 1.087460 1.415503 54.692539 636.977661 46.702378
1.087612 1.088313 1.420083 55.230408 634.383362 46.702378
1.088457 1.089166 1.424673 55.764793 629.125488 46.702378
1.089303 1.090019 1.429274 56.294640 624.212036 46.702378
1.090149 1.090872 1.433887 56.821522 622.444275 46.702378
1.090994 1.091725 1.438510 57.348545 624.399963 46.702378
1.091840 1.092578 1.443143 57.878204 628.249023 46.702378
1.092686 1.093431 1.447788 58.410984 631.392029 46.702378
1.093532 1.094284 1.452444 58.945560 632.420532 46.702378
1.094377 1.095137 1.457111 59.480206 631.733398 46.702378
1.095223 1.095990 1.461789 60.013992 630.613403 46.702378
1.096069 1.096843 1.466477 60.547016 630.008728 46.702378
1.096915 1.097696 1.471177 61.079830 630.112122 46.702378
1.097760 1.098549 1.475888 61.612999 630.831787 46.702378
1.098606 1.099402 1.480610 62.147038 632.194824 46.702378
1.099452 1.100255 1.485342 62.682487 634.116760 46.702378
1.100000 1.100808 1.488417 63.030502 635.366760 46.702378
1.100846 1.101661 1.493168 63.568420 636.476562 57.292291
1.101691 1.102514 1.497930 64.106544 635.750061 57.292291
1.102537 1.103367 1.502703 64.643234 633.207092 57.292291
1.103383 1.104221 1.507488 65.177406 630.036743 57.292291
1.104229 1.105074 1.512284 65.709160 627.661377 57.292291
1.105074 1.105927 1.517091 66.239456 626.593445 57.292291
1.105920 1.106780 1.521909 66.769203 626.197571 57.292291
1.106766 1.107633 1.526738 67.298592 625.665649 57.292291
1.107612 1.108486 1.531579 67.827469 625.070801 57.292291
1.108457 1.109339 1.536431 68.356133 625.349609 57.292291
1.109303 1.110193 1.541294 68.885651 627.104736 57.292291
1.110149 1.111046 1.546168 69.417061 629.579529 57.292291
1.110994 1.111899 1.551054 69.950287 631.099121 57.292291
1.111840 1.112752 1.555951 70.483955 630.600708 57.292291
1.112686 1.113605 1.560859 71.016548 628.832825 57.292291
1.113532 1.114459 1.565779 71.547813 627.840027 57.292291
1.114377 1.115312 1.570710 72.079155 629.070801 57.292291
1.115223 1.116165 1.575653 72.612328 631.897278 57.292291
1.116069 1.117018 1.580607 73.147774 633.985901 57.292291
1.116915 1.117872 1.585572 73.683868 633.217834 57.292291
1.117760 1.118725 1.590549 74.217979 629.506165 57.292291
1.118606 1.119578 1.595538 74.748405 624.967163 57.292291
1.119452 1.120431 1.600538 75.275650 622.398682 57.292291
1.120000 1.120985 1.603785 75.616875 622.605408 57.292291
1.120846 1.121838 1.608804 76.144524 625.665649 67.508181
1.121691 1.122691 1.613834 76.675644 630.388367 67.508181
1.122537 1.123544 1.618876 77.210564 634.252869 67.508181
1.123383 1.124398 1.623930 77.747643 635.255859 67.508181
1.124229 1.125251 1.628995 78.284088 632.784241 67.508181
1.125074 1.126104 1.634071 78.817284 627.906128 67.508181
1.125920 1.126958 1.639160 79.346153 622.991516 67.508181
1.126766 1.127811 1.644260 79.871796 620.655457 67.508181
1.127612 1.128665 1.649371 80.397102 622.263794 67.508181
1.128457 1.129518 1.654495 80.925201 626.911682 67.508181
1.129303 1.130371 1.659630 81.457558 631.768127 67.508181
1.130149 1.131225 1.664776 81.993027 633.917053 67.508181
1.130994 1.132078 1.669935 82.528763 632.499329 67.508181
1.131840 1.132932 1.675105 83.062393 629.424377 67.508181
1.132686 1.133785 1.680287 83.593864 627.905457 67.508181
1.133532 1.134638 1.685481 84.125473 629.825439 67.508181
1.134377 1.135492 1.690686 84.659866 634.091797 67.508181
1.135223 1.136345 1.695904 85.197754 637.464722 67.508181
1.136069 1.137199 1.701133 85.737045 637.163391 67.508181
1.136915 1.138052 1.706374 86.274422 633.189026 67.508181
1.137760 1.138906 1.711627 86.807793 628.301941 67.508181
1.138606 1.139759 1.716892 87.337852 625.820557 67.508181
1.139452 1.140613 1.722169 87.867386 626.982788 67.508181
1.140000 1.141166 1.725596 88.211662 628.989929 67.508181
1.140846 1.142020 1.730892 88.744919 631.831299 77.355506
1.141691 1.142873 1.736201 89.279686 632.305420 77.355506
1.142537 1.143727 1.741521 89.813713 630.300781 77.355506
1.143383 1.144580 1.746854 90.345695 627.921143 77.355506
1.144229 1.145434 1.752198 90.876389 627.510803 77.355506
1.145074 1.146287 1.757554 91.407845 629.628967 77.355506
1.145920 1.147141 1.762923 91.941658 632.737427 77.355506
1.146766 1.147994 1.768303 92.477737 634.658936 77.355506
1.147612 1.148848 1.773696 93.014542 634.454224 77.355506
1.148457 1.149702 1.779101 93.550529 633.025391 77.355506
1.149303 1.150555 1.784518 94.085396 632.010071 77.355506
1.150149 1.151409 1.789947 94.619873 632.111816 77.355506
1.150994 1.152262 1.795388 95.154678 632.531311 77.355506
1.151840 1.153116 1.800841 95.689476 631.909729 77.355506
1.152686 1.153970 1.806307 96.223114 629.862732 77.355506
1.153532 1.154823 1.811785 96.754738 627.395813 77.355506
1.154377 1.155677 1.817275 97.284622 625.960510 77.355506
1.155223 1.156531 1.822777 97.813980 626.109863 77.355506
1.156069 1.157384 1.828291 98.343903 627.095032 77.355506
1.156915 1.158238 1.833818 98.874603 627.828979 77.355506
1.157760 1.159092 1.839357 99.405708 628.109253 77.355506
1.158606 1.159945 1.844909 99.937096 628.630371 77.355506
1.159452 1.160799 1.850472 100.469223 629.835876 77.355506
1.160000 1.161352 1.854086 100.814781 630.669189 77.355506
1.160846 1.162206 1.859670 101.348404 630.968933 86.856308
1.161691 1.163060 1.865266 101.881462 629.316284 86.856308
1.162537 1.163914 1.870875 102.412575 626.698792 86.856308
1.163383 1.164767 1.876496 102.941963 625.716370 86.856308
1.164229 1.165621 1.882130 103.471970 628.263428 86.856308
1.165074 1.166475 1.887776 104.005394 633.368774 86.856308
1.165920 1.167329 1.893435 104.542984 637.424622 86.856308
1.166766 1.168183 1.899106 105.082283 637.065369 86.856308
1.167612 1.169036 1.904790 105.619270 632.330017 86.856308
1.168457 1.169890 1.910486 106.151649 627.013000 86.856308
1.169303 1.170744 1.916195 106.680969 625.665894 86.856308
1.170149 1.171598 1.921916 107.211494 629.686218 86.856308
1.170994 1.172452 1.927650 107.746727 636.020264 86.856308
1.171840 1.173305 1.933397 108.286499 639.619080 86.856308
1.172686 1.174159 1.939156 108.826958 637.495544 86.856308
1.173532 1.175013 1.944927 109.363525 630.997375 86.856308
1.174377 1.175867 1.950712 109.894264 624.529846 86.856308
1.175223 1.176721 1.956509 110.421043 622.093018 86.856308
1.176069 1.177575 1.962319 110.947922 624.605347 86.856308
1.176914 1.178429 1.968141 111.478317 629.868530 86.856308
1.177760 1.179283 1.973976 112.013130 634.518982 86.856308
1.178606 1.180136 1.979824 112.550728 636.204041 86.856308
1.179452 1.180990 1.985685 113.088272 634.506042 86.856308
1.180000 1.181544 1.989491 113.435532 632.114868 86.856308
1.180846 1.182398 1.995373 113.968323 627.903137 96.040973
1.181691 1.183252 2.001267 114.497963 624.990112 96.040973
1.182537 1.184106 2.007175 115.026283 624.955078 96.040973
1.183383 1.184960 2.013095 115.555893 627.890137 96.040973
1.184229 1.185814 2.019028 116.088699 632.111023 96.040973
1.185074 1.186668 2.024974 116.624680 634.966187 96.040973
1.185920 1.187522 2.030933 117.161781 634.589478 96.040973
1.186766 1.188376 2.036905 117.697205 631.228577 96.040973
1.187611 1.189230 2.042889 118.229225 626.989990 96.040973
1.188457 1.190084 2.048887 118.758125 624.083313 96.040973
1.189303 1.190938 2.054898 119.285431 623.212952 96.040973
1.190149 1.191792 2.060921 119.812614 623.586304 96.040973
1.190994 1.192646 2.066958 120.340286 624.300110 96.040973
1.191840 1.193500 2.073008 120.868736 625.568481 96.040973
1.192686 1.194354 2.079070 121.398819 628.276794 96.040973
1.193532 1.195208 2.085146 121.931862 632.444824 96.040973
1.194377 1.196062 2.091235 122.468498 636.348389 96.040973
1.195223 1.196916 2.097337 123.007423 637.515625 96.040973
1.196069 1.197770 2.103452 123.545731 634.919617 96.040973
1.196914 1.198624 2.109580 124.080719 630.117432 96.040973
1.197760 1.199478 2.115721 124.611778 626.136292 96.040973
1.198606 1.200333 2.121876 125.140625 625.045471 96.040973
1.199452 1.201187 2.128043 125.669731 626.458374 96.040973
1.200000 1.201741 2.132050 126.013641 627.724854 96.040973
1.200846 1.202595 2.138239 126.545074 628.763733 104.911590
1.201691 1.203449 2.144442 127.076721 628.296997 104.911590
1.202537 1.204303 2.150657 127.607651 627.313721 104.911590
1.203383 1.205157 2.156887 128.138000 627.090088 104.911590
1.204229 1.206011 2.163129 128.668625 627.876160 104.911590
1.205074 1.206866 2.169385 129.200089 628.921509 104.911590
1.205920 1.207720 2.175654 129.732300 629.601501 104.911590
1.206766 1.208574 2.181936 130.264938 629.985535 104.911590
1.207612 1.209428 2.188232 130.797958 630.586792 104.911590
1.208457 1.210282 2.194541 131.331635 631.463623 104.911590
1.209303 1.211137 2.200863 131.865982 632.113953 104.911590
1.210149 1.211991 2.207199 132.400650 632.175415 104.911590
1.210994 1.212845 2.213549 132.935196 631.992126 104.911590
1.211840 1.213699 2.219911 133.469788 632.349854 104.911590
1.212686 1.214554 2.226288 134.004990 633.388794 104.911590
1.213532 1.215408 2.232677 134.541092 634.265076 104.911590
1.214377 1.216262 2.239081 135.077515 634.034790 104.911590
1.215223 1.217117 2.245497 135.613297 632.988586 104.911590
1.216069 1.217971 2.251928 136.148392 632.716003 104.911590
1.216915 1.218825 2.258371 136.684113 634.592773 104.911590
1.217760 1.219680 2.264829 137.222214 637.956909 104.911590
1.218606 1.220534 2.271300 137.762878 640.161865 104.911590
1.219452 1.221388 2.277784 138.303940 638.639465 104.911590
1.220000 1.221942 2.281995 138.653290 635.503845 104.911590
1.220846 1.222796 2.288503 139.188095 629.162659 113.495927
1.221691 1.223651 2.295023 139.717896 624.277283 113.495927
1.222537 1.224505 2.301558 140.245132 623.211487 113.495927
1.223383 1.225360 2.308106 140.772980 625.385437 113.495927
1.224229 1.226214 2.314667 141.303131 628.224304 113.495927
1.225074 1.227068 2.321243 141.835175 629.650024 113.495927
1.225920 1.227923 2.327832 142.367752 629.673584 113.495927
1.226766 1.228777 2.334435 142.900253 629.777039 113.495927
1.227612 1.229632 2.341052 143.433289 630.907654 113.495927
1.228457 1.230486 2.347682 143.967499 632.337891 113.495927
1.229303 1.231341 2.354326 144.502502 632.551636 113.495927
1.230149 1.232195 2.360984 145.036896 630.976013 113.495927
1.230994 1.233050 2.367656 145.569550 628.686707 113.495927
1.231840 1.233904 2.374342 146.100586 627.385193 113.495927
1.232686 1.234758 2.381042 146.631226 627.713623 113.495927
1.233532 1.235613 2.387756 147.162521 628.709167 113.495927
1.234377 1.236467 2.394483 147.694412 628.913696 113.495927
1.235223 1.237322 2.401225 148.225967 628.004639 113.495927
1.236069 1.238177 2.407980 148.756653 627.092957 113.495927
1.236915 1.239031 2.414750 149.287094 627.590515 113.495927
1.237760 1.239886 2.421533 149.818680 629.672974 113.495927
1.238606 1.240740 2.428330 150.352249 632.062439 113.495927
1.239452 1.241595 2.435142 150.887375 633.111938 113.495927
1.240000 1.242149 2.439565 151.234451 632.756165 113.495927
1.240846 1.243003 2.446400 151.768951 631.090027 121.794031
1.241691 1.243858 2.453248 152.301895 629.295837 121.794031
1.242537 1.244712 2.460111 152.833664 628.390686 121.794031
1.243383 1.245567 2.466988 153.365051 628.289001 121.794031
1.244229 1.246422 2.473879 153.896393 628.213440 121.794031
1.245074 1.247276 2.480784 154.427475 627.607666 121.794031
1.245920 1.248131 2.487703 154.957886 626.743164 121.794031
1.246766 1.248986 2.494637 155.487747 626.512268 121.794031
1.247612 1.249840 2.501584 156.017975 627.620972 121.794031
1.248457 1.250695 2.508546 156.549698 630.021301 121.794031
1.249303 1.251550 2.515522 157.083755 632.863281 121.794031
1.250149 1.252404 2.522513 157.619949 634.943237 121.794031
1.250994 1.253259 2.529517 158.157227 635.302185 121.794031
1.251840 1.254114 2.536536 158.693939 633.638428 121.794031
1.252686 1.254968 2.543569 159.228577 630.544128 121.794031
1.253532 1.255823 2.550617 159.760452 627.320496 121.794031
1.254377 1.256678 2.557678 160.290039 625.360657 121.794031
1.255223 1.257532 2.564755 160.818787 625.405823 121.794031
1.256069 1.258387 2.571845 161.348343 627.089355 121.794031
1.256915 1.259242 2.578950 161.879639 629.325012 121.794031
1.257760 1.260097 2.586069 162.412674 631.108826 121.794031
1.258606 1.260951 2.593203 162.946899 632.148804 121.794031
1.259452 1.261806 2.600351 163.481812 632.808289 121.794031
1.260000 1.262360 2.604993 163.828888 633.200867 121.794031
1.260846 1.263215 2.612165 164.364609 633.598816 129.828715
1.261691 1.264070 2.619352 164.900375 633.233765 129.828715
1.262537 1.264925 2.626553 165.435333 631.612305 129.828715
1.263383 1.265780 2.633768 165.968491 629.102966 129.828715
1.264229 1.266634 2.640998 166.499527 626.925293 129.828715
1.265074 1.267489 2.648243 167.029343 626.336609 129.828715
1.265920 1.268344 2.655502 167.559479 627.652832 129.828715
1.266766 1.269199 2.662776 168.091263 630.007202 129.828715
1.267612 1.270054 2.670064 168.625015 632.052429 129.828715
1.268457 1.270909 2.677367 169.160019 632.894470 129.828715
1.269303 1.271764 2.684685 169.695206 632.581238 129.828715
1.270149 1.272618 2.692017 170.229843 631.683289 129.828715
1.270994 1.273473 2.699364 170.763641 630.696411 129.828715
1.271840 1.274328 2.706726 171.296646 629.798340 129.828715
1.272686 1.275183 2.714103 171.828964 629.083252 129.828715
1.273532 1.276038 2.721494 172.360825 628.756592 129.828715
1.274377 1.276893 2.728900 172.892639 629.034546 129.828715
1.275223 1.277748 2.736320 173.424911 629.728149 129.828715
1.276069 1.278603 2.743756 173.957748 630.292969 129.828715
1.276914 1.279458 2.751206 174.490829 630.226929 129.828715
1.277760 1.280313 2.758671 175.023621 629.778015 129.828715
1.278606 1.281168 2.766151 175.556183 629.800781 129.828715
1.279452 1.282023 2.773646 176.089218 630.915222 129.828715
1.280000 1.282577 2.778513 176.435471 632.040588 129.828715
1.280846 1.283432 2.786032 176.970642 633.384949 137.612014
1.281691 1.284287 2.793566 177.506271 632.892700 137.612014
1.282537 1.285142 2.801115 178.040527 630.228638 137.612014
1.283383 1.285997 2.808680 178.572098 626.946655 137.612014
1.284229 1.286852 2.816259 179.101562 625.658325 137.612014
1.285074 1.287707 2.823853 179.631378 627.798950 137.612014
1.285920 1.288562 2.831461 180.164154 632.265808 137.612014
1.286766 1.289417 2.839085 180.700592 635.884094 137.612014
1.287611 1.290272 2.846724 181.238632 635.783508 137.612014
1.288457 1.291128 2.854378 181.774796 631.614441 137.612014
1.289303 1.291983 2.862048 182.306549 625.997620 137.612014
1.290149 1.292838 2.869732 182.834229 622.499084 137.612014
1.290994 1.293693 2.877431 183.360626 623.040161 137.612014
1.291840 1.294548 2.885145 183.888931 626.582642 137.612014
1.292686 1.295403 2.892875 184.420502 630.301880 137.612014
1.293532 1.296258 2.900619 184.954437 631.954346 137.612014
1.294377 1.297113 2.908379 185.488754 631.377563 137.612014
1.295223 1.297968 2.916154 186.022171 630.097046 137.612014
1.296069 1.298824 2.923944 186.554794 629.741760 137.612014
1.296914 1.299679 2.931750 187.087723 630.713318 137.612014
1.297760 1.300534 2.939570 187.621765 632.224304 137.612014
1.298606 1.301389 2.947406 188.156967 633.342773 137.612014
1.299452 1.302244 2.955257 188.692795 633.674622 137.612014
1.300000 1.302799 2.960356 189.040207 633.434753 137.612014
1.300846 1.303654 2.968232 189.575485 632.198853 145.151524
1.301691 1.304509 2.976124 190.109161 629.574951 145.151524
1.302537 1.305365 2.984031 190.640060 625.813416 145.151524
1.303383 1.306220 2.991953 191.167831 622.542725 145.151524
1.304229 1.307075 2.999891 191.693939 622.311829 145.151524
1.305074 1.307930 3.007844 192.221725 626.554260 145.151524
1.305920 1.308786 3.015812 192.754593 633.796082 145.151524
1.306766 1.309641 3.023796 193.293396 639.766052 145.151524
1.307611 1.310496 3.031795 193.835129 640.282410 145.151524
1.308457 1.311351 3.039810 194.374588 634.577271 145.151524
1.309303 1.312207 3.047840 194.907761 626.337036 145.151524
1.310149 1.313062 3.055886 195.434906 621.235779 145.151524
1.310994 1.313917 3.063947 195.960419 622.645142 145.151524
1.311840 1.314773 3.072024 196.489548 629.125488 145.151524
1.312686 1.315628 3.080116 197.024643 635.876038 145.151524
1.313532 1.316483 3.088224 197.563919 638.580200 145.151524
1.314377 1.317339 3.096348 198.103348 636.454895 145.151524
1.315223 1.318194 3.104487 198.639771 632.010803 145.151524
1.316069 1.319049 3.112641 199.172592 628.371948 145.151524
1.316914 1.319905 3.120811 199.703201 626.707886 145.151524
1.317760 1.320760 3.128997 200.232941 626.113586 145.151524
1.318606 1.321616 3.137199 200.762253 625.606323 145.151524
1.319452 1.322471 3.145416 201.291260 625.572754 145.151524
1.320000 1.323026 3.150753 201.634567 626.441406 145.151524
1.320846 1.323881 3.158996 202.165573 629.682861 152.461122
1.321691 1.324737 3.167255 202.700012 634.156921 152.461122
1.322537 1.325592 3.175530 203.237808 637.166504 152.461122
1.323383 1.326448 3.183820 203.776718 636.612732 152.461122
1.324229 1.327303 3.192126 204.313690 632.917236 152.461122
1.325074 1.328159 3.200448 204.847153 628.881104 152.461122
1.325920 1.329014 3.208785 205.378143 627.423645 152.461122
1.326766 1.329870 3.217139 205.909363 629.268860 152.461122
1.327612 1.330725 3.225508 206.442978 632.708740 152.461122
1.328457 1.331581 3.233893 206.979248 635.180420 152.461122
1.329303 1.332436 3.242294 207.516663 635.361816 152.461122
1.330149 1.333292 3.250711 208.053421 633.832275 152.461122
1.330994 1.334147 3.259144 208.588699 632.059692 152.461122
1.331840 1.335003 3.267592 209.122742 631.033752 152.461122
1.332686 1.335858 3.276057 209.656311 630.895752 152.461122
1.333532 1.336714 3.284538 210.190033 631.345459 152.461122
1.334377 1.337569 3.293034 210.724274 632.090515 152.461122
1.335223 1.338425 3.301547 211.259201 632.889587 152.461122
1.336069 1.339281 3.310076 211.794601 633.094299 152.461122
1.336914 1.340136 3.318620 212.329666 631.985657 152.461122
1.337760 1.340992 3.327181 212.863159 629.474670 152.461122
1.338606 1.341847 3.335758 213.394333 626.755310 152.461122
1.339452 1.342703 3.344350 213.923752 625.678406 152.461122
1.340000 1.343258 3.349931 214.267014 626.404602 152.461122
1.340846 1.344113 3.358550 214.797897 629.286804 159.551343
1.341691 1.344969 3.367185 215.331482 632.425049 159.551343
1.342537 1.345825 3.375837 215.867035 633.570801 159.551343
1.343383 1.346680 3.384505 216.402359 632.014160 159.551343
1.344229 1.347536 3.393189 216.935699 629.266479 159.551343
1.345074 1.348392 3.401889 217.467041 627.655334 159.551343
1.345920 1.349248 3.410605 217.998016 628.403015 159.551343
1.346766 1.350103 3.419338 218.530396 630.667725 159.551343
1.347612 1.350959 3.428087 219.064606 632.422058 159.551343
1.348457 1.351815 3.436852 219.599533 632.267822 159.551343
1.349303 1.352670 3.445633 220.133560 630.467224 159.551343
1.350149 1.353526 3.454431 220.665878 628.512817 159.551343
1.350994 1.354382 3.463245 221.197006 627.756409 159.551343
1.351840 1.355238 3.472075 221.728119 628.463440 159.551343
1.352686 1.356093 3.480922 222.260208 629.900208 159.551343
1.353532 1.356949 3.489785 222.793533 631.210571 159.551343
1.354377 1.357805 3.498664 223.327698 631.885498 159.551343
1.355223 1.358661 3.507560 223.862091 631.733948 159.551343
1.356069 1.359517 3.516472 224.395950 630.582947 159.551343
1.356914 1.360372 3.525401 224.928391 628.394836 159.551343
1.357760 1.361228 3.534346 225.458710 625.769409 159.551343
1.358606 1.362084 3.543308 225.987106 624.123535 159.551343
1.359452 1.362940 3.552286 226.515045 624.840576 159.551343
1.360000 1.363495 3.558117 226.858154 626.718201 159.551343
1.360846 1.364351 3.567123 227.389847 630.717041 166.432027
1.361691 1.365207 3.576145 227.924713 633.816895 166.432027
1.362537 1.366062 3.585183 228.461014 633.865845 166.432027
1.363383 1.366918 3.594239 228.995972 630.816223 166.432027
1.364229 1.367774 3.603311 229.527756 626.877686 166.432027
1.365074 1.368630 3.612399 230.056870 624.895386 166.432027
1.365920 1.369486 3.621504 230.585648 626.009644 166.432027
1.366766 1.370342 3.630626 231.116241 628.814575 166.432027
1.367611 1.371198 3.639765 231.648956 630.568542 166.432027
1.368457 1.372054 3.648920 232.182068 629.744263 166.432027
1.369303 1.372910 3.658092 232.713669 627.368530 166.432027
1.370149 1.373766 3.667281 233.243591 626.290222 166.432027
1.370994 1.374622 3.676487 233.773987 628.658630 166.432027
1.371840 1.375478 3.685709 234.307800 634.018127 166.432027
1.372686 1.376334 3.694948 234.846405 639.368591 166.432027
1.373532 1.377190 3.704204 235.388290 641.395325 166.432027
1.374377 1.378046 3.713477 235.929947 638.833374 166.432027
1.375223 1.378902 3.722767 236.467987 633.297668 166.432027
1.376069 1.379758 3.732074 237.001205 627.988525 166.432027
1.376914 1.380614 3.741397 237.530960 625.393616 166.432027
1.377760 1.381470 3.750738 238.059875 625.806763 166.432027
1.378606 1.382326 3.760095 238.589890 627.650513 166.432027
1.379452 1.383182 3.769470 239.121353 628.988770 166.432027
1.380000 1.383737 3.775558 239.466354 629.123962 166.432027
1.380846 1.384593 3.784960 239.998215 628.527710 173.111430
1.381691 1.385449 3.794380 240.529526 628.039734 173.111430
1.382537 1.386305 3.803816 241.060867 628.762085 173.111430
1.383383 1.387161 3.813270 241.593414 630.798523 173.111430
1.384229 1.388017 3.822740 242.127884 633.048157 173.111430
1.385074 1.388874 3.832228 242.663818 634.035339 173.111430
1.385920 1.389730 3.841733 243.199722 632.977234 173.111430
1.386766 1.390586 3.851255 243.733978 630.292786 173.111430
1.387611 1.391442 3.860794 244.265778 627.445129 173.111430
1.388457 1.392298 3.870350 244.795685 626.049072 173.111430
1.389303 1.393154 3.879924 245.325348 626.852539 173.111430
1.390149 1.394010 3.889515 245.856445 629.313538 173.111430
1.390994 1.394867 3.899123 246.389862 632.060303 173.111430
1.391840 1.395723 3.908748 246.925201 633.665344 173.111430
1.392686 1.396579 3.918390 247.461121 633.415833 173.111430
1.393532 1.397435 3.928050 247.996063 631.387085 173.111430
1.394377 1.398291 3.937727 248.528763 628.253113 173.111430
1.395223 1.399148 3.947421 249.058701 625.034851 173.111430
1.396069 1.400004 3.957133 249.586304 622.969604 173.111430
1.396914 1.400860 3.966862 250.113083 623.259399 173.111430
1.397760 1.401716 3.976609 250.641327 626.425354 173.111430
1.398606 1.402573 3.986373 251.173218 631.563904 173.111430
1.399452 1.403429 3.996154 251.709518 636.396545 173.111430
1.400000 1.403984 4.002506 252.059082 638.178650 173.111430
1.400846 1.404841 4.012316 252.598938 637.877441 179.593523
1.401691 1.405697 4.022144 253.137161 634.627747 179.593523
1.402537 1.406553 4.031989 253.672272 631.027832 179.593523
1.403383 1.407409 4.041851 254.205139 629.628174 179.593523
1.404229 1.408266 4.051731 254.738037 630.951416 179.593523
1.405074 1.409122 4.061629 255.272614 633.178711 179.593523
1.405920 1.409978 4.071544 255.808578 633.907410 179.593523
1.406766 1.410835 4.081477 256.344208 632.515198 179.593523
1.407611 1.411691 4.091427 256.878235 630.550964 179.593523
1.408457 1.412548 4.101395 257.411194 630.132690 179.593523
1.409303 1.413404 4.111381 257.944641 631.513855 179.593523
1.410149 1.414260 4.121384 258.479340 632.734375 179.593523
1.410994 1.415117 4.131405 259.014130 631.444397 179.593523
1.411840 1.415973 4.141444 259.546631 627.523560 179.593523
1.412686 1.416830 4.151500 260.075592 623.768982 179.593523
1.413531 1.417686 4.161574 260.602722 623.560486 179.593523
1.414377 1.418542 4.171666 261.131622 627.768433 179.593523
1.415223 1.419399 4.181776 261.665039 633.591797 179.593523
1.416069 1.420255 4.191903 262.202545 636.754028 179.593523
1.416914 1.421112 4.202049 262.740631 634.967712 179.593523
1.417760 1.421968 4.212212 263.275604 629.869385 179.593523
1.418606 1.422825 4.222393 263.806305 625.665161 179.593523
1.419451 1.423681 4.232591 264.335083 625.658203 179.593523
1.420000 1.424237 4.239215 264.678802 627.954590 179.593523
1.420846 1.425093 4.249444 265.211975 632.902283 185.896142
1.421691 1.425950 4.259690 265.748871 636.198486 185.896142
1.422537 1.426806 4.269954 266.286987 635.702332 185.896142
1.423383 1.427663 4.280236 266.823303 632.270325 185.896142
1.424229 1.428519 4.290536 267.356415 628.749084 185.896142
1.425074 1.429376 4.300854 267.887482 627.616455 185.896142
1.425920 1.430232 4.311190 268.418823 629.435364 185.896142
1.426766 1.431089 4.321545 268.952515 632.706665 185.896142
1.427611 1.431946 4.331917 269.488739 635.144165 185.896142
1.428457 1.432802 4.342307 270.026123 635.133057 185.896142
1.429303 1.433659 4.352715 270.562347 632.638977 185.896142
1.430149 1.434515 4.363142 271.095886 629.145508 185.896142
1.430994 1.435372 4.373586 271.626801 626.694824 185.896142
1.431840 1.436229 4.384049 272.156647 626.666077 185.896142
1.432686 1.437085 4.394530 272.687469 628.908875 185.896142
1.433531 1.437942 4.405029 273.220612 631.860229 185.896142
1.434377 1.438798 4.415547 273.755890 633.730103 185.896142
1.435223 1.439655 4.426082 274.291992 633.734253 185.896142
1.436069 1.440512 4.436636 274.827515 632.660889 185.896142
1.436914 1.441368 4.447208 275.362213 632.007385 185.896142
1.437760 1.442225 4.457798 275.896820 632.479980 185.896142
1.438606 1.443082 4.468407 276.432098 633.229004 185.896142
1.439451 1.443939 4.479034 276.967529 632.698059 185.896142
1.440000 1.444494 4.485937 277.314301 631.286743 185.896142
1.440846 1.445351 4.496595 277.846893 628.129395 192.020213
1.441691 1.446208 4.507270 278.376953 625.654846 192.020213
1.442537 1.447064 4.517964 278.905884 625.617310 192.020213
1.443383 1.447921 4.528676 279.435852 627.970215 192.020213
1.444229 1.448778 4.539407 279.968231 630.912598 192.020213
1.445074 1.449635 4.550156 280.502625 632.524963 192.020213
1.445920 1.450492 4.560924 281.037628 632.469849 192.020213
1.446766 1.451348 4.571710 281.572327 632.065674 192.020213
1.447611 1.452205 4.582515 282.107056 632.665344 192.020213
1.448457 1.453062 4.593338 282.642731 634.138611 192.020213
1.449303 1.453919 4.604179 283.179474 634.922485 192.020213
1.450149 1.454776 4.615040 283.716064 633.653992 192.020213
1.450994 1.455632 4.625918 284.250793 630.783447 192.020213
1.451840 1.456489 4.636816 284.783173 628.515808 192.020213
1.452686 1.457346 4.647732 285.314606 628.695862 192.020213
1.453531 1.458203 4.658667 285.847198 630.969849 192.020213
1.454377 1.459060 4.669620 286.381744 632.898315 192.020213
1.455223 1.459917 4.680592 286.916901 632.117004 192.020213
1.456069 1.460773 4.691582 287.450134 628.624817 192.020213
1.456914 1.461630 4.702592 287.980164 625.107666 192.020213
1.457760 1.462487 4.713620 288.508392 624.724304 192.020213
1.458606 1.463344 4.724667 289.038055 628.410522 192.020213
1.459451 1.464201 4.735732 289.571808 633.749084 192.020213
1.460000 1.464757 4.742920 289.920197 636.220886 192.020213
1.460846 1.465614 4.754016 290.458710 636.490967 197.973401
1.461691 1.466471 4.765131 290.995575 632.603088 197.973401
1.462537 1.467328 4.776266 291.528381 627.528137 197.973401
1.463383 1.468185 4.787419 292.057770 625.071594 197.973401
1.464229 1.469042 4.798590 292.586914 626.979126 197.973401
1.465074 1.469899 4.809781 293.119080 631.704895 197.973401
1.465920 1.470756 4.820991 293.655273 635.918518 197.973401
1.466766 1.471613 4.832219 294.193756 636.908936 197.973401
1.467611 1.472470 4.843467 294.731537 634.465454 197.973401
1.468457 1.473327 4.854733 295.266510 630.716675 197.973401
1.469303 1.474184 4.866019 295.798737 628.328613 197.973401
1.470149 1.475041 4.877323 296.330017 628.554565 197.973401
1.470994 1.475898 4.888647 296.862457 630.656250 197.973401
1.471840 1.476755 4.899989 297.396729 632.690857 197.973401
1.472686 1.477612 4.911351 297.932129 633.137573 197.973401
1.473531 1.478469 4.922732 298.467102 631.853638 197.973401
1.474377 1.479326 4.934131 299.000641 629.952576 197.973401
1.475223 1.480183 4.945550 299.532776 628.653137 197.973401
1.476069 1.481040 4.956988 300.064301 628.472595 197.973401
1.476914 1.481897 4.968445 300.596008 629.000977 197.973401
1.477760 1.482754 4.979921 301.128204 629.517700 197.973401
1.478606 1.483612 4.991417 301.660706 629.724060 197.973401
1.479451 1.484469 5.002931 302.193390 630.028198 197.973401
1.480000 1.485025 5.010411 302.539124 630.497375 197.973401
1.480846 1.485882 5.021957 303.072784 631.600220 203.768585
1.481691 1.486739 5.033523 303.607269 632.232666 203.768585
1.482537 1.487596 5.045108 304.141693 631.186523 203.768585
1.483383 1.488453 5.056712 304.674286 628.117798 203.768585
1.484229 1.489311 5.068335 305.203857 624.275818 203.768585
1.485074 1.490168 5.079978 305.730591 621.808533 203.768585
1.485920 1.491025 5.091640 306.256439 622.355347 203.768585
1.486766 1.491882 5.103322 306.783997 625.565674 203.768585
1.487611 1.492739 5.115022 307.314758 629.534912 203.768585
1.488457 1.493597 5.126743 307.848480 632.315491 203.768585
1.489303 1.494454 5.138482 308.383759 633.346436 203.768585
1.490149 1.495311 5.150241 308.919464 633.505371 203.768585
1.490994 1.496168 5.162020 309.455353 633.894653 203.768585
1.491840 1.497026 5.173818 309.991730 634.654297 203.768585
1.492686 1.497883 5.185635 310.528625 634.953247 203.768585
1.493531 1.498740 5.197472 311.065338 634.194458 203.768585
1.494377 1.499597 5.209329 311.601166 632.985107 203.768585
1.495223 1.500455 5.221205 312.136230 632.716919 203.768585
1.496069 1.501312 5.233101 312.671814 634.133606 203.768585
1.496914 1.502169 5.245016 313.209015 636.184204 203.768585
1.497760 1.503027 5.256951 313.747437 636.718628 203.768585
1.498606 1.503884 5.268905 314.285126 634.334351 203.768585
1.499451 1.504741 5.280879 314.819794 629.926697 203.768585
1.500000 1.505298 5.288658 315.164642 627.244080 203.768585
1.500846 1.506155 5.300664 315.694061 625.353882 209.404118
1.501691 1.507012 5.312690 316.223328 626.862122 209.404118
1.502537 1.507870 5.324736 316.754822 630.145020 209.404118
1.503383 1.508727 5.336802 317.288849 632.371460 209.404118
1.504229 1.509584 5.348887 317.823639 631.844910 209.404118
1.505074 1.510442 5.360992 318.356964 629.274963 209.404118
1.505920 1.511299 5.373117 318.888092 626.958496 209.404118
1.506766 1.512157 5.385262 319.418091 626.924500 209.404118
1.507611 1.513014 5.397426 319.949158 629.317627 209.404118
1.508457 1.513872 5.409610 320.482819 632.749451 209.404118
1.509303 1.514729 5.421814 321.019196 635.482788 209.404118
1.510148 1.515587 5.434038 321.557220 636.690247 209.404118
1.510994 1.516444 5.446282 322.095703 636.557190 209.404118
1.511840 1.517301 5.458546 322.633667 635.542664 209.404118
1.512686 1.518159 5.470830 323.170441 633.659363 209.404118
1.513531 1.519016 5.483133 323.705139 630.614136 209.404118
1.514377 1.519874 5.495457 324.236786 626.552063 209.404118
1.515223 1.520732 5.507801 324.764954 622.678833 209.404118
1.516068 1.521589 5.520164 325.290680 621.075684 209.404118
1.516914 1.522447 5.532548 325.816589 623.364868 209.404118
1.517760 1.523304 5.544951 326.346100 629.397949 209.404118
1.518606 1.524162 5.557375 326.881531 636.676514 209.404118
1.519451 1.525019 5.569819 327.422272 641.453186 209.404118
1.520000 1.525576 5.577903 327.774445 641.832031 209.404118
1.520846 1.526433 5.590380 328.315918 637.879578 214.895011
1.521691 1.527291 5.602877 328.852386 630.632996 214.895011
1.522537 1.528148 5.615394 329.382843 624.310852 214.895011
1.523383 1.529006 5.627931 329.909607 622.332520 214.895011
1.524229 1.529864 5.640489 330.436798 624.972534 214.895011
1.525074 1.530721 5.653066 330.967224 629.371338 214.895011
1.525920 1.531579 5.665664 331.500824 632.057129 214.895011
1.526766 1.532437 5.678282 332.035339 631.496948 214.895011
1.527611 1.533294 5.690921 332.568451 629.259216 214.895011
1.528457 1.534152 5.703579 333.100006 628.212891 214.895011
1.529303 1.535009 5.716258 333.631714 629.723389 214.895011
1.530148 1.535867 5.728957 334.165436 632.446106 214.895011
1.530994 1.536725 5.741676 334.701050 633.724609 214.895011
1.531840 1.537583 5.754416 335.236572 632.293152 214.895011
1.532686 1.538440 5.767176 335.770203 629.755371 214.895011
1.533531 1.539298 5.779957 336.302277 629.051819 214.895011
1.534377 1.540156 5.792758 336.835205 631.693054 214.895011
1.535223 1.541013 5.805579 337.371277 636.096680 214.895011
1.536068 1.541871 5.818421 337.910614 638.795410 214.895011
1.536914 1.542729 5.831283 338.450470 637.256897 214.895011
1.537760 1.543587 5.844165 338.987366 632.049377 214.895011
1.538605 1.544444 5.857068 339.519318 626.147034 214.895011
1.539451 1.545302 5.869992 340.047089 622.539307 214.895011
1.540000 1.545859 5.878389 340.388519 621.951904 214.895011
1.540846 1.546717 5.891346 340.914886 623.158691 220.236120
1.541691 1.547574 5.904324 341.442902 625.687256 220.236120
1.542537 1.548432 5.917323 341.973297 628.798340 220.236120
1.543383 1.549290 5.930342 342.506561 632.363342 220.236120
1.544228 1.550148 5.943381 343.042877 635.890381 220.236120
1.545074 1.551006 5.956442 343.581635 637.825562 220.236120
1.545920 1.551864 5.969523 344.120697 636.341980 220.236120
1.546766 1.552721 5.982624 344.656921 631.247925 220.236120
1.547611 1.553579 5.995746 345.188110 625.065308 220.236120
1.548457 1.554437 6.008889 345.714966 621.645325 220.236120
1.549303 1.555295 6.022053 346.240997 623.226318 220.236120
1.550148 1.556153 6.035237 346.770203 628.673340 220.236120
1.550994 1.557011 6.048442 347.304321 634.167114 220.236120
1.551840 1.557869 6.061668 347.841766 636.110779 220.236120
1.552685 1.558727 6.074915 348.378998 633.763855 220.236120
1.553531 1.559585 6.088182 348.913177 629.483459 220.236120
1.554377 1.560443 6.101470 349.444092 626.609497 220.236120
1.555223 1.561300 6.114779 349.973907 626.926758 220.236120
1.556068 1.562158 6.128109 350.505157 629.655518 220.236120
1.556914 1.563016 6.141460 351.039001 632.712097 220.236120
1.557760 1.563874 6.154831 351.574982 634.571045 220.236120
1.558605 1.564732 6.168224 352.111969 635.241760 220.236120
1.559451 1.565590 6.181637 352.649323 635.511597 220.236120
1.560000 1.566147 6.190353 352.998169 635.657532 220.236120
1.560846 1.567005 6.203801 353.535736 635.508545 225.439449
1.561691 1.567863 6.217270 354.072723 634.161682 225.439449
1.562537 1.568721 6.230760 354.608032 631.609558 225.439449
1.563383 1.569579 6.244271 355.141052 629.007507 225.439449
1.564228 1.570437 6.257803 355.672424 628.007996 225.439449
1.565074 1.571295 6.271356 356.203918 629.196655 225.439449
1.565920 1.572153 6.284930 356.736938 631.241028 225.439449
1.566766 1.573011 6.298525 357.271210 631.944214 225.439449
1.567611 1.573870 6.312141 357.805054 630.238892 225.439449
1.568457 1.574728 6.325778 358.336853 627.464355 225.439449
1.569303 1.575586 6.339436 358.866852 626.433411 225.439449
1.570148 1.576444 6.353116 359.397461 629.065369 225.439449
1.570994 1.577302 6.366817 359.931610 634.489380 225.439449
1.571840 1.578160 6.380538 360.470367 639.192932 225.439449
1.572685 1.579018 6.394281 361.011505 639.759460 225.439449
1.573531 1.579876 6.408046 361.551025 635.604797 225.439449
1.574377 1.580734 6.421831 362.086029 629.748047 225.439449
1.575223 1.581593 6.435638 362.616943 626.455811 225.439449
1.576068 1.582451 6.449466 363.147095 628.139954 225.439449
1.576914 1.583309 6.463315 363.680389 633.360657 225.439449
1.577760 1.584167 6.477185 364.218201 638.094116 225.439449
1.578605 1.585025 6.491077 364.758514 638.816589 225.439449
1.579451 1.585884 6.504991 365.297455 635.156189 225.439449
1.580000 1.586441 6.514035 365.645233 631.727600 225.439449
1.580846 1.587299 6.527983 366.177551 627.600037 230.509405
1.581691 1.588157 6.541953 366.707794 626.998047 230.509405
1.582537 1.589015 6.555945 367.239014 629.583130 230.509405
1.583383 1.589874 6.569957 367.772888 632.818848 230.509405
1.584229 1.590732 6.583991 368.308777 633.962280 230.509405
1.585074 1.591590 6.598047 368.844330 632.188782 230.509405
1.585920 1.592448 6.612124 369.377625 628.986938 230.509405
1.586766 1.593307 6.626223 369.908447 626.733215 230.509405
1.587611 1.594165 6.640343 370.438416 627.049988 230.509405
1.588457 1.595023 6.654485 370.969696 629.714905 230.509405
1.589303 1.595882 6.668649 371.503693 633.016174 230.509405
1.590148 1.596740 6.682834 372.040009 635.018005 230.509405
1.590994 1.597598 6.697040 372.577118 634.797668 230.509405
1.591840 1.598457 6.711269 373.113190 632.805115 230.509405
1.592685 1.599315 6.725519 373.647308 630.349182 230.509405
1.593531 1.600173 6.739790 374.179596 628.710205 230.509405
1.594377 1.601032 6.754084 374.711121 628.464478 230.509405
1.595223 1.601890 6.768399 375.242889 629.341064 230.509405
1.596068 1.602748 6.782735 375.775665 630.664856 230.509405
1.596914 1.603607 6.797094 376.309509 631.772888 230.509405
1.597760 1.604465 6.811474 376.844055 632.296875 230.509405
1.598605 1.605324 6.825877 377.378754 632.026917 230.509405
1.599451 1.606182 6.840301 377.912842 630.862427 230.509405
1.600000 1.606739 6.849676 378.258911 629.636353 230.509405
1.600846 1.607598 6.864137 378.790436 627.356750 235.456309
1.601691 1.608456 6.878618 379.320099 625.505676 235.456309
1.602537 1.609315 6.893122 379.848785 625.038391 235.456309
1.603383 1.610173 6.907648 380.377777 626.331055 235.456309
1.604228 1.611032 6.922196 380.908508 628.922913 235.456309
1.605074 1.611890 6.936765 381.441620 631.747742 235.456309
1.605920 1.612749 6.951357 381.976837 633.833252 235.456309
1.606766 1.613607 6.965971 382.513367 634.874573 235.456309
1.607611 1.614466 6.980606 383.050354 634.874573 235.456309
1.608457 1.615324 6.995264 383.586884 633.785950 235.456309
1.609303 1.616183 7.009944 384.121948 631.364380 235.456309
1.610148 1.617041 7.024646 384.654480 628.013428 235.456309
1.610994 1.617900 7.039370 385.184265 625.140503 235.456309
1.611840 1.618758 7.054116 385.712555 624.830444 235.456309
1.612685 1.619617 7.068884 386.242157 628.306274 235.456309
1.613531 1.620475 7.083674 386.776001 634.429565 235.456309
1.614377 1.621334 7.098487 387.315002 639.788269 235.456309
1.615222 1.622193 7.113322 387.856934 640.929138 235.456309
1.616068 1.623051 7.128179 388.397552 636.793091 235.456309
1.616914 1.623910 7.143058 388.933167 629.811462 235.456309
1.617759 1.624768 7.157959 389.463196 624.280701 235.456309
1.618605 1.625627 7.172883 389.990387 623.323730 235.456309
1.619451 1.626486 7.187829 390.518768 626.793640 235.456309
1.620000 1.627043 7.197546 390.863861 630.059875 235.456309
1.620846 1.627902 7.212529 391.398590 634.097229 240.277855
1.621691 1.628760 7.227534 391.935516 635.173706 240.277855
1.622537 1.629619 7.242562 392.472168 633.707458 240.277855
1.623383 1.630478 7.257612 393.007233 631.858521 240.277855
1.624228 1.631336 7.272684 393.541260 631.408447 240.277855
1.625074 1.632195 7.287779 394.075623 632.468445 240.277855
1.625920 1.633054 7.302897 394.611084 633.871399 240.277855
1.626765 1.633913 7.318036 395.147461 634.466980 240.277855
1.627611 1.634771 7.333199 395.683838 633.910400 240.277855
1.628457 1.635630 7.348383 396.219421 632.667786 240.277855
1.629303 1.636489 7.363591 396.753906 631.379700 240.277855
1.630148 1.637348 7.378821 397.287384 630.298462 240.277855
1.630994 1.638206 7.394073 397.820038 629.408813 240.277855
1.631840 1.639065 7.409348 398.351990 628.628296 240.277855
1.632685 1.639924 7.424646 398.883331 628.010437 240.277855
1.633531 1.640783 7.439966 399.414276 627.770447 240.277855
1.634377 1.641641 7.455309 399.945221 628.042908 240.277855
1.635222 1.642500 7.470675 400.476624 628.866943 240.277855
1.636068 1.643359 7.486063 401.009003 630.241150 240.277855
1.636914 1.644218 7.501474 401.542755 632.066589 240.277855
1.637759 1.645077 7.516908 402.078064 633.856628 240.277855
1.638605 1.645935 7.532365 402.614624 634.917786 240.277855
1.639451 1.646794 7.547844 403.151642 634.838745 240.277855
1.640000 1.647352 7.557910 403.500214 634.234741 240.277855
1.640846 1.648211 7.573427 404.036041 633.025452 244.977690
1.641691 1.649070 7.588966 404.571014 632.304626 244.977690
1.642537 1.649929 7.604529 405.105713 632.404724 244.977690
1.643383 1.650788 7.620114 405.640686 632.817566 244.977690
1.644228 1.651646 7.635723 406.175903 632.776489 244.977690
1.645074 1.652505 7.651354 406.710724 631.981445 244.977690
1.645920 1.653364 7.667008 407.244720 631.047485 244.977690
1.646765 1.654223 7.682685 407.778259 630.880310 244.977690
1.647611 1.655082 7.698385 408.312042 631.561951 244.977690
1.648457 1.655941 7.714109 408.846466 632.237915 244.977690
1.649302 1.656800 7.729855 409.381073 631.818726 244.977690
1.650148 1.657659 7.745624 409.914734 630.180359 244.977690
1.650994 1.658518 7.761416 410.446838 628.338318 244.977690
1.651839 1.659377 7.777231 410.977875 627.826111 244.977690
1.652685 1.660236 7.793069 411.509247 629.098450 244.977690
1.653531 1.661095 7.808931 412.042145 631.200317 244.977690
1.654377 1.661954 7.824815 412.576569 632.437134 244.977690
1.655222 1.662813 7.840723 413.111267 631.826477 244.977690
1.656068 1.663672 7.856654 413.644806 629.973999 244.977690
1.656914 1.664531 7.872608 414.176849 628.554993 244.977690
1.657759 1.665390 7.888585 414.708435 629.018738 244.977690
1.658605 1.666249 7.904586 415.241272 631.385132 244.977690
1.659451 1.667108 7.920609 415.776520 634.392883 244.977690
1.660000 1.667666 7.931031 416.125458 635.831482 244.977690
1.660846 1.668525 7.947093 416.663513 636.296570 249.563013
1.661691 1.669384 7.963179 417.200928 634.290833 249.563013
1.662537 1.670243 7.979288 417.735840 630.644592 249.563013
1.663383 1.671103 7.995420 418.267578 627.001587 249.563013
1.664228 1.671962 8.011575 418.796875 625.264282 249.563013
1.665074 1.672821 8.027754 419.325989 626.577576 249.563013
1.665920 1.673680 8.043956 419.857391 630.445435 249.563013
1.666765 1.674539 8.060181 420.392334 634.485840 249.563013
1.667611 1.675398 8.076430 420.929749 635.796753 249.563013
1.668457 1.676257 8.092703 421.466492 633.003906 249.563013
1.669302 1.677116 8.108999 421.999603 627.636353 249.563013
1.670148 1.677976 8.125318 422.528412 623.589661 249.563013
1.670994 1.678835 8.141661 423.055634 624.201233 249.563013
1.671839 1.679694 8.158028 423.585541 629.575928 249.563013
1.672685 1.680553 8.174418 424.120850 636.206482 249.563013
1.673531 1.681412 8.190831 424.660614 639.499146 249.563013
1.674376 1.682272 8.207268 425.200897 637.411621 249.563013
1.675222 1.683131 8.223729 425.737701 631.980286 249.563013
1.676068 1.683990 8.240213 426.270081 627.628967 249.563013
1.676913 1.684849 8.256721 426.800446 627.465332 249.563013
1.677759 1.685709 8.273253 427.332397 630.887756 249.563013
1.678605 1.686568 8.289809 427.867554 634.365112 249.563013
1.679450 1.687427 8.306388 428.404449 634.699585 249.563013
1.680000 1.687985 8.317174 428.752838 632.982666 249.563013
1.680846 1.688845 8.333792 429.286469 629.013306 254.044445
1.681691 1.689704 8.350434 429.817078 626.356384 254.044445
1.682537 1.690563 8.367100 430.346741 626.710938 254.044445
1.683383 1.691423 8.383789 430.877655 629.073303 254.044445
1.684228 1.692282 8.400503 431.410583 631.063354 254.044445
1.685074 1.693141 8.417240 431.944458 631.209595 254.044445
1.685920 1.694001 8.434001 432.477783 630.018127 254.044445
1.686765 1.694860 8.450786 433.010193 629.403015 254.044445
1.687611 1.695719 8.467595 433.542755 630.401367 254.044445
1.688457 1.696579 8.484428 434.076691 632.324890 254.044445
1.689302 1.697438 8.501285 434.612030 633.460510 254.044445
1.690148 1.698297 8.518165 435.147583 632.826477 254.044445
1.690994 1.699157 8.535070 435.682098 631.190369 254.044445
1.691839 1.700016 8.551999 436.215393 630.315491 254.044445
1.692685 1.700876 8.568951 436.748810 631.670288 254.044445
1.693531 1.701735 8.585928 437.284302 634.889282 254.044445
1.694376 1.702594 8.602929 437.822571 637.929932 254.044445
1.695222 1.703454 8.619954 438.362518 638.598267 254.044445
1.696068 1.704313 8.637002 438.901703 636.102295 254.044445
1.696913 1.705173 8.654075 439.437805 631.604980 254.044445
1.697759 1.706032 8.671173 439.970154 627.647766 254.044445
1.698605 1.706892 8.688294 440.500122 626.315002 254.044445
1.699450 1.707751 8.705439 441.030365 628.103577 254.044445
1.700000 1.708310 8.716599 441.376282 630.254272 254.044445
1.700846 1.709170 8.733785 441.910706 633.410950 258.418185
1.701691 1.710029 8.750994 442.447052 634.747742 258.418185
1.702537 1.710889 8.768228 442.983582 633.783264 258.418185
1.703383 1.711748 8.785486 443.518646 631.560730 258.418185
1.704228 1.712608 8.802769 444.051849 629.620056 258.418185
1.705074 1.713467 8.820075 444.583893 628.895386 258.418185
1.705920 1.714327 8.837406 445.115784 629.162781 258.418185
1.706765 1.715186 8.854762 445.648102 629.768372 258.418185
1.707611 1.716046 8.872141 446.180939 630.434509 258.418185
1.708457 1.716905 8.889546 446.714417 631.381348 258.418185
1.709302 1.717765 8.906974 447.248932 632.769104 258.418185
1.710148 1.718625 8.924427 447.784576 633.936462 258.418185
1.710994 1.719484 8.941904 448.320679 633.637939 258.418185
1.711839 1.720344 8.959406 448.855591 631.062195 258.418185
1.712685 1.721203 8.976932 449.387604 627.005188 258.418185
1.713531 1.722063 8.994483 449.916290 623.683533 258.418185
1.714376 1.722923 9.012058 450.443329 623.332764 258.418185
1.715222 1.723782 9.029658 450.971527 626.369812 258.418185
1.716068 1.724642 9.047282 451.503143 630.962952 258.418185
1.716913 1.725502 9.064931 452.038330 634.252502 258.418185
1.717759 1.726361 9.082604 452.574982 634.449829 258.418185
1.718605 1.727221 9.100302 453.110657 632.154053 258.418185
1.719450 1.728081 9.118025 453.644104 629.585388 258.418185
1.720000 1.728640 9.129562 453.990051 628.820557 258.418185
1.720846 1.729499 9.147325 454.522003 629.726379 262.678705
1.721691 1.730359 9.165113 455.055634 632.564880 262.678705
1.722537 1.731219 9.182926 455.591949 635.744934 262.678705
1.723383 1.732078 9.200763 456.130615 638.026001 262.678705
1.724228 1.732938 9.218626 456.670685 639.091248 262.678705
1.725074 1.733798 9.236512 457.211273 639.237976 262.678705
1.725920 1.734658 9.254424 457.751617 638.645630 262.678705
1.726765 1.735517 9.272361 458.291107 637.087463 262.678705
1.727611 1.736377 9.290322 458.828796 634.410339 262.678705
1.728457 1.737237 9.308308 459.363892 631.111023 262.678705
1.729302 1.738097 9.326319 459.896301 628.225342 262.678705
1.730148 1.738957 9.344355 460.426788 626.671082 262.678705
1.730993 1.739816 9.362415 460.956696 626.796936 262.678705
1.731839 1.740676 9.380501 461.487244 628.044006 262.678705
1.732685 1.741536 9.398612 462.018951 629.431641 262.678705
1.733530 1.742396 9.416747 462.551575 630.040039 262.678705
1.734376 1.743256 9.434907 463.084290 629.714355 262.678705
1.735222 1.744116 9.453093 463.616486 629.004333 262.678705
1.736067 1.744975 9.471303 464.148254 628.825745 262.678705
1.736913 1.745835 9.489539 464.680298 629.636719 262.678705
1.737759 1.746695 9.507799 465.213409 631.207092 262.678705
1.738604 1.747555 9.526085 465.747772 632.506409 262.678705
1.739450 1.748415 9.544395 466.282745 632.561890 262.678705
1.740000 1.748974 9.556319 466.630524 631.869202 262.678705
1.740846 1.749834 9.574671 467.164215 630.249268 266.852214
1.741691 1.750694 9.593048 467.696686 629.226379 266.852214
1.742537 1.751554 9.611451 468.228851 629.613464 266.852214
1.743383 1.752414 9.629878 468.761780 630.851990 266.852214
1.744228 1.753274 9.648331 469.295624 631.503784 266.852214
1.745074 1.754134 9.666809 469.829315 630.501099 266.852214
1.745920 1.754994 9.685312 470.361694 628.608948 266.852214
1.746765 1.755854 9.703840 470.892853 627.921082 266.852214
1.747611 1.756714 9.722393 471.424500 629.894226 266.852214
1.748456 1.757574 9.740972 471.958649 633.443359 266.852214
1.749302 1.758434 9.759576 472.495361 635.408630 266.852214
1.750148 1.759294 9.778206 473.032074 633.157166 266.852214
1.750993 1.760154 9.796861 473.565216 627.510559 266.852214
1.751839 1.761014 9.815541 474.093689 622.897278 266.852214
1.752685 1.761874 9.834246 474.620453 624.113892 266.852214
1.753530 1.762734 9.852977 475.151245 632.196167 266.852214
1.754376 1.763594 9.871733 475.690460 642.977661 266.852214
1.755222 1.764454 9.890515 476.237549 649.830444 266.852214
1.756067 1.765314 9.909322 476.787170 648.647827 266.852214
1.756913 1.766174 9.928155 477.332703 640.908997 266.852214
1.757758 1.767034 9.947013 477.870850 632.186951 266.852214
1.758604 1.767894 9.965897 478.403137 627.571716 266.852214
1.759450 1.768755 9.984806 478.933685 627.957092 266.852214
1.760000 1.769314 9.997124 479.279633 629.470093 266.852214
1.760846 1.770174 10.016076 479.812683 630.850342 270.927344
1.761691 1.771035 10.035053 480.345795 629.577087 270.927344
1.762537 1.771895 10.054055 480.877136 627.081299 270.927344
1.763383 1.772755 10.073083 481.406891 626.296509 270.927344
1.764228 1.773615 10.092137 481.937256 628.527710 270.927344
1.765074 1.774475 10.111216 482.470245 631.999268 270.927344
1.765919 1.775335 10.130321 483.005676 633.883179 270.927344
1.766765 1.776196 10.149452 483.541504 632.987000 270.927344
1.767611 1.777056 10.168608 484.075928 631.031067 270.927344
1.768456 1.777916 10.187790 484.609222 630.772522 270.927344
1.769302 1.778776 10.206998 485.143524 633.225281 270.927344
1.770148 1.779636 10.226232 485.680481 636.670532 270.927344
1.770993 1.780497 10.245491 486.219696 638.115051 270.927344
1.771839 1.781357 10.264777 486.758606 635.921875 270.927344
1.772684 1.782217 10.284088 487.294464 631.197937 270.927344
1.773530 1.783077 10.303424 487.826263 626.781799 270.927344
1.774376 1.783938 10.322787 488.355255 624.848206 270.927344
1.775221 1.784798 10.342176 488.883759 625.456787 270.927344
1.776067 1.785658 10.361590 489.413300 626.901123 270.927344
1.776913 1.786518 10.381030 489.943726 627.393005 270.927344
1.777758 1.787379 10.400497 490.473999 626.691223 270.927344
1.778604 1.788239 10.419989 491.003571 626.035522 270.927344
1.779449 1.789099 10.439507 491.533264 627.108398 270.927344
1.780000 1.789659 10.452228 491.878998 629.032959 270.927344
1.780846 1.790520 10.471789 492.412659 633.273743 274.897403
1.781691 1.791380 10.491376 492.950012 637.402466 274.897403
1.782537 1.792240 10.510989 493.490082 639.348145 274.897403
1.783382 1.793101 10.530629 494.030487 638.268005 274.897403
1.784228 1.793961 10.550294 494.569000 635.262085 274.897403
1.785074 1.794821 10.569985 495.105011 632.716064 274.897403
1.785919 1.795682 10.589703 495.639832 632.614258 274.897403
1.786765 1.796542 10.609446 496.175690 635.115356 274.897403
1.787611 1.797403 10.629216 496.714111 638.185791 274.897403
1.788456 1.798263 10.649012 497.254395 639.077393 274.897403
1.789302 1.799123 10.668834 497.793945 636.496033 274.897403
1.790147 1.799984 10.688682 498.330231 631.773621 274.897403
1.790993 1.800844 10.708557 498.862732 628.090881 274.897403
1.791839 1.801705 10.728457 499.393524 627.961487 274.897403
1.792684 1.802565 10.748384 499.925873 631.514099 274.897403
1.793530 1.803426 10.768337 500.461884 636.172546 274.897403
1.794375 1.804286 10.788317 501.001190 638.807556 274.897403
1.795221 1.805147 10.808323 501.541229 637.787598 274.897403
1.796067 1.806007 10.828355 502.079041 633.850464 274.897403
1.796912 1.806868 10.848413 502.613007 629.211365 274.897403
1.797758 1.807728 10.868498 503.143524 625.844849 274.897403
1.798604 1.808589 10.888609 503.672058 624.572571 274.897403
1.799449 1.809449 10.908747 504.200348 625.216431 274.897403
1.800000 1.810010 10.921878 504.545044 626.387939 274.897403
1.800846 1.810870 10.942059 505.075714 628.784973 278.801813
1.801691 1.811731 10.962267 505.608490 631.217529 278.801813
1.802537 1.812591 10.982501 506.142944 632.586304 278.801813
1.803382 1.813452 11.002762 506.677795 632.066223 278.801813
1.804228 1.814312 11.023049 507.211395 629.709778 278.801813
1.805074 1.815173 11.043363 507.742676 626.859436 278.801813
1.805919 1.816034 11.063703 508.271912 625.182922 278.801813
1.806765 1.816894 11.084069 508.800537 625.538879 278.801813
1.807610 1.817755 11.104463 509.330200 627.295105 278.801813
1.808456 1.818615 11.124883 509.861420 629.027100 278.801813
1.809302 1.819476 11.145329 510.393707 629.762207 278.801813
1.810147 1.820337 11.165802 510.926300 629.931885 278.801813
1.810993 1.821197 11.186302 511.459259 630.794495 278.801813
1.811838 1.822058 11.206829 511.993530 633.074341 278.801813
1.812684 1.822919 11.227382 512.530151 636.098450 278.801813
1.813530 1.823779 11.247962 513.068970 638.106262 278.801813
1.814375 1.824640 11.268568 513.608521 637.673096 278.801813
1.815221 1.825501 11.289202 514.146729 634.995239 278.801813
1.816066 1.826361 11.309862 514.682312 631.904602 278.801813
1.816912 1.827222 11.330548 515.215942 630.854187 278.801813
1.817758 1.828083 11.351262 515.750122 633.002625 278.801813
1.818603 1.828943 11.372002 516.287170 637.601196 278.801813
1.819449 1.829804 11.392770 516.828369 642.257446 278.801813
1.820000 1.830365 11.406322 517.182922 644.097717 278.801813
1.820846 1.831226 11.427133 517.727783 644.058594 282.598778
1.821691 1.832087 11.447972 518.271240 640.859253 282.598778
1.822537 1.832947 11.468837 518.811340 636.518860 282.598778
1.823382 1.833808 11.489729 519.348145 633.403503 282.598778
1.824228 1.834669 11.510649 519.883240 632.733276 282.598778
1.825074 1.835530 11.531595 520.418701 633.904785 282.598778
1.825919 1.836391 11.552568 520.955322 635.278442 282.598778
1.826765 1.837251 11.573568 521.492737 635.490845 282.598778
1.827610 1.838112 11.594595 522.029724 634.378052 282.598778
1.828456 1.838973 11.615649 522.565552 632.803955 282.598778
1.829302 1.839834 11.636731 523.100037 631.415466 282.598778
1.830147 1.840695 11.657839 523.633484 630.375305 282.598778
1.830993 1.841555 11.678974 524.166077 629.287964 282.598778
1.831838 1.842416 11.700137 524.697693 628.048767 282.598778
1.832684 1.843277 11.721326 525.228333 627.093994 282.598778
1.833530 1.844138 11.742543 525.758484 627.000977 282.598778
1.834375 1.844999 11.763787 526.289001 627.810059 282.598778
1.835221 1.845860 11.785057 526.820251 628.607422 282.598778
1.836066 1.846721 11.806356 527.351685 628.236389 282.598778
1.836912 1.847582 11.827681 527.882263 626.615479 282.598778
1.837757 1.848443 11.849033 528.411316 624.840637 282.598778
1.838603 1.849303 11.870413 528.939392 624.447449 282.598778
1.839449 1.850164 11.891820 529.468018 626.233337 282.598778
1.840000 1.850726 11.905795 529.813843 628.028320 282.598778
1.840846 1.851587 11.927247 530.345947 630.152832 286.315428
1.841691 1.852448 11.948726 530.878845 629.713501 286.315428
1.842537 1.853309 11.970233 531.410095 626.513367 286.315428
1.843382 1.854170 11.991767 531.938232 622.764343 286.315428
1.844228 1.855031 12.013329 532.464111 621.623047 286.315428
1.845074 1.855892 12.034917 532.990784 624.865479 286.315428
1.845919 1.856753 12.056533 533.521729 631.476196 286.315428
1.846765 1.857614 12.078177 534.058533 637.961975 286.315428
1.847610 1.858475 12.099848 534.599548 640.746887 286.315428
1.848456 1.859336 12.121546 535.140930 639.058411 286.315428
1.849301 1.860197 12.143272 535.679565 634.870911 286.315428
1.850147 1.861058 12.165026 536.214844 631.593689 286.315428
1.850993 1.861919 12.186806 536.748657 631.413757 286.315428
1.851838 1.862780 12.208615 537.283447 633.812012 286.315428
1.852684 1.863641 12.230451 537.820557 636.354370 286.315428
1.853529 1.864502 12.252314 538.359070 636.905640 286.315428
1.854375 1.865363 12.274205 538.897095 635.286926 286.315428
1.855220 1.866224 12.296124 539.433472 633.374146 286.315428
1.856066 1.867085 12.318070 539.968750 633.259766 286.315428
1.856912 1.867946 12.340043 540.504944 635.389221 286.315428
1.857757 1.868807 12.362045 541.043396 638.252258 286.315428
1.858603 1.869669 12.384074 541.583862 639.643921 286.315428
1.859448 1.870530 12.406131 542.124451 638.617981 286.315428
1.860000 1.871092 12.420539 542.476379 636.845764 286.315428
1.860846 1.871953 12.442642 543.013489 633.564453 289.972702
1.861691 1.872814 12.464772 543.547974 630.918213 289.972702
1.862537 1.873675 12.486930 544.080750 629.514038 289.972702
1.863382 1.874536 12.509115 544.612854 629.109314 289.972702
1.864228 1.875397 12.531329 545.144958 629.621033 289.972702
1.865073 1.876259 12.553570 545.677795 630.849854 289.972702
1.865919 1.877120 12.575839 546.211853 632.382507 289.972702
1.866765 1.877981 12.598136 546.746948 633.151611 289.972702
1.867610 1.878842 12.620461 547.281982 632.208679 289.972702
1.868456 1.879703 12.642813 547.815552 629.643677 289.972702
1.869301 1.880565 12.665194 548.346680 626.770569 289.972702
1.870147 1.881426 12.687602 548.875916 625.279114 289.972702
1.870992 1.882287 12.710038 549.404724 625.896484 289.972702
1.871838 1.883148 12.732502 549.934631 627.696899 289.972702
1.872683 1.884010 12.754994 550.465942 628.771973 289.972702
1.873529 1.884871 12.777514 550.997375 627.890808 289.972702
1.874375 1.885732 12.800063 551.527344 625.523132 289.972702
1.875220 1.886594 12.822639 552.055115 623.214111 289.972702
1.876066 1.887455 12.845243 552.581604 622.514893 289.972702
1.876911 1.888316 12.867875 553.108459 623.940613 289.972702
1.877757 1.889177 12.890535 553.637268 627.091370 289.972702
1.878602 1.890039 12.913223 554.169128 631.059143 289.972702
1.879448 1.890900 12.935939 554.704285 634.597717 289.972702
1.880000 1.891463 12.950789 555.055176 636.062805 289.972702
1.880846 1.892324 12.973552 555.593384 636.542114 293.499978
1.881691 1.893185 12.996343 556.131165 635.209595 293.499978
1.882537 1.894047 13.019161 556.667358 633.198853 293.499978
1.883382 1.894908 13.042009 557.202271 632.285767 293.499978
1.884228 1.895769 13.064884 557.737244 633.480164 293.499978
1.885073 1.896631 13.087787 558.274048 636.174438 293.499978
1.885919 1.897492 13.110719 558.813110 638.611572 293.499978
1.886764 1.898354 13.133679 559.353516 639.272278 293.499978
1.887610 1.899215 13.156667 559.893799 638.486084 293.499978
1.888455 1.900076 13.179684 560.433350 638.027466 293.499978
1.889301 1.900938 13.202728 560.973206 639.418213 293.499978
1.890146 1.901799 13.225801 561.514954 642.081787 293.499978
1.890992 1.902661 13.248903 562.058716 643.640137 293.499978
1.891838 1.903522 13.272032 562.602478 642.020020 293.499978
1.892683 1.904384 13.295190 563.143555 637.529175 293.499978
1.893529 1.905245 13.318377 563.680420 632.745117 293.499978
1.894374 1.906107 13.341591 564.214355 630.727539 293.499978
1.895220 1.906968 13.364834 564.748047 632.223206 293.499978
1.896065 1.907830 13.388106 565.283875 635.305969 293.499978
1.896911 1.908691 13.411406 565.821899 636.843506 293.499978
1.897756 1.909553 13.434734 566.359924 635.102478 293.499978
1.898602 1.910414 13.458091 566.895386 631.132568 293.499978
1.899447 1.911276 13.481477 567.427551 627.787170 293.499978
1.900000 1.911839 13.496777 567.774231 627.167297 293.499978
1.900846 1.912700 13.520209 568.305115 629.009827 297.027137
1.901691 1.913562 13.543670 568.838501 632.774475 297.027137
1.902537 1.914423 13.567160 569.374878 635.623047 297.027137
1.903382 1.915285 13.590679 569.912354 635.178040 297.027137
1.904228 1.916147 13.614226 570.447815 630.963684 297.027137
1.905073 1.917008 13.637802 570.978638 624.593994 297.027137
1.905919 1.917870 13.661406 571.504211 619.007324 297.027137
1.906764 1.918731 13.685040 572.026306 616.809692 297.027137
1.907610 1.919593 13.708702 572.548340 618.644470 297.027137
1.908455 1.920455 13.732392 573.073181 622.916565 297.027137
1.909301 1.921316 13.756112 573.601562 626.648804 297.027137
1.910146 1.922178 13.779861 574.131958 627.396484 297.027137
1.910992 1.923039 13.803638 574.661621 625.056091 297.027137
1.911837 1.923901 13.827444 575.188721 621.980835 297.027137
1.912683 1.924763 13.851279 575.714050 621.230591 297.027137
1.913528 1.925624 13.875143 576.240234 624.068726 297.027137
1.914374 1.926486 13.899036 576.770020 629.173950 297.027137
1.915219 1.927348 13.922959 577.304016 633.529358 297.027137
1.916065 1.928209 13.946910 577.840515 634.933838 297.027137
1.916910 1.929071 13.970890 578.376953 633.568787 297.027137
1.917756 1.929933 13.994899 578.911804 631.772339 297.027137
1.918601 1.930795 14.018937 579.445862 632.108032 297.027137
1.919447 1.931656 14.043005 579.981506 635.460266 297.027137
1.920000 1.932220 14.058764 580.333862 638.706665 297.027137
1.920845 1.933082 14.082880 580.875977 643.459778 300.392233
1.921691 1.933944 14.107025 581.421265 645.898254 300.392233
1.922536 1.934805 14.131199 581.967102 644.591797 300.392233
1.923382 1.935667 14.155402 582.510437 640.186829 300.392233
1.924227 1.936529 14.179635 583.049438 634.830933 300.392233
1.925073 1.937391 14.203896 583.584473 631.408264 300.392233
1.925918 1.938252 14.228188 584.118225 631.832886 300.392233
1.926764 1.939114 14.252508 584.653992 636.069702 300.392233
1.927609 1.939976 14.276858 585.194275 641.985046 300.392233
1.928455 1.940838 14.301237 585.739197 646.576599 300.392233
1.929300 1.941700 14.325646 586.286621 647.757019 300.392233
1.930146 1.942561 14.350084 586.833557 645.421204 300.392233
1.930991 1.943423 14.374552 587.377625 641.526550 300.392233
1.931837 1.944285 14.399049 587.918518 638.408081 300.392233
1.932682 1.945147 14.423575 588.457520 637.061279 300.392233
1.933528 1.946009 14.448131 588.995911 636.706421 300.392233
1.934373 1.946871 14.472717 589.533936 635.913635 300.392233
1.935219 1.947733 14.497332 590.070801 633.935974 300.392233
1.936064 1.948594 14.521977 590.605713 631.482422 300.392233
1.936910 1.949456 14.546652 591.138733 629.628479 300.392233
1.937755 1.950318 14.571356 591.670715 628.848206 300.392233
1.938601 1.951180 14.596090 592.202332 628.691772 300.392233
1.939446 1.952042 14.620854 592.733826 628.446960 300.392233
1.940000 1.952607 14.637089 593.081726 627.990906 300.392233
1.940846 1.953469 14.661902 593.612244 626.818481 303.780655
1.941691 1.954331 14.686744 594.141541 625.383545 303.780655
1.942536 1.955192 14.711617 594.669617 623.771790 303.780655
1.943382 1.956054 14.736519 595.196289 622.039917 303.780655
1.944227 1.956916 14.761452 595.721497 620.485352 303.780655
1.945073 1.957778 14.786414 596.245789 619.981934 303.780655
1.945918 1.958640 14.811406 596.770264 621.001465 303.780655
1.946764 1.959502 14.836428 597.296204 623.279358 303.780655
1.947609 1.960364 14.861480 597.824097 625.293518 303.780655
1.948455 1.961226 14.886562 598.353149 625.834900 303.780655
1.949300 1.962088 14.911674 598.881836 624.715149 303.780655
1.950146 1.962950 14.936816 599.409363 623.348267 303.780655
1.950991 1.963812 14.961989 599.936157 623.245544 303.780655
1.951837 1.964674 14.987191 600.463684 624.950378 303.780655
1.952682 1.965537 15.012423 600.993164 627.494446 303.780655
1.953528 1.966399 15.037686 601.524536 629.286255 303.780655
1.954373 1.967261 15.062979 602.056824 629.659546 303.780655
1.955219 1.968123 15.088301 602.589050 629.280212 303.780655
1.956064 1.968985 15.113655 603.121155 629.682495 303.780655
1.956909 1.969847 15.139038 603.654236 631.722229 303.780655
1.957755 1.970709 15.164452 604.189758 635.225464 303.780655
1.958600 1.971571 15.189896 604.728516 639.147095 303.780655
1.959446 1.972433 15.215370 605.270386 642.532654 303.780655
1.960000 1.972998 15.232085 605.627014 644.293518 303.780655
1.960845 1.973860 15.257610 606.172607 646.102234 307.000914
1.961691 1.974723 15.283165 606.719360 646.998779 307.000914
1.962536 1.975585 15.308750 607.266296 646.682434 307.000914
1.963382 1.976447 15.334366 607.812439 645.184570 307.000914
1.964227 1.977309 15.360012 608.356934 642.911621 307.000914
1.965073 1.978171 15.385689 608.899536 640.768188 307.000914
1.965918 1.979033 15.411397 609.440735 639.693542 307.000914
1.966764 1.979896 15.437135 609.981567 640.107788 307.000914
1.967609 1.980758 15.462903 610.523376 641.639771 307.000914
1.968455 1.981620 15.488702 611.066589 643.410645 307.000914
1.969300 1.982482 15.514532 611.611145 644.396606 307.000914
1.970145 1.983344 15.540393 612.155823 643.843323 307.000914
1.970991 1.984207 15.566284 612.699219 641.246765 307.000914
1.971836 1.985069 15.592206 613.239624 636.904236 307.000914
1.972682 1.985931 15.618158 613.776001 631.756470 307.000914
1.973527 1.986793 15.644141 614.308228 627.711487 307.000914
1.974373 1.987656 15.670156 614.838196 626.632629 307.000914
1.975218 1.988518 15.696200 615.368713 628.813354 307.000914
1.976063 1.989380 15.722276 615.901917 632.825134 307.000914
1.976909 1.990242 15.748383 616.438416 635.997437 307.000914
1.977754 1.991105 15.774520 616.976379 635.930542 307.000914
1.978600 1.991967 15.800689 617.512695 632.165283 307.000914
1.979445 1.992829 15.826888 618.044739 626.245850 307.000914
1.980000 1.993395 15.844099 618.391052 622.315308 307.000914
1.980845 1.994257 15.870349 618.915100 617.773621 310.255740
1.981691 1.995120 15.896631 619.436340 615.711731 310.255740
1.982536 1.995982 15.922944 619.956909 616.106567 310.255740
1.983382 1.996844 15.949287 620.478516 618.069458 310.255740
1.984227 1.997707 15.975662 621.002136 620.627014 310.255740
1.985073 1.998569 16.002068 621.527771 622.576904 310.255740
1.985918 1.999432 16.028505 622.054382 623.102783 310.255740
1.986763 2.000294 16.054973 622.580750 621.879700 310.255740
1.987609 2.001156 16.081473 623.105591 619.560242 310.255740
1.988454 2.002019 16.108003 623.628479 617.618164 310.255740
1.989300 2.002881 16.134565 624.150452 617.721924 310.255740
1.990145 2.003743 16.161158 624.673645 620.376099 310.255740
1.990990 2.004606 16.187783 625.199829 624.552368 310.255740
1.991836 2.005468 16.214439 625.729431 628.234619 310.255740
1.992681 2.006331 16.241126 626.261414 629.890686 310.255740
1.993527 2.007193 16.267844 626.793823 629.526794 310.255740
1.994372 2.008056 16.294594 627.325623 628.502014 310.255740
1.995217 2.008918 16.321375 627.856873 628.655396 310.255740
1.996063 2.009780 16.348188 628.389160 630.910889 310.255740
1.996908 2.010643 16.375032 628.924133 634.846863 310.255740
1.997754 2.011505 16.401908 629.462708 639.287720 310.255740
1.998599 2.012368 16.428815 630.004822 643.000793 310.255740
1.999444 2.013230 16.455753 630.549438 645.164551 310.255740
2.000000 2.013797 16.473472 630.908020 645.617371 310.255740
2.000845 2.014660 16.500463 631.453674 644.861694 313.337142
2.001691 2.015522 16.527485 631.998169 643.067932 313.337142
2.002536 2.016385 16.554540 632.541077 641.565979 313.337142
2.003382 2.017247 16.581626 633.083374 641.714905 313.337142
2.004227 2.018110 16.608743 633.626770 644.129761 313.337142
2.005072 2.018972 16.635892 634.172852 648.031555 313.337142
2.005918 2.019835 16.663073 634.722290 651.597229 313.337142
2.006763 2.020697 16.690286 635.274048 653.127197 313.337142
2.007609 2.021560 16.717531 635.825989 652.182434 313.337142
2.008454 2.022423 16.744807 636.376282 649.571411 313.337142
2.009299 2.023285 16.772116 636.924133 646.446106 313.337142
2.010145 2.024148 16.799456 637.469299 643.243347 313.337142
2.010990 2.025010 16.826828 638.011597 639.826843 313.337142
2.011835 2.025873 16.854232 638.551086 636.545898 313.337142
2.012681 2.026735 16.881668 639.088135 634.203125 313.337142
2.013526 2.027598 16.909135 639.624023 633.809937 313.337142
2.014372 2.028461 16.936635 640.160400 635.254089 313.337142
2.015217 2.029323 16.964167 640.698059 636.537476 313.337142
2.016062 2.030186 16.991731 641.235901 635.282166 313.337142
2.016908 2.031049 17.019327 641.771240 630.846619 313.337142
2.017753 2.031911 17.046955 642.302185 625.140625 313.337142
2.018598 2.032774 17.074615 642.828796 621.375732 313.337142
2.019444 2.033637 17.102308 643.353760 621.349182 313.337142
2.020000 2.034204 17.120547 643.699829 622.956177 313.337142
2.020845 2.035067 17.148292 644.227539 625.432800 316.477477
2.021691 2.035930 17.176070 644.756531 625.393555 316.477477
2.022536 2.036792 17.203880 645.283997 622.078491 316.477477
2.023381 2.037655 17.231723 645.807800 617.170105 316.477477
2.024227 2.038518 17.259597 646.327698 613.245972 316.477477
2.025072 2.039381 17.287504 646.845215 611.585815 316.477477
2.025917 2.040243 17.315444 647.362244 611.721375 316.477477
2.026763 2.041106 17.343416 647.879639 612.547180 316.477477
2.027608 2.041969 17.371420 648.397888 613.744202 316.477477
2.028454 2.042832 17.399456 648.917480 615.631226 316.477477
2.029299 2.043694 17.427525 649.438965 618.241150 316.477477
2.030144 2.044557 17.455627 649.962585 620.504639 316.477477
2.030990 2.045420 17.483761 650.487549 621.041687 316.477477
2.031835 2.046283 17.511927 651.012085 619.718445 316.477477
2.032680 2.047145 17.540126 651.535278 618.322998 316.477477
2.033526 2.048008 17.568357 652.058289 619.655945 316.477477
2.034371 2.048871 17.596622 652.584167 625.159973 316.477477
2.035216 2.049734 17.624918 653.115967 633.413940 316.477477
2.036062 2.050597 17.653248 653.654724 640.867004 316.477477
2.036907 2.051459 17.681610 654.198303 644.276672 316.477477
2.037752 2.052322 17.710005 654.742676 643.137146 316.477477
2.038598 2.053185 17.738432 655.284973 639.907166 316.477477
2.039443 2.054048 17.766893 655.824890 637.966858 316.477477
2.040000 2.054617 17.785665 656.180420 638.403564 316.477477
2.040845 2.055480 17.814180 656.721252 641.631104 319.402263
2.041691 2.056342 17.842728 657.265564 646.301392 319.402263
2.042536 2.057205 17.871308 657.813538 649.944946 319.402263
2.043381 2.058068 17.899921 658.363647 651.219421 319.402263
2.044227 2.058931 17.928567 658.913940 650.424194 319.402263
2.045072 2.059794 17.957246 659.463135 649.009399 319.402263
2.045917 2.060657 17.985958 660.011414 648.632568 319.402263
2.046763 2.061520 18.014703 660.560181 649.831726 319.402263
2.047608 2.062383 18.043481 661.110352 651.939209 319.402263
2.048453 2.063246 18.072292 661.662231 653.572205 319.402263
2.049298 2.064109 18.101135 662.214844 653.594604 319.402263
2.050144 2.064972 18.130012 662.766663 651.685120 319.402263
2.050989 2.065835 18.158923 663.316162 648.341858 319.402263
2.051834 2.066697 18.187866 663.862610 644.628357 319.402263
2.052680 2.067560 18.216842 664.406067 641.338806 319.402263
2.053525 2.068423 18.245852 664.947083 638.842468 319.402263
2.054370 2.069286 18.274894 665.486389 637.185242 319.402263
2.055216 2.070149 18.303970 666.024475 636.061462 319.402263
2.056061 2.071012 18.333080 666.561646 634.776367 319.402263
2.056906 2.071875 18.362222 667.097412 632.426208 319.402263
2.057751 2.072738 18.391398 667.630432 628.386963 319.402263
2.058597 2.073601 18.420607 668.159424 623.155151 319.402263
2.059442 2.074464 18.449849 668.684143 618.507690 319.402263
2.060000 2.075034 18.469170 669.028625 616.802246 319.402263
2.060845 2.075897 18.498467 669.549927 617.171936 322.462718
2.061691 2.076760 18.527799 670.072815 620.447998 322.462718
2.062536 2.077623 18.557163 670.598816 624.014038 322.462718
2.063381 2.078486 18.586561 671.126892 624.803162 322.462718
2.064226 2.079349 18.615993 671.653870 621.493164 322.462718
2.065072 2.080213 18.645458 672.176758 615.444641 322.462718
2.065917 2.081076 18.674957 672.694397 609.776367 322.462718
2.066762 2.081939 18.704489 673.208435 607.162048 322.462718
2.067607 2.082802 18.734055 673.721863 608.220825 322.462718
2.068453 2.083665 18.763655 674.237244 611.390686 322.462718
2.069298 2.084528 18.793288 674.755371 614.431824 322.462718
2.070143 2.085391 18.822955 675.275452 615.763977 322.462718
2.070988 2.086254 18.852655 675.795776 615.146118 322.462718
2.071834 2.087117 18.882389 676.315002 613.338257 322.462718
2.072679 2.087981 18.912157 676.832581 611.480286 322.462718
2.073524 2.088844 18.941959 677.349060 610.809082 322.462718
2.074370 2.089707 18.971794 677.865906 612.397644 322.462718
2.075215 2.090570 19.001664 678.385071 616.361755 322.462718
2.076060 2.091433 19.031567 678.908203 621.567810 322.462718
2.076905 2.092296 19.061504 679.435608 625.993408 322.462718
2.077751 2.093160 19.091475 679.965698 627.917603 322.462718
2.078596 2.094023 19.121480 680.496338 627.392090 322.462718
2.079441 2.094886 19.151518 681.026184 626.517456 322.462718
2.080000 2.095457 19.171400 681.376465 627.121094 322.462718
2.080845 2.096320 19.201495 681.908020 631.197144 325.216632
2.081690 2.097183 19.231624 682.444580 638.689514 325.216632
2.082536 2.098047 19.261788 682.987976 647.014221 325.216632
2.083381 2.098910 19.291985 683.537598 652.853271 325.216632
2.084226 2.099773 19.322217 684.090393 654.499207 325.216632
2.085071 2.100636 19.352482 684.643066 652.754456 325.216632
2.085917 2.101500 19.382782 685.193726 650.466187 325.216632
2.086762 2.102363 19.413116 685.743225 650.310120 325.216632
2.087607 2.103226 19.443484 686.294006 653.333252 325.216632
2.088452 2.104089 19.473886 686.848267 658.132874 325.216632
2.089297 2.104953 19.504322 687.406250 661.982849 325.216632
2.090143 2.105816 19.534793 687.966309 662.641541 325.216632
2.090988 2.106679 19.565298 688.525452 660.030273 325.216632
2.091833 2.107543 19.595837 689.081665 656.168945 325.216632
2.092678 2.108406 19.626411 689.635010 653.756104 325.216632
2.093524 2.109269 19.657019 690.187378 653.614014 325.216632
2.094369 2.110133 19.687662 690.740112 654.296997 325.216632
2.095214 2.110996 19.718339 691.292908 653.246887 325.216632
2.096059 2.111859 19.749050 691.843445 649.130188 325.216632
2.096904 2.112723 19.779796 692.389648 643.400024 325.216632
2.097750 2.113586 19.810576 692.931458 639.279907 325.216632
2.098595 2.114449 19.841391 693.471313 638.751343 325.216632
2.099440 2.115313 19.872240 694.012024 640.793274 325.216632
2.100000 2.115885 19.892697 694.371277 641.900391 325.216632
2.100845 2.116748 19.923604 694.913574 640.596436 328.215891
2.101690 2.117611 19.954545 695.452881 634.838623 328.215891
2.102535 2.118475 19.985521 695.986023 626.733398 328.215891
2.103381 2.119338 20.016532 696.512695 620.054260 328.215891
2.104226 2.120202 20.047577 697.035217 617.073242 328.215891
2.105071 2.121065 20.078657 697.556641 616.911743 328.215891
2.105916 2.121929 20.109772 698.078064 616.802551 328.215891
2.106761 2.122792 20.140922 698.598755 614.918701 328.215891
2.107607 2.123655 20.172106 699.117126 611.644897 328.215891
2.108452 2.124519 20.203325 699.632751 608.659485 328.215891
2.109297 2.125382 20.234579 700.146362 607.116272 328.215891
2.110142 2.126246 20.265868 700.659180 606.208679 328.215891
2.110987 2.127109 20.297192 701.170898 604.456360 328.215891
2.111832 2.127973 20.328550 701.680542 601.473816 328.215891
2.112678 2.128836 20.359944 702.187561 598.680725 328.215891
2.113523 2.129700 20.391372 702.693054 598.183960 328.215891
2.114368 2.130563 20.422836 703.199524 600.738098 328.215891
2.115213 2.131427 20.454334 703.709167 605.442627 328.215891
2.116058 2.132290 20.485868 704.222961 610.354614 328.215891
2.116903 2.133154 20.517437 704.740417 613.832458 328.215891
2.117748 2.134017 20.549040 705.260071 615.626160 328.215891
2.118594 2.134881 20.580679 705.780640 616.104492 328.215891
2.119439 2.135744 20.612353 706.301331 615.937134 328.215891
2.120000 2.136318 20.633401 706.646851 615.862244 328.215891
2.120845 2.137181 20.665133 707.167542 616.371826 330.814547
2.121690 2.138045 20.696901 707.689270 618.635071 330.814547
2.122535 2.138908 20.728704 708.213867 623.014526 330.814547
2.123380 2.139772 20.760542 708.742798 628.798340 330.814547
2.124226 2.140636 20.792415 709.276672 634.300110 330.814547
2.125071 2.141499 20.824324 709.814453 637.881104 330.814547
2.125916 2.142363 20.856268 710.354309 639.451355 330.814547
2.126761 2.143226 20.888247 710.895203 640.500000 330.814547
2.127606 2.144090 20.920262 711.437378 642.853333 330.814547
2.128451 2.144954 20.952312 711.982422 647.166321 330.814547
2.129296 2.145817 20.984397 712.531433 652.118225 330.814547
2.130141 2.146681 21.016518 713.084290 655.976929 330.814547
2.130987 2.147544 21.048675 713.639771 658.377258 330.814547
2.131832 2.148408 21.080866 714.196960 660.400208 330.814547
2.132677 2.149272 21.113094 714.756287 663.390625 330.814547
2.133522 2.150135 21.145357 715.318481 667.183777 330.814547
2.134367 2.150999 21.177655 715.883728 670.270203 330.814547
2.135212 2.151863 21.209990 716.450562 670.596619 330.814547
2.136057 2.152726 21.242359 717.016235 667.673035 330.814547
2.136902 2.153590 21.274765 717.578552 662.991272 330.814547
2.137747 2.154454 21.307206 718.136963 658.905212 330.814547
2.138592 2.155317 21.339683 718.692871 657.228699 330.814547
2.139438 2.156181 21.372195 719.248474 657.854309 330.814547
2.140000 2.156756 21.393859 719.618774 658.839661 330.814547
2.140845 2.157620 21.426431 720.176086 659.762024 333.699241
2.141690 2.158484 21.459038 720.733398 658.734558 333.699241
2.142535 2.159347 21.491682 721.288757 655.220581 333.699241
2.143380 2.160211 21.524362 721.840271 649.710876 333.699241
2.144226 2.161075 21.557077 722.386597 643.205444 333.699241
2.145071 2.161939 21.589828 722.927368 636.894470 333.699241
2.145916 2.162802 21.622615 723.463257 631.550110 333.699241
2.146761 2.163666 21.655438 723.995117 627.408264 333.699241
2.147606 2.164530 21.688298 724.523987 624.310303 333.699241
2.148451 2.165394 21.721193 725.050415 621.618713 333.699241
2.149296 2.166257 21.754124 725.574585 618.930298 333.699241
2.150141 2.167121 21.787091 726.096375 615.851807 333.699241
2.150986 2.167985 21.820094 726.615295 612.407959 333.699241
2.151831 2.168849 21.853133 727.131287 608.813721 333.699241
2.152676 2.169713 21.886208 727.644226 605.114868 333.699241
2.153521 2.170576 21.919320 728.154175 601.817749 333.699241
2.154366 2.171440 21.952467 728.661682 599.536255 333.699241
2.155211 2.172304 21.985651 729.167786 598.513306 333.699241
2.156056 2.173168 22.018871 729.673401 598.266724 333.699241
2.156901 2.174032 22.052127 730.178772 597.656494 333.699241
2.157746 2.174896 22.085420 730.683105 595.679688 333.699241
2.158591 2.175759 22.118749 731.185181 592.377686 333.699241
2.159436 2.176623 22.152114 731.684326 589.189270 333.699241
2.160000 2.177199 22.174390 732.016052 588.083618 333.699241
2.160845 2.178063 22.207816 732.513123 588.909424 336.261486
2.161690 2.178927 22.241278 733.012146 592.678528 336.261486
2.162535 2.179791 22.274776 733.515076 597.843323 336.261486
2.163380 2.180655 22.308311 734.022339 602.467957 336.261486
2.164225 2.181519 22.341882 734.532715 605.135498 336.261486
2.165070 2.182383 22.375490 735.044495 605.935608 336.261486
2.165915 2.183247 22.409134 735.556519 606.059937 336.261486
2.166760 2.184111 22.442815 736.068909 607.062744 336.261486
2.167605 2.184975 22.476532 736.583008 610.091125 336.261486
2.168450 2.185838 22.510286 737.100525 615.256409 336.261486
2.169295 2.186702 22.544077 737.623108 621.590332 336.261486
2.170140 2.187566 22.577904 738.150879 627.376892 336.261486
2.170985 2.188430 22.611767 738.682922 631.696167 336.261486
2.171830 2.189294 22.645668 739.218018 634.818726 336.261486
2.172675 2.190158 22.679605 739.755676 638.089661 336.261486
2.173520 2.191022 22.713578 740.296631 642.645996 336.261486
2.174365 2.191886 22.747589 740.842102 648.478516 336.261486
2.175210 2.192750 22.781636 741.392578 654.361572 336.261486
2.176055 2.193614 22.815720 741.947632 659.003967 336.261486
2.176900 2.194478 22.849841 742.505859 662.179626 336.261486
2.177745 2.195342 22.883999 743.066528 664.950562 336.261486
2.178590 2.196206 22.918194 743.629761 668.273132 336.261486
2.179435 2.197070 22.952425 744.195923 671.710999 336.261486
2.180000 2.197648 22.975341 744.575989 673.350098 336.261486
2.180845 2.198512 23.009634 745.145386 674.096191 338.847504
2.181690 2.199376 23.043964 745.714661 673.096924 338.847504
2.182535 2.200240 23.078331 746.282959 672.191101 338.847504
2.183380 2.201104 23.112735 746.851135 673.127197 338.847504
2.184225 2.201968 23.147176 747.420898 675.526367 338.847504
2.185070 2.202832 23.181654 747.992432 676.764221 338.847504
2.185915 2.203696 23.216169 748.563599 674.492798 338.847504
2.186760 2.204560 23.250722 749.131287 668.927612 338.847504
2.187605 2.205424 23.285311 749.693909 662.992981 338.847504
2.188450 2.206289 23.319937 750.252502 659.673340 338.847504
2.189294 2.207153 23.354601 750.809570 659.187012 338.847504
2.190139 2.208017 23.389302 751.366516 658.898560 338.847504
2.190984 2.208881 23.424040 751.922119 655.630432 338.847504
2.191829 2.209745 23.458815 752.473328 648.781982 338.847504
2.192674 2.210609 23.493628 753.018127 640.758667 338.847504
2.193519 2.211473 23.528478 753.556763 634.650513 338.847504
2.194364 2.212337 23.563365 754.091492 631.655212 338.847504
2.195209 2.213201 23.598290 754.624512 630.054382 338.847504
2.196054 2.214065 23.633252 755.155823 627.420044 338.847504
2.196899 2.214930 23.668251 755.684082 622.957886 338.847504
2.197744 2.215794 23.703288 756.208252 617.913086 338.847504
2.198588 2.216658 23.738362 756.728516 613.719604 338.847504
2.199433 2.217522 23.773474 757.245667 610.376831 338.847504
2.200000 2.218102 23.797045 757.590881 607.895935 338.847504
2.200845 2.218966 23.832220 758.102539 603.001343 341.581351
2.201690 2.219830 23.867432 758.609497 597.106201 341.581351
2.202535 2.220694 23.902681 759.111694 592.038696 341.581351
2.203380 2.221558 23.937968 759.610535 589.114868 341.581351
2.204224 2.222423 23.973293 760.107727 587.894348 341.581351
2.205069 2.223287 24.008655 760.603882 586.418823 341.581351
2.205914 2.224151 24.044055 761.098206 583.479065 341.581351
2.206759 2.225015 24.079492 761.589539 579.539307 341.581351
2.207604 2.225879 24.114968 762.077881 576.802612 341.581351
2.208449 2.226744 24.150481 762.565002 576.872864 341.581351
2.209294 2.227608 24.186031 763.053284 579.207153 341.581351
2.210138 2.228472 24.221620 763.543884 581.993713 341.581351
2.210983 2.229336 24.257246 764.036499 584.019104 341.581351
2.211828 2.230201 24.292910 764.530579 585.600830 341.581351
2.212673 2.231065 24.328612 765.026245 588.080872 341.581351
2.213518 2.231929 24.364352 765.524536 591.708374 341.581351
2.214363 2.232793 24.400129 766.026062 595.339722 341.581351
2.215208 2.233658 24.435945 766.530090 597.452087 341.581351
2.216052 2.234522 24.471799 767.035034 597.912109 341.581351
2.216897 2.235386 24.507690 767.540222 598.247070 341.581351
2.217742 2.236250 24.543619 768.046448 600.636780 341.581351
2.218587 2.237115 24.579587 768.556091 606.431580 341.581351
2.219432 2.237979 24.615593 769.071777 614.743164 341.581351
2.220000 2.238561 24.639839 769.422913 620.729492 341.581351
2.220845 2.239425 24.675908 769.950745 628.599121 343.755453
2.221690 2.240289 24.712016 770.484375 634.443237 343.755453
2.222534 2.241153 24.748161 771.022217 638.736694 343.755453
2.223379 2.242018 24.784345 771.563477 642.877075 343.755453
2.224224 2.242882 24.820566 772.108704 648.271729 343.755453
2.225069 2.243746 24.856826 772.659241 655.400635 343.755453
2.225914 2.244611 24.893125 773.216248 663.432129 343.755453
2.226758 2.245475 24.929461 773.779907 670.776794 343.755453
2.227603 2.246340 24.965836 774.348938 675.849426 343.755453
2.228448 2.247204 25.002249 774.921021 678.176514 343.755453
2.229293 2.248068 25.038700 775.494385 678.922241 343.755453
2.230138 2.248933 25.075190 776.068176 679.702515 343.755453
2.230982 2.249797 25.111718 776.643250 682.054688 343.755453
2.231827 2.250661 25.148284 777.220947 685.661316 343.755453
2.232672 2.251526 25.184889 777.801697 689.084351 343.755453
2.233517 2.252390 25.221532 778.384644 690.586487 343.755453
2.234361 2.253255 25.258213 778.967834 689.748962 343.755453
2.235206 2.254119 25.294934 779.549622 687.508362 343.755453
2.236051 2.254983 25.331692 780.129211 684.949341 343.755453
2.236896 2.255848 25.368489 780.706787 682.401123 343.755453
2.237740 2.256712 25.405325 781.281982 679.363403 343.755453
2.238585 2.257577 25.442199 781.854187 675.033081 343.755453
2.239430 2.258441 25.479112 782.421997 669.105652 343.755453
2.240000 2.259025 25.504053 782.802246 664.610657 343.755453
2.240845 2.259889 25.541030 783.360840 658.010071 346.565117
2.241689 2.260753 25.578046 783.914185 652.406189 346.565117
2.242534 2.261618 25.615101 784.463379 648.088623 346.565117
2.243379 2.262482 25.652195 785.009399 644.664917 346.565117
2.244224 2.263347 25.689327 785.552490 641.029053 346.565117
2.245068 2.264211 25.726498 786.091919 635.909790 346.565117
2.245913 2.265076 25.763708 786.626160 628.431274 346.565117
2.246758 2.265940 25.800957 787.153137 618.866333 346.565117
2.247602 2.266805 25.838245 787.671631 609.001465 346.565117
2.248447 2.267669 25.875571 788.182556 601.317810 346.565117
2.249292 2.268534 25.912937 788.688477 597.121765 346.565117
2.250136 2.269398 25.950341 789.192078 595.698914 346.565117
2.250981 2.270263 25.987784 789.694824 594.443054 346.565117
2.251826 2.271127 26.025266 790.195618 590.702820 346.565117
2.252671 2.271992 26.062788 790.691895 583.895508 346.565117
2.253515 2.272856 26.100348 791.181702 575.732849 346.565117
2.254360 2.273721 26.137947 791.664917 568.755676 346.565117
2.255205 2.274585 26.175585 792.143433 564.815552 346.565117
2.256049 2.275450 26.213262 792.619873 563.778625 346.565117
2.256894 2.276314 26.250979 793.096252 564.404358 346.565117
2.257738 2.277179 26.288734 793.573364 565.198303 346.565117
2.258583 2.278043 26.326529 794.050781 565.109863 346.565117
2.259428 2.278908 26.364363 794.527649 563.840332 346.565117
2.260000 2.279494 26.390017 794.849854 562.343445 346.565117
2.260845 2.280358 26.427917 795.323730 559.774841 348.746900
2.261689 2.281223 26.465855 795.795654 558.108643 348.746900
2.262534 2.282087 26.503833 796.267212 558.882812 348.746900
2.263379 2.282952 26.541851 796.740601 562.582642 348.746900
2.264223 2.283817 26.579907 797.217957 567.741394 348.746900
2.265068 2.284681 26.618003 797.699280 571.656006 348.746900
2.265912 2.285546 26.656138 798.182678 572.446350 348.746900
2.266757 2.286410 26.694313 798.665588 570.998474 348.746900
2.267602 2.287275 26.732527 799.147583 570.778503 348.746900
2.268446 2.288140 26.770780 799.631042 575.070251 348.746900
2.269291 2.289004 26.809073 800.120422 584.404785 348.746900
2.270135 2.289869 26.847406 800.618958 596.394409 348.746900
2.270980 2.290733 26.885777 801.127502 607.331177 348.746900
2.271825 2.291598 26.924189 801.643982 615.164673 348.746900
2.272669 2.292463 26.962640 802.165894 620.464111 348.746900
2.273514 2.293327 27.001130 802.691895 625.208069 348.746900
2.274358 2.294192 27.039660 803.222290 630.983582 348.746900
2.275203 2.295057 27.078230 803.758057 637.969238 348.746900
2.276047 2.295921 27.116839 804.300049 645.405823 348.746900
2.276892 2.296786 27.155488 804.848206 652.552490 348.746900
2.277736 2.297651 27.194176 805.402222 659.412537 348.746900
2.278581 2.298515 27.232905 805.961914 665.854797 348.746900
2.279426 2.299380 27.271673 806.526794 671.894226 348.746900
2.280000 2.299968 27.298062 806.913818 675.838074 348.746900
2.280845 2.300833 27.336897 807.487122 681.883301 350.907769
2.281689 2.301697 27.375771 808.065735 688.633789 350.907769
2.282534 2.302562 27.414685 808.650391 696.048340 350.907769
2.283378 2.303427 27.453640 809.241089 702.656128 350.907769
2.284223 2.304292 27.492634 809.836304 706.296997 350.907769
2.285067 2.305156 27.531667 810.432983 706.221863 350.907769
2.285912 2.306021 27.570741 811.028442 703.812256 350.907769
2.286756 2.306886 27.609855 811.622009 702.166992 350.907769
2.287601 2.307750 27.649008 812.215271 703.378723 350.907769
2.288445 2.308615 27.688202 812.810669 706.915710 350.907769
2.289290 2.309480 27.727436 813.408997 709.781250 350.907769
2.290134 2.310345 27.766709 814.008362 708.917419 350.907769
2.290979 2.311209 27.806023 814.605042 703.201233 350.907769
2.291823 2.312074 27.845377 815.195251 694.194885 350.907769
2.292668 2.312939 27.884771 815.777344 684.587524 350.907769
2.293512 2.313804 27.924205 816.351868 676.293335 350.907769
2.294357 2.314668 27.963679 816.920166 669.884094 350.907769
2.295201 2.315533 28.003193 817.483765 665.107788 350.907769
2.296045 2.316398 28.042748 818.043701 661.215576 350.907769
2.296890 2.317263 28.082342 818.600464 657.314453 350.907769
2.297734 2.318127 28.121977 819.153503 652.194885 350.907769
2.298579 2.318992 28.161652 819.701233 644.757385 350.907769
2.299423 2.319857 28.201368 820.241760 635.020813 350.907769
2.300000 2.320448 28.228514 820.605835 627.637390 350.907769
2.300844 2.321312 28.268298 821.131348 617.097107 353.672911
2.301689 2.322177 28.308121 821.648499 608.048950 353.672911
2.302533 2.323042 28.347985 822.158569 600.013855 353.672911
2.303378 2.323907 28.387889 822.661743 591.561829 353.672911
2.304222 2.324772 28.427833 823.157288 581.975281 353.672911
2.305066 2.325636 28.467818 823.644531 572.356750 353.672911
2.305911 2.326501 28.507844 824.124451 564.925171 353.672911
2.306755 2.327366 28.547910 824.599426 560.714905 353.672911
2.307600 2.328231 28.588016 825.071777 558.253235 353.672911
2.308444 2.329096 28.628163 825.541748 554.477356 353.672911
2.309288 2.329961 28.668351 826.007263 547.642273 353.672911
2.310133 2.330825 28.708579 826.466064 538.916077 353.672911
2.310977 2.331690 28.748847 826.917847 531.850037 353.672911
2.311822 2.332555 28.789157 827.365601 529.749512 353.672911
2.312666 2.333420 28.829507 827.813965 532.823425 353.672911
2.313510 2.334285 28.869897 828.265991 538.143005 353.672911
2.314355 2.335150 28.910328 828.722229 541.916931 353.672911
2.315199 2.336014 28.950800 829.180115 541.981995 353.672911
2.316043 2.336879 28.991313 829.636597 539.079224 353.672911
2.316888 2.337744 29.031867 830.090149 535.188782 353.672911
2.317732 2.338609 29.072461 830.540588 532.015137 353.672911
2.318576 2.339474 29.113096 830.988953 530.015869 353.672911
2.319421 2.340339 29.153772 831.435913 528.910950 353.672911
2.320000 2.340932 29.181699 831.742188 528.857666 353.672911
2.320844 2.341797 29.222444 832.189270 530.473083 355.358951
2.321689 2.342662 29.263229 832.638794 534.934692 355.358951
2.322533 2.343527 29.304055 833.093384 542.282898 355.358951
2.323377 2.344392 29.344923 833.554871 550.724609 355.358951
2.324221 2.345257 29.385831 834.023132 558.254639 355.358951
2.325066 2.346122 29.426780 834.496948 563.808899 355.358951
2.325910 2.346987 29.467770 834.974854 568.129456 355.358951
2.326754 2.347851 29.508801 835.456421 572.927734 355.358951
2.327599 2.348716 29.549873 835.942749 579.347351 355.358951
2.328443 2.349581 29.590987 836.434998 586.888916 355.358951
2.329287 2.350446 29.632141 836.933594 594.289856 355.358951
2.330131 2.351311 29.673336 837.438171 601.068359 355.358951
2.330976 2.352176 29.714573 837.948547 608.238464 355.358951
2.331820 2.353041 29.755851 838.465759 617.567200 355.358951
2.332664 2.353906 29.797170 838.992065 629.579163 355.358951
2.333508 2.354771 29.838530 839.529236 643.041016 355.358951
2.334353 2.355636 29.879931 840.077515 655.527405 355.358951
2.335197 2.356501 29.921374 840.635315 665.410950 355.358951
2.336041 2.357366 29.962857 841.200439 673.112244 355.358951
2.336885 2.358231 30.004383 841.771729 680.408020 355.358951
2.337730 2.359096 30.045949 842.349487 688.635498 355.358951
2.338574 2.359961 30.087557 842.934631 697.524780 355.358951
2.339418 2.360826 30.129206 843.526917 705.317505 355.358951
2.340000 2.361422 30.157939 843.938538 709.313110 355.358951
2.340844 2.362287 30.199658 844.539185 713.213013 357.482813
2.341688 2.363152 30.241418 845.142517 716.008667 357.482813
2.342532 2.364017 30.283220 845.748291 719.221008 357.482813
2.343377 2.364882 30.325063 846.357117 723.151367 357.482813
2.344221 2.365747 30.366948 846.969116 726.703674 357.482813
2.345065 2.366612 30.408874 847.583679 729.023621 357.482813
2.345909 2.367477 30.450842 848.199646 730.097717 357.482813
2.346753 2.368342 30.492851 848.816040 730.295288 357.482813
2.347598 2.369207 30.534902 849.432312 729.625000 357.482813
2.348442 2.370072 30.576995 850.047241 726.883728 357.482813
2.349286 2.370937 30.619129 850.658630 720.828735 357.482813
2.350130 2.371802 30.661305 851.263367 711.432739 357.482813
2.350974 2.372667 30.703522 851.859314 700.237915 357.482813
2.351818 2.373532 30.745781 852.445618 689.053833 357.482813
2.352662 2.374397 30.788082 853.022766 678.631836 357.482813
2.353506 2.375262 30.830424 853.591309 668.319641 357.482813
2.354351 2.376127 30.872808 854.150818 657.252136 357.482813
2.355195 2.376992 30.915234 854.700867 645.970581 357.482813
2.356039 2.377857 30.957702 855.241699 635.632812 357.482813
2.356883 2.378722 31.000212 855.774414 626.846252 357.482813
2.357727 2.379588 31.042763 856.300110 618.584106 357.482813
2.358571 2.380453 31.085356 856.818359 609.036133 357.482813
2.359415 2.381318 31.127991 857.327576 597.246155 357.482813
2.360000 2.381917 31.157555 857.674194 588.204773 357.482813
2.360844 2.382782 31.200261 858.165222 575.636292 360.168915
2.361688 2.383647 31.243009 858.646484 565.392883 360.168915
2.362532 2.384512 31.285799 859.120361 557.721069 360.168915
2.363376 2.385377 31.328631 859.588318 551.074829 360.168915
2.364220 2.386242 31.371505 860.050415 543.795105 360.168915
2.365064 2.387107 31.414421 860.505920 535.413330 360.168915
2.365908 2.387973 31.457379 860.954041 526.558167 360.168915
2.366752 2.388838 31.500379 861.394897 518.176575 360.168915
2.367596 2.389703 31.543422 861.829041 510.700012 360.168915
2.368440 2.390568 31.586506 862.257263 504.245300 360.168915
2.369284 2.391433 31.629633 862.680542 498.983368 360.168915
2.370128 2.392298 31.672801 863.099976 495.062927 360.168915
2.370972 2.393163 31.716012 863.516602 492.169373 360.168915
2.371816 2.394028 31.759265 863.930847 489.299438 360.168915
2.372660 2.394893 31.802561 864.342224 485.265991 360.168915
2.373504 2.395759 31.845898 864.749634 479.889893 360.168915
2.374348 2.396624 31.889278 865.152222 474.412567 360.168915
2.375192 2.397489 31.932700 865.550781 470.557770 360.168915
2.376036 2.398354 31.976164 865.947021 468.659302 360.168915
2.376880 2.399219 32.019671 866.342102 467.558899 360.168915
2.377724 2.400084 32.063220 866.736023 465.761810 360.168915
2.378568 2.400949 32.106811 867.127930 462.875885 360.168915
2.379412 2.401814 32.150445 867.517395 460.195770 360.168915
2.380000 2.402417 32.180880 867.787781 459.386383 360.168915
2.380844 2.403283 32.224586 868.175659 460.505280 361.549415
2.381688 2.404148 32.268334 868.565491 463.521790 361.549415
2.382532 2.405013 32.312124 868.958130 466.752625 361.549415
2.383376 2.405878 32.355958 869.353149 469.137268 361.549415
2.384220 2.406743 32.399833 869.749878 470.954193 361.549415
2.385064 2.407608 32.443752 870.148193 473.074890 361.549415
2.385907 2.408473 32.487712 870.548462 475.702850 361.549415
2.386751 2.409339 32.531716 870.950989 478.150452 361.549415
2.387595 2.410204 32.575762 871.355103 479.551178 361.549415
2.388439 2.411069 32.619850 871.760132 480.334045 361.549415
2.389283 2.411934 32.663982 872.166138 482.146057 361.549415
2.390127 2.412799 32.708156 872.574646 486.590729 361.549415
2.390971 2.413664 32.752372 872.988220 493.979980 361.549415
2.391815 2.414530 32.796631 873.408813 503.048004 361.549415
2.392658 2.415395 32.840933 873.837158 512.129700 361.549415
2.393502 2.416260 32.885278 874.272766 520.144043 361.549415
2.394346 2.417125 32.929665 874.714783 527.459839 361.549415
2.395190 2.417990 32.974096 875.162903 534.769470 361.549415
2.396034 2.418856 33.018568 875.617493 542.863037 361.549415
2.396877 2.419721 33.063084 876.079346 552.110657 361.549415
2.397721 2.420586 33.107642 876.549622 562.764709 361.549415
2.398565 2.421451 33.152243 877.029602 575.170044 361.549415
2.399409 2.422316 33.196887 877.520874 589.384338 361.549415
2.400000 2.422923 33.228197 877.872559 600.202148 361.549415
2.400844 2.423788 33.272914 878.385620 616.060059 363.065176
2.401688 2.424653 33.317674 878.911865 631.235291 363.065176
2.402531 2.425518 33.362476 879.450317 644.723206 363.065176
2.403375 2.426383 33.407322 879.999268 656.179993 363.065176
2.404219 2.427249 33.452210 880.557312 666.455078 363.065176
2.405063 2.428114 33.497141 881.124084 677.258911 363.065176
2.405906 2.428979 33.542115 881.700928 690.550537 363.065176
2.406750 2.429844 33.587132 882.290405 707.330139 363.065176
2.407594 2.430710 33.632192 882.895264 726.629639 363.065176
2.408438 2.431575 33.677294 883.516479 745.652161 363.065176
2.409281 2.432440 33.722440 884.152527 761.338684 363.065176
2.410125 2.433305 33.767629 884.799744 772.190552 363.065176
2.410969 2.434170 33.812860 885.454468 779.389893 363.065176
2.411812 2.435036 33.858135 886.114624 785.626221 363.065176
2.412656 2.435901 33.903453 886.780396 792.959717 363.065176
2.413500 2.436766 33.948813 887.452759 800.910034 363.065176
2.414343 2.437631 33.994217 888.131226 806.826782 363.065176
2.415187 2.438497 34.039664 888.812805 808.238464 363.065176
2.416031 2.439362 34.085154 889.493652 805.172302 363.065176
2.416874 2.440227 34.130687 890.170776 799.815491 363.065176
2.417718 2.441092 34.176263 890.843262 794.525146 363.065176
2.418562 2.441958 34.221882 891.511475 789.475769 363.065176
2.419405 2.442823 34.267544 892.174866 782.736511 363.065176
2.420000 2.443433 34.299770 892.638550 775.761292 363.065176
2.420844 2.444298 34.345506 893.287659 762.409485 365.569111
2.421687 2.445164 34.391285 893.924133 746.376465 365.569111
2.422531 2.446029 34.437107 894.546936 730.352234 365.569111
2.423374 2.446894 34.482972 895.156921 716.070740 365.569111
2.424218 2.447759 34.528881 895.755615 703.469177 365.569111
2.425062 2.448625 34.574833 896.343933 691.085693 365.569111
2.425905 2.449490 34.620828 896.921265 677.406006 365.569111
2.426749 2.450355 34.666866 897.486206 661.774475 365.569111
2.427592 2.451220 34.712948 898.037292 644.529297 365.569111
2.428436 2.452086 34.759073 898.573486 626.633057 365.569111
2.429279 2.452951 34.805241 899.094666 609.565735 365.569111
2.430123 2.453816 34.851453 899.602417 594.919861 365.569111
2.430966 2.454682 34.897707 900.099243 583.545471 365.569111
2.431810 2.455547 34.944005 900.587585 574.727417 365.569111
2.432653 2.456412 34.990347 901.068848 566.214294 365.569111
2.433497 2.457277 35.036732 901.542114 555.593018 365.569111
2.434340 2.458143 35.083160 902.005188 541.826172 365.569111
2.435184 2.459008 35.129632 902.455688 526.162292 365.569111
2.436027 2.459873 35.176146 902.893127 511.638062 365.569111
2.436871 2.460739 35.222705 903.319885 500.788147 365.569111
2.437714 2.461604 35.269307 903.739075 493.917572 365.569111
2.438558 2.462469 35.315952 904.153564 489.073669 365.569111
2.439401 2.463334 35.362640 904.563904 483.539093 365.569111
2.440000 2.463949 35.395811 904.851990 478.358521 365.569111
2.440843 2.464814 35.442574 905.251770 469.315796 368.200916
2.441687 2.465679 35.489380 905.643433 459.400482 368.200916
2.442530 2.466545 35.536230 906.026855 450.077240 368.200916
2.443374 2.467410 35.583124 906.403015 442.084839 368.200916
2.444217 2.468275 35.630060 906.772888 435.115173 368.200916
2.445061 2.469140 35.677041 907.137024 428.341888 368.200916
2.445904 2.470006 35.724065 907.495361 421.303650 368.200916
2.446747 2.470871 35.771132 907.847656 414.229370 368.200916
2.447591 2.471736 35.818244 908.194153 407.656281 368.200916
2.448434 2.472602 35.865398 908.535522 402.338409 368.200916
2.449277 2.473467 35.912596 908.873108 398.402161 368.200916
2.450121 2.474332 35.959838 909.207642 394.987701 368.200916
2.450964 2.475198 36.007124 909.538940 390.513428 368.200916
2.451807 2.476063 36.054453 909.865601 383.733673 368.200916
2.452651 2.476928 36.101826 910.185486 374.488861 368.200916
2.453494 2.477793 36.149242 910.496887 363.937805 368.200916
2.454337 2.478659 36.196702 910.799438 353.801422 368.200916
2.455181 2.479524 36.244206 911.093994 345.035187 368.200916
2.456024 2.480389 36.291754 911.381592 337.092163 368.200916
2.456867 2.481255 36.339345 911.662354 328.478638 368.200916
2.457711 2.482120 36.386980 911.935059 318.102142 368.200916
2.458554 2.482985 36.434659 912.198303 305.944519 368.200916
2.459397 2.483851 36.482381 912.450867 293.051971 368.200916
2.460000 2.484469 36.516529 912.624817 283.938477 368.200916
2.460843 2.485335 36.564326 912.859070 271.844360 370.099619
2.461687 2.486200 36.612167 913.083496 260.611725 370.099619
2.462530 2.487065 36.660053 913.298584 249.610168 370.099619
2.463373 2.487931 36.707981 913.504150 237.627853 370.099619
2.464216 2.488796 36.755954 913.698486 222.744537 370.099619
2.465059 2.489661 36.803971 913.878540 203.433212 370.099619
2.465903 2.490527 36.852031 914.040344 179.671677 370.099619
2.466746 2.491392 36.900136 914.180969 153.871780 370.099619
2.467589 2.492257 36.948284 914.300232 129.605453 370.099619
2.468432 2.493123 36.996476 914.400574 108.917442 370.099619
2.469275 2.493988 37.044712 914.484558 90.371475 370.099619
2.470118 2.494853 37.092992 914.552307 69.666420 370.099619
2.470962 2.495719 37.141315 914.600159 42.522800 370.099619
2.471805 2.496584 37.189683 914.622070 8.630764 370.099619
2.472648 2.497449 37.238095 914.613892 -28.078133 370.099619
2.473491 2.498315 37.286550 914.575500 -62.074348 370.099619
2.474334 2.499180 37.335050 914.510925 -90.138618 370.099619
2.475177 2.500045 37.383593 914.424866 -113.592911 370.099619
2.476020 2.500911 37.432181 914.319580 -136.311859 370.099619
2.476863 2.501776 37.480812 914.194397 -161.224335 370.099619
2.477707 2.502641 37.529488 914.047302 -187.885803 370.099619
2.478550 2.503506 37.578207 913.878113 -212.680557 370.099619
2.479393 2.504372 37.626971 913.690369 -231.521011 370.099619
2.480000 2.504995 37.662129 913.546875 -240.195938 370.099619
2.480843 2.505861 37.710968 913.341614 -245.518814 370.542679
2.481686 2.506726 37.759851 913.134521 -244.764847 370.542679
2.482529 2.507591 37.808779 912.930054 -239.930527 370.542679
2.483372 2.508457 37.857750 912.730896 -231.856552 370.542679
2.484215 2.509322 37.906766 912.540039 -220.395264 370.542679
2.485058 2.510187 37.955826 912.360352 -205.341370 370.542679
2.485901 2.511053 38.004930 912.194946 -186.701508 370.542679
2.486744 2.511918 38.054078 912.046570 -164.919357 370.542679
2.487587 2.512783 38.103270 911.917603 -140.681412 370.542679
2.488430 2.513649 38.152506 911.809875 -114.804779 370.542679
2.489273 2.514514 38.201787 911.724426 -87.741974 370.542679
2.490116 2.515379 38.251112 911.662231 -59.627224 370.542679
2.490959 2.516245 38.300481 911.624207 -30.458626 370.542679
2.491802 2.517110 38.349894 911.611145 -0.288737 370.542679
2.492645 2.517975 38.399351 911.623657 29.937706 370.542679
2.493488 2.518840 38.448853 911.661194 58.724297 370.542679
2.494331 2.519706 38.498399 911.721863 84.695175 370.542679
2.495174 2.520571 38.547989 911.803040 107.485764 370.542679
2.496016 2.521436 38.597623 911.902466 128.269684 370.542679
2.496859 2.522302 38.647302 912.019287 149.201126 370.542679
2.497702 2.523167 38.697025 912.154541 172.069565 370.542679
2.498545 2.524032 38.746792 912.310120 197.489304 370.542679
2.499388 2.524898 38.796603 912.487854 224.452591 370.542679
2.500000 2.525526 38.832807 912.631226 243.992676 370.542679
2.500843 2.526392 38.882696 912.847778 269.478912 369.059697
2.501686 2.527257 38.932628 913.084839 292.839111 369.059697
2.502528 2.528122 38.982605 913.340759 314.288544 369.059697
2.503371 2.528988 39.032626 913.614319 334.752991 369.059697
2.504214 2.529853 39.082691 913.905090 355.485840 369.059697
2.505057 2.530718 39.132801 914.213867 377.715332 369.059697
2.505900 2.531583 39.182955 914.542236 402.026855 369.059697
2.506742 2.532449 39.233154 914.892029 428.533813 369.059697
2.507585 2.533314 39.283397 915.265076 456.966797 369.059697
2.508428 2.534179 39.333685 915.662781 487.137848 369.059697
2.509271 2.535045 39.384017 916.086548 518.630249 369.059697
2.510113 2.535910 39.434393 916.537292 551.562561 369.059697
2.510956 2.536775 39.484814 917.016602 586.231262 369.059697
2.511799 2.537641 39.535279 917.525940 622.823608 369.059697
2.512642 2.538506 39.585789 918.066895 661.251160 369.059697
2.513484 2.539371 39.636343 918.640869 701.180725 369.059697
2.514327 2.540237 39.686942 919.248840 741.775269 369.059697
2.515170 2.541102 39.737586 919.891052 782.296326 369.059697
2.516012 2.541967 39.788273 920.567322 822.854553 369.059697
2.516855 2.542833 39.839006 921.278137 864.392639 369.059697
2.517698 2.543698 39.889783 922.024658 907.785461 369.059697
2.518540 2.544563 39.940604 922.808655 953.229797 369.059697
2.519383 2.545429 39.991470 923.631226 998.900330 369.059697
2.520000 2.546062 40.028759 924.257690 1030.500244 369.059697
2.520843 2.546928 40.079702 925.142395 1068.074829 365.943687
2.521685 2.547793 40.130690 926.054993 1096.435303 365.943687
2.522528 2.548658 40.181722 926.987244 1114.613770 365.943687
2.523370 2.549524 40.232799 927.930725 1123.548340 365.943687
2.524213 2.550389 40.283921 928.878357 1124.474854 365.943687
2.525055 2.551254 40.335088 929.823547 1117.911621 365.943687
2.525898 2.552119 40.386299 930.759888 1103.289307 365.943687
2.526741 2.552985 40.437554 931.680176 1079.838989 365.943687
2.527583 2.553850 40.488855 932.576904 1047.442871 365.943687
2.528426 2.554715 40.540200 933.442932 1007.257751 365.943687
2.529268 2.555581 40.591590 934.272583 961.232849 365.943687
2.530111 2.556446 40.643024 935.061584 911.260742 365.943687
2.530953 2.557311 40.694503 935.807373 859.024048 365.943687
2.531796 2.558177 40.746027 936.508728 805.980347 365.943687
2.532638 2.559042 40.797596 937.165527 753.221191 365.943687
2.533480 2.559907 40.849209 937.778137 701.376221 365.943687
2.534323 2.560772 40.900867 938.347473 650.348694 365.943687
2.535165 2.561638 40.952570 938.873901 599.296936 365.943687
2.536008 2.562503 41.004318 939.357056 547.550110 365.943687
2.536850 2.563368 41.056110 939.796326 495.312378 365.943687
2.537693 2.564233 41.107948 940.191711 443.683044 365.943687
2.538535 2.565099 41.159830 940.544373 393.938538 365.943687
2.539377 2.565964 41.211757 940.856140 346.584625 365.943687
2.540000 2.566604 41.250170 941.061401 312.846436 365.943687
2.540842 2.567469 41.302175 941.305908 267.627777 371.214145
2.541685 2.568334 41.354225 941.512085 221.742401 371.214145
2.542527 2.569199 41.406319 941.679138 174.665802 371.214145
2.543369 2.570065 41.458458 941.806213 127.197975 371.214145
2.544212 2.570930 41.510643 941.893799 81.139931 371.214145
2.545054 2.571795 41.562872 941.943848 38.429081 371.214145
2.545896 2.572661 41.615146 941.959778 0.067766 371.214145
2.546739 2.573526 41.667465 941.945129 -34.328590 371.214145
2.547581 2.574391 41.719829 941.902649 -66.166801 371.214145
2.548423 2.575256 41.772237 941.833984 -96.750259 371.214145
2.549265 2.576122 41.824691 941.739990 -126.044342 371.214145
2.550108 2.576987 41.877190 941.622498 -152.139511 371.214145
2.550950 2.577852 41.929733 941.485474 -171.832062 371.214145
2.551792 2.578717 41.982322 941.335632 -182.448425 371.214145
2.552634 2.579582 42.034955 941.181091 -182.843796 371.214145
2.553476 2.580448 42.087634 941.030334 -173.590286 371.214145
2.554319 2.581313 42.140357 940.890869 -156.620987 371.214145
2.555161 2.582178 42.193126 940.768127 -134.102203 371.214145
2.556003 2.583043 42.245939 940.666077 -107.734100 371.214145
2.556845 2.583909 42.298798 940.587708 -77.842155 371.214145
2.557687 2.584774 42.351701 940.536194 -43.843491 371.214145
2.558529 2.585639 42.404650 940.515381 -4.780639 371.214145
2.559371 2.586504 42.457643 940.529785 39.684013 371.214145
2.560000 2.587150 42.497225 940.566040 75.921516 371.214145
2.560842 2.588015 42.550297 940.651428 127.031815 378.620325
2.561684 2.588881 42.603414 940.780151 178.392639 378.620325
2.562526 2.589746 42.656577 940.951355 227.633789 378.620325
2.563368 2.590611 42.709784 941.162781 274.210175 378.620325
2.564210 2.591476 42.763037 941.412781 319.494049 378.620325
2.565052 2.592341 42.816335 941.700928 364.889618 378.620325
2.565894 2.593207 42.869677 942.027466 410.691162 378.620325
2.566736 2.594072 42.923065 942.392151 455.098572 378.620325
2.567578 2.594937 42.976498 942.792725 495.755463 378.620325
2.568420 2.595802 43.029976 943.225586 531.495605 378.620325
2.569262 2.596667 43.083500 943.686829 563.685791 378.620325
2.570104 2.597532 43.137068 944.174561 594.942749 378.620325
2.570946 2.598398 43.190682 944.688660 626.420288 378.620325
2.571788 2.599263 43.244340 945.229004 656.551880 378.620325
2.572630 2.600128 43.298044 945.792847 681.804504 378.620325
2.573472 2.600993 43.351793 946.374817 699.486145 378.620325
2.574314 2.601858 43.405588 946.968445 709.494812 378.620325
2.575156 2.602724 43.459427 947.568054 714.192078 378.620325
2.575998 2.603589 43.513312 948.170227 716.000916 378.620325
2.576840 2.604454 43.567242 948.772949 715.148743 378.620325
2.577681 2.605319 43.621217 949.373169 709.764282 378.620325
2.578523 2.606184 43.675238 949.966248 698.050171 378.620325
2.579365 2.607049 43.729303 950.546814 680.419922 378.620325
2.580000 2.607702 43.770099 950.973877 664.815552 378.620325
2.580842 2.608567 43.824244 951.524597 643.727051 378.939257
2.581684 2.609432 43.878435 952.057861 623.339844 378.939257
2.582525 2.610297 43.932670 952.573669 601.729614 378.939257
2.583367 2.611162 43.986951 953.069641 575.571289 378.939257
2.584209 2.612027 44.041278 953.540894 542.800964 378.939257
2.585051 2.612892 44.095649 953.982117 505.165802 378.939257
2.585892 2.613758 44.150066 954.391296 467.656372 378.939257
2.586734 2.614623 44.204529 954.770874 435.264923 378.939257
2.587576 2.615488 44.259036 955.126099 409.808075 378.939257
2.588418 2.616353 44.313589 955.462219 389.343140 378.939257
2.589259 2.617218 44.368187 955.781738 369.982361 378.939257
2.590101 2.618083 44.422831 956.084595 349.313568 378.939257
2.590943 2.618948 44.477520 956.369507 327.834564 378.939257
2.591784 2.619813 44.532254 956.636963 308.156158 378.939257
2.592626 2.620678 44.587034 956.889221 292.020935 378.939257
2.593467 2.621544 44.641859 957.129333 278.902283 378.939257
2.594309 2.622409 44.696730 957.358948 266.599823 378.939257
2.595151 2.623274 44.751646 957.578003 253.895981 378.939257
2.595992 2.624139 44.806607 957.786377 241.403656 378.939257
2.596834 2.625004 44.861614 957.984863 230.761276 378.939257
2.597675 2.625869 44.916666 958.175415 222.342133 378.939257
2.598517 2.626734 44.971764 958.359192 214.255844 378.939257
2.599359 2.627599 45.026907 958.535339 203.613083 378.939257
2.600000 2.628258 45.068965 958.662659 193.080948 378.939257
2.600841 2.629123 45.124189 958.818604 177.511353 376.331793
2.601683 2.629988 45.179457 958.961670 162.792572 376.331793
2.602524 2.630853 45.234771 959.093445 150.937500 376.331793
2.603366 2.631719 45.290131 959.216370 141.400345 376.331793
2.604207 2.632584 45.345536 959.331482 131.910614 376.331793
2.605049 2.633449 45.400987 959.438171 121.723137 376.331793
2.605890 2.634314 45.456483 959.536743 113.215881 376.331793
2.606732 2.635179 45.512024 959.630432 110.970428 376.331793
2.607573 2.636044 45.567611 959.726135 118.154137 376.331793
2.608414 2.636909 45.623244 959.831909 134.304398 376.331793
2.609256 2.637774 45.678922 959.953796 155.838959 376.331793
2.610097 2.638639 45.734646 960.094666 179.039902 376.331793
2.610939 2.639504 45.790415 960.255127 202.323425 376.331793
2.611780 2.640369 45.846230 960.435486 226.633530 376.331793
2.612621 2.641234 45.902091 960.637268 253.617569 376.331793
2.613463 2.642099 45.957997 960.863281 284.172943 376.331793
2.614304 2.642964 46.013948 961.116272 317.777588 376.331793
2.615145 2.643829 46.069946 961.398499 353.437683 376.331793
2.615986 2.644694 46.125988 961.711182 389.976074 376.331793
2.616828 2.645559 46.182077 962.054626 426.458832 376.331793
2.617669 2.646423 46.238211 962.428467 462.105133 376.331793
2.618510 2.647288 46.294390 962.831604 496.172791 376.331793
2.619351 2.648153 46.350616 963.262817 528.848450 376.331793
2.620000 2.648820 46.393990 963.613831 553.515869 376.331793
2.620841 2.649685 46.450296 964.092834 585.121643 374.213979
2.621682 2.650550 46.506647 964.597778 614.950562 374.213979
2.622523 2.651415 46.563045 965.125977 639.830383 374.213979
2.623365 2.652280 46.619488 965.671875 656.477051 374.213979
2.624206 2.653145 46.675976 966.227844 663.722229 374.213979
2.625047 2.654010 46.732511 966.786316 663.097229 374.213979
2.625888 2.654875 46.789091 967.341980 657.395508 374.213979
2.626729 2.655740 46.845716 967.891296 648.177124 374.213979
2.627570 2.656604 46.902388 968.431213 635.009888 374.213979
2.628411 2.657469 46.959105 968.957947 616.686462 374.213979
2.629252 2.658334 47.015868 969.467163 593.443848 374.213979
2.630093 2.659199 47.072676 969.955444 567.458862 374.213979
2.630934 2.660064 47.129530 970.421631 541.378784 374.213979
2.631775 2.660929 47.186430 970.866211 515.965576 374.213979
2.632616 2.661794 47.243376 971.289246 489.883942 374.213979
2.633457 2.662659 47.300367 971.689514 461.307068 374.213979
2.634298 2.663523 47.357405 972.064575 430.451233 374.213979
2.635139 2.664388 47.414488 972.413574 399.840790 374.213979
2.635980 2.665253 47.471616 972.738037 372.443420 374.213979
2.636821 2.666118 47.528791 973.041260 349.433380 374.213979
2.637662 2.666983 47.586011 973.326660 329.543152 374.213979
2.638503 2.667848 47.643277 973.595764 310.508911 374.213979
2.639344 2.668712 47.700589 973.848816 291.377045 374.213979
2.640000 2.669387 47.745350 974.035278 277.073425 374.213979
2.640841 2.670252 47.802743 974.261414 261.545776 373.306177
2.641682 2.671117 47.860182 974.476440 250.796234 373.306177
2.642523 2.671982 47.917667 974.684631 245.175598 373.306177
2.643363 2.672847 47.975197 974.889771 243.271851 373.306177
2.644204 2.673711 48.032774 975.094116 242.829529 373.306177
2.645045 2.674576 48.090396 975.298035 242.015778 373.306177
2.645886 2.675441 48.148064 975.500793 240.006088 373.306177
2.646727 2.676306 48.205778 975.701599 237.647659 373.306177
2.647567 2.677170 48.263538 975.900818 236.662827 373.306177
2.648408 2.678035 48.321344 976.100586 239.236404 373.306177
2.649249 2.678900 48.379196 976.304382 246.394714 373.306177
2.650089 2.679765 48.437093 976.515991 257.368896 373.306177
2.650930 2.680629 48.495036 976.737549 269.759796 373.306177
2.651771 2.681494 48.553026 976.969177 280.993958 373.306177
2.652611 2.682359 48.611061 977.209412 290.088989 373.306177
2.653452 2.683223 48.669142 977.456665 297.884186 373.306177
2.654293 2.684088 48.727269 977.710632 306.482483 373.306177
2.655133 2.684953 48.785441 977.972595 317.274017 373.306177
2.655974 2.685818 48.843660 978.244629 330.036133 373.306177
2.656814 2.686682 48.901925 978.527710 343.273407 373.306177
2.657655 2.687547 48.960235 978.821533 355.731476 373.306177
2.658495 2.688412 49.018592 979.125366 367.057922 373.306177
2.659336 2.689276 49.076994 979.438416 377.819275 373.306177
2.660000 2.689959 49.123169 979.692139 386.290771 373.306177
2.660841 2.690824 49.181653 980.021606 397.775543 379.255176
2.661681 2.691689 49.240184 980.361328 410.772156 379.255176
2.662522 2.692553 49.298760 980.712646 425.600494 379.255176
2.663362 2.693418 49.357383 981.076965 441.236664 379.255176
2.664202 2.694283 49.416051 981.453979 455.322296 379.255176
2.665043 2.695147 49.474766 981.840942 464.501221 379.255176
2.665883 2.696012 49.533526 982.232727 466.605804 379.255176
2.666724 2.696876 49.592332 982.623352 462.087372 379.255176
2.667564 2.697741 49.651184 983.008362 453.779968 379.255176
2.668404 2.698606 49.710082 983.385864 444.660065 379.255176
2.669245 2.699470 49.769027 983.755676 435.409088 379.255176
2.670085 2.700335 49.828017 984.117004 423.981293 379.255176
2.670925 2.701199 49.887053 984.466797 407.452148 379.255176
2.671766 2.702064 49.946135 984.800232 385.273773 379.255176
2.672606 2.702928 50.005263 985.113525 360.321381 379.255176
2.673446 2.703793 50.064437 985.406250 337.122406 379.255176
2.674286 2.704657 50.123657 985.681396 318.783112 379.255176
2.675127 2.705522 50.182924 985.943359 305.466797 379.255176
2.675967 2.706387 50.242236 986.195862 296.040253 379.255176
2.676807 2.707251 50.301594 986.441895 290.233978 379.255176
2.677647 2.708116 50.360998 986.685059 289.640411 379.255176
2.678487 2.708980 50.420449 986.930603 296.218903 379.255176
2.679327 2.709844 50.479945 987.184692 309.484375 379.255176
2.680000 2.710537 50.527612 987.397278 322.693817 379.255176
2.680840 2.711401 50.587191 987.675354 338.961243 381.173444
2.681680 2.712266 50.646817 987.966248 353.077454 381.173444
2.682520 2.713130 50.706488 988.268494 366.803741 381.173444
2.683360 2.713994 50.766206 988.583557 384.050842 381.173444
2.684200 2.714859 50.825969 988.915588 407.406769 381.173444
2.685040 2.715723 50.885779 989.269531 435.788818 381.173444
2.685880 2.716588 50.945635 989.648010 465.016968 381.173444
2.686720 2.717452 51.005537 990.050110 491.554688 381.173444
2.687560 2.718317 51.065485 990.473022 514.881836 381.173444
2.688400 2.719181 51.125479 990.914673 536.515198 381.173444
2.689240 2.720045 51.185519 991.374146 557.128174 381.173444
2.690080 2.720910 51.245606 991.849731 574.384644 381.173444
2.690920 2.721774 51.305738 992.336792 583.715088 381.173444
2.691760 2.722638 51.365917 992.827148 581.982300 381.173444
2.692600 2.723503 51.426141 993.311401 569.541138 381.173444
2.693440 2.724367 51.486412 993.781921 549.972473 381.173444
2.694280 2.725231 51.546729 994.234192 526.463074 381.173444
2.695119 2.726096 51.607092 994.665222 499.370270 381.173444
2.695959 2.726960 51.667502 995.071350 466.439758 381.173444
2.696799 2.727824 51.727957 995.446411 425.507935 381.173444
2.697639 2.728689 51.788459 995.783813 377.022491 381.173444
2.698479 2.729553 51.849006 996.078308 323.997131 381.173444
2.699318 2.730417 51.909600 996.327820 270.469391 381.173444
2.700000 2.731119 51.958827 996.497864 228.885956 381.173444
2.700840 2.731983 52.019504 996.670166 182.512482 377.386934
2.701679 2.732847 52.080228 996.806702 144.139999 377.386934
2.702519 2.733712 52.140998 996.915527 117.160591 377.386934
2.703359 2.734576 52.201814 997.007385 104.079727 377.386934
2.704198 2.735440 52.262676 997.094238 105.020981 377.386934
2.705038 2.736304 52.323584 997.186768 116.943878 377.386934
2.705878 2.737169 52.384539 997.292542 135.731094 377.386934
2.706717 2.738033 52.445539 997.415955 158.801193 377.386934
2.707557 2.738897 52.506586 997.560303 185.792969 377.386934
2.708396 2.739761 52.567679 997.729187 217.123978 377.386934
2.709236 2.740625 52.628818 997.925903 251.776505 377.386934
2.710075 2.741489 52.690004 998.152283 287.401398 377.386934
2.710915 2.742354 52.751236 998.407837 320.956818 377.386934
2.711754 2.743218 52.812513 998.690125 350.923096 377.386934
2.712594 2.744082 52.873837 998.996033 377.386444 377.386934
2.713433 2.744946 52.935208 999.322876 400.807587 377.386934
2.714273 2.745810 52.996624 999.667908 420.535767 377.386934
2.715112 2.746674 53.058087 1000.027405 434.895294 377.386934
2.715951 2.747538 53.119596 1000.396179 442.499664 377.386934
2.716791 2.748402 53.181151 1000.768494 443.494293 377.386934
2.717630 2.749266 53.242752 1001.139343 439.373352 377.386934
2.718469 2.750131 53.304400 1001.505188 431.592499 377.386934
2.719309 2.750995 53.366093 1001.863220 421.040314 377.386934
2.720000 2.751706 53.416950 1002.150879 410.764130 377.386934
2.720839 2.752570 53.478729 1002.490173 397.896851 376.550132
2.721679 2.753434 53.540553 1002.819519 387.510651 376.550132
2.722518 2.754298 53.602424 1003.142395 383.123322 376.550132
2.723357 2.755162 53.664341 1003.464844 386.605927 376.550132
2.724196 2.756026 53.726304 1003.793396 397.310272 376.550132
2.725035 2.756890 53.788313 1004.133362 413.504089 376.550132
2.725875 2.757754 53.850369 1004.488708 433.979004 376.550132
2.726714 2.758618 53.912471 1004.863037 458.989380 376.550132
2.727553 2.759482 53.974619 1005.260498 489.174042 376.550132
2.728392 2.760346 54.036814 1005.685425 524.263000 376.550132
2.729231 2.761210 54.099055 1006.141235 562.562134 376.550132
2.730070 2.762074 54.161342 1006.629578 601.356934 376.550132
2.730909 2.762938 54.223675 1007.149780 638.137329 376.550132
2.731748 2.763802 54.286055 1007.699158 670.318176 376.550132
2.732587 2.764666 54.348481 1008.272522 694.790588 376.550132
2.733426 2.765530 54.410954 1008.861755 707.392700 376.550132
2.734265 2.766393 54.473472 1009.455139 704.143616 376.550132
2.735104 2.767257 54.536037 1010.038208 682.602783 376.550132
2.735943 2.768121 54.598648 1010.595215 642.266785 376.550132
2.736782 2.768985 54.661306 1011.110779 583.980530 376.550132
2.737621 2.769849 54.724009 1011.570312 508.972961 376.550132
2.738460 2.770713 54.786759 1011.960510 419.146545 376.550132
2.739298 2.771576 54.849556 1012.270447 318.356110 376.550132
2.740000 2.772299 54.902119 1012.463074 230.734879 376.550132
2.740839 2.773163 54.965000 1012.614014 130.729919 377.454470
2.741678 2.774026 55.027928 1012.686646 45.641663 377.454470
2.742516 2.774890 55.090902 1012.696899 -17.221676 377.454470
2.743355 2.775754 55.153922 1012.664612 -55.800095 377.454470
2.744194 2.776618 55.216989 1012.609375 -72.869339 377.454470
2.745033 2.777481 55.280102 1012.546875 -74.078125 377.454470
2.745871 2.778345 55.343261 1012.488098 -64.889732 377.454470
2.746710 2.779209 55.406466 1012.439941 -48.929291 377.454470
2.747549 2.780072 55.469718 1012.407471 -27.550488 377.454470
2.748387 2.780936 55.533016 1012.395325 -0.350472 377.454470
2.749226 2.781800 55.596361 1012.408936 34.054016 377.454470
2.750064 2.782663 55.659752 1012.454895 77.105560 377.454470
2.750903 2.783527 55.723189 1012.540955 129.642441 377.454470
2.751741 2.784391 55.786672 1012.675049 191.532639 377.454470
2.752580 2.785254 55.850202 1012.864502 261.700287 377.454470
2.753419 2.786118 55.913778 1013.115784 338.617188 377.454470
2.754257 2.786981 55.977401 1013.433472 419.427246 377.454470
2.755095 2.787845 56.041070 1013.818970 499.160767 377.454470
2.755934 2.788709 56.104785 1014.268250 570.331970 377.454470
2.756772 2.789572 56.168546 1014.770874 625.411194 377.454470
2.757611 2.790436 56.232354 1015.311096 659.637817 377.454470
2.758449 2.791299 56.296209 1015.871460 674.156006 377.454470
2.759287 2.792163 56.360109 1016.437988 676.061340 377.454470
2.760000 2.792897 56.414458 1016.919250 674.802917 377.454470
2.760838 2.793760 56.478445 1017.485229 676.507996 379.521953
2.761677 2.794624 56.542477 1018.055054 683.785461 379.521953
2.762515 2.795487 56.606556 1018.632568 693.993896 379.521953
2.763353 2.796350 56.670682 1019.218140 702.249878 379.521953
2.764191 2.797214 56.734854 1019.808228 704.428162 379.521953
2.765030 2.798077 56.799072 1020.396790 698.263794 379.521953
2.765868 2.798941 56.863336 1020.976257 682.782898 379.521953
2.766706 2.799804 56.927647 1021.538635 657.494751 379.521953
2.767544 2.800667 56.992004 1022.075562 621.959839 379.521953
2.768382 2.801531 57.056408 1022.578674 577.251099 379.521953
2.769220 2.802394 57.120858 1023.041382 526.315491 379.521953
2.770058 2.803258 57.185354 1023.460205 473.159637 379.521953
2.770896 2.804121 57.249897 1023.834778 421.211121 379.521953
2.771735 2.804984 57.314486 1024.166992 371.947784 379.521953
2.772573 2.805847 57.379121 1024.458862 324.863586 379.521953
2.773411 2.806711 57.443803 1024.711792 278.810822 379.521953
2.774248 2.807574 57.508531 1024.926147 233.298813 379.521953
2.775086 2.808437 57.573306 1025.103027 189.242813 379.521953
2.775924 2.809301 57.638126 1025.244141 148.088974 379.521953
2.776762 2.810164 57.702994 1025.352417 110.985008 379.521953
2.777600 2.811027 57.767907 1025.431641 78.730026 379.521953
2.778438 2.811890 57.832867 1025.485718 51.344463 379.521953
2.779276 2.812753 57.897874 1025.519165 29.354656 379.521953
2.780000 2.813499 57.954094 1025.535156 15.651977 379.521953
2.780838 2.814363 58.019187 1025.544312 7.767070 378.535715
2.781676 2.815226 58.084326 1025.551147 10.408704 378.535715
2.782513 2.816089 58.149512 1025.565186 25.045341 378.535715
2.783351 2.816952 58.214744 1025.596558 51.833473 378.535715
2.784189 2.817815 58.280022 1025.655151 89.307327 378.535715
2.785026 2.818678 58.345346 1025.748657 134.861099 378.535715
2.785864 2.819541 58.410718 1025.882690 185.498810 378.535715
2.786702 2.820404 58.476135 1026.060303 238.640060 378.535715
2.787539 2.821267 58.541599 1026.282715 292.518494 378.535715
2.788377 2.822130 58.607109 1026.550293 345.733459 378.535715
2.789215 2.822993 58.672665 1026.861572 397.344391 378.535715
2.790052 2.823856 58.738268 1027.215088 445.986847 378.535715
2.790890 2.824719 58.803918 1027.607544 490.265503 378.535715
2.791727 2.825582 58.869613 1028.034912 529.819885 378.535715
2.792565 2.826445 58.935356 1028.493896 565.539307 378.535715
2.793402 2.827308 59.001144 1028.982056 600.278809 378.535715
2.794239 2.828171 59.066979 1029.499878 636.805664 378.535715
2.795077 2.829034 59.132860 1030.049316 675.724976 378.535715
2.795914 2.829897 59.198788 1030.631348 713.815308 378.535715
2.796752 2.830760 59.264762 1031.242676 744.768311 378.535715
2.797589 2.831623 59.330782 1031.874756 762.145325 378.535715
2.798426 2.832486 59.396849 1032.514038 761.968628 378.535715
2.799264 2.833348 59.462962 1033.145874 744.328491 378.535715
2.800000 2.834107 59.521144 1033.684204 716.201965 378.535715
2.800837 2.834970 59.587344 1034.266479 672.908386 379.656471
2.801674 2.835833 59.653591 1034.808472 620.503357 379.656471
2.802512 2.836696 59.719884 1035.303833 562.226624 379.656471
2.803349 2.837558 59.786224 1035.749390 502.159485 379.656471
2.804186 2.838421 59.852609 1036.145264 444.077637 379.656471
2.805023 2.839284 59.919042 1036.494263 390.505066 379.656471
2.805860 2.840147 59.985520 1036.800293 341.074036 379.656471
2.806697 2.841009 60.052045 1037.066040 294.141541 379.656471
2.807534 2.841872 60.118616 1037.293213 248.755615 379.656471
2.808371 2.842735 60.185234 1037.483643 207.102173 379.656471
2.809208 2.843597 60.251898 1037.642212 173.246185 379.656471
2.810045 2.844460 60.318608 1037.776489 149.445618 379.656471
2.810882 2.845323 60.385365 1037.894653 133.938507 379.656471
2.811719 2.846185 60.452168 1038.001709 121.877205 379.656471
2.812556 2.847048 60.519018 1038.098511 108.918701 379.656471
2.813393 2.847910 60.585913 1038.183838 94.969536 379.656471
2.814230 2.848773 60.652856 1038.258301 83.833641 379.656471
2.815067 2.849636 60.719844 1038.326416 80.327309 379.656471
2.815904 2.850498 60.786879 1038.395386 86.094612 379.656471
2.816740 2.851361 60.853960 1038.472656 99.828506 379.656471
2.817577 2.852223 60.921088 1038.564331 120.000450 379.656471
2.818414 2.853086 60.988262 1038.675903 148.072235 379.656471
2.819251 2.853948 61.055482 1038.815552 187.698227 379.656471
2.820000 2.854720 61.115722 1038.973267 235.380325 379.656471
2.820837 2.855583 61.183030 1039.197021 300.915192 380.039885
2.821673 2.856445 61.250385 1039.479004 373.485931 380.039885
2.822510 2.857308 61.317786 1039.821777 445.302887 380.039885
2.823346 2.858170 61.385233 1040.222290 510.973236 380.039885
2.824183 2.859032 61.452726 1040.674438 568.261780 380.039885
2.825020 2.859895 61.520266 1041.170532 615.985474 380.039885
2.825856 2.860757 61.587853 1041.701904 652.209290 380.039885
2.826693 2.861619 61.655485 1042.257568 673.511536 380.039885
2.827529 2.862482 61.723164 1042.823853 677.351990 380.039885
2.828365 2.863344 61.790890 1043.385864 663.815613 380.039885
2.829202 2.864206 61.858661 1043.930298 635.553162 380.039885
2.830038 2.865068 61.926479 1044.445923 595.520569 380.039885
2.830875 2.865931 61.994344 1044.923828 545.447083 380.039885
2.831711 2.866793 62.062254 1045.356079 486.770691 380.039885
2.832547 2.867655 62.130211 1045.736816 423.161102 380.039885
2.833384 2.868517 62.198215 1046.064453 361.265991 380.039885
2.834220 2.869379 62.266264 1046.343750 308.880066 380.039885
2.835056 2.870241 62.334360 1046.585083 270.617859 380.039885
2.835892 2.871104 62.402503 1046.800171 246.050430 380.039885
2.836728 2.871966 62.470691 1046.999146 230.773209 380.039885
2.837565 2.872828 62.538926 1047.187744 220.629333 380.039885
2.838401 2.873690 62.607207 1047.369629 215.630768 380.039885
2.839237 2.874552 62.675535 1047.550781 219.520920 380.039885
2.840000 2.875338 62.737933 1047.723267 234.444641 380.039885
2.840836 2.876200 62.806349 1047.931030 265.016022 379.333227
2.841672 2.877062 62.874812 1048.169922 308.552185 379.333227
2.842508 2.877924 62.943320 1048.449585 361.363434 379.333227
2.843344 2.878786 63.011875 1048.775757 419.128937 379.333227
2.844180 2.879648 63.080476 1049.150879 478.352570 379.333227
2.845016 2.880510 63.149124 1049.574951 535.364014 379.333227
2.845852 2.881372 63.217818 1050.044189 585.648743 379.333227
2.846688 2.882234 63.286558 1050.550537 623.077026 379.333227
2.847523 2.883096 63.355345 1051.080566 641.264526 379.333227
2.848359 2.883958 63.424177 1051.615723 634.655518 379.333227
2.849195 2.884820 63.493056 1052.134033 601.023315 379.333227
2.850031 2.885681 63.561982 1052.613281 541.851074 379.333227
2.850867 2.886543 63.630953 1053.034180 462.653168 379.333227
2.851702 2.887405 63.699971 1053.383423 372.077606 379.333227
2.852538 2.888267 63.769035 1053.655762 280.098541 379.333227
2.853374 2.889128 63.838146 1053.853760 195.911057 379.333227
2.854209 2.889990 63.907303 1053.987061 125.849045 379.333227
2.855045 2.890852 63.976506 1054.068970 73.265907 379.333227
2.855880 2.891713 64.045755 1054.114502 38.658646 379.333227
2.856716 2.892575 64.115051 1054.138550 21.791773 379.333227
2.857551 2.893437 64.184393 1054.155884 22.717575 379.333227
2.858387 2.894298 64.253781 1054.181641 42.350723 379.333227
2.859222 2.895160 64.323215 1054.232056 81.809669 379.333227
2.860000 2.895962 64.387880 1054.315796 135.874954 379.333227
2.860835 2.896823 64.457404 1054.459351 209.921997 376.290253
2.861671 2.897685 64.526973 1054.669678 294.871582 376.290253
2.862506 2.898546 64.596590 1054.953003 383.343933 376.290253
2.863341 2.899408 64.666252 1055.308960 467.796906 376.290253
2.864177 2.900269 64.735961 1055.731689 542.677979 376.290253
2.865012 2.901131 64.805716 1056.211914 605.109680 376.290253
2.865847 2.901992 64.875517 1056.738647 653.823547 376.290253
2.866682 2.902854 64.945364 1057.300171 688.270447 376.290253
2.867518 2.903715 65.015258 1057.883911 706.733765 376.290253
2.868353 2.904576 65.085198 1058.475708 707.601868 376.290253
2.869188 2.905438 65.155184 1059.060669 689.845459 376.290253
2.870023 2.906299 65.225216 1059.623169 654.286926 376.290253
2.870858 2.907160 65.295294 1060.149414 603.446289 376.290253
2.871693 2.908022 65.365419 1060.627930 540.872498 376.290253
2.872528 2.908883 65.435590 1061.050659 470.293518 376.290253
2.873363 2.909744 65.505807 1061.412598 396.329041 376.290253
2.874198 2.910605 65.576070 1061.713257 324.403137 376.290253
2.875033 2.911467 65.646379 1061.956665 260.326965 376.290253
2.875868 2.912328 65.716735 1062.151733 209.258957 376.290253
2.876703 2.913189 65.787136 1062.310547 173.743149 376.290253
2.877537 2.914050 65.857584 1062.446411 154.193863 376.290253
2.878372 2.914911 65.928078 1062.572266 149.378204 376.290253
2.879207 2.915772 65.998618 1062.699585 157.461441 376.290253
2.880000 2.916590 66.065683 1062.831055 175.338913 376.290253
2.880835 2.917451 66.136313 1062.988525 203.435043 380.836782
2.881670 2.918312 66.206989 1063.172852 239.214615 380.836782
2.882504 2.919173 66.277711 1063.389404 280.422455 380.836782
2.883339 2.920034 66.348480 1063.641602 323.902252 380.836782
2.884173 2.920895 66.419295 1063.929810 366.078644 380.836782
2.885008 2.921756 66.490156 1064.251343 402.854950 380.836782
2.885843 2.922617 66.561063 1064.600098 431.164215 380.836782
2.886677 2.923478 66.632017 1064.968506 450.064362 380.836782
2.887512 2.924339 66.703017 1065.349365 461.891876 380.836782
2.888346 2.925200 66.774063 1065.738281 470.448364 380.836782
2.889180 2.926061 66.845155 1066.134399 479.009277 380.836782
2.890015 2.926922 66.916294 1066.537964 488.409454 380.836782
2.890849 2.927782 66.987480 1066.949097 496.554810 380.836782
2.891683 2.928643 67.058712 1067.365479 500.239777 380.836782
2.892518 2.929504 67.129990 1067.781860 496.583038 380.836782
2.893352 2.930365 67.201315 1068.191772 484.423645 380.836782
2.894186 2.931225 67.272686 1068.587646 463.278564 380.836782
2.895020 2.932086 67.344103 1068.962158 433.172546 380.836782
2.895855 2.932947 67.415568 1069.308228 395.073181 380.836782
2.896689 2.933807 67.487079 1069.620117 352.254059 380.836782
2.897523 2.934668 67.558636 1069.896240 310.354797 380.836782
2.898357 2.935528 67.630240 1070.140137 276.120605 380.836782
2.899191 2.936389 67.701891 1070.360718 254.945618 380.836782
2.900000 2.937224 67.771442 1070.563843 249.427856 380.836782
2.900834 2.938084 67.843185 1070.774902 258.743469 380.881766
2.901668 2.938945 67.914974 1070.999023 280.473694 380.881766
2.902502 2.939805 67.986811 1071.244995 310.217133 380.881766
2.903336 2.940666 68.058694 1071.517090 342.138153 380.881766
2.904170 2.941526 68.130624 1071.814697 370.359772 380.881766
2.905004 2.942387 68.202600 1072.132690 390.722595 380.881766
2.905837 2.943247 68.274624 1072.463989 402.413696 380.881766
2.906671 2.944107 68.346695 1072.802124 407.623535 380.881766
2.907505 2.944968 68.418812 1073.142822 409.193848 380.881766
2.908339 2.945828 68.490976 1073.483643 407.598022 380.881766
2.909172 2.946688 68.563188 1073.820923 399.994171 380.881766
2.910006 2.947548 68.635446 1074.148315 383.875854 380.881766
2.910840 2.948409 68.707752 1074.458862 360.092896 380.881766
2.911673 2.949269 68.780105 1074.748291 334.028381 380.881766
2.912507 2.950129 68.852504 1075.017578 313.191254 380.881766
2.913340 2.950989 68.924951 1075.273315 301.959534 380.881766
2.914174 2.951849 68.997445 1075.523560 299.603027 380.881766
2.915007 2.952710 69.069986 1075.774170 302.107025 380.881766
2.915841 2.953570 69.142575 1076.027832 307.307251 380.881766
2.916674 2.954430 69.215211 1076.287598 317.001282 380.881766
2.917507 2.955290 69.287893 1076.558716 335.583771 380.881766
2.918341 2.956150 69.360624 1076.850342 366.012817 380.881766
2.919174 2.957010 69.433401 1077.171997 407.455261 380.881766
2.920000 2.957862 69.505605 1077.528198 455.614594 380.881766
2.920833 2.958722 69.578477 1077.929199 507.120270 376.700228
2.921666 2.959582 69.651396 1078.373169 558.149658 376.700228
2.922500 2.960442 69.724363 1078.858154 605.088745 376.700228
2.923333 2.961302 69.797377 1079.378418 641.632324 376.700228
2.924166 2.962162 69.870439 1079.921997 659.265869 376.700228
2.924999 2.963022 69.943548 1080.469482 650.298035 376.700228
2.925832 2.963881 70.016704 1080.997192 611.552429 376.700228
2.926665 2.964741 70.089909 1081.480957 545.986816 376.700228
2.927498 2.965601 70.163160 1081.901367 460.844055 376.700228
2.928331 2.966461 70.236460 1082.245728 364.644958 376.700228
2.929164 2.967320 70.309807 1082.508301 266.037781 376.700228
2.929997 2.968180 70.383202 1082.690552 173.432877 376.700228
2.930829 2.969040 70.456644 1082.801392 96.058075 376.700228
2.931662 2.969899 70.530134 1082.857178 42.398407 376.700228
2.932495 2.970759 70.603672 1082.880005 17.095804 376.700228
2.933328 2.971618 70.677258 1082.893433 18.833654 376.700228
2.934160 2.972478 70.750891 1082.917236 41.234985 376.700228
2.934993 2.973337 70.824573 1082.965820 76.872406 376.700228
2.935826 2.974197 70.898302 1083.047729 120.661957 376.700228
2.936658 2.975056 70.972079 1083.168823 171.639465 376.700228
2.937491 2.975916 71.045903 1083.335815 230.969635 376.700228
2.938323 2.976775 71.119776 1083.555786 298.606140 376.700228
2.939156 2.977635 71.193697 1083.834717 372.454010 376.700228
2.939988 2.978494 71.267666 1084.176758 449.198669 376.700228
2.940000 2.978506 71.268708 1084.182007 450.274658 376.700228
2.940832 2.979365 71.342725 1084.588867 526.971375 379.254749
2.941665 2.980225 71.416790 1085.058838 601.538269 379.254749
2.942497 2.981084 71.490904 1085.588989 670.657532 379.254749
2.943330 2.981943 71.565065 1086.172363 728.270752 379.254749
2.944162 2.982802 71.639275 1086.795898 765.989258 379.254749
2.944994 2.983662 71.713532 1087.439819 776.402283 379.254749
2.945826 2.984521 71.787838 1088.079712 756.462402 379.254749
2.946658 2.985380 71.862192 1088.691284 708.865051 379.254749
2.947491 2.986239 71.936594 1089.253662 639.316284 379.254749
2.948323 2.987098 72.011045 1089.751221 554.067932 379.254749
2.949155 2.987957 72.085543 1090.173096 458.299377 379.254749
2.949987 2.988816 72.160090 1090.512573 357.151855 379.254749
2.950819 2.989675 72.234685 1090.767944 257.638947 379.254749
2.951651 2.990534 72.309329 1090.944214 168.997635 379.254749
2.952483 2.991393 72.384021 1091.054688 100.797516 379.254749
2.953315 2.992252 72.458761 1091.119385 59.489265 379.254749
2.954146 2.993111 72.533549 1091.161987 47.463524 379.254749
2.954978 2.993970 72.608387 1091.206421 64.032425 379.254749
2.955810 2.994828 72.683272 1091.275879 106.900383 379.254749
2.956642 2.995687 72.758206 1091.390625 172.442627 379.254749
2.957474 2.996546 72.833188 1091.567505 254.728104 379.254749
2.958305 2.997405 72.908220 1091.816284 343.623169 379.254749
2.959137 2.998263 72.983299 1092.137085 425.401733 379.254749
2.959968 2.999122 73.058427 1092.518188 486.134827 379.254749
2.960000 2.999155 73.061281 1092.533569 487.844147 379.254749
2.960832 3.000013 73.136460 1092.953491 516.628235 378.641429
2.961663 3.000872 73.211687 1093.383423 512.033142 378.641429
2.962495 3.001731 73.286963 1093.796753 477.603333 378.641429
2.963326 3.002589 73.362288 1094.171509 420.459229 378.641429
2.964158 3.003448 73.437661 1094.492310 349.720245 378.641429
2.964989 3.004306 73.513083 1094.752319 275.918427 378.641429
2.965820 3.005165 73.588554 1094.953735 211.035095 378.641429
2.966652 3.006023 73.664074 1095.109253 167.209885 378.641429
2.967483 3.006882 73.739642 1095.240356 153.575424 378.641429
2.968314 3.007740 73.815259 1095.374268 174.239334 378.641429
2.969145 3.008598 73.890925 1095.539307 228.174393 378.641429
2.969976 3.009457 73.966640 1095.761597 310.898834 378.641429
2.970808 3.010315 74.042404 1096.062500 416.459839 378.641429
2.971639 3.011173 74.118217 1096.458374 538.036438 378.641429
2.972470 3.012032 74.194079 1096.958740 665.949768 378.641429
2.973301 3.012890 74.269990 1097.563354 786.131104 378.641429
2.974132 3.013748 74.345949 1098.258545 880.985718 378.641429
2.974963 3.014606 74.421958 1099.015625 932.567200 378.641429
2.975794 3.015464 74.498016 1099.792480 926.561646 378.641429
2.976624 3.016322 74.574122 1100.537720 856.247437 378.641429
2.977455 3.017180 74.650278 1101.198120 723.658630 378.641429
2.978286 3.018038 74.726483 1101.726074 540.113708 378.641429
2.979117 3.018896 74.802737 1102.087158 326.594086 378.641429
2.979948 3.019754 74.879041 1102.268188 111.278358 378.641429
2.980000 3.019809 74.883865 1102.273560 98.299355 378.641429
2.980831 3.020667 74.960221 1102.276123 -84.304451 379.692157
2.981661 3.021524 75.036626 1102.150024 -208.059402 379.692157
2.982492 3.022382 75.113080 1101.951660 -257.016724 379.692157
2.983322 3.023240 75.189583 1101.744507 -229.906265 379.692157
2.984153 3.024098 75.266135 1101.587769 -138.751877 379.692157
2.984983 3.024956 75.342737 1101.526245 -4.114325 379.692157
2.985814 3.025814 75.419388 1101.586548 150.845245 379.692157
2.986644 3.026671 75.496089 1101.776489 304.384888 379.692157
2.987475 3.027529 75.572839 1102.087158 439.397766 379.692157
2.988305 3.028387 75.649639 1102.498047 544.665100 379.692157
2.989135 3.029244 75.726487 1102.981934 615.027710 379.692157
2.989966 3.030102 75.803386 1103.509644 650.369934 379.692157
2.990796 3.030959 75.880334 1104.053101 653.838501 379.692157
2.991626 3.031817 75.957331 1104.587524 629.233093 379.692157
2.992456 3.032674 76.034378 1105.091187 580.587463 379.692157
2.993286 3.033532 76.111474 1105.546387 513.784668 379.692157
2.994116 3.034389 76.188620 1105.941406 437.537506 379.692157
2.994946 3.035247 76.265816 1106.273438 363.725433 379.692157
2.995776 3.036104 76.343061 1106.549683 305.520996 379.692157
2.996606 3.036962 76.420356 1106.788086 274.440338 379.692157
2.997436 3.037819 76.497700 1107.014771 277.550110 379.692157
2.998266 3.038676 76.575095 1107.258789 315.677185 379.692157
2.999096 3.039533 76.652539 1107.546997 382.403931 379.692157
2.999925 3.040391 76.730032 1107.897705 463.766052 379.692157
3.000000 3.040468 76.736997 1107.932495 471.064301 379.692157
